{
  "type": "FeatureCollection",
  "metadata": {
    "source": "DANE DIVIPOLA MGN 2025",
    "downloadedAt": "2026-07-25T07:50:10Z",
    "crs": "EPSG:4326",
    "simplification": "ArcGIS maxAllowableOffset=0.01 grados y geometryPrecision=5; solo visualización web"
  },
  "features": [
    {
      "type": "Feature",
      "id": 321,
      "geometry": {
        "type": "Polygon",
        "coordinates": [
          [
            [
              -76.41355,
              8.87383
            ],
            [
              -76.5103,
              8.80394
            ],
            [
              -76.52405,
              8.77357
            ],
            [
              -76.63177,
              8.73132
            ],
            [
              -76.64967,
              8.67117
            ],
            [
              -76.88525,
              8.6231
            ],
            [
              -76.89143,
              8.5921
            ],
            [
              -76.93826,
              8.55337
            ],
            [
              -76.92729,
              8.52635
            ],
            [
              -76.90728,
              8.53226
            ],
            [
              -76.92264,
              8.52746
            ],
            [
              -76.93492,
              8.5477
            ],
            [
              -76.82508,
              8.49662
            ],
            [
              -76.78806,
              8.42115
            ],
            [
              -76.75926,
              8.39955
            ],
            [
              -76.75393,
              8.32345
            ],
            [
              -76.77432,
              8.26653
            ],
            [
              -76.73902,
              8.16735
            ],
            [
              -76.76253,
              8.11992
            ],
            [
              -76.74029,
              8.11299
            ],
            [
              -76.74306,
              8.06309
            ],
            [
              -76.73605,
              8.09251
            ],
            [
              -76.71476,
              8.06164
            ],
            [
              -76.71956,
              8.04028
            ],
            [
              -76.73824,
              8.04155
            ],
            [
              -76.72929,
              8.02658
            ],
            [
              -76.74738,
              8.02075
            ],
            [
              -76.72603,
              7.98347
            ],
            [
              -76.7409,
              7.94564
            ],
            [
              -76.76256,
              7.94404
            ],
            [
              -76.74837,
              7.92208
            ],
            [
              -76.86249,
              7.90056
            ],
            [
              -76.92225,
              7.91759
            ],
            [
              -76.92483,
              8.02464
            ],
            [
              -76.89048,
              8.04547
            ],
            [
              -76.87451,
              8.02136
            ],
            [
              -76.83419,
              8.01983
            ],
            [
              -76.87164,
              8.05317
            ],
            [
              -76.82997,
              8.05039
            ],
            [
              -76.87316,
              8.06806
            ],
            [
              -76.82157,
              8.09438
            ],
            [
              -76.85467,
              8.09127
            ],
            [
              -76.85405,
              8.11998
            ],
            [
              -76.81271,
              8.13166
            ],
            [
              -76.89356,
              8.1323
            ],
            [
              -76.88863,
              8.11438
            ],
            [
              -76.93187,
              8.09153
            ],
            [
              -76.95034,
              8.14476
            ],
            [
              -76.94324,
              8.16665
            ],
            [
              -76.93245,
              8.15847
            ],
            [
              -76.93168,
              8.17364
            ],
            [
              -76.90945,
              8.17762
            ],
            [
              -76.92694,
              8.18986
            ],
            [
              -76.91025,
              8.19081
            ],
            [
              -76.9437,
              8.21063
            ],
            [
              -76.93473,
              8.18884
            ],
            [
              -76.95736,
              8.18476
            ],
            [
              -76.96852,
              8.24332
            ],
            [
              -76.95584,
              8.23549
            ],
            [
              -76.94179,
              8.24851
            ],
            [
              -76.98019,
              8.25528
            ],
            [
              -76.94933,
              8.17234
            ],
            [
              -76.9556,
              8.12273
            ],
            [
              -76.93907,
              8.06284
            ],
            [
              -76.99565,
              8.02115
            ],
            [
              -77.00008,
              7.95843
            ],
            [
              -77.02142,
              7.94879
            ],
            [
              -77.01231,
              7.93383
            ],
            [
              -77.03139,
              7.8801
            ],
            [
              -77.09521,
              7.82507
            ],
            [
              -77.12771,
              7.82699
            ],
            [
              -77.12168,
              7.78741
            ],
            [
              -76.96037,
              7.64072
            ],
            [
              -76.94296,
              7.58886
            ],
            [
              -76.80116,
              7.57209
            ],
            [
              -76.6607,
              7.44814
            ],
            [
              -76.61789,
              7.31521
            ],
            [
              -76.57871,
              7.30475
            ],
            [
              -76.56362,
              7.27451
            ],
            [
              -76.53026,
              7.25526
            ],
            [
              -76.48535,
              7.13604
            ],
            [
              -76.50807,
              7.13927
            ],
            [
              -76.54781,
              7.002
            ],
            [
              -76.57131,
              6.97968
            ],
            [
              -76.59294,
              7.01163
            ],
            [
              -76.60319,
              7.00049
            ],
            [
              -76.61561,
              7.01679
            ],
            [
              -76.64549,
              7.00836
            ],
            [
              -76.67557,
              7.02985
            ],
            [
              -76.83464,
              6.99927
            ],
            [
              -76.84252,
              6.98832
            ],
            [
              -76.81884,
              6.97383
            ],
            [
              -76.82877,
              6.95597
            ],
            [
              -76.81338,
              6.96351
            ],
            [
              -76.80009,
              6.94856
            ],
            [
              -76.78554,
              6.87753
            ],
            [
              -76.83056,
              6.85859
            ],
            [
              -76.81794,
              6.83768
            ],
            [
              -76.83529,
              6.82868
            ],
            [
              -76.8777,
              6.85216
            ],
            [
              -76.89988,
              6.82903
            ],
            [
              -76.91658,
              6.84547
            ],
            [
              -76.93353,
              6.81185
            ],
            [
              -76.9703,
              6.81273
            ],
            [
              -76.95785,
              6.79251
            ],
            [
              -76.96716,
              6.74313
            ],
            [
              -76.93365,
              6.71092
            ],
            [
              -76.96412,
              6.68088
            ],
            [
              -76.93897,
              6.68634
            ],
            [
              -76.92485,
              6.6469
            ],
            [
              -76.89808,
              6.66822
            ],
            [
              -76.90903,
              6.62939
            ],
            [
              -76.85799,
              6.61844
            ],
            [
              -76.88971,
              6.60527
            ],
            [
              -76.89452,
              6.57015
            ],
            [
              -76.88299,
              6.55997
            ],
            [
              -76.86392,
              6.5715
            ],
            [
              -76.8411,
              6.52145
            ],
            [
              -76.81936,
              6.52548
            ],
            [
              -76.81999,
              6.48725
            ],
            [
              -76.80037,
              6.50796
            ],
            [
              -76.76799,
              6.47799
            ],
            [
              -76.79583,
              6.44365
            ],
            [
              -76.76178,
              6.43215
            ],
            [
              -76.79526,
              6.41997
            ],
            [
              -76.76507,
              6.38929
            ],
            [
              -76.78738,
              6.3779
            ],
            [
              -76.77139,
              6.36324
            ],
            [
              -76.789,
              6.34987
            ],
            [
              -76.77765,
              6.32788
            ],
            [
              -76.79025,
              6.32024
            ],
            [
              -76.78191,
              6.28882
            ],
            [
              -76.74898,
              6.2796
            ],
            [
              -76.75648,
              6.25215
            ],
            [
              -76.72307,
              6.23698
            ],
            [
              -76.71694,
              6.17149
            ],
            [
              -76.64389,
              6.16833
            ],
            [
              -76.58351,
              6.19345
            ],
            [
              -76.47546,
              6.16006
            ],
            [
              -76.46868,
              6.17657
            ],
            [
              -76.41987,
              6.16573
            ],
            [
              -76.38981,
              6.19149
            ],
            [
              -76.28519,
              6.19341
            ],
            [
              -76.25888,
              6.20967
            ],
            [
              -76.20947,
              6.18455
            ],
            [
              -76.19696,
              6.08018
            ],
            [
              -76.17265,
              6.01739
            ],
            [
              -76.14382,
              5.99763
            ],
            [
              -76.10485,
              6.0184
            ],
            [
              -76.05113,
              5.95133
            ],
            [
              -76.06049,
              5.88634
            ],
            [
              -76.08157,
              5.88277
            ],
            [
              -76.09902,
              5.8492
            ],
            [
              -76.07094,
              5.78065
            ],
            [
              -76.08111,
              5.76702
            ],
            [
              -76.06118,
              5.75796
            ],
            [
              -76.08695,
              5.68864
            ],
            [
              -76.00515,
              5.62192
            ],
            [
              -76.00825,
              5.56368
            ],
            [
              -75.98286,
              5.51887
            ],
            [
              -75.9308,
              5.50887
            ],
            [
              -75.90502,
              5.47986
            ],
            [
              -75.86802,
              5.49024
            ],
            [
              -75.86227,
              5.50633
            ],
            [
              -75.83249,
              5.48884
            ],
            [
              -75.78568,
              5.53997
            ],
            [
              -75.73027,
              5.5641
            ],
            [
              -75.68945,
              5.51941
            ],
            [
              -75.61662,
              5.53231
            ],
            [
              -75.57823,
              5.51569
            ],
            [
              -75.56913,
              5.53994
            ],
            [
              -75.58976,
              5.64304
            ],
            [
              -75.57236,
              5.66471
            ],
            [
              -75.5996,
              5.68091
            ],
            [
              -75.59844,
              5.73745
            ],
            [
              -75.54337,
              5.72007
            ],
            [
              -75.53549,
              5.69098
            ],
            [
              -75.51989,
              5.69512
            ],
            [
              -75.47816,
              5.66428
            ],
            [
              -75.42893,
              5.6966
            ],
            [
              -75.37689,
              5.67419
            ],
            [
              -75.36839,
              5.64084
            ],
            [
              -75.38311,
              5.62151
            ],
            [
              -75.36529,
              5.60157
            ],
            [
              -75.34021,
              5.60301
            ],
            [
              -75.32885,
              5.52457
            ],
            [
              -75.31082,
              5.50867
            ],
            [
              -75.31773,
              5.46254
            ],
            [
              -75.28258,
              5.47569
            ],
            [
              -75.27593,
              5.41856
            ],
            [
              -75.22073,
              5.50294
            ],
            [
              -75.13761,
              5.52722
            ],
            [
              -75.12984,
              5.55324
            ],
            [
              -75.09162,
              5.58521
            ],
            [
              -75.09365,
              5.65537
            ],
            [
              -75.00896,
              5.68204
            ],
            [
              -74.9933,
              5.71533
            ],
            [
              -74.86512,
              5.74721
            ],
            [
              -74.80571,
              5.69864
            ],
            [
              -74.77154,
              5.68981
            ],
            [
              -74.72944,
              5.70647
            ],
            [
              -74.71367,
              5.77238
            ],
            [
              -74.66496,
              5.76854
            ],
            [
              -74.63804,
              5.86637
            ],
            [
              -74.58539,
              5.90306
            ],
            [
              -74.61238,
              5.96988
            ],
            [
              -74.56332,
              5.99763
            ],
            [
              -74.56175,
              6.0783
            ],
            [
              -74.61171,
              6.12664
            ],
            [
              -74.57342,
              6.21566
            ],
            [
              -74.53592,
              6.26795
            ],
            [
              -74.45039,
              6.33188
            ],
            [
              -74.42353,
              6.38998
            ],
            [
              -74.3695,
              6.41222
            ],
            [
              -74.40468,
              6.47089
            ],
            [
              -74.3938,
              6.50046
            ],
            [
              -74.40681,
              6.59136
            ],
            [
              -74.35939,
              6.63284
            ],
            [
              -74.33023,
              6.62957
            ],
            [
              -74.31222,
              6.65431
            ],
            [
              -74.25901,
              6.67337
            ],
            [
              -74.22918,
              6.71142
            ],
            [
              -74.17731,
              6.72495
            ],
            [
              -74.11515,
              6.76557
            ],
            [
              -74.07723,
              6.84189
            ],
            [
              -74.01065,
              6.91328
            ],
            [
              -73.88571,
              7.00203
            ],
            [
              -73.88818,
              7.07021
            ],
            [
              -73.9311,
              7.11907
            ],
            [
              -73.93877,
              7.17677
            ],
            [
              -73.91585,
              7.29558
            ],
            [
              -74.24577,
              7.00267
            ],
            [
              -74.27721,
              7.0122
            ],
            [
              -74.30581,
              6.99916
            ],
            [
              -74.32216,
              7.01886
            ],
            [
              -74.3557,
              7.0099
            ],
            [
              -74.35144,
              7.08159
            ],
            [
              -74.37201,
              7.09808
            ],
            [
              -74.37002,
              7.12521
            ],
            [
              -74.4091,
              7.19412
            ],
            [
              -74.387,
              7.27887
            ],
            [
              -74.40291,
              7.33023
            ],
            [
              -74.31993,
              7.44166
            ],
            [
              -74.37009,
              7.47996
            ],
            [
              -74.41245,
              7.46035
            ],
            [
              -74.41941,
              7.38859
            ],
            [
              -74.49097,
              7.34346
            ],
            [
              -74.58871,
              7.44548
            ],
            [
              -74.59851,
              7.46566
            ],
            [
              -74.58976,
              7.51188
            ],
            [
              -74.56838,
              7.51811
            ],
            [
              -74.56413,
              7.64025
            ],
            [
              -74.53061,
              7.6712
            ],
            [
              -74.47647,
              7.68216
            ],
            [
              -74.47532,
              7.70555
            ],
            [
              -74.50704,
              7.72263
            ],
            [
              -74.51358,
              7.78103
            ],
            [
              -74.5253,
              7.78257
            ],
            [
              -74.52045,
              7.90329
            ],
            [
              -74.60257,
              8.03738
            ],
            [
              -74.66768,
              8.06003
            ],
            [
              -74.72859,
              8.11837
            ],
            [
              -74.77356,
              8.12178
            ],
            [
              -74.83386,
              8.20193
            ],
            [
              -74.86514,
              8.19978
            ],
            [
              -74.86711,
              8.15916
            ],
            [
              -74.92793,
              8.0746
            ],
            [
              -74.96836,
              8.09058
            ],
            [
              -75.04741,
              8.0424
            ],
            [
              -75.093,
              8.0706
            ],
            [
              -75.12551,
              8.04014
            ],
            [
              -75.13354,
              8.05393
            ],
            [
              -75.18766,
              8.04429
            ],
            [
              -75.22676,
              8.06298
            ],
            [
              -75.24706,
              8.04211
            ],
            [
              -75.23582,
              8.02913
            ],
            [
              -75.24403,
              8.0076
            ],
            [
              -75.30928,
              7.94744
            ],
            [
              -75.33672,
              7.9481
            ],
            [
              -75.32915,
              7.92694
            ],
            [
              -75.34675,
              7.87497
            ],
            [
              -75.40435,
              7.85753
            ],
            [
              -75.42244,
              7.81939
            ],
            [
              -75.46557,
              7.82769
            ],
            [
              -75.45616,
              7.79276
            ],
            [
              -75.4957,
              7.72171
            ],
            [
              -75.53459,
              7.72174
            ],
            [
              -75.55522,
              7.62431
            ],
            [
              -75.61939,
              7.58268
            ],
            [
              -75.6713,
              7.59797
            ],
            [
              -75.71187,
              7.58129
            ],
            [
              -75.74863,
              7.61354
            ],
            [
              -75.76525,
              7.60194
            ],
            [
              -75.78778,
              7.45984
            ],
            [
              -75.82508,
              7.44219
            ],
            [
              -75.81766,
              7.41582
            ],
            [
              -75.8455,
              7.34709
            ],
            [
              -76.38613,
              7.39361
            ],
            [
              -76.41629,
              7.4185
            ],
            [
              -76.45254,
              7.50113
            ],
            [
              -76.51453,
              7.58666
            ],
            [
              -76.48556,
              7.68932
            ],
            [
              -76.49663,
              7.74972
            ],
            [
              -76.4835,
              7.75804
            ],
            [
              -76.46354,
              7.87309
            ],
            [
              -76.42112,
              7.91183
            ],
            [
              -76.41157,
              8.00695
            ],
            [
              -76.42765,
              8.01979
            ],
            [
              -76.42497,
              8.07429
            ],
            [
              -76.40872,
              8.07393
            ],
            [
              -76.40853,
              8.09972
            ],
            [
              -76.37485,
              8.11154
            ],
            [
              -76.36815,
              8.15295
            ],
            [
              -76.33115,
              8.15146
            ],
            [
              -76.35336,
              8.19424
            ],
            [
              -76.30328,
              8.28452
            ],
            [
              -76.30343,
              8.31118
            ],
            [
              -76.24288,
              8.36999
            ],
            [
              -76.18045,
              8.39731
            ],
            [
              -76.21867,
              8.44356
            ],
            [
              -76.21,
              8.52292
            ],
            [
              -76.2368,
              8.55444
            ],
            [
              -76.22281,
              8.57327
            ],
            [
              -76.26544,
              8.58419
            ],
            [
              -76.25072,
              8.61031
            ],
            [
              -76.26606,
              8.63881
            ],
            [
              -76.314,
              8.65649
            ],
            [
              -76.34563,
              8.63982
            ],
            [
              -76.36789,
              8.72067
            ],
            [
              -76.41957,
              8.75499
            ],
            [
              -76.38117,
              8.79421
            ],
            [
              -76.41355,
              8.87383
            ]
          ]
        ]
      },
      "properties": {
        "code": "05",
        "name": "ANTIOQUIA",
        "resultType": "observed",
        "source": "dane-divipola-mgn-2025",
        "year": 2025
      }
    },
    {
      "type": "Feature",
      "id": 322,
      "geometry": {
        "type": "Polygon",
        "coordinates": [
          [
            [
              -74.84946,
              11.09778
            ],
            [
              -74.84681,
              11.05842
            ],
            [
              -74.92129,
              11.0455
            ],
            [
              -74.96311,
              10.98615
            ],
            [
              -75.0088,
              10.97739
            ],
            [
              -75.05074,
              10.94626
            ],
            [
              -75.05836,
              10.93125
            ],
            [
              -75.02606,
              10.94426
            ],
            [
              -75.05077,
              10.89583
            ],
            [
              -75.1308,
              10.86278
            ],
            [
              -75.15718,
              10.83149
            ],
            [
              -75.20909,
              10.81735
            ],
            [
              -75.22094,
              10.79697
            ],
            [
              -75.261,
              10.80118
            ],
            [
              -75.27123,
              10.77931
            ],
            [
              -75.22725,
              10.77184
            ],
            [
              -75.24953,
              10.72297
            ],
            [
              -75.24186,
              10.65414
            ],
            [
              -75.22362,
              10.63086
            ],
            [
              -75.23375,
              10.47951
            ],
            [
              -75.20027,
              10.47044
            ],
            [
              -75.19525,
              10.44886
            ],
            [
              -75.16834,
              10.45173
            ],
            [
              -75.12655,
              10.39854
            ],
            [
              -75.07395,
              10.40899
            ],
            [
              -75.04404,
              10.3749
            ],
            [
              -74.98212,
              10.34232
            ],
            [
              -74.90812,
              10.25329
            ],
            [
              -74.86123,
              10.35265
            ],
            [
              -74.86191,
              10.38652
            ],
            [
              -74.81806,
              10.42483
            ],
            [
              -74.7984,
              10.49617
            ],
            [
              -74.73892,
              10.5423
            ],
            [
              -74.72421,
              10.6087
            ],
            [
              -74.74706,
              10.6492
            ],
            [
              -74.72284,
              10.67258
            ],
            [
              -74.74165,
              10.84063
            ],
            [
              -74.7365,
              10.88876
            ],
            [
              -74.71839,
              10.90924
            ],
            [
              -74.75385,
              10.93613
            ],
            [
              -74.76317,
              10.99427
            ],
            [
              -74.83642,
              11.05524
            ],
            [
              -74.84946,
              11.09778
            ]
          ]
        ]
      },
      "properties": {
        "code": "08",
        "name": "ATLÁNTICO",
        "resultType": "observed",
        "source": "dane-divipola-mgn-2025",
        "year": 2025
      }
    },
    {
      "type": "Feature",
      "id": 323,
      "geometry": {
        "type": "Polygon",
        "coordinates": [
          [
            [
              -74.05361,
              4.83292
            ],
            [
              -74.0867,
              4.83244
            ],
            [
              -74.07964,
              4.80896
            ],
            [
              -74.11295,
              4.79013
            ],
            [
              -74.12606,
              4.72945
            ],
            [
              -74.17226,
              4.71136
            ],
            [
              -74.17492,
              4.67682
            ],
            [
              -74.1585,
              4.66285
            ],
            [
              -74.22257,
              4.6294
            ],
            [
              -74.20428,
              4.59968
            ],
            [
              -74.18378,
              4.59645
            ],
            [
              -74.17363,
              4.54085
            ],
            [
              -74.18773,
              4.52917
            ],
            [
              -74.17807,
              4.48634
            ],
            [
              -74.21796,
              4.36081
            ],
            [
              -74.22188,
              4.28206
            ],
            [
              -74.20553,
              4.26889
            ],
            [
              -74.20427,
              4.23971
            ],
            [
              -74.23176,
              4.21669
            ],
            [
              -74.24564,
              4.10325
            ],
            [
              -74.26565,
              4.09167
            ],
            [
              -74.32989,
              4.13054
            ],
            [
              -74.37458,
              3.98587
            ],
            [
              -74.35689,
              3.97098
            ],
            [
              -74.35956,
              3.91374
            ],
            [
              -74.39527,
              3.8238
            ],
            [
              -74.45067,
              3.74986
            ],
            [
              -74.43959,
              3.73063
            ],
            [
              -74.40156,
              3.73742
            ],
            [
              -74.38716,
              3.7527
            ],
            [
              -74.39389,
              3.76991
            ],
            [
              -74.33563,
              3.82166
            ],
            [
              -74.29662,
              3.8189
            ],
            [
              -74.31676,
              3.88128
            ],
            [
              -74.29752,
              3.88328
            ],
            [
              -74.27359,
              3.9249
            ],
            [
              -74.25643,
              3.92787
            ],
            [
              -74.26014,
              3.94825
            ],
            [
              -74.21738,
              4.0109
            ],
            [
              -74.16026,
              4.01785
            ],
            [
              -74.15067,
              4.00485
            ],
            [
              -74.12692,
              4.04848
            ],
            [
              -74.13059,
              4.11599
            ],
            [
              -74.10959,
              4.13249
            ],
            [
              -74.11005,
              4.18191
            ],
            [
              -74.12332,
              4.18109
            ],
            [
              -74.15271,
              4.25456
            ],
            [
              -74.09823,
              4.34562
            ],
            [
              -74.11215,
              4.43313
            ],
            [
              -74.0759,
              4.46316
            ],
            [
              -74.07255,
              4.51312
            ],
            [
              -74.04228,
              4.5124
            ],
            [
              -74.0296,
              4.55787
            ],
            [
              -74.00535,
              4.56059
            ],
            [
              -73.98613,
              4.62907
            ],
            [
              -74.00739,
              4.62548
            ],
            [
              -74.03156,
              4.64579
            ],
            [
              -74.00201,
              4.67461
            ],
            [
              -74.01884,
              4.76367
            ],
            [
              -74.00409,
              4.81705
            ],
            [
              -74.05361,
              4.83292
            ]
          ]
        ]
      },
      "properties": {
        "code": "11",
        "name": "BOGOTÁ, D.C.",
        "resultType": "observed",
        "source": "dane-divipola-mgn-2025",
        "year": 2025
      }
    },
    {
      "type": "Feature",
      "id": 324,
      "geometry": {
        "type": "MultiPolygon",
        "coordinates": [
          [
            [
              [
                -75.2553,
                10.78087
              ],
              [
                -75.27084,
                10.77848
              ],
              [
                -75.26517,
                10.73979
              ],
              [
                -75.28192,
                10.70941
              ],
              [
                -75.39424,
                10.68267
              ],
              [
                -75.39864,
                10.66279
              ],
              [
                -75.45154,
                10.62761
              ],
              [
                -75.46146,
                10.5897
              ],
              [
                -75.51267,
                10.57108
              ],
              [
                -75.49222,
                10.4864
              ],
              [
                -75.56642,
                10.39658
              ],
              [
                -75.54484,
                10.39034
              ],
              [
                -75.5491,
                10.42225
              ],
              [
                -75.52402,
                10.40487
              ],
              [
                -75.53745,
                10.39385
              ],
              [
                -75.50898,
                10.37418
              ],
              [
                -75.50313,
                10.30109
              ],
              [
                -75.53048,
                10.30418
              ],
              [
                -75.54446,
                10.28142
              ],
              [
                -75.53189,
                10.27958
              ],
              [
                -75.56149,
                10.2633
              ],
              [
                -75.58681,
                10.29798
              ],
              [
                -75.59589,
                10.27871
              ],
              [
                -75.58394,
                10.26157
              ],
              [
                -75.62222,
                10.25141
              ],
              [
                -75.58619,
                10.22618
              ],
              [
                -75.60494,
                10.23656
              ],
              [
                -75.65412,
                10.16382
              ],
              [
                -75.70452,
                10.14142
              ],
              [
                -75.66914,
                10.13802
              ],
              [
                -75.63712,
                10.18861
              ],
              [
                -75.63827,
                10.17726
              ],
              [
                -75.54325,
                10.24429
              ],
              [
                -75.52319,
                10.23698
              ],
              [
                -75.54685,
                10.22879
              ],
              [
                -75.54623,
                10.21678
              ],
              [
                -75.52464,
                10.22112
              ],
              [
                -75.52085,
                10.17335
              ],
              [
                -75.53614,
                10.17283
              ],
              [
                -75.53815,
                10.18772
              ],
              [
                -75.55449,
                10.17828
              ],
              [
                -75.54463,
                10.15968
              ],
              [
                -75.52949,
                10.16644
              ],
              [
                -75.56412,
                10.12359
              ],
              [
                -75.58074,
                10.12549
              ],
              [
                -75.57362,
                10.08643
              ],
              [
                -75.49748,
                10.14548
              ],
              [
                -75.54332,
                10.04015
              ],
              [
                -75.51555,
                10.02513
              ],
              [
                -75.49082,
                10.03825
              ],
              [
                -75.47611,
                10.01856
              ],
              [
                -75.4801,
                9.97845
              ],
              [
                -75.46418,
                9.96138
              ],
              [
                -75.46919,
                9.92471
              ],
              [
                -75.48205,
                9.9299
              ],
              [
                -75.46551,
                9.89177
              ],
              [
                -75.43085,
                9.91273
              ],
              [
                -75.42759,
                9.89288
              ],
              [
                -75.3967,
                9.89383
              ],
              [
                -75.42178,
                9.88446
              ],
              [
                -75.39358,
                9.88081
              ],
              [
                -75.37677,
                9.8494
              ],
              [
                -75.33826,
                9.82823
              ],
              [
                -75.35997,
                9.7375
              ],
              [
                -75.37796,
                9.72036
              ],
              [
                -75.37438,
                9.63077
              ],
              [
                -75.35625,
                9.64731
              ],
              [
                -75.32708,
                9.61671
              ],
              [
                -75.31473,
                9.65276
              ],
              [
                -75.27646,
                9.68626
              ],
              [
                -75.23268,
                9.64667
              ],
              [
                -75.16451,
                9.64647
              ],
              [
                -75.18933,
                9.62927
              ],
              [
                -75.18106,
                9.60191
              ],
              [
                -75.16722,
                9.61342
              ],
              [
                -75.13339,
                9.59643
              ],
              [
                -75.07785,
                9.53276
              ],
              [
                -75.03989,
                9.54043
              ],
              [
                -75.01239,
                9.52829
              ],
              [
                -75.02895,
                9.50984
              ],
              [
                -75.03223,
                9.46657
              ],
              [
                -74.96688,
                9.43442
              ],
              [
                -74.93566,
                9.44817
              ],
              [
                -74.89078,
                9.43096
              ],
              [
                -74.95051,
                9.34795
              ],
              [
                -74.93287,
                9.3284
              ],
              [
                -74.94451,
                9.2958
              ],
              [
                -74.92572,
                9.27896
              ],
              [
                -74.931,
                9.25484
              ],
              [
                -74.90467,
                9.22961
              ],
              [
                -74.90303,
                9.16348
              ],
              [
                -74.86326,
                9.14848
              ],
              [
                -74.82376,
                9.05742
              ],
              [
                -74.78185,
                9.03766
              ],
              [
                -74.75049,
                9.04236
              ],
              [
                -74.73686,
                9.01583
              ],
              [
                -74.68383,
                9.01151
              ],
              [
                -74.63936,
                8.97746
              ],
              [
                -74.57944,
                8.87277
              ],
              [
                -74.58601,
                8.84117
              ],
              [
                -74.53966,
                8.80529
              ],
              [
                -74.61073,
                8.75594
              ],
              [
                -74.58671,
                8.63078
              ],
              [
                -74.59471,
                8.5923
              ],
              [
                -74.56258,
                8.56905
              ],
              [
                -74.57655,
                8.54423
              ],
              [
                -74.56869,
                8.50755
              ],
              [
                -74.53541,
                8.48064
              ],
              [
                -74.53973,
                8.42639
              ],
              [
                -74.57742,
                8.38561
              ],
              [
                -74.61454,
                8.40654
              ],
              [
                -74.61401,
                8.347
              ],
              [
                -74.64925,
                8.31346
              ],
              [
                -74.65349,
                8.279
              ],
              [
                -74.71272,
                8.30406
              ],
              [
                -74.72747,
                8.28102
              ],
              [
                -74.73475,
                8.29818
              ],
              [
                -74.76435,
                8.29454
              ],
              [
                -74.77088,
                8.27941
              ],
              [
                -74.80877,
                8.27428
              ],
              [
                -74.79492,
                8.24656
              ],
              [
                -74.83323,
                8.21231
              ],
              [
                -74.78481,
                8.1315
              ],
              [
                -74.72859,
                8.11837
              ],
              [
                -74.66768,
                8.06003
              ],
              [
                -74.60314,
                8.03784
              ],
              [
                -74.57411,
                7.9794
              ],
              [
                -74.53892,
                7.94692
              ],
              [
                -74.5198,
                7.9008
              ],
              [
                -74.5253,
                7.78257
              ],
              [
                -74.51358,
                7.78103
              ],
              [
                -74.50704,
                7.72263
              ],
              [
                -74.47532,
                7.70555
              ],
              [
                -74.47647,
                7.68216
              ],
              [
                -74.53061,
                7.6712
              ],
              [
                -74.56108,
                7.64645
              ],
              [
                -74.56838,
                7.51811
              ],
              [
                -74.59023,
                7.51104
              ],
              [
                -74.59842,
                7.4619
              ],
              [
                -74.49097,
                7.34346
              ],
              [
                -74.41941,
                7.38859
              ],
              [
                -74.41245,
                7.46035
              ],
              [
                -74.37009,
                7.47996
              ],
              [
                -74.32291,
                7.44682
              ],
              [
                -74.39773,
                7.34791
              ],
              [
                -74.387,
                7.27887
              ],
              [
                -74.4091,
                7.19412
              ],
              [
                -74.37002,
                7.12521
              ],
              [
                -74.37201,
                7.09808
              ],
              [
                -74.35144,
                7.08159
              ],
              [
                -74.3557,
                7.0099
              ],
              [
                -74.32216,
                7.01886
              ],
              [
                -74.30581,
                6.99916
              ],
              [
                -74.27721,
                7.0122
              ],
              [
                -74.24729,
                7.00197
              ],
              [
                -73.91585,
                7.29558
              ],
              [
                -73.89536,
                7.43137
              ],
              [
                -73.91308,
                7.4936
              ],
              [
                -73.84923,
                7.53467
              ],
              [
                -73.82871,
                7.60244
              ],
              [
                -73.81031,
                7.61657
              ],
              [
                -73.81843,
                7.64281
              ],
              [
                -73.79776,
                7.65086
              ],
              [
                -73.83185,
                7.72982
              ],
              [
                -73.79814,
                7.77499
              ],
              [
                -73.82163,
                7.82303
              ],
              [
                -73.83159,
                7.93587
              ],
              [
                -73.86565,
                7.97692
              ],
              [
                -73.87168,
                8.01877
              ],
              [
                -73.86147,
                8.0785
              ],
              [
                -73.77371,
                8.14724
              ],
              [
                -73.77956,
                8.20813
              ],
              [
                -73.75027,
                8.27188
              ],
              [
                -73.76033,
                8.29987
              ],
              [
                -73.74675,
                8.31685
              ],
              [
                -73.75763,
                8.33425
              ],
              [
                -73.746,
                8.46206
              ],
              [
                -73.7743,
                8.49705
              ],
              [
                -73.7749,
                8.56055
              ],
              [
                -73.81982,
                8.65302
              ],
              [
                -73.81572,
                8.72149
              ],
              [
                -73.78927,
                8.74921
              ],
              [
                -73.79528,
                8.81677
              ],
              [
                -73.86656,
                8.88705
              ],
              [
                -73.86633,
                8.95266
              ],
              [
                -73.89396,
                8.97793
              ],
              [
                -73.95914,
                8.99592
              ],
              [
                -73.97767,
                8.98393
              ],
              [
                -74.00386,
                8.99882
              ],
              [
                -73.98474,
                9.00968
              ],
              [
                -74.0032,
                9.02965
              ],
              [
                -74.02697,
                9.02617
              ],
              [
                -74.03559,
                9.04439
              ],
              [
                -74.0571,
                9.01851
              ],
              [
                -74.098,
                9.01582
              ],
              [
                -74.11328,
                9.041
              ],
              [
                -74.13747,
                9.02873
              ],
              [
                -74.14069,
                9.0408
              ],
              [
                -74.11794,
                9.04888
              ],
              [
                -74.13466,
                9.0644
              ],
              [
                -74.15729,
                9.05738
              ],
              [
                -74.17659,
                9.08929
              ],
              [
                -74.22844,
                9.12405
              ],
              [
                -74.22008,
                9.13613
              ],
              [
                -74.24828,
                9.16465
              ],
              [
                -74.29825,
                9.15983
              ],
              [
                -74.29645,
                9.20268
              ],
              [
                -74.3489,
                9.23328
              ],
              [
                -74.40303,
                9.21375
              ],
              [
                -74.43557,
                9.27429
              ],
              [
                -74.51678,
                9.23452
              ],
              [
                -74.56568,
                9.31436
              ],
              [
                -74.61528,
                9.341
              ],
              [
                -74.61845,
                9.3715
              ],
              [
                -74.66018,
                9.38597
              ],
              [
                -74.67241,
                9.41308
              ],
              [
                -74.69889,
                9.42686
              ],
              [
                -74.73207,
                9.41883
              ],
              [
                -74.76334,
                9.46375
              ],
              [
                -74.8057,
                9.44746
              ],
              [
                -74.77576,
                9.50048
              ],
              [
                -74.80705,
                9.54742
              ],
              [
                -74.77358,
                9.58727
              ],
              [
                -74.77697,
                9.62619
              ],
              [
                -74.80575,
                9.67553
              ],
              [
                -74.78765,
                9.69686
              ],
              [
                -74.81529,
                9.73117
              ],
              [
                -74.80523,
                9.76181
              ],
              [
                -74.8156,
                9.78989
              ],
              [
                -74.88237,
                9.87285
              ],
              [
                -74.87263,
                9.93675
              ],
              [
                -74.82039,
                9.96733
              ],
              [
                -74.7883,
                10.01126
              ],
              [
                -74.84848,
                10.08503
              ],
              [
                -74.94367,
                10.12443
              ],
              [
                -74.91075,
                10.25445
              ],
              [
                -74.96462,
                10.3258
              ],
              [
                -75.07448,
                10.40935
              ],
              [
                -75.12655,
                10.39854
              ],
              [
                -75.16834,
                10.45173
              ],
              [
                -75.19525,
                10.44886
              ],
              [
                -75.20027,
                10.47044
              ],
              [
                -75.23375,
                10.47951
              ],
              [
                -75.22362,
                10.63086
              ],
              [
                -75.24186,
                10.65414
              ],
              [
                -75.24953,
                10.72297
              ],
              [
                -75.22725,
                10.77184
              ],
              [
                -75.2553,
                10.78087
              ]
            ]
          ],
          [
            [
              [
                -76.1747,
                9.39857
              ],
              [
                -76.18891,
                9.39297
              ],
              [
                -76.18562,
                9.38004
              ],
              [
                -76.1747,
                9.39857
              ]
            ]
          ],
          [
            [
              [
                -75.75254,
                9.73889
              ],
              [
                -75.7477,
                9.73438
              ],
              [
                -75.73969,
                9.73761
              ],
              [
                -75.75254,
                9.73889
              ]
            ]
          ],
          [
            [
              [
                -75.87178,
                9.78389
              ],
              [
                -75.87588,
                9.77981
              ],
              [
                -75.8688,
                9.78063
              ],
              [
                -75.87178,
                9.78389
              ]
            ]
          ],
          [
            [
              [
                -75.85945,
                9.7865
              ],
              [
                -75.85933,
                9.78531
              ],
              [
                -75.85829,
                9.78572
              ],
              [
                -75.85945,
                9.7865
              ]
            ]
          ],
          [
            [
              [
                -75.85353,
                9.79354
              ],
              [
                -75.8544,
                9.79329
              ],
              [
                -75.85351,
                9.79246
              ],
              [
                -75.85353,
                9.79354
              ]
            ]
          ],
          [
            [
              [
                -75.85388,
                9.79501
              ],
              [
                -75.85471,
                9.79492
              ],
              [
                -75.85446,
                9.7941
              ],
              [
                -75.85388,
                9.79501
              ]
            ]
          ],
          [
            [
              [
                -75.85698,
                9.79582
              ],
              [
                -75.85753,
                9.79577
              ],
              [
                -75.85719,
                9.79495
              ],
              [
                -75.85698,
                9.79582
              ]
            ]
          ],
          [
            [
              [
                -75.85565,
                9.79631
              ],
              [
                -75.85584,
                9.7954
              ],
              [
                -75.85457,
                9.79583
              ],
              [
                -75.85565,
                9.79631
              ]
            ]
          ],
          [
            [
              [
                -75.85331,
                9.7969
              ],
              [
                -75.85403,
                9.79758
              ],
              [
                -75.85415,
                9.79673
              ],
              [
                -75.85331,
                9.7969
              ]
            ]
          ],
          [
            [
              [
                -75.85138,
                9.80458
              ],
              [
                -75.85616,
                9.78846
              ],
              [
                -75.8277,
                9.79062
              ],
              [
                -75.85138,
                9.80458
              ]
            ]
          ],
          [
            [
              [
                -75.72731,
                10.14634
              ],
              [
                -75.72791,
                10.1453
              ],
              [
                -75.72696,
                10.14437
              ],
              [
                -75.72731,
                10.14634
              ]
            ]
          ],
          [
            [
              [
                -75.69237,
                10.14962
              ],
              [
                -75.69334,
                10.14937
              ],
              [
                -75.69319,
                10.14873
              ],
              [
                -75.69237,
                10.14962
              ]
            ]
          ],
          [
            [
              [
                -75.6756,
                10.16116
              ],
              [
                -75.67759,
                10.16063
              ],
              [
                -75.67408,
                10.16104
              ],
              [
                -75.6756,
                10.16116
              ]
            ]
          ],
          [
            [
              [
                -75.7758,
                10.16394
              ],
              [
                -75.77603,
                10.16442
              ],
              [
                -75.77615,
                10.16367
              ],
              [
                -75.7758,
                10.16394
              ]
            ]
          ],
          [
            [
              [
                -75.65964,
                10.16425
              ],
              [
                -75.6602,
                10.16414
              ],
              [
                -75.65987,
                10.16393
              ],
              [
                -75.65964,
                10.16425
              ]
            ]
          ],
          [
            [
              [
                -75.67123,
                10.16463
              ],
              [
                -75.67261,
                10.16383
              ],
              [
                -75.6722,
                10.16116
              ],
              [
                -75.67123,
                10.16463
              ]
            ]
          ],
          [
            [
              [
                -75.65484,
                10.16528
              ],
              [
                -75.65539,
                10.16514
              ],
              [
                -75.65484,
                10.16439
              ],
              [
                -75.65484,
                10.16528
              ]
            ]
          ],
          [
            [
              [
                -75.66153,
                10.16559
              ],
              [
                -75.66184,
                10.16521
              ],
              [
                -75.66152,
                10.16531
              ],
              [
                -75.66153,
                10.16559
              ]
            ]
          ],
          [
            [
              [
                -75.78938,
                10.16712
              ],
              [
                -75.79651,
                10.16704
              ],
              [
                -75.79032,
                10.15658
              ],
              [
                -75.78938,
                10.16712
              ]
            ]
          ],
          [
            [
              [
                -75.6628,
                10.16723
              ],
              [
                -75.66329,
                10.16643
              ],
              [
                -75.66276,
                10.16647
              ],
              [
                -75.6628,
                10.16723
              ]
            ]
          ],
          [
            [
              [
                -75.66723,
                10.16688
              ],
              [
                -75.66723,
                10.16599
              ],
              [
                -75.666,
                10.16699
              ],
              [
                -75.66723,
                10.16688
              ]
            ]
          ],
          [
            [
              [
                -75.7971,
                10.16804
              ],
              [
                -75.79732,
                10.16743
              ],
              [
                -75.79657,
                10.16717
              ],
              [
                -75.7971,
                10.16804
              ]
            ]
          ],
          [
            [
              [
                -75.65442,
                10.17263
              ],
              [
                -75.66929,
                10.16373
              ],
              [
                -75.65352,
                10.16719
              ],
              [
                -75.65442,
                10.17263
              ]
            ]
          ],
          [
            [
              [
                -75.76835,
                10.17507
              ],
              [
                -75.76847,
                10.17365
              ],
              [
                -75.76693,
                10.17368
              ],
              [
                -75.76835,
                10.17507
              ]
            ]
          ],
          [
            [
              [
                -75.75902,
                10.17599
              ],
              [
                -75.75884,
                10.17569
              ],
              [
                -75.75841,
                10.17572
              ],
              [
                -75.75902,
                10.17599
              ]
            ]
          ],
          [
            [
              [
                -75.77195,
                10.17747
              ],
              [
                -75.77244,
                10.17735
              ],
              [
                -75.77188,
                10.177
              ],
              [
                -75.77195,
                10.17747
              ]
            ]
          ],
          [
            [
              [
                -75.77099,
                10.17763
              ],
              [
                -75.77243,
                10.17626
              ],
              [
                -75.77124,
                10.17625
              ],
              [
                -75.77099,
                10.17763
              ]
            ]
          ],
          [
            [
              [
                -75.75852,
                10.1777
              ],
              [
                -75.75827,
                10.17841
              ],
              [
                -75.75926,
                10.17669
              ],
              [
                -75.75852,
                10.1777
              ]
            ]
          ],
          [
            [
              [
                -75.7658,
                10.17867
              ],
              [
                -75.76619,
                10.17871
              ],
              [
                -75.766,
                10.17824
              ],
              [
                -75.7658,
                10.17867
              ]
            ]
          ],
          [
            [
              [
                -75.7766,
                10.17881
              ],
              [
                -75.77677,
                10.1783
              ],
              [
                -75.77621,
                10.17791
              ],
              [
                -75.7766,
                10.17881
              ]
            ]
          ],
          [
            [
              [
                -75.75457,
                10.17901
              ],
              [
                -75.75478,
                10.17338
              ],
              [
                -75.75115,
                10.17607
              ],
              [
                -75.75457,
                10.17901
              ]
            ]
          ],
          [
            [
              [
                -75.67037,
                10.17947
              ],
              [
                -75.67118,
                10.17843
              ],
              [
                -75.66943,
                10.17751
              ],
              [
                -75.67037,
                10.17947
              ]
            ]
          ],
          [
            [
              [
                -75.77836,
                10.17939
              ],
              [
                -75.77773,
                10.1785
              ],
              [
                -75.77746,
                10.17927
              ],
              [
                -75.77836,
                10.17939
              ]
            ]
          ],
          [
            [
              [
                -75.77682,
                10.17932
              ],
              [
                -75.77705,
                10.17994
              ],
              [
                -75.77684,
                10.17906
              ],
              [
                -75.77682,
                10.17932
              ]
            ]
          ],
          [
            [
              [
                -75.74984,
                10.18007
              ],
              [
                -75.74965,
                10.17488
              ],
              [
                -75.74867,
                10.18049
              ],
              [
                -75.74984,
                10.18007
              ]
            ]
          ],
          [
            [
              [
                -75.77561,
                10.18067
              ],
              [
                -75.77593,
                10.18054
              ],
              [
                -75.77564,
                10.18046
              ],
              [
                -75.77561,
                10.18067
              ]
            ]
          ],
          [
            [
              [
                -75.7773,
                10.18078
              ],
              [
                -75.77757,
                10.18068
              ],
              [
                -75.77738,
                10.18016
              ],
              [
                -75.7773,
                10.18078
              ]
            ]
          ],
          [
            [
              [
                -75.77159,
                10.18113
              ],
              [
                -75.77195,
                10.18096
              ],
              [
                -75.77146,
                10.18071
              ],
              [
                -75.77159,
                10.18113
              ]
            ]
          ],
          [
            [
              [
                -75.74867,
                10.18151
              ],
              [
                -75.74894,
                10.18229
              ],
              [
                -75.74891,
                10.18189
              ],
              [
                -75.74867,
                10.18151
              ]
            ]
          ],
          [
            [
              [
                -75.71786,
                10.18313
              ],
              [
                -75.71797,
                10.18286
              ],
              [
                -75.7173,
                10.18297
              ],
              [
                -75.71786,
                10.18313
              ]
            ]
          ],
          [
            [
              [
                -75.72154,
                10.18394
              ],
              [
                -75.72248,
                10.18337
              ],
              [
                -75.72211,
                10.18211
              ],
              [
                -75.72154,
                10.18394
              ]
            ]
          ],
          [
            [
              [
                -75.73723,
                10.18408
              ],
              [
                -75.74724,
                10.17228
              ],
              [
                -75.72343,
                10.18111
              ],
              [
                -75.73723,
                10.18408
              ]
            ]
          ],
          [
            [
              [
                -75.72616,
                10.18478
              ],
              [
                -75.7265,
                10.18493
              ],
              [
                -75.72642,
                10.18463
              ],
              [
                -75.72616,
                10.18478
              ]
            ]
          ],
          [
            [
              [
                -75.72783,
                10.18487
              ],
              [
                -75.72815,
                10.18488
              ],
              [
                -75.7275,
                10.18449
              ],
              [
                -75.72783,
                10.18487
              ]
            ]
          ],
          [
            [
              [
                -75.71754,
                10.18501
              ],
              [
                -75.71783,
                10.18448
              ],
              [
                -75.71748,
                10.1847
              ],
              [
                -75.71754,
                10.18501
              ]
            ]
          ],
          [
            [
              [
                -75.73713,
                10.18523
              ],
              [
                -75.73705,
                10.18527
              ],
              [
                -75.73713,
                10.18539
              ],
              [
                -75.73713,
                10.18523
              ]
            ]
          ],
          [
            [
              [
                -75.73804,
                10.18543
              ],
              [
                -75.73802,
                10.18517
              ],
              [
                -75.73769,
                10.18525
              ],
              [
                -75.73804,
                10.18543
              ]
            ]
          ],
          [
            [
              [
                -75.57762,
                10.31371
              ],
              [
                -75.57829,
                10.3149
              ],
              [
                -75.57661,
                10.31189
              ],
              [
                -75.57762,
                10.31371
              ]
            ]
          ],
          [
            [
              [
                -75.57537,
                10.38136
              ],
              [
                -75.59341,
                10.34767
              ],
              [
                -75.58213,
                10.31801
              ],
              [
                -75.57446,
                10.34154
              ],
              [
                -75.54895,
                10.33611
              ],
              [
                -75.5383,
                10.34917
              ],
              [
                -75.55165,
                10.35586
              ],
              [
                -75.53746,
                10.35702
              ],
              [
                -75.57537,
                10.38136
              ]
            ]
          ]
        ]
      },
      "properties": {
        "code": "13",
        "name": "BOLÍVAR",
        "resultType": "observed",
        "source": "dane-divipola-mgn-2025",
        "year": 2025
      }
    },
    {
      "type": "Feature",
      "id": 325,
      "geometry": {
        "type": "Polygon",
        "coordinates": [
          [
            [
              -72.18436,
              7.02894
            ],
            [
              -72.19591,
              7.04539
            ],
            [
              -72.20097,
              7.00669
            ],
            [
              -72.24425,
              6.97703
            ],
            [
              -72.25167,
              7.00688
            ],
            [
              -72.28143,
              7.01006
            ],
            [
              -72.31343,
              6.93222
            ],
            [
              -72.38798,
              6.87366
            ],
            [
              -72.4972,
              6.92074
            ],
            [
              -72.50157,
              6.87425
            ],
            [
              -72.47706,
              6.8422
            ],
            [
              -72.49889,
              6.79524
            ],
            [
              -72.48554,
              6.6571
            ],
            [
              -72.54267,
              6.58281
            ],
            [
              -72.53924,
              6.48797
            ],
            [
              -72.64907,
              6.4364
            ],
            [
              -72.71914,
              6.5527
            ],
            [
              -72.7646,
              6.58284
            ],
            [
              -72.80886,
              6.55921
            ],
            [
              -72.80858,
              6.53881
            ],
            [
              -72.73592,
              6.49069
            ],
            [
              -72.72488,
              6.4567
            ],
            [
              -72.73798,
              6.44027
            ],
            [
              -72.72559,
              6.37206
            ],
            [
              -72.75792,
              6.31509
            ],
            [
              -72.74468,
              6.22918
            ],
            [
              -72.77502,
              6.21048
            ],
            [
              -72.80374,
              6.21597
            ],
            [
              -72.83127,
              6.14878
            ],
            [
              -72.86843,
              6.14452
            ],
            [
              -72.87252,
              6.12512
            ],
            [
              -72.91598,
              6.10738
            ],
            [
              -73.01124,
              5.96311
            ],
            [
              -73.03201,
              6.023
            ],
            [
              -73.0622,
              6.01105
            ],
            [
              -73.06782,
              5.98204
            ],
            [
              -73.10078,
              5.96226
            ],
            [
              -73.14264,
              5.96108
            ],
            [
              -73.19931,
              6.00313
            ],
            [
              -73.22474,
              5.94114
            ],
            [
              -73.20831,
              5.9215
            ],
            [
              -73.22098,
              5.8907
            ],
            [
              -73.18398,
              5.85045
            ],
            [
              -73.20495,
              5.82658
            ],
            [
              -73.24689,
              5.81596
            ],
            [
              -73.27048,
              5.85355
            ],
            [
              -73.32924,
              5.85154
            ],
            [
              -73.35147,
              5.87257
            ],
            [
              -73.34575,
              5.84225
            ],
            [
              -73.37903,
              5.7634
            ],
            [
              -73.39048,
              5.75107
            ],
            [
              -73.43081,
              5.76707
            ],
            [
              -73.43589,
              5.7982
            ],
            [
              -73.47348,
              5.81683
            ],
            [
              -73.45109,
              5.86704
            ],
            [
              -73.4569,
              5.89036
            ],
            [
              -73.44449,
              5.902
            ],
            [
              -73.40741,
              5.88954
            ],
            [
              -73.37071,
              6.00523
            ],
            [
              -73.41483,
              6.07309
            ],
            [
              -73.43808,
              6.07138
            ],
            [
              -73.49742,
              6.10803
            ],
            [
              -73.5152,
              6.09908
            ],
            [
              -73.53965,
              6.03743
            ],
            [
              -73.58479,
              6.00819
            ],
            [
              -73.60299,
              5.93748
            ],
            [
              -73.6359,
              5.91116
            ],
            [
              -73.60017,
              5.86899
            ],
            [
              -73.64401,
              5.71521
            ],
            [
              -73.71438,
              5.7817
            ],
            [
              -73.76361,
              5.77292
            ],
            [
              -73.81253,
              5.71497
            ],
            [
              -73.82441,
              5.74056
            ],
            [
              -73.87435,
              5.70801
            ],
            [
              -73.87455,
              5.72787
            ],
            [
              -73.92452,
              5.74303
            ],
            [
              -73.96243,
              5.73944
            ],
            [
              -73.98261,
              5.72091
            ],
            [
              -74.02506,
              5.78076
            ],
            [
              -74.02603,
              5.80682
            ],
            [
              -74.07926,
              5.8185
            ],
            [
              -74.10308,
              5.877
            ],
            [
              -74.13333,
              5.87592
            ],
            [
              -74.18042,
              5.91109
            ],
            [
              -74.1973,
              5.85294
            ],
            [
              -74.26608,
              5.83459
            ],
            [
              -74.27498,
              5.86848
            ],
            [
              -74.23114,
              5.90501
            ],
            [
              -74.22449,
              5.92324
            ],
            [
              -74.2389,
              5.94369
            ],
            [
              -74.22222,
              5.96791
            ],
            [
              -74.26008,
              6.01248
            ],
            [
              -74.25872,
              6.06552
            ],
            [
              -74.29807,
              6.08411
            ],
            [
              -74.33733,
              6.06498
            ],
            [
              -74.34755,
              6.03852
            ],
            [
              -74.38306,
              6.04028
            ],
            [
              -74.40799,
              6.08646
            ],
            [
              -74.45169,
              6.09929
            ],
            [
              -74.45263,
              6.13568
            ],
            [
              -74.47948,
              6.15964
            ],
            [
              -74.46963,
              6.20139
            ],
            [
              -74.50842,
              6.21647
            ],
            [
              -74.52657,
              6.27364
            ],
            [
              -74.57342,
              6.21566
            ],
            [
              -74.61069,
              6.1332
            ],
            [
              -74.58451,
              6.08821
            ],
            [
              -74.56175,
              6.0783
            ],
            [
              -74.56272,
              6.00189
            ],
            [
              -74.61238,
              5.96988
            ],
            [
              -74.58539,
              5.90306
            ],
            [
              -74.63804,
              5.86637
            ],
            [
              -74.66102,
              5.75238
            ],
            [
              -74.64292,
              5.73541
            ],
            [
              -74.62708,
              5.76246
            ],
            [
              -74.59737,
              5.7434
            ],
            [
              -74.51639,
              5.79142
            ],
            [
              -74.43091,
              5.75801
            ],
            [
              -74.3331,
              5.83704
            ],
            [
              -74.31685,
              5.79701
            ],
            [
              -74.30102,
              5.79766
            ],
            [
              -74.31298,
              5.78225
            ],
            [
              -74.28717,
              5.74649
            ],
            [
              -74.30399,
              5.70923
            ],
            [
              -74.27598,
              5.69219
            ],
            [
              -74.31496,
              5.62051
            ],
            [
              -74.29778,
              5.57497
            ],
            [
              -74.24029,
              5.5392
            ],
            [
              -74.25387,
              5.48762
            ],
            [
              -74.24396,
              5.47635
            ],
            [
              -74.20192,
              5.49701
            ],
            [
              -74.18239,
              5.46374
            ],
            [
              -74.12547,
              5.42897
            ],
            [
              -74.1173,
              5.47298
            ],
            [
              -74.09693,
              5.47064
            ],
            [
              -74.09275,
              5.42895
            ],
            [
              -74.02228,
              5.38689
            ],
            [
              -74.02097,
              5.36629
            ],
            [
              -73.99139,
              5.37465
            ],
            [
              -73.97269,
              5.41956
            ],
            [
              -73.94797,
              5.41756
            ],
            [
              -73.94218,
              5.43408
            ],
            [
              -73.91252,
              5.43223
            ],
            [
              -73.9012,
              5.44774
            ],
            [
              -73.9068,
              5.52818
            ],
            [
              -73.88987,
              5.51242
            ],
            [
              -73.80467,
              5.5714
            ],
            [
              -73.76883,
              5.4866
            ],
            [
              -73.74708,
              5.48963
            ],
            [
              -73.74316,
              5.46855
            ],
            [
              -73.72025,
              5.47807
            ],
            [
              -73.71953,
              5.45881
            ],
            [
              -73.69628,
              5.44664
            ],
            [
              -73.67672,
              5.45946
            ],
            [
              -73.67843,
              5.43432
            ],
            [
              -73.59272,
              5.39885
            ],
            [
              -73.59937,
              5.31881
            ],
            [
              -73.53418,
              5.2823
            ],
            [
              -73.51479,
              5.23269
            ],
            [
              -73.52454,
              5.21402
            ],
            [
              -73.51194,
              5.1623
            ],
            [
              -73.4772,
              5.14809
            ],
            [
              -73.49454,
              5.10635
            ],
            [
              -73.47986,
              5.06314
            ],
            [
              -73.5224,
              5.02922
            ],
            [
              -73.50699,
              4.99636
            ],
            [
              -73.54468,
              4.94419
            ],
            [
              -73.53868,
              4.89657
            ],
            [
              -73.52087,
              4.87896
            ],
            [
              -73.46962,
              4.89272
            ],
            [
              -73.402,
              4.87993
            ],
            [
              -73.36516,
              4.82477
            ],
            [
              -73.37184,
              4.80082
            ],
            [
              -73.32085,
              4.77929
            ],
            [
              -73.30402,
              4.72959
            ],
            [
              -73.22304,
              4.73329
            ],
            [
              -73.23466,
              4.69515
            ],
            [
              -73.22243,
              4.67738
            ],
            [
              -73.14903,
              4.65524
            ],
            [
              -73.12169,
              4.67156
            ],
            [
              -73.10421,
              4.66049
            ],
            [
              -73.07185,
              4.73919
            ],
            [
              -73.06211,
              4.73185
            ],
            [
              -73.04499,
              4.75048
            ],
            [
              -73.07772,
              4.81074
            ],
            [
              -73.04148,
              4.87833
            ],
            [
              -73.04913,
              4.92226
            ],
            [
              -73.03051,
              4.98231
            ],
            [
              -73.01654,
              5.00266
            ],
            [
              -72.97528,
              4.97476
            ],
            [
              -72.90382,
              5.06793
            ],
            [
              -72.90844,
              5.10248
            ],
            [
              -72.92859,
              5.09967
            ],
            [
              -72.97389,
              5.15036
            ],
            [
              -72.89621,
              5.26208
            ],
            [
              -72.88271,
              5.36323
            ],
            [
              -72.85955,
              5.34039
            ],
            [
              -72.79832,
              5.38014
            ],
            [
              -72.75689,
              5.33137
            ],
            [
              -72.72558,
              5.31802
            ],
            [
              -72.70057,
              5.27328
            ],
            [
              -72.62031,
              5.35122
            ],
            [
              -72.57975,
              5.35033
            ],
            [
              -72.56724,
              5.37337
            ],
            [
              -72.58398,
              5.38199
            ],
            [
              -72.50343,
              5.44303
            ],
            [
              -72.48986,
              5.48183
            ],
            [
              -72.44239,
              5.51926
            ],
            [
              -72.4209,
              5.56324
            ],
            [
              -72.38743,
              5.56345
            ],
            [
              -72.3381,
              5.5008
            ],
            [
              -72.3009,
              5.50597
            ],
            [
              -72.28747,
              5.60564
            ],
            [
              -72.26269,
              5.63354
            ],
            [
              -72.27214,
              5.66222
            ],
            [
              -72.2219,
              5.67258
            ],
            [
              -72.24967,
              5.68525
            ],
            [
              -72.28038,
              5.74955
            ],
            [
              -72.30047,
              5.75827
            ],
            [
              -72.3076,
              5.7928
            ],
            [
              -72.46307,
              5.8491
            ],
            [
              -72.41555,
              5.90401
            ],
            [
              -72.33569,
              5.88957
            ],
            [
              -72.32671,
              5.90658
            ],
            [
              -72.33978,
              5.99849
            ],
            [
              -72.36551,
              6.0367
            ],
            [
              -72.31803,
              6.07756
            ],
            [
              -72.3212,
              6.0882
            ],
            [
              -72.36664,
              6.07683
            ],
            [
              -72.37538,
              6.0925
            ],
            [
              -72.36408,
              6.09933
            ],
            [
              -72.38918,
              6.12374
            ],
            [
              -72.37391,
              6.1477
            ],
            [
              -72.3931,
              6.16157
            ],
            [
              -72.39253,
              6.18833
            ],
            [
              -72.41855,
              6.18539
            ],
            [
              -72.38724,
              6.26101
            ],
            [
              -72.39615,
              6.27416
            ],
            [
              -72.35402,
              6.34354
            ],
            [
              -72.32165,
              6.33184
            ],
            [
              -72.31549,
              6.35771
            ],
            [
              -72.28272,
              6.37939
            ],
            [
              -72.26787,
              6.44158
            ],
            [
              -72.23508,
              6.42196
            ],
            [
              -72.21375,
              6.46549
            ],
            [
              -72.17475,
              6.46301
            ],
            [
              -72.17788,
              6.49676
            ],
            [
              -72.1309,
              6.52059
            ],
            [
              -72.11282,
              6.61212
            ],
            [
              -72.09143,
              6.64596
            ],
            [
              -72.10012,
              6.74719
            ],
            [
              -72.0506,
              6.7689
            ],
            [
              -71.94885,
              7.01132
            ],
            [
              -72.08103,
              7.04546
            ],
            [
              -72.11351,
              6.99709
            ],
            [
              -72.14714,
              7.0153
            ],
            [
              -72.16205,
              7.04698
            ],
            [
              -72.18436,
              7.02894
            ]
          ]
        ]
      },
      "properties": {
        "code": "15",
        "name": "BOYACÁ",
        "resultType": "observed",
        "source": "dane-divipola-mgn-2025",
        "year": 2025
      }
    },
    {
      "type": "Feature",
      "id": 326,
      "geometry": {
        "type": "Polygon",
        "coordinates": [
          [
            [
              -74.67154,
              5.77147
            ],
            [
              -74.71393,
              5.77218
            ],
            [
              -74.72944,
              5.70647
            ],
            [
              -74.77154,
              5.68981
            ],
            [
              -74.87336,
              5.74771
            ],
            [
              -74.9933,
              5.71533
            ],
            [
              -75.01056,
              5.6811
            ],
            [
              -75.0871,
              5.66081
            ],
            [
              -75.09918,
              5.64232
            ],
            [
              -75.09162,
              5.58521
            ],
            [
              -75.12984,
              5.55324
            ],
            [
              -75.13761,
              5.52722
            ],
            [
              -75.22073,
              5.50294
            ],
            [
              -75.27593,
              5.41856
            ],
            [
              -75.28258,
              5.47569
            ],
            [
              -75.31773,
              5.46254
            ],
            [
              -75.31082,
              5.50867
            ],
            [
              -75.32885,
              5.52457
            ],
            [
              -75.34021,
              5.60301
            ],
            [
              -75.36529,
              5.60157
            ],
            [
              -75.38311,
              5.62151
            ],
            [
              -75.36839,
              5.64084
            ],
            [
              -75.37689,
              5.67419
            ],
            [
              -75.42893,
              5.6966
            ],
            [
              -75.47816,
              5.66428
            ],
            [
              -75.51989,
              5.69512
            ],
            [
              -75.53549,
              5.69098
            ],
            [
              -75.54337,
              5.72007
            ],
            [
              -75.59926,
              5.73731
            ],
            [
              -75.5996,
              5.68091
            ],
            [
              -75.57236,
              5.66471
            ],
            [
              -75.58976,
              5.64187
            ],
            [
              -75.57103,
              5.52057
            ],
            [
              -75.61679,
              5.53231
            ],
            [
              -75.68911,
              5.51932
            ],
            [
              -75.73027,
              5.5641
            ],
            [
              -75.78568,
              5.53997
            ],
            [
              -75.83249,
              5.48884
            ],
            [
              -75.8654,
              5.50187
            ],
            [
              -75.85064,
              5.41248
            ],
            [
              -75.86068,
              5.37171
            ],
            [
              -75.80917,
              5.36213
            ],
            [
              -75.72523,
              5.39714
            ],
            [
              -75.66617,
              5.354
            ],
            [
              -75.64815,
              5.30757
            ],
            [
              -75.66623,
              5.26847
            ],
            [
              -75.69264,
              5.25519
            ],
            [
              -75.73481,
              5.26437
            ],
            [
              -75.74927,
              5.28452
            ],
            [
              -75.82366,
              5.27012
            ],
            [
              -75.80238,
              5.20036
            ],
            [
              -75.83382,
              5.15008
            ],
            [
              -75.83657,
              5.11478
            ],
            [
              -75.84585,
              5.10558
            ],
            [
              -75.89183,
              5.131
            ],
            [
              -75.91735,
              5.07869
            ],
            [
              -75.92203,
              5.04205
            ],
            [
              -75.90387,
              5.02362
            ],
            [
              -75.89216,
              4.96153
            ],
            [
              -75.86073,
              4.94213
            ],
            [
              -75.86712,
              4.93329
            ],
            [
              -75.81481,
              4.91944
            ],
            [
              -75.79219,
              4.93777
            ],
            [
              -75.78139,
              5.01038
            ],
            [
              -75.74681,
              5.04682
            ],
            [
              -75.70238,
              4.9455
            ],
            [
              -75.65554,
              4.9458
            ],
            [
              -75.63951,
              4.975
            ],
            [
              -75.62308,
              4.97096
            ],
            [
              -75.61706,
              4.93141
            ],
            [
              -75.56459,
              4.9378
            ],
            [
              -75.53746,
              4.91653
            ],
            [
              -75.48009,
              4.91646
            ],
            [
              -75.42687,
              4.81639
            ],
            [
              -75.3755,
              4.80268
            ],
            [
              -75.31872,
              4.88807
            ],
            [
              -75.35246,
              4.94057
            ],
            [
              -75.35272,
              4.96674
            ],
            [
              -75.31801,
              5.01535
            ],
            [
              -75.34879,
              5.05729
            ],
            [
              -75.34475,
              5.08078
            ],
            [
              -75.28791,
              5.13831
            ],
            [
              -75.23502,
              5.126
            ],
            [
              -75.17158,
              5.17096
            ],
            [
              -75.11623,
              5.16056
            ],
            [
              -75.05663,
              5.27552
            ],
            [
              -74.93938,
              5.31303
            ],
            [
              -74.87282,
              5.29491
            ],
            [
              -74.82667,
              5.31934
            ],
            [
              -74.75447,
              5.28171
            ],
            [
              -74.73428,
              5.28686
            ],
            [
              -74.70108,
              5.35318
            ],
            [
              -74.70661,
              5.37097
            ],
            [
              -74.68509,
              5.36719
            ],
            [
              -74.68484,
              5.40024
            ],
            [
              -74.66669,
              5.40591
            ],
            [
              -74.6764,
              5.43809
            ],
            [
              -74.64935,
              5.44293
            ],
            [
              -74.67457,
              5.51465
            ],
            [
              -74.64101,
              5.54022
            ],
            [
              -74.65305,
              5.57472
            ],
            [
              -74.62851,
              5.63174
            ],
            [
              -74.62746,
              5.69604
            ],
            [
              -74.65196,
              5.70952
            ],
            [
              -74.67154,
              5.77147
            ]
          ]
        ]
      },
      "properties": {
        "code": "17",
        "name": "CALDAS",
        "resultType": "observed",
        "source": "dane-divipola-mgn-2025",
        "year": 2025
      }
    },
    {
      "type": "Feature",
      "id": 327,
      "geometry": {
        "type": "Polygon",
        "coordinates": [
          [
            [
              -74.79916,
              2.93792
            ],
            [
              -74.83688,
              2.90854
            ],
            [
              -74.87833,
              2.915
            ],
            [
              -74.91063,
              2.88354
            ],
            [
              -74.9357,
              2.90864
            ],
            [
              -75.07034,
              2.74215
            ],
            [
              -75.14681,
              2.72237
            ],
            [
              -75.15409,
              2.70412
            ],
            [
              -75.13333,
              2.69149
            ],
            [
              -75.15552,
              2.64505
            ],
            [
              -75.13269,
              2.59515
            ],
            [
              -75.15413,
              2.58119
            ],
            [
              -75.18056,
              2.50771
            ],
            [
              -75.2271,
              2.51167
            ],
            [
              -75.25059,
              2.44445
            ],
            [
              -75.27954,
              2.42271
            ],
            [
              -75.31015,
              2.36161
            ],
            [
              -75.32962,
              2.36531
            ],
            [
              -75.34809,
              2.32378
            ],
            [
              -75.38856,
              2.31262
            ],
            [
              -75.41041,
              2.24565
            ],
            [
              -75.43966,
              2.22071
            ],
            [
              -75.42627,
              2.18813
            ],
            [
              -75.44236,
              2.14702
            ],
            [
              -75.53498,
              2.11766
            ],
            [
              -75.58806,
              2.01112
            ],
            [
              -75.64104,
              1.95803
            ],
            [
              -75.65176,
              1.90105
            ],
            [
              -75.68962,
              1.87944
            ],
            [
              -75.73067,
              1.82335
            ],
            [
              -75.73715,
              1.78246
            ],
            [
              -75.83032,
              1.7474
            ],
            [
              -75.84402,
              1.72265
            ],
            [
              -75.91224,
              1.71196
            ],
            [
              -75.95265,
              1.6638
            ],
            [
              -75.97999,
              1.65759
            ],
            [
              -75.98085,
              1.62436
            ],
            [
              -76.03438,
              1.58277
            ],
            [
              -76.07458,
              1.58483
            ],
            [
              -76.11982,
              1.55213
            ],
            [
              -76.16975,
              1.58798
            ],
            [
              -76.14917,
              1.53686
            ],
            [
              -76.18379,
              1.4882
            ],
            [
              -76.17583,
              1.45106
            ],
            [
              -76.20117,
              1.42227
            ],
            [
              -76.20345,
              1.35413
            ],
            [
              -76.22301,
              1.33789
            ],
            [
              -76.21418,
              1.32037
            ],
            [
              -76.3062,
              1.22915
            ],
            [
              -76.28954,
              1.20841
            ],
            [
              -76.3027,
              1.17663
            ],
            [
              -76.28508,
              1.17123
            ],
            [
              -76.27421,
              1.13222
            ],
            [
              -76.21482,
              1.10834
            ],
            [
              -76.15951,
              1.11616
            ],
            [
              -76.14777,
              1.09953
            ],
            [
              -76.12341,
              1.10064
            ],
            [
              -76.08495,
              1.05755
            ],
            [
              -76.04925,
              1.04623
            ],
            [
              -76.00494,
              1.05467
            ],
            [
              -75.99588,
              1.02755
            ],
            [
              -75.98577,
              1.04978
            ],
            [
              -76.00081,
              1.06786
            ],
            [
              -75.98625,
              1.07009
            ],
            [
              -75.94906,
              1.03151
            ],
            [
              -75.92334,
              1.03229
            ],
            [
              -75.94693,
              0.98291
            ],
            [
              -75.90918,
              0.97306
            ],
            [
              -75.8566,
              0.885
            ],
            [
              -75.82852,
              0.87384
            ],
            [
              -75.80018,
              0.89573
            ],
            [
              -75.76228,
              0.83776
            ],
            [
              -75.73095,
              0.8587
            ],
            [
              -75.68193,
              0.85691
            ],
            [
              -75.63636,
              0.87674
            ],
            [
              -75.60777,
              0.83826
            ],
            [
              -75.53793,
              0.8268
            ],
            [
              -75.53839,
              0.78859
            ],
            [
              -75.50804,
              0.76816
            ],
            [
              -75.48307,
              0.78297
            ],
            [
              -75.46875,
              0.75884
            ],
            [
              -75.40905,
              0.73778
            ],
            [
              -75.33981,
              0.76923
            ],
            [
              -75.2975,
              0.72949
            ],
            [
              -75.2656,
              0.72564
            ],
            [
              -75.25709,
              0.70339
            ],
            [
              -75.27617,
              0.66742
            ],
            [
              -75.23118,
              0.64606
            ],
            [
              -75.20726,
              0.60147
            ],
            [
              -75.23551,
              0.57181
            ],
            [
              -75.19846,
              0.50469
            ],
            [
              -75.21767,
              0.48746
            ],
            [
              -75.15526,
              0.4809
            ],
            [
              -75.10118,
              0.51194
            ],
            [
              -75.10586,
              0.47376
            ],
            [
              -75.03386,
              0.48426
            ],
            [
              -74.9862,
              0.41851
            ],
            [
              -74.98465,
              0.39996
            ],
            [
              -75.01665,
              0.3829
            ],
            [
              -75.00714,
              0.34227
            ],
            [
              -74.97989,
              0.31462
            ],
            [
              -75.01058,
              0.29145
            ],
            [
              -75.00389,
              0.2732
            ],
            [
              -74.95938,
              0.24249
            ],
            [
              -74.89298,
              0.2492
            ],
            [
              -74.84087,
              0.21304
            ],
            [
              -74.73654,
              0.20961
            ],
            [
              -74.68056,
              0.1654
            ],
            [
              -74.67529,
              0.09973
            ],
            [
              -74.71338,
              0.0942
            ],
            [
              -74.65648,
              0.06574
            ],
            [
              -74.7046,
              0.03985
            ],
            [
              -74.65637,
              -0.01157
            ],
            [
              -74.67772,
              -0.06013
            ],
            [
              -74.64644,
              -0.03842
            ],
            [
              -74.61653,
              -0.05631
            ],
            [
              -74.63177,
              -0.08846
            ],
            [
              -74.53021,
              -0.12598
            ],
            [
              -74.53466,
              -0.09514
            ],
            [
              -74.51896,
              -0.08861
            ],
            [
              -74.49323,
              -0.13791
            ],
            [
              -74.47482,
              -0.13032
            ],
            [
              -74.45437,
              -0.07076
            ],
            [
              -74.42336,
              -0.09795
            ],
            [
              -74.44627,
              -0.1396
            ],
            [
              -74.40185,
              -0.11429
            ],
            [
              -74.34187,
              -0.10965
            ],
            [
              -74.30625,
              -0.14604
            ],
            [
              -74.2655,
              -0.14445
            ],
            [
              -74.28822,
              -0.20233
            ],
            [
              -74.23404,
              -0.23758
            ],
            [
              -74.21759,
              -0.21008
            ],
            [
              -74.20031,
              -0.20978
            ],
            [
              -74.18144,
              -0.26394
            ],
            [
              -74.1582,
              -0.26311
            ],
            [
              -74.13473,
              -0.23356
            ],
            [
              -74.11157,
              -0.23508
            ],
            [
              -74.08176,
              -0.27982
            ],
            [
              -74.04467,
              -0.27476
            ],
            [
              -74.0384,
              -0.30606
            ],
            [
              -74.00723,
              -0.34058
            ],
            [
              -73.88141,
              -0.36993
            ],
            [
              -73.81848,
              -0.41119
            ],
            [
              -73.76343,
              -0.40746
            ],
            [
              -73.73481,
              -0.38157
            ],
            [
              -73.71366,
              -0.38265
            ],
            [
              -73.68568,
              -0.41768
            ],
            [
              -73.63926,
              -0.41886
            ],
            [
              -73.6514,
              -0.45717
            ],
            [
              -73.60816,
              -0.43915
            ],
            [
              -73.58465,
              -0.44912
            ],
            [
              -73.56836,
              -0.51683
            ],
            [
              -73.53319,
              -0.48774
            ],
            [
              -73.51048,
              -0.52427
            ],
            [
              -73.43034,
              -0.5109
            ],
            [
              -73.3785,
              -0.53626
            ],
            [
              -73.33188,
              -0.5061
            ],
            [
              -73.20298,
              -0.62648
            ],
            [
              -73.12142,
              -0.60413
            ],
            [
              -73.07479,
              -0.62129
            ],
            [
              -73.0533,
              -0.5467
            ],
            [
              -73.01566,
              -0.52687
            ],
            [
              -72.95891,
              -0.55944
            ],
            [
              -72.93718,
              -0.60584
            ],
            [
              -72.91728,
              -0.61551
            ],
            [
              -72.81586,
              -0.59921
            ],
            [
              -72.74973,
              -0.555
            ],
            [
              -72.74062,
              -0.58011
            ],
            [
              -72.67765,
              -0.61596
            ],
            [
              -72.67381,
              -0.63518
            ],
            [
              -72.56281,
              -0.70569
            ],
            [
              -72.42497,
              -0.56229
            ],
            [
              -72.40779,
              -0.56794
            ],
            [
              -72.39437,
              -0.61411
            ],
            [
              -72.30559,
              -0.65097
            ],
            [
              -72.24283,
              -0.60526
            ],
            [
              -72.23061,
              -0.49298
            ],
            [
              -72.17279,
              -0.44393
            ],
            [
              -72.14803,
              -0.39539
            ],
            [
              -72.15344,
              -0.35533
            ],
            [
              -72.06272,
              -0.3247
            ],
            [
              -72.04185,
              -0.26917
            ],
            [
              -71.83087,
              -0.2763
            ],
            [
              -71.743,
              -0.25236
            ],
            [
              -71.72919,
              -0.23133
            ],
            [
              -71.71065,
              -0.23234
            ],
            [
              -71.73646,
              -0.15453
            ],
            [
              -71.70093,
              -0.09746
            ],
            [
              -71.70483,
              -0.06729
            ],
            [
              -71.59349,
              -0.01442
            ],
            [
              -71.57722,
              0.01574
            ],
            [
              -71.54672,
              0.02134
            ],
            [
              -71.45375,
              -0.01223
            ],
            [
              -71.44838,
              0.00335
            ],
            [
              -71.40045,
              0.00561
            ],
            [
              -71.37059,
              0.03118
            ],
            [
              -71.32787,
              0.01874
            ],
            [
              -71.26337,
              0.04193
            ],
            [
              -71.25385,
              0.05952
            ],
            [
              -71.29664,
              0.07057
            ],
            [
              -71.2903,
              0.09591
            ],
            [
              -71.32851,
              0.11289
            ],
            [
              -71.32096,
              0.13634
            ],
            [
              -71.33525,
              0.155
            ],
            [
              -71.34185,
              0.13829
            ],
            [
              -71.36543,
              0.14456
            ],
            [
              -71.37312,
              0.17212
            ],
            [
              -71.40061,
              0.186
            ],
            [
              -71.40883,
              0.15069
            ],
            [
              -71.45108,
              0.13924
            ],
            [
              -71.47035,
              0.15264
            ],
            [
              -71.45606,
              0.17549
            ],
            [
              -71.47351,
              0.18499
            ],
            [
              -71.49669,
              0.13317
            ],
            [
              -71.53328,
              0.12037
            ],
            [
              -71.545,
              0.13203
            ],
            [
              -71.53146,
              0.16524
            ],
            [
              -71.58995,
              0.16626
            ],
            [
              -71.5601,
              0.21565
            ],
            [
              -71.60578,
              0.1833
            ],
            [
              -71.63615,
              0.18297
            ],
            [
              -71.61712,
              0.19294
            ],
            [
              -71.62411,
              0.21587
            ],
            [
              -71.64391,
              0.20958
            ],
            [
              -71.69793,
              0.23746
            ],
            [
              -71.7263,
              0.28098
            ],
            [
              -71.70086,
              0.29956
            ],
            [
              -71.70501,
              0.31842
            ],
            [
              -71.73724,
              0.2857
            ],
            [
              -71.75369,
              0.33242
            ],
            [
              -71.78907,
              0.33568
            ],
            [
              -71.76696,
              0.3696
            ],
            [
              -71.81482,
              0.37357
            ],
            [
              -71.80187,
              0.35529
            ],
            [
              -71.82346,
              0.33936
            ],
            [
              -71.85101,
              0.35037
            ],
            [
              -71.82342,
              0.40574
            ],
            [
              -71.8469,
              0.41358
            ],
            [
              -71.85899,
              0.457
            ],
            [
              -71.8871,
              0.46938
            ],
            [
              -71.88984,
              0.44755
            ],
            [
              -71.9205,
              0.45256
            ],
            [
              -71.90146,
              0.47198
            ],
            [
              -71.92901,
              0.48662
            ],
            [
              -71.91318,
              0.51596
            ],
            [
              -71.93865,
              0.56996
            ],
            [
              -71.9531,
              0.54001
            ],
            [
              -72.01174,
              0.59602
            ],
            [
              -71.98147,
              0.63063
            ],
            [
              -71.99496,
              0.63308
            ],
            [
              -71.99793,
              0.65739
            ],
            [
              -72.08428,
              0.65778
            ],
            [
              -72.07036,
              0.69271
            ],
            [
              -72.10982,
              0.70492
            ],
            [
              -72.1267,
              0.74012
            ],
            [
              -72.14029,
              0.71806
            ],
            [
              -72.16338,
              0.73385
            ],
            [
              -72.16393,
              0.71333
            ],
            [
              -72.19079,
              0.72699
            ],
            [
              -72.20038,
              0.70197
            ],
            [
              -72.22009,
              0.7056
            ],
            [
              -72.22185,
              0.74728
            ],
            [
              -72.2487,
              0.78854
            ],
            [
              -72.27034,
              0.7941
            ],
            [
              -72.26965,
              0.76311
            ],
            [
              -72.31011,
              0.80929
            ],
            [
              -72.28675,
              0.81873
            ],
            [
              -72.30133,
              0.84116
            ],
            [
              -72.29171,
              0.87779
            ],
            [
              -72.32394,
              0.87536
            ],
            [
              -72.32759,
              0.83994
            ],
            [
              -72.34357,
              0.86863
            ],
            [
              -72.33235,
              0.87938
            ],
            [
              -72.34693,
              0.90292
            ],
            [
              -72.33992,
              0.92666
            ],
            [
              -72.35441,
              0.93507
            ],
            [
              -72.3916,
              0.91909
            ],
            [
              -72.37702,
              0.96021
            ],
            [
              -72.40047,
              0.96736
            ],
            [
              -72.41048,
              0.98682
            ],
            [
              -72.39946,
              1.00393
            ],
            [
              -72.45568,
              1.07986
            ],
            [
              -72.51092,
              1.06801
            ],
            [
              -72.62257,
              1.13625
            ],
            [
              -72.64737,
              1.1808
            ],
            [
              -72.6622,
              1.15079
            ],
            [
              -72.72586,
              1.1861
            ],
            [
              -72.72276,
              1.1496
            ],
            [
              -72.73875,
              1.15111
            ],
            [
              -72.74961,
              1.12884
            ],
            [
              -72.77803,
              1.14788
            ],
            [
              -72.77128,
              1.18227
            ],
            [
              -72.82391,
              1.17823
            ],
            [
              -72.82689,
              1.1489
            ],
            [
              -72.85925,
              1.16478
            ],
            [
              -72.8498,
              1.1431
            ],
            [
              -72.87207,
              1.13541
            ],
            [
              -72.85005,
              1.10467
            ],
            [
              -72.8837,
              1.09862
            ],
            [
              -72.86912,
              1.08654
            ],
            [
              -72.88335,
              1.07003
            ],
            [
              -72.86083,
              1.07192
            ],
            [
              -72.85802,
              1.04224
            ],
            [
              -72.87934,
              1.04617
            ],
            [
              -72.86515,
              1.04171
            ],
            [
              -72.86719,
              1.02446
            ],
            [
              -72.9325,
              1.01515
            ],
            [
              -72.93672,
              0.98409
            ],
            [
              -72.99637,
              0.95201
            ],
            [
              -72.98741,
              0.92853
            ],
            [
              -73.00621,
              0.93329
            ],
            [
              -73.00973,
              0.91054
            ],
            [
              -73.02658,
              0.9215
            ],
            [
              -73.03827,
              0.90242
            ],
            [
              -73.0516,
              0.91186
            ],
            [
              -73.07753,
              0.89445
            ],
            [
              -73.10928,
              0.924
            ],
            [
              -73.14452,
              0.91993
            ],
            [
              -73.14695,
              0.94333
            ],
            [
              -73.16425,
              0.94037
            ],
            [
              -73.1895,
              0.96699
            ],
            [
              -73.17292,
              0.98151
            ],
            [
              -73.17857,
              1.00016
            ],
            [
              -73.2349,
              1.0087
            ],
            [
              -73.25156,
              1.04876
            ],
            [
              -73.27885,
              1.04729
            ],
            [
              -73.28201,
              1.0668
            ],
            [
              -73.34054,
              1.09918
            ],
            [
              -73.34357,
              1.1234
            ],
            [
              -73.3975,
              1.15309
            ],
            [
              -73.39299,
              1.17194
            ],
            [
              -73.4211,
              1.19107
            ],
            [
              -73.40727,
              1.20575
            ],
            [
              -73.42417,
              1.22354
            ],
            [
              -73.40874,
              1.24144
            ],
            [
              -73.43187,
              1.25892
            ],
            [
              -73.42825,
              1.29594
            ],
            [
              -73.45608,
              1.29457
            ],
            [
              -73.47211,
              1.35845
            ],
            [
              -73.54765,
              1.40616
            ],
            [
              -73.54726,
              1.43802
            ],
            [
              -73.65835,
              1.57635
            ],
            [
              -73.65667,
              1.61773
            ],
            [
              -74.04,
              1.97083
            ],
            [
              -74.105,
              1.9725
            ],
            [
              -74.14958,
              1.9975
            ],
            [
              -74.15334,
              1.97958
            ],
            [
              -74.19,
              1.98542
            ],
            [
              -74.2419,
              2.05642
            ],
            [
              -74.36194,
              2.05951
            ],
            [
              -74.3925,
              2.08417
            ],
            [
              -74.46208,
              2.08917
            ],
            [
              -74.48417,
              2.11
            ],
            [
              -74.48542,
              2.14917
            ],
            [
              -74.53875,
              2.11
            ],
            [
              -74.55083,
              2.13167
            ],
            [
              -74.58,
              2.12458
            ],
            [
              -74.60416,
              2.15667
            ],
            [
              -74.58916,
              2.17
            ],
            [
              -74.59167,
              2.20167
            ],
            [
              -74.61083,
              2.20833
            ],
            [
              -74.62708,
              2.1925
            ],
            [
              -74.665,
              2.21125
            ],
            [
              -74.65,
              2.24
            ],
            [
              -74.70125,
              2.27167
            ],
            [
              -74.69334,
              2.28417
            ],
            [
              -74.70917,
              2.28375
            ],
            [
              -74.71584,
              2.26333
            ],
            [
              -74.73,
              2.28
            ],
            [
              -74.74834,
              2.27417
            ],
            [
              -74.73375,
              2.34667
            ],
            [
              -74.69292,
              2.42
            ],
            [
              -74.67292,
              2.425
            ],
            [
              -74.66292,
              2.48833
            ],
            [
              -74.6475,
              2.49375
            ],
            [
              -74.6775,
              2.52375
            ],
            [
              -74.68166,
              2.55833
            ],
            [
              -74.58583,
              2.66542
            ],
            [
              -74.6375,
              2.70083
            ],
            [
              -74.6175,
              2.75375
            ],
            [
              -74.64333,
              2.75583
            ],
            [
              -74.66666,
              2.805
            ],
            [
              -74.67292,
              2.88833
            ],
            [
              -74.76937,
              2.87312
            ],
            [
              -74.79916,
              2.93792
            ]
          ]
        ]
      },
      "properties": {
        "code": "18",
        "name": "CAQUETÁ",
        "resultType": "observed",
        "source": "dane-divipola-mgn-2025",
        "year": 2025
      }
    },
    {
      "type": "Feature",
      "id": 328,
      "geometry": {
        "type": "Polygon",
        "coordinates": [
          [
            [
              -76.9276,
              3.13965
            ],
            [
              -76.93834,
              3.114
            ],
            [
              -76.97161,
              3.11868
            ],
            [
              -76.99675,
              3.15481
            ],
            [
              -77.09839,
              3.18597
            ],
            [
              -77.1301,
              3.16107
            ],
            [
              -77.1593,
              3.17431
            ],
            [
              -77.2345,
              3.10808
            ],
            [
              -77.2447,
              3.12631
            ],
            [
              -77.25232,
              3.11516
            ],
            [
              -77.26159,
              3.13514
            ],
            [
              -77.28832,
              3.13862
            ],
            [
              -77.27987,
              3.15937
            ],
            [
              -77.31718,
              3.17422
            ],
            [
              -77.3462,
              3.14015
            ],
            [
              -77.36584,
              3.14651
            ],
            [
              -77.38208,
              3.20339
            ],
            [
              -77.42976,
              3.25395
            ],
            [
              -77.47071,
              3.23696
            ],
            [
              -77.47201,
              3.21153
            ],
            [
              -77.49771,
              3.21645
            ],
            [
              -77.50494,
              3.18722
            ],
            [
              -77.5435,
              3.21296
            ],
            [
              -77.5732,
              3.14444
            ],
            [
              -77.62612,
              3.07763
            ],
            [
              -77.65343,
              3.06482
            ],
            [
              -77.6908,
              3.00075
            ],
            [
              -77.70203,
              2.97251
            ],
            [
              -77.68158,
              2.99161
            ],
            [
              -77.66665,
              2.98425
            ],
            [
              -77.67183,
              2.93635
            ],
            [
              -77.69231,
              2.91354
            ],
            [
              -77.71601,
              2.83123
            ],
            [
              -77.76413,
              2.79626
            ],
            [
              -77.73596,
              2.78755
            ],
            [
              -77.75063,
              2.7641
            ],
            [
              -77.79413,
              2.75608
            ],
            [
              -77.78645,
              2.69248
            ],
            [
              -77.87311,
              2.69754
            ],
            [
              -77.90711,
              2.68106
            ],
            [
              -77.90643,
              2.64577
            ],
            [
              -77.92834,
              2.6404
            ],
            [
              -77.91552,
              2.59368
            ],
            [
              -77.91879,
              2.4167
            ],
            [
              -77.84792,
              2.26059
            ],
            [
              -77.85173,
              2.20017
            ],
            [
              -77.83864,
              2.17821
            ],
            [
              -77.73377,
              2.13404
            ],
            [
              -77.64562,
              2.16854
            ],
            [
              -77.60363,
              2.16471
            ],
            [
              -77.55621,
              2.20252
            ],
            [
              -77.48794,
              2.19525
            ],
            [
              -77.47227,
              2.24132
            ],
            [
              -77.47902,
              2.27369
            ],
            [
              -77.45943,
              2.28618
            ],
            [
              -77.38568,
              2.25594
            ],
            [
              -77.35628,
              2.26091
            ],
            [
              -77.30771,
              2.19573
            ],
            [
              -77.31796,
              2.18192
            ],
            [
              -77.3079,
              2.10614
            ],
            [
              -77.33353,
              2.05136
            ],
            [
              -77.25931,
              1.9941
            ],
            [
              -77.22057,
              1.98819
            ],
            [
              -77.20316,
              1.95204
            ],
            [
              -77.21838,
              1.91697
            ],
            [
              -77.24549,
              1.91133
            ],
            [
              -77.25575,
              1.8697
            ],
            [
              -77.28919,
              1.84905
            ],
            [
              -77.31007,
              1.8042
            ],
            [
              -77.29469,
              1.766
            ],
            [
              -77.33088,
              1.68151
            ],
            [
              -77.23897,
              1.65734
            ],
            [
              -77.1508,
              1.68564
            ],
            [
              -77.13756,
              1.65493
            ],
            [
              -77.07233,
              1.66896
            ],
            [
              -77.05685,
              1.69905
            ],
            [
              -77.02635,
              1.71397
            ],
            [
              -76.99833,
              1.70733
            ],
            [
              -76.93608,
              1.729
            ],
            [
              -76.90209,
              1.66237
            ],
            [
              -76.83368,
              1.60974
            ],
            [
              -76.85753,
              1.56404
            ],
            [
              -76.85861,
              1.52247
            ],
            [
              -76.92893,
              1.50049
            ],
            [
              -76.92074,
              1.34569
            ],
            [
              -76.88665,
              1.37192
            ],
            [
              -76.69722,
              1.44399
            ],
            [
              -76.67662,
              1.46618
            ],
            [
              -76.64596,
              1.45554
            ],
            [
              -76.57402,
              1.38576
            ],
            [
              -76.58431,
              1.34355
            ],
            [
              -76.57097,
              1.328
            ],
            [
              -76.58602,
              1.30063
            ],
            [
              -76.56571,
              1.23855
            ],
            [
              -76.53723,
              1.2092
            ],
            [
              -76.54897,
              1.1231
            ],
            [
              -76.56804,
              1.1034
            ],
            [
              -76.54497,
              1.03767
            ],
            [
              -76.49346,
              1.02818
            ],
            [
              -76.42565,
              0.96039
            ],
            [
              -76.37066,
              0.9839
            ],
            [
              -76.33513,
              0.98059
            ],
            [
              -76.32877,
              0.95803
            ],
            [
              -76.29486,
              0.96145
            ],
            [
              -76.27602,
              0.98369
            ],
            [
              -76.23443,
              0.96486
            ],
            [
              -76.23642,
              0.98204
            ],
            [
              -76.19059,
              0.99343
            ],
            [
              -76.20882,
              1.00536
            ],
            [
              -76.20329,
              1.01777
            ],
            [
              -76.18308,
              1.01322
            ],
            [
              -76.1837,
              1.02613
            ],
            [
              -76.1253,
              1.0066
            ],
            [
              -76.07491,
              1.02839
            ],
            [
              -76.09347,
              1.05024
            ],
            [
              -76.08085,
              1.0651
            ],
            [
              -76.10129,
              1.06846
            ],
            [
              -76.12357,
              1.10076
            ],
            [
              -76.26009,
              1.12249
            ],
            [
              -76.28046,
              1.13791
            ],
            [
              -76.28508,
              1.17123
            ],
            [
              -76.30272,
              1.17672
            ],
            [
              -76.28945,
              1.20602
            ],
            [
              -76.30315,
              1.23624
            ],
            [
              -76.21418,
              1.32037
            ],
            [
              -76.22301,
              1.33789
            ],
            [
              -76.20345,
              1.35413
            ],
            [
              -76.20117,
              1.42227
            ],
            [
              -76.17588,
              1.45084
            ],
            [
              -76.18384,
              1.48797
            ],
            [
              -76.1494,
              1.53593
            ],
            [
              -76.15217,
              1.56251
            ],
            [
              -76.16994,
              1.58806
            ],
            [
              -76.18312,
              1.57377
            ],
            [
              -76.2024,
              1.57865
            ],
            [
              -76.21156,
              1.64072
            ],
            [
              -76.24225,
              1.68309
            ],
            [
              -76.27234,
              1.6745
            ],
            [
              -76.30498,
              1.69002
            ],
            [
              -76.3256,
              1.66309
            ],
            [
              -76.37669,
              1.66394
            ],
            [
              -76.37191,
              1.74252
            ],
            [
              -76.41846,
              1.7171
            ],
            [
              -76.43513,
              1.7918
            ],
            [
              -76.51128,
              1.8335
            ],
            [
              -76.53045,
              1.82354
            ],
            [
              -76.59031,
              1.86816
            ],
            [
              -76.57872,
              1.89873
            ],
            [
              -76.61928,
              1.92654
            ],
            [
              -76.61046,
              1.94673
            ],
            [
              -76.62466,
              1.97174
            ],
            [
              -76.57251,
              2.01974
            ],
            [
              -76.58606,
              2.03464
            ],
            [
              -76.57728,
              2.05654
            ],
            [
              -76.5906,
              2.10709
            ],
            [
              -76.55339,
              2.13969
            ],
            [
              -76.48742,
              2.12906
            ],
            [
              -76.46743,
              2.10001
            ],
            [
              -76.43092,
              2.12039
            ],
            [
              -76.43426,
              2.18729
            ],
            [
              -76.40473,
              2.20054
            ],
            [
              -76.37377,
              2.27909
            ],
            [
              -76.29906,
              2.28249
            ],
            [
              -76.20927,
              2.1984
            ],
            [
              -76.14784,
              2.20132
            ],
            [
              -76.12114,
              2.22481
            ],
            [
              -76.14645,
              2.29402
            ],
            [
              -76.12614,
              2.38001
            ],
            [
              -76.10361,
              2.40584
            ],
            [
              -76.08483,
              2.41603
            ],
            [
              -76.03254,
              2.40263
            ],
            [
              -75.97936,
              2.50361
            ],
            [
              -75.924,
              2.48123
            ],
            [
              -75.8875,
              2.42511
            ],
            [
              -75.86253,
              2.42707
            ],
            [
              -75.85324,
              2.45479
            ],
            [
              -75.81412,
              2.48362
            ],
            [
              -75.83991,
              2.55947
            ],
            [
              -75.79102,
              2.6304
            ],
            [
              -75.78909,
              2.6582
            ],
            [
              -75.75734,
              2.68191
            ],
            [
              -75.75103,
              2.74218
            ],
            [
              -75.80581,
              2.76829
            ],
            [
              -75.80555,
              2.81913
            ],
            [
              -75.82543,
              2.83824
            ],
            [
              -75.87918,
              2.83377
            ],
            [
              -76.02899,
              2.94049
            ],
            [
              -76.0208,
              3.00389
            ],
            [
              -76.0413,
              3.01588
            ],
            [
              -76.0449,
              3.04312
            ],
            [
              -76.07298,
              3.04959
            ],
            [
              -76.08227,
              3.09044
            ],
            [
              -76.10541,
              3.10056
            ],
            [
              -76.07372,
              3.12249
            ],
            [
              -76.09154,
              3.1983
            ],
            [
              -76.06856,
              3.19546
            ],
            [
              -76.05531,
              3.22332
            ],
            [
              -76.06781,
              3.21051
            ],
            [
              -76.15636,
              3.23603
            ],
            [
              -76.19134,
              3.22709
            ],
            [
              -76.22926,
              3.27683
            ],
            [
              -76.34313,
              3.28056
            ],
            [
              -76.46042,
              3.32894
            ],
            [
              -76.46847,
              3.31069
            ],
            [
              -76.47835,
              3.31925
            ],
            [
              -76.47744,
              3.29403
            ],
            [
              -76.48914,
              3.30496
            ],
            [
              -76.49418,
              3.29285
            ],
            [
              -76.47517,
              3.28766
            ],
            [
              -76.48719,
              3.28245
            ],
            [
              -76.45984,
              3.25663
            ],
            [
              -76.47558,
              3.25771
            ],
            [
              -76.46205,
              3.24922
            ],
            [
              -76.47734,
              3.23258
            ],
            [
              -76.46544,
              3.2275
            ],
            [
              -76.49823,
              3.20205
            ],
            [
              -76.48759,
              3.1719
            ],
            [
              -76.5078,
              3.15728
            ],
            [
              -76.50097,
              3.14382
            ],
            [
              -76.51976,
              3.14973
            ],
            [
              -76.51776,
              3.13449
            ],
            [
              -76.53266,
              3.13569
            ],
            [
              -76.51402,
              3.1199
            ],
            [
              -76.53086,
              3.12356
            ],
            [
              -76.55521,
              3.09958
            ],
            [
              -76.57241,
              3.12882
            ],
            [
              -76.59809,
              3.09209
            ],
            [
              -76.62404,
              3.10176
            ],
            [
              -76.62979,
              3.12841
            ],
            [
              -76.66633,
              3.09798
            ],
            [
              -76.72274,
              3.11765
            ],
            [
              -76.74951,
              3.14513
            ],
            [
              -76.73921,
              3.18614
            ],
            [
              -76.77291,
              3.23371
            ],
            [
              -76.80939,
              3.20754
            ],
            [
              -76.90805,
              3.20137
            ],
            [
              -76.9276,
              3.13965
            ]
          ]
        ]
      },
      "properties": {
        "code": "19",
        "name": "CAUCA",
        "resultType": "observed",
        "source": "dane-divipola-mgn-2025",
        "year": 2025
      }
    },
    {
      "type": "Feature",
      "id": 329,
      "geometry": {
        "type": "Polygon",
        "coordinates": [
          [
            [
              -73.36913,
              9.17279
            ],
            [
              -73.35621,
              9.21558
            ],
            [
              -73.3333,
              9.21278
            ],
            [
              -73.29838,
              9.26667
            ],
            [
              -73.2408,
              9.40348
            ],
            [
              -73.18713,
              9.44735
            ],
            [
              -73.20274,
              9.46981
            ],
            [
              -73.17396,
              9.47967
            ],
            [
              -73.17669,
              9.50105
            ],
            [
              -73.13699,
              9.54976
            ],
            [
              -73.08413,
              9.55739
            ],
            [
              -73.05507,
              9.67827
            ],
            [
              -73.00586,
              9.74123
            ],
            [
              -72.98787,
              9.79409
            ],
            [
              -72.94568,
              9.83749
            ],
            [
              -72.99296,
              9.87637
            ],
            [
              -72.97721,
              9.889
            ],
            [
              -72.98154,
              9.91627
            ],
            [
              -72.99915,
              9.92267
            ],
            [
              -72.95291,
              10.02679
            ],
            [
              -72.95469,
              10.06601
            ],
            [
              -72.91149,
              10.11244
            ],
            [
              -72.922,
              10.13796
            ],
            [
              -72.8972,
              10.21792
            ],
            [
              -72.90788,
              10.34428
            ],
            [
              -72.88575,
              10.38457
            ],
            [
              -72.90075,
              10.43611
            ],
            [
              -72.98675,
              10.40049
            ],
            [
              -73.08447,
              10.42634
            ],
            [
              -73.14432,
              10.39809
            ],
            [
              -73.14233,
              10.43678
            ],
            [
              -73.18167,
              10.46628
            ],
            [
              -73.16801,
              10.4922
            ],
            [
              -73.14488,
              10.49949
            ],
            [
              -73.13755,
              10.53034
            ],
            [
              -73.12338,
              10.52714
            ],
            [
              -73.09538,
              10.55775
            ],
            [
              -73.08219,
              10.6294
            ],
            [
              -73.10409,
              10.67386
            ],
            [
              -73.14614,
              10.69151
            ],
            [
              -73.15742,
              10.71554
            ],
            [
              -73.20763,
              10.70746
            ],
            [
              -73.23706,
              10.74044
            ],
            [
              -73.27783,
              10.72643
            ],
            [
              -73.25244,
              10.77073
            ],
            [
              -73.2522,
              10.81316
            ],
            [
              -73.28947,
              10.86227
            ],
            [
              -73.31232,
              10.84615
            ],
            [
              -73.33755,
              10.86256
            ],
            [
              -73.47941,
              10.86717
            ],
            [
              -73.59611,
              10.83743
            ],
            [
              -73.63874,
              10.80215
            ],
            [
              -73.63866,
              10.78779
            ],
            [
              -73.58899,
              10.78171
            ],
            [
              -73.54191,
              10.75472
            ],
            [
              -73.56232,
              10.74085
            ],
            [
              -73.56313,
              10.71596
            ],
            [
              -73.59379,
              10.70526
            ],
            [
              -73.61688,
              10.64469
            ],
            [
              -73.59536,
              10.63094
            ],
            [
              -73.59594,
              10.58512
            ],
            [
              -73.61343,
              10.56423
            ],
            [
              -73.57047,
              10.54178
            ],
            [
              -73.5631,
              10.50381
            ],
            [
              -73.63984,
              10.50077
            ],
            [
              -73.65226,
              10.46045
            ],
            [
              -73.70332,
              10.4636
            ],
            [
              -73.70417,
              10.43011
            ],
            [
              -73.74072,
              10.43575
            ],
            [
              -73.77903,
              10.39617
            ],
            [
              -73.81807,
              10.38512
            ],
            [
              -73.83052,
              10.40264
            ],
            [
              -73.91708,
              10.37842
            ],
            [
              -73.96132,
              10.33678
            ],
            [
              -73.96509,
              10.2881
            ],
            [
              -74.04071,
              10.22003
            ],
            [
              -74.06573,
              10.16652
            ],
            [
              -74.0673,
              10.09806
            ],
            [
              -74.08298,
              10.0671
            ],
            [
              -74.01176,
              9.9761
            ],
            [
              -74.00183,
              9.9402
            ],
            [
              -73.95267,
              9.92694
            ],
            [
              -73.89496,
              9.83209
            ],
            [
              -73.84179,
              9.79734
            ],
            [
              -73.82743,
              9.75294
            ],
            [
              -73.83902,
              9.73102
            ],
            [
              -73.8104,
              9.69646
            ],
            [
              -73.80326,
              9.63642
            ],
            [
              -73.86789,
              9.601
            ],
            [
              -73.8934,
              9.61643
            ],
            [
              -73.98926,
              9.57981
            ],
            [
              -74.00396,
              9.59536
            ],
            [
              -74.03674,
              9.59132
            ],
            [
              -74.13916,
              9.49378
            ],
            [
              -73.97809,
              9.38938
            ],
            [
              -73.99169,
              9.32402
            ],
            [
              -73.94279,
              9.28956
            ],
            [
              -73.96203,
              9.18768
            ],
            [
              -73.89283,
              9.17359
            ],
            [
              -73.86662,
              9.18297
            ],
            [
              -73.87533,
              9.13054
            ],
            [
              -73.79771,
              9.05736
            ],
            [
              -73.87336,
              8.91182
            ],
            [
              -73.86003,
              8.87874
            ],
            [
              -73.79528,
              8.81677
            ],
            [
              -73.78927,
              8.74921
            ],
            [
              -73.81579,
              8.72126
            ],
            [
              -73.81795,
              8.63868
            ],
            [
              -73.7749,
              8.56055
            ],
            [
              -73.7743,
              8.49705
            ],
            [
              -73.746,
              8.46206
            ],
            [
              -73.75763,
              8.33425
            ],
            [
              -73.74675,
              8.31685
            ],
            [
              -73.76033,
              8.29987
            ],
            [
              -73.75027,
              8.27188
            ],
            [
              -73.77956,
              8.20813
            ],
            [
              -73.76961,
              8.11651
            ],
            [
              -73.79142,
              8.10281
            ],
            [
              -73.72117,
              8.01059
            ],
            [
              -73.72356,
              7.96783
            ],
            [
              -73.67444,
              7.94167
            ],
            [
              -73.67078,
              7.9035
            ],
            [
              -73.75117,
              7.81974
            ],
            [
              -73.73748,
              7.7845
            ],
            [
              -73.76179,
              7.75998
            ],
            [
              -73.58822,
              7.74133
            ],
            [
              -73.49073,
              7.67435
            ],
            [
              -73.40344,
              7.72408
            ],
            [
              -73.3431,
              7.81215
            ],
            [
              -73.35169,
              7.89245
            ],
            [
              -73.30333,
              7.90659
            ],
            [
              -73.27549,
              7.95181
            ],
            [
              -73.28194,
              7.99337
            ],
            [
              -73.29836,
              7.98501
            ],
            [
              -73.30929,
              8.01552
            ],
            [
              -73.36703,
              8.01263
            ],
            [
              -73.37757,
              8.10554
            ],
            [
              -73.42966,
              8.12328
            ],
            [
              -73.42808,
              8.18052
            ],
            [
              -73.4489,
              8.19252
            ],
            [
              -73.42934,
              8.22486
            ],
            [
              -73.44063,
              8.25724
            ],
            [
              -73.37418,
              8.26601
            ],
            [
              -73.37659,
              8.31052
            ],
            [
              -73.35067,
              8.33108
            ],
            [
              -73.34206,
              8.43557
            ],
            [
              -73.37035,
              8.45908
            ],
            [
              -73.4144,
              8.45926
            ],
            [
              -73.39316,
              8.38213
            ],
            [
              -73.43424,
              8.36538
            ],
            [
              -73.44181,
              8.34084
            ],
            [
              -73.48805,
              8.38398
            ],
            [
              -73.53,
              8.38079
            ],
            [
              -73.47329,
              8.44683
            ],
            [
              -73.47767,
              8.47012
            ],
            [
              -73.52277,
              8.48293
            ],
            [
              -73.5477,
              8.47141
            ],
            [
              -73.57773,
              8.49581
            ],
            [
              -73.51499,
              8.52898
            ],
            [
              -73.5472,
              8.56432
            ],
            [
              -73.55224,
              8.60687
            ],
            [
              -73.52159,
              8.63826
            ],
            [
              -73.50734,
              8.68495
            ],
            [
              -73.47177,
              8.70745
            ],
            [
              -73.45839,
              8.74967
            ],
            [
              -73.41462,
              8.76603
            ],
            [
              -73.44825,
              8.86225
            ],
            [
              -73.42568,
              8.89957
            ],
            [
              -73.4374,
              8.91003
            ],
            [
              -73.4393,
              8.98896
            ],
            [
              -73.41189,
              9.05312
            ],
            [
              -73.42943,
              9.10363
            ],
            [
              -73.40665,
              9.16075
            ],
            [
              -73.37946,
              9.15333
            ],
            [
              -73.36913,
              9.17279
            ]
          ]
        ]
      },
      "properties": {
        "code": "20",
        "name": "CESAR",
        "resultType": "observed",
        "source": "dane-divipola-mgn-2025",
        "year": 2025
      }
    },
    {
      "type": "Feature",
      "id": 330,
      "geometry": {
        "type": "Polygon",
        "coordinates": [
          [
            [
              -75.88119,
              9.42363
            ],
            [
              -75.923,
              9.44775
            ],
            [
              -75.94551,
              9.44329
            ],
            [
              -75.97808,
              9.37641
            ],
            [
              -76.08532,
              9.33497
            ],
            [
              -76.10993,
              9.30438
            ],
            [
              -76.10729,
              9.2662
            ],
            [
              -76.17022,
              9.2297
            ],
            [
              -76.18682,
              9.11916
            ],
            [
              -76.25438,
              9.0529
            ],
            [
              -76.26463,
              8.99791
            ],
            [
              -76.32283,
              8.95697
            ],
            [
              -76.33831,
              8.91986
            ],
            [
              -76.41662,
              8.88806
            ],
            [
              -76.38117,
              8.79421
            ],
            [
              -76.41957,
              8.75499
            ],
            [
              -76.36789,
              8.72067
            ],
            [
              -76.34563,
              8.63982
            ],
            [
              -76.314,
              8.65649
            ],
            [
              -76.26606,
              8.63881
            ],
            [
              -76.25072,
              8.61031
            ],
            [
              -76.26544,
              8.58419
            ],
            [
              -76.22281,
              8.57327
            ],
            [
              -76.2368,
              8.55444
            ],
            [
              -76.21,
              8.52292
            ],
            [
              -76.21867,
              8.44356
            ],
            [
              -76.18045,
              8.39731
            ],
            [
              -76.24288,
              8.36999
            ],
            [
              -76.30343,
              8.31118
            ],
            [
              -76.30328,
              8.28452
            ],
            [
              -76.35336,
              8.19424
            ],
            [
              -76.33115,
              8.15146
            ],
            [
              -76.36815,
              8.15295
            ],
            [
              -76.37485,
              8.11154
            ],
            [
              -76.40853,
              8.09972
            ],
            [
              -76.40872,
              8.07393
            ],
            [
              -76.42497,
              8.07429
            ],
            [
              -76.42765,
              8.01979
            ],
            [
              -76.41157,
              8.00695
            ],
            [
              -76.42112,
              7.91183
            ],
            [
              -76.46354,
              7.87309
            ],
            [
              -76.4835,
              7.75804
            ],
            [
              -76.49663,
              7.74972
            ],
            [
              -76.48556,
              7.68932
            ],
            [
              -76.51453,
              7.58666
            ],
            [
              -76.45254,
              7.50113
            ],
            [
              -76.41629,
              7.4185
            ],
            [
              -76.38393,
              7.39229
            ],
            [
              -75.8455,
              7.34709
            ],
            [
              -75.81766,
              7.41582
            ],
            [
              -75.82508,
              7.44219
            ],
            [
              -75.78778,
              7.45984
            ],
            [
              -75.76525,
              7.60194
            ],
            [
              -75.74308,
              7.61222
            ],
            [
              -75.71187,
              7.58129
            ],
            [
              -75.6713,
              7.59797
            ],
            [
              -75.60518,
              7.58552
            ],
            [
              -75.60144,
              7.60215
            ],
            [
              -75.55298,
              7.62734
            ],
            [
              -75.53374,
              7.72302
            ],
            [
              -75.48862,
              7.72953
            ],
            [
              -75.45435,
              7.79754
            ],
            [
              -75.46557,
              7.82769
            ],
            [
              -75.42244,
              7.81939
            ],
            [
              -75.40435,
              7.85753
            ],
            [
              -75.34675,
              7.87497
            ],
            [
              -75.32915,
              7.92694
            ],
            [
              -75.33672,
              7.9481
            ],
            [
              -75.30928,
              7.94744
            ],
            [
              -75.24403,
              8.0076
            ],
            [
              -75.23582,
              8.02913
            ],
            [
              -75.24706,
              8.04211
            ],
            [
              -75.22676,
              8.06298
            ],
            [
              -75.18766,
              8.04429
            ],
            [
              -75.13354,
              8.05393
            ],
            [
              -75.12551,
              8.04014
            ],
            [
              -75.093,
              8.0706
            ],
            [
              -75.04741,
              8.0424
            ],
            [
              -74.96836,
              8.09058
            ],
            [
              -74.92793,
              8.0746
            ],
            [
              -74.86711,
              8.15916
            ],
            [
              -74.86788,
              8.19607
            ],
            [
              -74.83058,
              8.19995
            ],
            [
              -74.83298,
              8.22299
            ],
            [
              -74.79492,
              8.24656
            ],
            [
              -74.80877,
              8.27428
            ],
            [
              -74.78095,
              8.27788
            ],
            [
              -74.80056,
              8.29621
            ],
            [
              -74.79556,
              8.3282
            ],
            [
              -74.82802,
              8.35975
            ],
            [
              -74.80374,
              8.36881
            ],
            [
              -74.80553,
              8.38257
            ],
            [
              -74.85227,
              8.38471
            ],
            [
              -74.89977,
              8.45429
            ],
            [
              -74.92745,
              8.45334
            ],
            [
              -74.92599,
              8.49961
            ],
            [
              -75.00572,
              8.5228
            ],
            [
              -75.03349,
              8.49892
            ],
            [
              -75.04087,
              8.45847
            ],
            [
              -75.12805,
              8.46828
            ],
            [
              -75.13621,
              8.42993
            ],
            [
              -75.15654,
              8.43332
            ],
            [
              -75.18514,
              8.39664
            ],
            [
              -75.2114,
              8.42534
            ],
            [
              -75.19245,
              8.44341
            ],
            [
              -75.21629,
              8.48537
            ],
            [
              -75.23194,
              8.46793
            ],
            [
              -75.2414,
              8.48728
            ],
            [
              -75.31436,
              8.50237
            ],
            [
              -75.30431,
              8.51775
            ],
            [
              -75.33032,
              8.55278
            ],
            [
              -75.31834,
              8.59037
            ],
            [
              -75.35962,
              8.6797
            ],
            [
              -75.34911,
              8.70075
            ],
            [
              -75.33675,
              8.69618
            ],
            [
              -75.34317,
              8.71519
            ],
            [
              -75.32419,
              8.75553
            ],
            [
              -75.36885,
              8.79123
            ],
            [
              -75.37161,
              8.82652
            ],
            [
              -75.33163,
              8.86554
            ],
            [
              -75.29976,
              8.85799
            ],
            [
              -75.29318,
              8.89735
            ],
            [
              -75.27269,
              8.91364
            ],
            [
              -75.24465,
              8.88227
            ],
            [
              -75.21699,
              8.91576
            ],
            [
              -75.18634,
              8.91425
            ],
            [
              -75.18797,
              8.94417
            ],
            [
              -75.17175,
              8.92828
            ],
            [
              -75.15611,
              8.9436
            ],
            [
              -75.18783,
              8.96748
            ],
            [
              -75.2237,
              9.07273
            ],
            [
              -75.28109,
              9.07289
            ],
            [
              -75.29913,
              9.08251
            ],
            [
              -75.29357,
              9.0962
            ],
            [
              -75.30997,
              9.0888
            ],
            [
              -75.31008,
              9.11756
            ],
            [
              -75.38169,
              9.13807
            ],
            [
              -75.39087,
              9.16127
            ],
            [
              -75.44886,
              9.14008
            ],
            [
              -75.4674,
              9.16475
            ],
            [
              -75.45442,
              9.17601
            ],
            [
              -75.4662,
              9.20851
            ],
            [
              -75.45734,
              9.2376
            ],
            [
              -75.49977,
              9.25952
            ],
            [
              -75.49647,
              9.28493
            ],
            [
              -75.51231,
              9.2581
            ],
            [
              -75.60937,
              9.28099
            ],
            [
              -75.58767,
              9.30253
            ],
            [
              -75.59972,
              9.32543
            ],
            [
              -75.64883,
              9.36238
            ],
            [
              -75.67983,
              9.34459
            ],
            [
              -75.7044,
              9.37221
            ],
            [
              -75.70091,
              9.41352
            ],
            [
              -75.74575,
              9.42129
            ],
            [
              -75.7842,
              9.393
            ],
            [
              -75.82523,
              9.39338
            ],
            [
              -75.83436,
              9.40823
            ],
            [
              -75.79151,
              9.40987
            ],
            [
              -75.79392,
              9.42934
            ],
            [
              -75.88119,
              9.42363
            ]
          ]
        ]
      },
      "properties": {
        "code": "23",
        "name": "CÓRDOBA",
        "resultType": "observed",
        "source": "dane-divipola-mgn-2025",
        "year": 2025
      }
    },
    {
      "type": "Feature",
      "id": 331,
      "geometry": {
        "type": "Polygon",
        "coordinates": [
          [
            [
              -74.73072,
              5.21226
            ],
            [
              -74.71466,
              5.18602
            ],
            [
              -74.73191,
              5.14531
            ],
            [
              -74.71681,
              5.09231
            ],
            [
              -74.74321,
              5.00708
            ],
            [
              -74.70594,
              4.98137
            ],
            [
              -74.74877,
              4.9577
            ],
            [
              -74.73167,
              4.89399
            ],
            [
              -74.75493,
              4.88594
            ],
            [
              -74.76951,
              4.84292
            ],
            [
              -74.74437,
              4.8234
            ],
            [
              -74.74378,
              4.78826
            ],
            [
              -74.8191,
              4.72598
            ],
            [
              -74.80143,
              4.70172
            ],
            [
              -74.8072,
              4.66945
            ],
            [
              -74.78584,
              4.65293
            ],
            [
              -74.81631,
              4.61187
            ],
            [
              -74.79378,
              4.59208
            ],
            [
              -74.81495,
              4.58519
            ],
            [
              -74.78629,
              4.50594
            ],
            [
              -74.80731,
              4.45329
            ],
            [
              -74.83312,
              4.44337
            ],
            [
              -74.85582,
              4.33475
            ],
            [
              -74.88348,
              4.31699
            ],
            [
              -74.87309,
              4.30662
            ],
            [
              -74.89063,
              4.28873
            ],
            [
              -74.8771,
              4.26538
            ],
            [
              -74.81272,
              4.29428
            ],
            [
              -74.7788,
              4.28356
            ],
            [
              -74.76715,
              4.2513
            ],
            [
              -74.75122,
              4.25898
            ],
            [
              -74.74604,
              4.23683
            ],
            [
              -74.7341,
              4.24777
            ],
            [
              -74.68126,
              4.20089
            ],
            [
              -74.65873,
              4.2158
            ],
            [
              -74.6518,
              4.19993
            ],
            [
              -74.62452,
              4.22489
            ],
            [
              -74.61986,
              4.25187
            ],
            [
              -74.58854,
              4.26741
            ],
            [
              -74.56253,
              4.27213
            ],
            [
              -74.51886,
              4.24049
            ],
            [
              -74.47485,
              4.12792
            ],
            [
              -74.52976,
              4.04481
            ],
            [
              -74.53111,
              3.9676
            ],
            [
              -74.51126,
              3.94608
            ],
            [
              -74.53946,
              3.84477
            ],
            [
              -74.4902,
              3.81761
            ],
            [
              -74.45023,
              3.81899
            ],
            [
              -74.46351,
              3.74208
            ],
            [
              -74.45265,
              3.7305
            ],
            [
              -74.43959,
              3.73063
            ],
            [
              -74.45067,
              3.74986
            ],
            [
              -74.39527,
              3.8238
            ],
            [
              -74.35956,
              3.91374
            ],
            [
              -74.35689,
              3.97098
            ],
            [
              -74.37458,
              3.98587
            ],
            [
              -74.32989,
              4.13054
            ],
            [
              -74.26565,
              4.09167
            ],
            [
              -74.24564,
              4.10325
            ],
            [
              -74.23176,
              4.21669
            ],
            [
              -74.20427,
              4.23971
            ],
            [
              -74.20553,
              4.26889
            ],
            [
              -74.22188,
              4.28206
            ],
            [
              -74.21228,
              4.3934
            ],
            [
              -74.17457,
              4.50713
            ],
            [
              -74.18773,
              4.52917
            ],
            [
              -74.17363,
              4.54085
            ],
            [
              -74.18369,
              4.59624
            ],
            [
              -74.2235,
              4.62609
            ],
            [
              -74.19421,
              4.65509
            ],
            [
              -74.1585,
              4.66285
            ],
            [
              -74.17698,
              4.70291
            ],
            [
              -74.1581,
              4.72548
            ],
            [
              -74.12606,
              4.72945
            ],
            [
              -74.11295,
              4.79013
            ],
            [
              -74.07964,
              4.80896
            ],
            [
              -74.08139,
              4.83538
            ],
            [
              -74.00409,
              4.81705
            ],
            [
              -74.01884,
              4.76367
            ],
            [
              -74.00201,
              4.67461
            ],
            [
              -74.03156,
              4.64579
            ],
            [
              -74.00739,
              4.62548
            ],
            [
              -73.98613,
              4.62907
            ],
            [
              -74.00535,
              4.56059
            ],
            [
              -74.0296,
              4.55787
            ],
            [
              -74.04228,
              4.5124
            ],
            [
              -74.07255,
              4.51312
            ],
            [
              -74.0759,
              4.46316
            ],
            [
              -74.11215,
              4.43313
            ],
            [
              -74.09823,
              4.34562
            ],
            [
              -74.15271,
              4.25456
            ],
            [
              -74.12332,
              4.18109
            ],
            [
              -74.11008,
              4.18207
            ],
            [
              -74.10941,
              4.13333
            ],
            [
              -74.1291,
              4.12527
            ],
            [
              -74.12451,
              4.05769
            ],
            [
              -74.15067,
              4.00485
            ],
            [
              -74.09974,
              4.01314
            ],
            [
              -74.0707,
              4.0577
            ],
            [
              -74.03489,
              4.06084
            ],
            [
              -74.03589,
              4.08238
            ],
            [
              -74.00593,
              4.10977
            ],
            [
              -73.97939,
              4.10919
            ],
            [
              -73.96692,
              4.09072
            ],
            [
              -73.93308,
              4.14924
            ],
            [
              -73.89583,
              4.14264
            ],
            [
              -73.86089,
              4.17183
            ],
            [
              -73.82589,
              4.16834
            ],
            [
              -73.80936,
              4.20392
            ],
            [
              -73.74282,
              4.19776
            ],
            [
              -73.76033,
              4.2364
            ],
            [
              -73.74406,
              4.26618
            ],
            [
              -73.78435,
              4.3017
            ],
            [
              -73.80696,
              4.42215
            ],
            [
              -73.78328,
              4.44829
            ],
            [
              -73.73833,
              4.46057
            ],
            [
              -73.73866,
              4.48601
            ],
            [
              -73.71374,
              4.5151
            ],
            [
              -73.6219,
              4.56248
            ],
            [
              -73.56798,
              4.5265
            ],
            [
              -73.60337,
              4.45668
            ],
            [
              -73.57257,
              4.41991
            ],
            [
              -73.55015,
              4.30754
            ],
            [
              -73.47168,
              4.27624
            ],
            [
              -73.43029,
              4.30638
            ],
            [
              -73.35364,
              4.32119
            ],
            [
              -73.20354,
              4.27326
            ],
            [
              -73.137,
              4.21284
            ],
            [
              -73.05256,
              4.73632
            ],
            [
              -73.07185,
              4.73919
            ],
            [
              -73.1057,
              4.65979
            ],
            [
              -73.12169,
              4.67156
            ],
            [
              -73.14903,
              4.65524
            ],
            [
              -73.22095,
              4.67678
            ],
            [
              -73.23466,
              4.69515
            ],
            [
              -73.22234,
              4.73258
            ],
            [
              -73.3063,
              4.73139
            ],
            [
              -73.32085,
              4.77929
            ],
            [
              -73.37184,
              4.80082
            ],
            [
              -73.36516,
              4.82477
            ],
            [
              -73.402,
              4.87993
            ],
            [
              -73.46962,
              4.89272
            ],
            [
              -73.52087,
              4.87896
            ],
            [
              -73.53868,
              4.89657
            ],
            [
              -73.54468,
              4.94419
            ],
            [
              -73.50699,
              4.99636
            ],
            [
              -73.5224,
              5.02922
            ],
            [
              -73.47986,
              5.06314
            ],
            [
              -73.49454,
              5.10635
            ],
            [
              -73.4772,
              5.14809
            ],
            [
              -73.51194,
              5.1623
            ],
            [
              -73.52454,
              5.21402
            ],
            [
              -73.51479,
              5.23269
            ],
            [
              -73.53418,
              5.2823
            ],
            [
              -73.59937,
              5.31881
            ],
            [
              -73.59272,
              5.39885
            ],
            [
              -73.67843,
              5.43432
            ],
            [
              -73.67672,
              5.45946
            ],
            [
              -73.69628,
              5.44664
            ],
            [
              -73.71953,
              5.45881
            ],
            [
              -73.72025,
              5.47807
            ],
            [
              -73.74316,
              5.46855
            ],
            [
              -73.74708,
              5.48963
            ],
            [
              -73.76883,
              5.4866
            ],
            [
              -73.80467,
              5.5714
            ],
            [
              -73.88987,
              5.51242
            ],
            [
              -73.9068,
              5.52818
            ],
            [
              -73.9012,
              5.44774
            ],
            [
              -73.91252,
              5.43223
            ],
            [
              -73.94218,
              5.43408
            ],
            [
              -73.94797,
              5.41756
            ],
            [
              -73.97269,
              5.41956
            ],
            [
              -73.99139,
              5.37465
            ],
            [
              -74.02097,
              5.36629
            ],
            [
              -74.02228,
              5.38689
            ],
            [
              -74.09275,
              5.42895
            ],
            [
              -74.09693,
              5.47064
            ],
            [
              -74.1173,
              5.47298
            ],
            [
              -74.12547,
              5.42897
            ],
            [
              -74.18239,
              5.46374
            ],
            [
              -74.20192,
              5.49701
            ],
            [
              -74.24396,
              5.47635
            ],
            [
              -74.25387,
              5.48762
            ],
            [
              -74.24029,
              5.5392
            ],
            [
              -74.29778,
              5.57497
            ],
            [
              -74.31496,
              5.62051
            ],
            [
              -74.27598,
              5.69219
            ],
            [
              -74.30399,
              5.70923
            ],
            [
              -74.28717,
              5.74649
            ],
            [
              -74.31298,
              5.78225
            ],
            [
              -74.30102,
              5.79766
            ],
            [
              -74.31685,
              5.79701
            ],
            [
              -74.3331,
              5.83704
            ],
            [
              -74.43091,
              5.75801
            ],
            [
              -74.51639,
              5.79142
            ],
            [
              -74.59737,
              5.7434
            ],
            [
              -74.62708,
              5.76246
            ],
            [
              -74.64292,
              5.73541
            ],
            [
              -74.66102,
              5.75238
            ],
            [
              -74.65196,
              5.70952
            ],
            [
              -74.62746,
              5.69604
            ],
            [
              -74.62851,
              5.63174
            ],
            [
              -74.65305,
              5.57472
            ],
            [
              -74.64101,
              5.54022
            ],
            [
              -74.67457,
              5.51465
            ],
            [
              -74.64935,
              5.44293
            ],
            [
              -74.6764,
              5.43809
            ],
            [
              -74.66581,
              5.40938
            ],
            [
              -74.68484,
              5.40024
            ],
            [
              -74.67852,
              5.37525
            ],
            [
              -74.70661,
              5.37097
            ],
            [
              -74.70108,
              5.35318
            ],
            [
              -74.73296,
              5.29645
            ],
            [
              -74.73072,
              5.21226
            ]
          ]
        ]
      },
      "properties": {
        "code": "25",
        "name": "CUNDINAMARCA",
        "resultType": "observed",
        "source": "dane-divipola-mgn-2025",
        "year": 2025
      }
    },
    {
      "type": "Feature",
      "id": 332,
      "geometry": {
        "type": "Polygon",
        "coordinates": [
          [
            [
              -77.36821,
              8.67737
            ],
            [
              -77.36465,
              8.64105
            ],
            [
              -77.40877,
              8.64399
            ],
            [
              -77.39056,
              8.58474
            ],
            [
              -77.41806,
              8.58818
            ],
            [
              -77.40963,
              8.56632
            ],
            [
              -77.43855,
              8.56021
            ],
            [
              -77.44058,
              8.52272
            ],
            [
              -77.4562,
              8.50945
            ],
            [
              -77.44792,
              8.4733
            ],
            [
              -77.40186,
              8.47647
            ],
            [
              -77.35896,
              8.40113
            ],
            [
              -77.35045,
              8.29777
            ],
            [
              -77.33271,
              8.27336
            ],
            [
              -77.29964,
              8.28145
            ],
            [
              -77.2805,
              8.21725
            ],
            [
              -77.26053,
              8.21019
            ],
            [
              -77.24781,
              8.17484
            ],
            [
              -77.25718,
              8.15791
            ],
            [
              -77.22697,
              8.13676
            ],
            [
              -77.21747,
              8.0879
            ],
            [
              -77.23363,
              8.02496
            ],
            [
              -77.16562,
              7.97423
            ],
            [
              -77.18207,
              7.95522
            ],
            [
              -77.15858,
              7.93226
            ],
            [
              -77.17608,
              7.91691
            ],
            [
              -77.25661,
              7.91997
            ],
            [
              -77.32477,
              7.89584
            ],
            [
              -77.33723,
              7.85694
            ],
            [
              -77.36862,
              7.82834
            ],
            [
              -77.33942,
              7.76595
            ],
            [
              -77.39116,
              7.75995
            ],
            [
              -77.44263,
              7.65679
            ],
            [
              -77.47018,
              7.65146
            ],
            [
              -77.48918,
              7.56953
            ],
            [
              -77.52452,
              7.57176
            ],
            [
              -77.56345,
              7.50734
            ],
            [
              -77.60673,
              7.54066
            ],
            [
              -77.64578,
              7.65165
            ],
            [
              -77.6975,
              7.69302
            ],
            [
              -77.72912,
              7.69547
            ],
            [
              -77.74851,
              7.61347
            ],
            [
              -77.7007,
              7.50648
            ],
            [
              -77.74039,
              7.46554
            ],
            [
              -77.7925,
              7.46101
            ],
            [
              -77.88378,
              7.21699
            ],
            [
              -77.85498,
              7.18059
            ],
            [
              -77.83569,
              7.17843
            ],
            [
              -77.82169,
              7.14776
            ],
            [
              -77.77881,
              7.13328
            ],
            [
              -77.65869,
              6.99486
            ],
            [
              -77.66225,
              6.95229
            ],
            [
              -77.69859,
              6.93931
            ],
            [
              -77.71188,
              6.8842
            ],
            [
              -77.70202,
              6.84224
            ],
            [
              -77.68949,
              6.83533
            ],
            [
              -77.68458,
              6.87073
            ],
            [
              -77.66683,
              6.87562
            ],
            [
              -77.65737,
              6.8544
            ],
            [
              -77.58737,
              6.81901
            ],
            [
              -77.53098,
              6.69475
            ],
            [
              -77.54061,
              6.68652
            ],
            [
              -77.52663,
              6.648
            ],
            [
              -77.51813,
              6.66085
            ],
            [
              -77.50434,
              6.65118
            ],
            [
              -77.50563,
              6.68425
            ],
            [
              -77.47229,
              6.70428
            ],
            [
              -77.40574,
              6.68708
            ],
            [
              -77.40028,
              6.62078
            ],
            [
              -77.32529,
              6.54934
            ],
            [
              -77.37621,
              6.42504
            ],
            [
              -77.35568,
              6.3989
            ],
            [
              -77.41287,
              6.38115
            ],
            [
              -77.3698,
              6.35515
            ],
            [
              -77.39527,
              6.23556
            ],
            [
              -77.40918,
              6.22714
            ],
            [
              -77.43406,
              6.27013
            ],
            [
              -77.45904,
              6.27281
            ],
            [
              -77.4742,
              6.29728
            ],
            [
              -77.46802,
              6.24891
            ],
            [
              -77.48274,
              6.19215
            ],
            [
              -77.44488,
              6.11936
            ],
            [
              -77.37305,
              6.04413
            ],
            [
              -77.36359,
              5.99898
            ],
            [
              -77.35259,
              5.99888
            ],
            [
              -77.36372,
              6.05915
            ],
            [
              -77.35153,
              6.04595
            ],
            [
              -77.30677,
              5.91922
            ],
            [
              -77.30697,
              5.8736
            ],
            [
              -77.29451,
              5.87356
            ],
            [
              -77.29052,
              5.84332
            ],
            [
              -77.27652,
              5.84614
            ],
            [
              -77.25219,
              5.7887
            ],
            [
              -77.2486,
              5.81054
            ],
            [
              -77.24336,
              5.76747
            ],
            [
              -77.25587,
              5.78351
            ],
            [
              -77.26414,
              5.71608
            ],
            [
              -77.29978,
              5.66939
            ],
            [
              -77.31675,
              5.66912
            ],
            [
              -77.34186,
              5.61733
            ],
            [
              -77.37113,
              5.60831
            ],
            [
              -77.38928,
              5.63
            ],
            [
              -77.41438,
              5.63025
            ],
            [
              -77.46059,
              5.59639
            ],
            [
              -77.48978,
              5.6074
            ],
            [
              -77.50729,
              5.52869
            ],
            [
              -77.53947,
              5.48723
            ],
            [
              -77.49253,
              5.46863
            ],
            [
              -77.45401,
              5.48874
            ],
            [
              -77.42989,
              5.46835
            ],
            [
              -77.42827,
              5.43718
            ],
            [
              -77.40763,
              5.45397
            ],
            [
              -77.38983,
              5.44359
            ],
            [
              -77.38743,
              5.39176
            ],
            [
              -77.41329,
              5.40343
            ],
            [
              -77.38785,
              5.28828
            ],
            [
              -77.39718,
              5.16902
            ],
            [
              -77.38409,
              5.1521
            ],
            [
              -77.37618,
              4.94791
            ],
            [
              -77.34796,
              4.80841
            ],
            [
              -77.32961,
              4.79795
            ],
            [
              -77.34843,
              4.77172
            ],
            [
              -77.30908,
              4.78197
            ],
            [
              -77.29988,
              4.74708
            ],
            [
              -77.32819,
              4.73972
            ],
            [
              -77.33623,
              4.53603
            ],
            [
              -77.32274,
              4.52262
            ],
            [
              -77.33993,
              4.51205
            ],
            [
              -77.35152,
              4.42183
            ],
            [
              -77.33764,
              4.42934
            ],
            [
              -77.36607,
              4.40764
            ],
            [
              -77.36677,
              4.37011
            ],
            [
              -77.38681,
              4.36855
            ],
            [
              -77.37611,
              4.38909
            ],
            [
              -77.42611,
              4.31945
            ],
            [
              -77.45617,
              4.31306
            ],
            [
              -77.41411,
              4.29287
            ],
            [
              -77.48533,
              4.25847
            ],
            [
              -77.50033,
              4.26347
            ],
            [
              -77.48384,
              4.29316
            ],
            [
              -77.51666,
              4.27623
            ],
            [
              -77.53133,
              4.20069
            ],
            [
              -77.5255,
              4.12638
            ],
            [
              -77.44962,
              4.03851
            ],
            [
              -77.42891,
              4.09308
            ],
            [
              -77.43581,
              4.14579
            ],
            [
              -77.39033,
              4.14849
            ],
            [
              -77.35295,
              4.19747
            ],
            [
              -77.30545,
              4.16648
            ],
            [
              -77.27911,
              4.22266
            ],
            [
              -77.25349,
              4.23415
            ],
            [
              -77.24988,
              4.18772
            ],
            [
              -77.22318,
              4.1572
            ],
            [
              -77.15957,
              4.18373
            ],
            [
              -77.10483,
              4.10773
            ],
            [
              -77.08619,
              4.12261
            ],
            [
              -77.06798,
              4.09601
            ],
            [
              -77.03557,
              4.0913
            ],
            [
              -77.00475,
              4.09886
            ],
            [
              -76.995,
              4.12039
            ],
            [
              -76.95443,
              4.12065
            ],
            [
              -76.91475,
              4.09775
            ],
            [
              -76.86744,
              4.03237
            ],
            [
              -76.82345,
              4.03266
            ],
            [
              -76.81532,
              4.00701
            ],
            [
              -76.7942,
              4.01138
            ],
            [
              -76.76767,
              3.98865
            ],
            [
              -76.68242,
              3.96488
            ],
            [
              -76.62457,
              4.01487
            ],
            [
              -76.58941,
              3.99406
            ],
            [
              -76.59027,
              3.97011
            ],
            [
              -76.53727,
              4.01621
            ],
            [
              -76.54153,
              4.04373
            ],
            [
              -76.52442,
              4.06728
            ],
            [
              -76.49442,
              4.06954
            ],
            [
              -76.44488,
              4.17569
            ],
            [
              -76.45501,
              4.22946
            ],
            [
              -76.48711,
              4.23553
            ],
            [
              -76.52664,
              4.28862
            ],
            [
              -76.52792,
              4.32354
            ],
            [
              -76.56202,
              4.36973
            ],
            [
              -76.55513,
              4.39936
            ],
            [
              -76.48213,
              4.41407
            ],
            [
              -76.41832,
              4.44782
            ],
            [
              -76.38297,
              4.49277
            ],
            [
              -76.36525,
              4.49163
            ],
            [
              -76.40376,
              4.53497
            ],
            [
              -76.38127,
              4.55963
            ],
            [
              -76.34462,
              4.56177
            ],
            [
              -76.31936,
              4.60795
            ],
            [
              -76.28569,
              4.7124
            ],
            [
              -76.31211,
              4.75062
            ],
            [
              -76.21267,
              4.82887
            ],
            [
              -76.14054,
              4.84018
            ],
            [
              -76.11414,
              4.8904
            ],
            [
              -76.1306,
              4.9112
            ],
            [
              -76.09968,
              4.91718
            ],
            [
              -76.0887,
              4.94614
            ],
            [
              -76.09682,
              5.03177
            ],
            [
              -76.07652,
              5.04803
            ],
            [
              -76.06042,
              5.13585
            ],
            [
              -76.13249,
              5.18345
            ],
            [
              -76.14202,
              5.23338
            ],
            [
              -76.17362,
              5.26025
            ],
            [
              -76.21143,
              5.34862
            ],
            [
              -76.19122,
              5.41458
            ],
            [
              -76.17798,
              5.40128
            ],
            [
              -76.15248,
              5.40757
            ],
            [
              -76.08534,
              5.44975
            ],
            [
              -76.07479,
              5.5466
            ],
            [
              -76.00697,
              5.57382
            ],
            [
              -76.00515,
              5.62192
            ],
            [
              -76.08695,
              5.68864
            ],
            [
              -76.06118,
              5.75796
            ],
            [
              -76.08111,
              5.76702
            ],
            [
              -76.07094,
              5.78065
            ],
            [
              -76.09902,
              5.8492
            ],
            [
              -76.08157,
              5.88277
            ],
            [
              -76.06049,
              5.88634
            ],
            [
              -76.051,
              5.95083
            ],
            [
              -76.10485,
              6.0184
            ],
            [
              -76.14382,
              5.99763
            ],
            [
              -76.17265,
              6.01739
            ],
            [
              -76.19696,
              6.08018
            ],
            [
              -76.20121,
              6.1603
            ],
            [
              -76.23767,
              6.20835
            ],
            [
              -76.38981,
              6.19149
            ],
            [
              -76.41987,
              6.16573
            ],
            [
              -76.46868,
              6.17657
            ],
            [
              -76.48229,
              6.16055
            ],
            [
              -76.58351,
              6.19345
            ],
            [
              -76.68768,
              6.16157
            ],
            [
              -76.71995,
              6.17626
            ],
            [
              -76.72307,
              6.23698
            ],
            [
              -76.75927,
              6.25743
            ],
            [
              -76.74936,
              6.28017
            ],
            [
              -76.78339,
              6.29119
            ],
            [
              -76.7903,
              6.32227
            ],
            [
              -76.77767,
              6.32877
            ],
            [
              -76.79017,
              6.34655
            ],
            [
              -76.77136,
              6.36424
            ],
            [
              -76.78738,
              6.3779
            ],
            [
              -76.76507,
              6.38929
            ],
            [
              -76.7957,
              6.41757
            ],
            [
              -76.76178,
              6.43215
            ],
            [
              -76.79583,
              6.44365
            ],
            [
              -76.76743,
              6.47662
            ],
            [
              -76.80037,
              6.50796
            ],
            [
              -76.81999,
              6.48725
            ],
            [
              -76.81936,
              6.52548
            ],
            [
              -76.8411,
              6.52145
            ],
            [
              -76.86392,
              6.5715
            ],
            [
              -76.88299,
              6.55997
            ],
            [
              -76.89452,
              6.57015
            ],
            [
              -76.88971,
              6.60527
            ],
            [
              -76.85799,
              6.61844
            ],
            [
              -76.90903,
              6.62939
            ],
            [
              -76.89808,
              6.66822
            ],
            [
              -76.92485,
              6.6469
            ],
            [
              -76.93897,
              6.68634
            ],
            [
              -76.96353,
              6.67966
            ],
            [
              -76.93365,
              6.71092
            ],
            [
              -76.96716,
              6.74313
            ],
            [
              -76.95785,
              6.79251
            ],
            [
              -76.97231,
              6.80902
            ],
            [
              -76.93353,
              6.81185
            ],
            [
              -76.91658,
              6.84547
            ],
            [
              -76.89988,
              6.82903
            ],
            [
              -76.87811,
              6.85211
            ],
            [
              -76.83529,
              6.82868
            ],
            [
              -76.81794,
              6.83768
            ],
            [
              -76.83056,
              6.85859
            ],
            [
              -76.79242,
              6.86623
            ],
            [
              -76.80009,
              6.94856
            ],
            [
              -76.81338,
              6.96351
            ],
            [
              -76.82846,
              6.95553
            ],
            [
              -76.81914,
              6.97598
            ],
            [
              -76.84252,
              6.98832
            ],
            [
              -76.82478,
              7.00546
            ],
            [
              -76.67557,
              7.02985
            ],
            [
              -76.64549,
              7.00836
            ],
            [
              -76.61561,
              7.01679
            ],
            [
              -76.60319,
              7.00049
            ],
            [
              -76.59294,
              7.01163
            ],
            [
              -76.57033,
              6.98016
            ],
            [
              -76.54781,
              7.002
            ],
            [
              -76.50807,
              7.13927
            ],
            [
              -76.48535,
              7.13604
            ],
            [
              -76.53026,
              7.25526
            ],
            [
              -76.56362,
              7.27451
            ],
            [
              -76.57871,
              7.30475
            ],
            [
              -76.61789,
              7.31521
            ],
            [
              -76.6607,
              7.44814
            ],
            [
              -76.80116,
              7.57209
            ],
            [
              -76.94296,
              7.58886
            ],
            [
              -76.96037,
              7.64072
            ],
            [
              -77.12214,
              7.78802
            ],
            [
              -77.12602,
              7.83024
            ],
            [
              -77.09521,
              7.82507
            ],
            [
              -77.03139,
              7.8801
            ],
            [
              -77.01231,
              7.93383
            ],
            [
              -77.02142,
              7.94879
            ],
            [
              -77.00008,
              7.95843
            ],
            [
              -76.99565,
              8.02115
            ],
            [
              -76.93907,
              8.06284
            ],
            [
              -76.9556,
              8.12273
            ],
            [
              -76.94933,
              8.17234
            ],
            [
              -76.98019,
              8.25528
            ],
            [
              -77.04024,
              8.25659
            ],
            [
              -77.13074,
              8.41191
            ],
            [
              -77.2489,
              8.47205
            ],
            [
              -77.2751,
              8.50633
            ],
            [
              -77.28819,
              8.57513
            ],
            [
              -77.34257,
              8.62486
            ],
            [
              -77.36821,
              8.67737
            ]
          ]
        ]
      },
      "properties": {
        "code": "27",
        "name": "CHOCÓ",
        "resultType": "observed",
        "source": "dane-divipola-mgn-2025",
        "year": 2025
      }
    },
    {
      "type": "Feature",
      "id": 333,
      "geometry": {
        "type": "Polygon",
        "coordinates": [
          [
            [
              -74.51853,
              3.836
            ],
            [
              -74.53474,
              3.84321
            ],
            [
              -74.5576,
              3.76707
            ],
            [
              -74.59078,
              3.72946
            ],
            [
              -74.67538,
              3.67172
            ],
            [
              -74.70098,
              3.61572
            ],
            [
              -74.73835,
              3.59076
            ],
            [
              -74.72863,
              3.55158
            ],
            [
              -74.78072,
              3.50971
            ],
            [
              -74.76451,
              3.44088
            ],
            [
              -74.81635,
              3.40643
            ],
            [
              -74.84849,
              3.34083
            ],
            [
              -74.90537,
              3.29136
            ],
            [
              -75.00063,
              3.27621
            ],
            [
              -75.07061,
              3.2953
            ],
            [
              -75.05688,
              3.37799
            ],
            [
              -75.02765,
              3.39139
            ],
            [
              -75.04273,
              3.40844
            ],
            [
              -75.03696,
              3.42953
            ],
            [
              -75.14743,
              3.43582
            ],
            [
              -75.17416,
              3.40869
            ],
            [
              -75.1749,
              3.37731
            ],
            [
              -75.19988,
              3.38455
            ],
            [
              -75.20044,
              3.40943
            ],
            [
              -75.22727,
              3.41577
            ],
            [
              -75.25235,
              3.36571
            ],
            [
              -75.31851,
              3.4195
            ],
            [
              -75.34029,
              3.39797
            ],
            [
              -75.36167,
              3.40882
            ],
            [
              -75.37535,
              3.37495
            ],
            [
              -75.41497,
              3.37123
            ],
            [
              -75.44061,
              3.34516
            ],
            [
              -75.4788,
              3.36114
            ],
            [
              -75.49042,
              3.32591
            ],
            [
              -75.52748,
              3.31828
            ],
            [
              -75.52195,
              3.30123
            ],
            [
              -75.57592,
              3.22841
            ],
            [
              -75.58851,
              3.15582
            ],
            [
              -75.5767,
              3.14295
            ],
            [
              -75.62214,
              3.07543
            ],
            [
              -75.60152,
              3.03915
            ],
            [
              -75.63292,
              2.99586
            ],
            [
              -75.69321,
              2.99339
            ],
            [
              -75.70271,
              2.96997
            ],
            [
              -75.7615,
              2.94232
            ],
            [
              -75.76295,
              2.91493
            ],
            [
              -75.84013,
              2.8719
            ],
            [
              -75.90154,
              2.89486
            ],
            [
              -75.92741,
              2.92142
            ],
            [
              -75.9534,
              2.91775
            ],
            [
              -75.98859,
              2.98254
            ],
            [
              -76.02899,
              2.94049
            ],
            [
              -75.87918,
              2.83377
            ],
            [
              -75.82222,
              2.83551
            ],
            [
              -75.80555,
              2.81913
            ],
            [
              -75.80581,
              2.76829
            ],
            [
              -75.75103,
              2.74218
            ],
            [
              -75.75244,
              2.69743
            ],
            [
              -75.83756,
              2.56712
            ],
            [
              -75.81412,
              2.48362
            ],
            [
              -75.85324,
              2.45479
            ],
            [
              -75.86153,
              2.4279
            ],
            [
              -75.8875,
              2.42511
            ],
            [
              -75.924,
              2.48123
            ],
            [
              -75.97721,
              2.50404
            ],
            [
              -76.0219,
              2.4436
            ],
            [
              -76.03254,
              2.40263
            ],
            [
              -76.08925,
              2.41592
            ],
            [
              -76.12022,
              2.39053
            ],
            [
              -76.14645,
              2.29402
            ],
            [
              -76.12114,
              2.22481
            ],
            [
              -76.14784,
              2.20132
            ],
            [
              -76.20927,
              2.1984
            ],
            [
              -76.29906,
              2.28249
            ],
            [
              -76.37377,
              2.27909
            ],
            [
              -76.40473,
              2.20054
            ],
            [
              -76.43426,
              2.18729
            ],
            [
              -76.43092,
              2.12039
            ],
            [
              -76.46743,
              2.10001
            ],
            [
              -76.48742,
              2.12906
            ],
            [
              -76.55339,
              2.13969
            ],
            [
              -76.59027,
              2.10795
            ],
            [
              -76.57728,
              2.05654
            ],
            [
              -76.58606,
              2.03464
            ],
            [
              -76.57251,
              2.01974
            ],
            [
              -76.62426,
              1.97385
            ],
            [
              -76.61046,
              1.94673
            ],
            [
              -76.61928,
              1.92654
            ],
            [
              -76.57872,
              1.89873
            ],
            [
              -76.59031,
              1.86816
            ],
            [
              -76.55731,
              1.83916
            ],
            [
              -76.53045,
              1.82354
            ],
            [
              -76.48878,
              1.82581
            ],
            [
              -76.43513,
              1.7918
            ],
            [
              -76.41949,
              1.71777
            ],
            [
              -76.37191,
              1.74252
            ],
            [
              -76.38138,
              1.66719
            ],
            [
              -76.3256,
              1.66309
            ],
            [
              -76.30368,
              1.6902
            ],
            [
              -76.27234,
              1.6745
            ],
            [
              -76.24225,
              1.68309
            ],
            [
              -76.21156,
              1.64072
            ],
            [
              -76.2024,
              1.57865
            ],
            [
              -76.16535,
              1.58741
            ],
            [
              -76.11982,
              1.55213
            ],
            [
              -76.07458,
              1.58483
            ],
            [
              -76.03438,
              1.58277
            ],
            [
              -75.98343,
              1.62133
            ],
            [
              -75.97999,
              1.65759
            ],
            [
              -75.95265,
              1.6638
            ],
            [
              -75.90696,
              1.71518
            ],
            [
              -75.84402,
              1.72265
            ],
            [
              -75.83032,
              1.7474
            ],
            [
              -75.73715,
              1.78246
            ],
            [
              -75.73067,
              1.82335
            ],
            [
              -75.68962,
              1.87944
            ],
            [
              -75.65176,
              1.90105
            ],
            [
              -75.64104,
              1.95803
            ],
            [
              -75.58806,
              2.01112
            ],
            [
              -75.53498,
              2.11766
            ],
            [
              -75.44236,
              2.14702
            ],
            [
              -75.42627,
              2.18813
            ],
            [
              -75.43966,
              2.22071
            ],
            [
              -75.41041,
              2.24565
            ],
            [
              -75.38856,
              2.31262
            ],
            [
              -75.34809,
              2.32378
            ],
            [
              -75.32962,
              2.36531
            ],
            [
              -75.31015,
              2.36161
            ],
            [
              -75.27954,
              2.42271
            ],
            [
              -75.25059,
              2.44445
            ],
            [
              -75.2271,
              2.51167
            ],
            [
              -75.18056,
              2.50771
            ],
            [
              -75.15413,
              2.58119
            ],
            [
              -75.13269,
              2.59515
            ],
            [
              -75.15552,
              2.64505
            ],
            [
              -75.13333,
              2.69149
            ],
            [
              -75.15409,
              2.70412
            ],
            [
              -75.1471,
              2.722
            ],
            [
              -75.07034,
              2.74215
            ],
            [
              -74.98896,
              2.858
            ],
            [
              -74.91103,
              2.9316
            ],
            [
              -74.90101,
              2.96274
            ],
            [
              -74.86905,
              2.97363
            ],
            [
              -74.81596,
              3.05303
            ],
            [
              -74.78778,
              3.06042
            ],
            [
              -74.71302,
              3.16996
            ],
            [
              -74.67326,
              3.18635
            ],
            [
              -74.65658,
              3.24759
            ],
            [
              -74.61633,
              3.2878
            ],
            [
              -74.61787,
              3.33051
            ],
            [
              -74.63984,
              3.36837
            ],
            [
              -74.60567,
              3.41414
            ],
            [
              -74.63053,
              3.4713
            ],
            [
              -74.59067,
              3.52733
            ],
            [
              -74.56648,
              3.52241
            ],
            [
              -74.53739,
              3.55979
            ],
            [
              -74.50286,
              3.64628
            ],
            [
              -74.46105,
              3.6672
            ],
            [
              -74.41303,
              3.72473
            ],
            [
              -74.41779,
              3.74196
            ],
            [
              -74.44212,
              3.73023
            ],
            [
              -74.46345,
              3.7409
            ],
            [
              -74.45023,
              3.81899
            ],
            [
              -74.4902,
              3.81761
            ],
            [
              -74.51853,
              3.836
            ]
          ]
        ]
      },
      "properties": {
        "code": "41",
        "name": "HUILA",
        "resultType": "observed",
        "source": "dane-divipola-mgn-2025",
        "year": 2025
      }
    },
    {
      "type": "Feature",
      "id": 334,
      "geometry": {
        "type": "Polygon",
        "coordinates": [
          [
            [
              -72.74988,
              10.65054
            ],
            [
              -72.71593,
              10.70606
            ],
            [
              -72.70952,
              10.75515
            ],
            [
              -72.67994,
              10.76399
            ],
            [
              -72.68261,
              10.79614
            ],
            [
              -72.64798,
              10.88043
            ],
            [
              -72.6124,
              10.8827
            ],
            [
              -72.55377,
              10.9402
            ],
            [
              -72.51845,
              11.00163
            ],
            [
              -72.52606,
              11.0118
            ],
            [
              -72.48187,
              11.05856
            ],
            [
              -72.49818,
              11.08419
            ],
            [
              -72.4856,
              11.09831
            ],
            [
              -72.44359,
              11.12766
            ],
            [
              -72.43789,
              11.11529
            ],
            [
              -72.34931,
              11.15137
            ],
            [
              -72.24942,
              11.14019
            ],
            [
              -71.97136,
              11.64627
            ],
            [
              -71.80219,
              11.68005
            ],
            [
              -71.45714,
              11.7865
            ],
            [
              -71.37841,
              11.81213
            ],
            [
              -71.38819,
              11.82833
            ],
            [
              -71.36241,
              11.82701
            ],
            [
              -71.36521,
              11.8401
            ],
            [
              -71.3413,
              11.84915
            ],
            [
              -71.32412,
              11.83312
            ],
            [
              -71.29006,
              11.91403
            ],
            [
              -71.32629,
              11.90159
            ],
            [
              -71.32704,
              11.92115
            ],
            [
              -71.31197,
              11.915
            ],
            [
              -71.31094,
              11.92887
            ],
            [
              -71.2822,
              11.90611
            ],
            [
              -71.21901,
              11.96423
            ],
            [
              -71.13613,
              12.00271
            ],
            [
              -71.11614,
              12.03474
            ],
            [
              -71.11514,
              12.08604
            ],
            [
              -71.21962,
              12.26032
            ],
            [
              -71.22833,
              12.30058
            ],
            [
              -71.30172,
              12.35337
            ],
            [
              -71.32272,
              12.34776
            ],
            [
              -71.40258,
              12.384
            ],
            [
              -71.43662,
              12.38066
            ],
            [
              -71.52605,
              12.43734
            ],
            [
              -71.61072,
              12.43698
            ],
            [
              -71.67074,
              12.45938
            ],
            [
              -71.71972,
              12.43726
            ],
            [
              -71.73535,
              12.40899
            ],
            [
              -71.68489,
              12.44294
            ],
            [
              -71.7001,
              12.41766
            ],
            [
              -71.65177,
              12.43328
            ],
            [
              -71.67718,
              12.40526
            ],
            [
              -71.62746,
              12.4077
            ],
            [
              -71.69573,
              12.39232
            ],
            [
              -71.68538,
              12.37271
            ],
            [
              -71.69992,
              12.36066
            ],
            [
              -71.70288,
              12.37667
            ],
            [
              -71.72218,
              12.37039
            ],
            [
              -71.71131,
              12.40038
            ],
            [
              -71.72791,
              12.40985
            ],
            [
              -71.76189,
              12.38097
            ],
            [
              -71.73837,
              12.37191
            ],
            [
              -71.74334,
              12.34545
            ],
            [
              -71.79375,
              12.32861
            ],
            [
              -71.80424,
              12.30538
            ],
            [
              -71.83975,
              12.33949
            ],
            [
              -71.80834,
              12.3707
            ],
            [
              -71.84092,
              12.35146
            ],
            [
              -71.85749,
              12.35789
            ],
            [
              -71.95572,
              12.27288
            ],
            [
              -71.94406,
              12.25936
            ],
            [
              -71.93993,
              12.27583
            ],
            [
              -71.89121,
              12.27528
            ],
            [
              -71.89027,
              12.25145
            ],
            [
              -71.87026,
              12.24758
            ],
            [
              -71.87985,
              12.23593
            ],
            [
              -71.86154,
              12.21727
            ],
            [
              -71.86855,
              12.19091
            ],
            [
              -71.92492,
              12.18388
            ],
            [
              -71.92996,
              12.15112
            ],
            [
              -71.94459,
              12.16064
            ],
            [
              -71.96315,
              12.14946
            ],
            [
              -71.96084,
              12.17975
            ],
            [
              -71.96583,
              12.14692
            ],
            [
              -71.98651,
              12.14756
            ],
            [
              -71.97888,
              12.17229
            ],
            [
              -72.00085,
              12.18632
            ],
            [
              -71.96426,
              12.22818
            ],
            [
              -71.96121,
              12.25772
            ],
            [
              -72.08368,
              12.23091
            ],
            [
              -72.14315,
              12.23944
            ],
            [
              -72.1806,
              12.20746
            ],
            [
              -72.14825,
              12.19949
            ],
            [
              -72.14005,
              12.09905
            ],
            [
              -72.21472,
              11.93038
            ],
            [
              -72.24669,
              11.89234
            ],
            [
              -72.22551,
              11.89999
            ],
            [
              -72.22981,
              11.88801
            ],
            [
              -72.24988,
              11.87844
            ],
            [
              -72.24877,
              11.89098
            ],
            [
              -72.44447,
              11.7798
            ],
            [
              -72.5148,
              11.77691
            ],
            [
              -72.56145,
              11.74507
            ],
            [
              -72.59246,
              11.74679
            ],
            [
              -72.62459,
              11.72108
            ],
            [
              -72.76914,
              11.67883
            ],
            [
              -72.83199,
              11.63115
            ],
            [
              -72.88378,
              11.56318
            ],
            [
              -73.02922,
              11.49176
            ],
            [
              -73.2767,
              11.28579
            ],
            [
              -73.36056,
              11.26233
            ],
            [
              -73.5749,
              11.2597
            ],
            [
              -73.56538,
              11.25361
            ],
            [
              -73.58393,
              11.18935
            ],
            [
              -73.62747,
              11.1417
            ],
            [
              -73.6533,
              11.13769
            ],
            [
              -73.6374,
              11.10875
            ],
            [
              -73.65003,
              11.0608
            ],
            [
              -73.63545,
              11.04163
            ],
            [
              -73.66493,
              10.98971
            ],
            [
              -73.6426,
              10.96715
            ],
            [
              -73.63605,
              10.90792
            ],
            [
              -73.59945,
              10.83663
            ],
            [
              -73.47941,
              10.86717
            ],
            [
              -73.33755,
              10.86256
            ],
            [
              -73.31232,
              10.84615
            ],
            [
              -73.28947,
              10.86227
            ],
            [
              -73.2522,
              10.81316
            ],
            [
              -73.25244,
              10.77073
            ],
            [
              -73.27783,
              10.72643
            ],
            [
              -73.23706,
              10.74044
            ],
            [
              -73.20763,
              10.70746
            ],
            [
              -73.15742,
              10.71554
            ],
            [
              -73.14614,
              10.69151
            ],
            [
              -73.10409,
              10.67386
            ],
            [
              -73.08219,
              10.6294
            ],
            [
              -73.09538,
              10.55775
            ],
            [
              -73.12338,
              10.52714
            ],
            [
              -73.13755,
              10.53034
            ],
            [
              -73.14488,
              10.49949
            ],
            [
              -73.16801,
              10.4922
            ],
            [
              -73.18167,
              10.46628
            ],
            [
              -73.14233,
              10.43678
            ],
            [
              -73.14226,
              10.39681
            ],
            [
              -73.08477,
              10.42632
            ],
            [
              -72.98688,
              10.40048
            ],
            [
              -72.90103,
              10.43435
            ],
            [
              -72.84467,
              10.48517
            ],
            [
              -72.843,
              10.53895
            ],
            [
              -72.75014,
              10.63413
            ],
            [
              -72.74988,
              10.65054
            ]
          ]
        ]
      },
      "properties": {
        "code": "44",
        "name": "LA GUAJIRA",
        "resultType": "observed",
        "source": "dane-divipola-mgn-2025",
        "year": 2025
      }
    },
    {
      "type": "Feature",
      "id": 335,
      "geometry": {
        "type": "Polygon",
        "coordinates": [
          [
            [
              -73.64265,
              10.95432
            ],
            [
              -73.66494,
              10.98981
            ],
            [
              -73.63545,
              11.04163
            ],
            [
              -73.65003,
              11.0608
            ],
            [
              -73.6374,
              11.10875
            ],
            [
              -73.65337,
              11.13752
            ],
            [
              -73.62747,
              11.1417
            ],
            [
              -73.591,
              11.17864
            ],
            [
              -73.56663,
              11.25726
            ],
            [
              -73.79069,
              11.25643
            ],
            [
              -73.858,
              11.27419
            ],
            [
              -73.97516,
              11.3387
            ],
            [
              -74.04369,
              11.34882
            ],
            [
              -74.05541,
              11.32812
            ],
            [
              -74.07594,
              11.34126
            ],
            [
              -74.0804,
              11.3159
            ],
            [
              -74.09981,
              11.32219
            ],
            [
              -74.10728,
              11.34792
            ],
            [
              -74.10536,
              11.31891
            ],
            [
              -74.12425,
              11.33439
            ],
            [
              -74.13497,
              11.31551
            ],
            [
              -74.14475,
              11.33697
            ],
            [
              -74.16091,
              11.32416
            ],
            [
              -74.14895,
              11.29813
            ],
            [
              -74.19428,
              11.30366
            ],
            [
              -74.20658,
              11.27419
            ],
            [
              -74.19139,
              11.2644
            ],
            [
              -74.22085,
              11.25321
            ],
            [
              -74.21657,
              11.24053
            ],
            [
              -74.2418,
              11.22001
            ],
            [
              -74.2281,
              11.20486
            ],
            [
              -74.24123,
              11.17583
            ],
            [
              -74.215,
              11.07013
            ],
            [
              -74.25067,
              11.01769
            ],
            [
              -74.30432,
              10.98488
            ],
            [
              -74.4207,
              10.9748
            ],
            [
              -74.51236,
              10.9861
            ],
            [
              -74.85186,
              11.10537
            ],
            [
              -74.83905,
              11.0587
            ],
            [
              -74.76867,
              11.00197
            ],
            [
              -74.75385,
              10.93613
            ],
            [
              -74.71833,
              10.90885
            ],
            [
              -74.73643,
              10.88898
            ],
            [
              -74.74158,
              10.84238
            ],
            [
              -74.72287,
              10.67706
            ],
            [
              -74.74706,
              10.6492
            ],
            [
              -74.72422,
              10.61337
            ],
            [
              -74.73624,
              10.54872
            ],
            [
              -74.7984,
              10.49617
            ],
            [
              -74.81806,
              10.42483
            ],
            [
              -74.86191,
              10.38652
            ],
            [
              -74.86123,
              10.35265
            ],
            [
              -74.92529,
              10.22388
            ],
            [
              -74.9466,
              10.13919
            ],
            [
              -74.927,
              10.10827
            ],
            [
              -74.83974,
              10.07866
            ],
            [
              -74.78788,
              10.0094
            ],
            [
              -74.82039,
              9.96733
            ],
            [
              -74.87263,
              9.93675
            ],
            [
              -74.88237,
              9.87285
            ],
            [
              -74.8156,
              9.78989
            ],
            [
              -74.80523,
              9.76181
            ],
            [
              -74.81529,
              9.73117
            ],
            [
              -74.78765,
              9.69686
            ],
            [
              -74.80575,
              9.67553
            ],
            [
              -74.77697,
              9.62619
            ],
            [
              -74.77358,
              9.58727
            ],
            [
              -74.80705,
              9.54742
            ],
            [
              -74.77576,
              9.50048
            ],
            [
              -74.80802,
              9.45187
            ],
            [
              -74.80079,
              9.44209
            ],
            [
              -74.75793,
              9.46217
            ],
            [
              -74.73477,
              9.42037
            ],
            [
              -74.69857,
              9.42679
            ],
            [
              -74.66018,
              9.38597
            ],
            [
              -74.62278,
              9.37583
            ],
            [
              -74.61575,
              9.3415
            ],
            [
              -74.56568,
              9.31436
            ],
            [
              -74.52991,
              9.24147
            ],
            [
              -74.51086,
              9.23405
            ],
            [
              -74.46383,
              9.27132
            ],
            [
              -74.43499,
              9.27415
            ],
            [
              -74.40303,
              9.21375
            ],
            [
              -74.34752,
              9.23291
            ],
            [
              -74.29544,
              9.20176
            ],
            [
              -74.29825,
              9.15983
            ],
            [
              -74.24828,
              9.16465
            ],
            [
              -74.22008,
              9.13613
            ],
            [
              -74.22844,
              9.12405
            ],
            [
              -74.17659,
              9.08929
            ],
            [
              -74.15729,
              9.05738
            ],
            [
              -74.13466,
              9.0644
            ],
            [
              -74.11794,
              9.04888
            ],
            [
              -74.13941,
              9.02986
            ],
            [
              -74.11318,
              9.04098
            ],
            [
              -74.098,
              9.01582
            ],
            [
              -74.0571,
              9.01851
            ],
            [
              -74.03559,
              9.04439
            ],
            [
              -74.02835,
              9.02703
            ],
            [
              -74.00676,
              9.03183
            ],
            [
              -73.98501,
              9.01055
            ],
            [
              -74.00226,
              9.00973
            ],
            [
              -74.00184,
              8.99546
            ],
            [
              -73.90006,
              8.98072
            ],
            [
              -73.87039,
              8.96043
            ],
            [
              -73.86766,
              8.93649
            ],
            [
              -73.79802,
              9.0583
            ],
            [
              -73.87533,
              9.13054
            ],
            [
              -73.86662,
              9.18297
            ],
            [
              -73.89283,
              9.17359
            ],
            [
              -73.96203,
              9.18768
            ],
            [
              -73.94279,
              9.28956
            ],
            [
              -73.99169,
              9.32402
            ],
            [
              -73.97809,
              9.38938
            ],
            [
              -74.13916,
              9.49378
            ],
            [
              -74.03674,
              9.59132
            ],
            [
              -74.00396,
              9.59536
            ],
            [
              -73.98926,
              9.57981
            ],
            [
              -73.8934,
              9.61643
            ],
            [
              -73.86789,
              9.601
            ],
            [
              -73.80326,
              9.63642
            ],
            [
              -73.80909,
              9.69207
            ],
            [
              -73.83902,
              9.73102
            ],
            [
              -73.82743,
              9.75294
            ],
            [
              -73.84179,
              9.79734
            ],
            [
              -73.89496,
              9.83209
            ],
            [
              -73.95267,
              9.92694
            ],
            [
              -74.00183,
              9.9402
            ],
            [
              -74.01176,
              9.9761
            ],
            [
              -74.05109,
              10.01025
            ],
            [
              -74.08437,
              10.07306
            ],
            [
              -74.04081,
              10.2199
            ],
            [
              -73.96509,
              10.2881
            ],
            [
              -73.96132,
              10.33678
            ],
            [
              -73.92185,
              10.37507
            ],
            [
              -73.84252,
              10.40101
            ],
            [
              -73.81766,
              10.38508
            ],
            [
              -73.77903,
              10.39617
            ],
            [
              -73.74072,
              10.43575
            ],
            [
              -73.70417,
              10.43011
            ],
            [
              -73.70332,
              10.4636
            ],
            [
              -73.65226,
              10.46045
            ],
            [
              -73.63984,
              10.50077
            ],
            [
              -73.56195,
              10.50568
            ],
            [
              -73.57047,
              10.54178
            ],
            [
              -73.61343,
              10.56423
            ],
            [
              -73.59594,
              10.58512
            ],
            [
              -73.59536,
              10.63094
            ],
            [
              -73.61688,
              10.64469
            ],
            [
              -73.59379,
              10.70526
            ],
            [
              -73.56313,
              10.71596
            ],
            [
              -73.56232,
              10.74085
            ],
            [
              -73.54184,
              10.75437
            ],
            [
              -73.58899,
              10.78171
            ],
            [
              -73.63866,
              10.78779
            ],
            [
              -73.63522,
              10.80786
            ],
            [
              -73.59859,
              10.83596
            ],
            [
              -73.63355,
              10.90051
            ],
            [
              -73.64265,
              10.95432
            ]
          ]
        ]
      },
      "properties": {
        "code": "47",
        "name": "MAGDALENA",
        "resultType": "observed",
        "source": "dane-divipola-mgn-2025",
        "year": 2025
      }
    },
    {
      "type": "Feature",
      "id": 336,
      "geometry": {
        "type": "Polygon",
        "coordinates": [
          [
            [
              -71.07793,
              4.8991
            ],
            [
              -71.21175,
              4.81733
            ],
            [
              -71.28828,
              4.80305
            ],
            [
              -71.32278,
              4.76672
            ],
            [
              -71.39017,
              4.75669
            ],
            [
              -71.4293,
              4.72329
            ],
            [
              -71.57676,
              4.67503
            ],
            [
              -71.59793,
              4.64527
            ],
            [
              -71.73239,
              4.57531
            ],
            [
              -71.80675,
              4.58355
            ],
            [
              -71.98821,
              4.38445
            ],
            [
              -72.06064,
              4.375
            ],
            [
              -72.07084,
              4.40809
            ],
            [
              -72.14311,
              4.4403
            ],
            [
              -72.2434,
              4.43456
            ],
            [
              -72.30286,
              4.40841
            ],
            [
              -72.3205,
              4.37092
            ],
            [
              -72.34219,
              4.37153
            ],
            [
              -72.35622,
              4.34174
            ],
            [
              -72.40504,
              4.31786
            ],
            [
              -72.42795,
              4.35371
            ],
            [
              -72.46682,
              4.31738
            ],
            [
              -72.54784,
              4.35468
            ],
            [
              -72.57347,
              4.32548
            ],
            [
              -72.57345,
              4.30214
            ],
            [
              -72.67587,
              4.31738
            ],
            [
              -72.69072,
              4.28847
            ],
            [
              -72.71645,
              4.29327
            ],
            [
              -72.74189,
              4.3258
            ],
            [
              -72.7703,
              4.33433
            ],
            [
              -72.76297,
              4.34784
            ],
            [
              -72.77969,
              4.35277
            ],
            [
              -72.76892,
              4.36639
            ],
            [
              -72.80058,
              4.37835
            ],
            [
              -72.78827,
              4.39752
            ],
            [
              -72.82503,
              4.41761
            ],
            [
              -72.81347,
              4.42981
            ],
            [
              -72.87017,
              4.45071
            ],
            [
              -72.93793,
              4.52274
            ],
            [
              -72.96798,
              4.59919
            ],
            [
              -73.01686,
              4.63561
            ],
            [
              -73.05023,
              4.69243
            ],
            [
              -73.05256,
              4.73632
            ],
            [
              -73.13764,
              4.21257
            ],
            [
              -73.20354,
              4.27326
            ],
            [
              -73.35364,
              4.32119
            ],
            [
              -73.43029,
              4.30638
            ],
            [
              -73.47168,
              4.27624
            ],
            [
              -73.53105,
              4.29673
            ],
            [
              -73.55124,
              4.30919
            ],
            [
              -73.57257,
              4.41991
            ],
            [
              -73.60329,
              4.45623
            ],
            [
              -73.56776,
              4.52557
            ],
            [
              -73.57845,
              4.54237
            ],
            [
              -73.6219,
              4.56248
            ],
            [
              -73.71374,
              4.5151
            ],
            [
              -73.73866,
              4.48601
            ],
            [
              -73.73833,
              4.46057
            ],
            [
              -73.79252,
              4.44111
            ],
            [
              -73.81148,
              4.40282
            ],
            [
              -73.79268,
              4.38111
            ],
            [
              -73.78435,
              4.3017
            ],
            [
              -73.74442,
              4.26736
            ],
            [
              -73.76033,
              4.2364
            ],
            [
              -73.74259,
              4.19802
            ],
            [
              -73.80936,
              4.20392
            ],
            [
              -73.82589,
              4.16834
            ],
            [
              -73.86089,
              4.17183
            ],
            [
              -73.89583,
              4.14264
            ],
            [
              -73.93308,
              4.14924
            ],
            [
              -73.96007,
              4.09552
            ],
            [
              -74.00593,
              4.10977
            ],
            [
              -74.03589,
              4.08238
            ],
            [
              -74.03489,
              4.06084
            ],
            [
              -74.0707,
              4.0577
            ],
            [
              -74.12349,
              4.00127
            ],
            [
              -74.16026,
              4.01785
            ],
            [
              -74.21738,
              4.0109
            ],
            [
              -74.26014,
              3.94825
            ],
            [
              -74.25643,
              3.92787
            ],
            [
              -74.31705,
              3.88075
            ],
            [
              -74.29662,
              3.8189
            ],
            [
              -74.32724,
              3.82667
            ],
            [
              -74.39389,
              3.76991
            ],
            [
              -74.38716,
              3.7527
            ],
            [
              -74.41575,
              3.74105
            ],
            [
              -74.42448,
              3.7084
            ],
            [
              -74.50286,
              3.64628
            ],
            [
              -74.52505,
              3.57752
            ],
            [
              -74.56363,
              3.5259
            ],
            [
              -74.58971,
              3.5282
            ],
            [
              -74.63053,
              3.4713
            ],
            [
              -74.60567,
              3.41414
            ],
            [
              -74.63984,
              3.36837
            ],
            [
              -74.61787,
              3.33051
            ],
            [
              -74.61633,
              3.2878
            ],
            [
              -74.65658,
              3.24759
            ],
            [
              -74.67326,
              3.18635
            ],
            [
              -74.71302,
              3.16996
            ],
            [
              -74.78778,
              3.06042
            ],
            [
              -74.81596,
              3.05303
            ],
            [
              -74.8496,
              2.99471
            ],
            [
              -74.90101,
              2.96274
            ],
            [
              -74.93335,
              2.90943
            ],
            [
              -74.91063,
              2.88354
            ],
            [
              -74.87833,
              2.915
            ],
            [
              -74.83688,
              2.90854
            ],
            [
              -74.8,
              2.93833
            ],
            [
              -74.76937,
              2.87312
            ],
            [
              -74.67333,
              2.88875
            ],
            [
              -74.66666,
              2.805
            ],
            [
              -74.64333,
              2.75583
            ],
            [
              -74.6175,
              2.75375
            ],
            [
              -74.6375,
              2.70083
            ],
            [
              -74.58583,
              2.66542
            ],
            [
              -74.68166,
              2.55833
            ],
            [
              -74.6775,
              2.52375
            ],
            [
              -74.6475,
              2.49375
            ],
            [
              -74.66292,
              2.48833
            ],
            [
              -74.67292,
              2.425
            ],
            [
              -74.69292,
              2.42
            ],
            [
              -74.73375,
              2.34667
            ],
            [
              -74.74834,
              2.27417
            ],
            [
              -74.73,
              2.28
            ],
            [
              -74.71584,
              2.26333
            ],
            [
              -74.70917,
              2.28375
            ],
            [
              -74.69334,
              2.28417
            ],
            [
              -74.70125,
              2.27167
            ],
            [
              -74.65,
              2.24
            ],
            [
              -74.665,
              2.21125
            ],
            [
              -74.62708,
              2.1925
            ],
            [
              -74.61083,
              2.20833
            ],
            [
              -74.59167,
              2.20167
            ],
            [
              -74.58916,
              2.17
            ],
            [
              -74.60416,
              2.15667
            ],
            [
              -74.58,
              2.12458
            ],
            [
              -74.55083,
              2.13167
            ],
            [
              -74.53875,
              2.11
            ],
            [
              -74.48542,
              2.14917
            ],
            [
              -74.48417,
              2.11
            ],
            [
              -74.46208,
              2.08917
            ],
            [
              -74.3925,
              2.08417
            ],
            [
              -74.36194,
              2.05951
            ],
            [
              -74.2419,
              2.05642
            ],
            [
              -74.19,
              1.98542
            ],
            [
              -74.15334,
              1.97958
            ],
            [
              -74.14958,
              1.9975
            ],
            [
              -74.105,
              1.9725
            ],
            [
              -74.04,
              1.97083
            ],
            [
              -73.65667,
              1.61773
            ],
            [
              -73.65693,
              2.29447
            ],
            [
              -73.6434,
              2.28367
            ],
            [
              -73.6297,
              2.29487
            ],
            [
              -73.63504,
              2.3257
            ],
            [
              -73.61385,
              2.34114
            ],
            [
              -73.63298,
              2.36034
            ],
            [
              -73.61757,
              2.37727
            ],
            [
              -73.58638,
              2.39002
            ],
            [
              -73.58544,
              2.35957
            ],
            [
              -73.57197,
              2.35492
            ],
            [
              -73.52803,
              2.38756
            ],
            [
              -73.51228,
              2.33294
            ],
            [
              -73.50586,
              2.35644
            ],
            [
              -73.47404,
              2.36176
            ],
            [
              -73.4503,
              2.33973
            ],
            [
              -73.45568,
              2.38238
            ],
            [
              -73.44231,
              2.38627
            ],
            [
              -73.43677,
              2.32654
            ],
            [
              -73.41216,
              2.35697
            ],
            [
              -73.39035,
              2.35113
            ],
            [
              -73.3963,
              2.32887
            ],
            [
              -73.37897,
              2.32496
            ],
            [
              -73.37461,
              2.36248
            ],
            [
              -73.35691,
              2.3685
            ],
            [
              -73.34509,
              2.35268
            ],
            [
              -73.35671,
              2.3241
            ],
            [
              -73.33317,
              2.33335
            ],
            [
              -73.33041,
              2.36036
            ],
            [
              -73.30065,
              2.33599
            ],
            [
              -73.26743,
              2.35877
            ],
            [
              -73.24247,
              2.34733
            ],
            [
              -73.24115,
              2.37134
            ],
            [
              -73.26787,
              2.38087
            ],
            [
              -73.22595,
              2.38891
            ],
            [
              -73.21652,
              2.40547
            ],
            [
              -73.21769,
              2.38636
            ],
            [
              -73.2016,
              2.38247
            ],
            [
              -73.16573,
              2.39941
            ],
            [
              -73.1635,
              2.36539
            ],
            [
              -73.12407,
              2.37882
            ],
            [
              -73.14127,
              2.39712
            ],
            [
              -73.12778,
              2.41098
            ],
            [
              -73.11055,
              2.381
            ],
            [
              -73.04523,
              2.43792
            ],
            [
              -73.03279,
              2.41257
            ],
            [
              -72.9861,
              2.4519
            ],
            [
              -72.96577,
              2.44844
            ],
            [
              -72.96255,
              2.48017
            ],
            [
              -72.9348,
              2.46414
            ],
            [
              -72.93273,
              2.49698
            ],
            [
              -72.95423,
              2.49486
            ],
            [
              -72.95834,
              2.50851
            ],
            [
              -72.92103,
              2.53438
            ],
            [
              -72.92032,
              2.56246
            ],
            [
              -72.81821,
              2.61397
            ],
            [
              -72.73967,
              2.56991
            ],
            [
              -72.70216,
              2.61782
            ],
            [
              -72.67942,
              2.62218
            ],
            [
              -72.65296,
              2.57154
            ],
            [
              -72.62087,
              2.62736
            ],
            [
              -72.58641,
              2.58367
            ],
            [
              -72.58672,
              2.63932
            ],
            [
              -72.55583,
              2.6499
            ],
            [
              -72.57142,
              2.67412
            ],
            [
              -72.53725,
              2.68282
            ],
            [
              -72.53631,
              2.70272
            ],
            [
              -72.47221,
              2.68935
            ],
            [
              -72.47059,
              2.73383
            ],
            [
              -72.43464,
              2.73999
            ],
            [
              -72.40665,
              2.726
            ],
            [
              -72.33551,
              2.79675
            ],
            [
              -72.31302,
              2.79912
            ],
            [
              -72.29497,
              2.77405
            ],
            [
              -72.27995,
              2.77578
            ],
            [
              -72.25949,
              2.8247
            ],
            [
              -72.21512,
              2.77566
            ],
            [
              -72.19286,
              2.77235
            ],
            [
              -72.18404,
              2.79033
            ],
            [
              -72.20581,
              2.81483
            ],
            [
              -72.20271,
              2.86405
            ],
            [
              -72.18282,
              2.87522
            ],
            [
              -72.14396,
              2.86474
            ],
            [
              -72.13485,
              2.88904
            ],
            [
              -72.08213,
              2.82585
            ],
            [
              -72.05162,
              2.81668
            ],
            [
              -72.00486,
              2.82935
            ],
            [
              -71.98192,
              2.80119
            ],
            [
              -71.95394,
              2.83174
            ],
            [
              -71.82791,
              2.83747
            ],
            [
              -71.82315,
              2.87002
            ],
            [
              -71.85086,
              2.8716
            ],
            [
              -71.82061,
              2.87912
            ],
            [
              -71.78844,
              2.8695
            ],
            [
              -71.78004,
              2.81783
            ],
            [
              -71.75801,
              2.85297
            ],
            [
              -71.76186,
              2.8973
            ],
            [
              -71.69707,
              2.83811
            ],
            [
              -71.6815,
              2.87169
            ],
            [
              -71.66201,
              2.87273
            ],
            [
              -71.6739,
              2.82578
            ],
            [
              -71.65221,
              2.82019
            ],
            [
              -71.61059,
              2.84632
            ],
            [
              -71.57517,
              2.84427
            ],
            [
              -71.58325,
              2.87229
            ],
            [
              -71.54509,
              2.85911
            ],
            [
              -71.52067,
              2.879
            ],
            [
              -71.4703,
              2.8531
            ],
            [
              -71.46338,
              2.89928
            ],
            [
              -71.39072,
              2.84403
            ],
            [
              -71.37457,
              2.89184
            ],
            [
              -71.3453,
              2.86034
            ],
            [
              -71.32474,
              2.92453
            ],
            [
              -71.30602,
              2.92018
            ],
            [
              -71.29956,
              2.87558
            ],
            [
              -71.28368,
              2.86782
            ],
            [
              -71.25964,
              2.88618
            ],
            [
              -71.24717,
              2.86275
            ],
            [
              -71.22179,
              2.86559
            ],
            [
              -71.18351,
              2.90484
            ],
            [
              -71.15382,
              2.87231
            ],
            [
              -71.13824,
              2.90395
            ],
            [
              -71.10945,
              2.87261
            ],
            [
              -71.07753,
              2.88223
            ],
            [
              -71.07793,
              4.8991
            ]
          ]
        ]
      },
      "properties": {
        "code": "50",
        "name": "META",
        "resultType": "observed",
        "source": "dane-divipola-mgn-2025",
        "year": 2025
      }
    },
    {
      "type": "Feature",
      "id": 337,
      "geometry": {
        "type": "MultiPolygon",
        "coordinates": [
          [
            [
              [
                -78.88843,
                1.51049
              ],
              [
                -78.89501,
                1.50683
              ],
              [
                -78.87654,
                1.50913
              ],
              [
                -78.88843,
                1.51049
              ]
            ]
          ],
          [
            [
              [
                -78.14026,
                2.67615
              ],
              [
                -78.33269,
                2.65634
              ],
              [
                -78.37122,
                2.63719
              ],
              [
                -78.39553,
                2.60303
              ],
              [
                -78.45518,
                2.59759
              ],
              [
                -78.45424,
                2.57553
              ],
              [
                -78.51425,
                2.50036
              ],
              [
                -78.55702,
                2.49158
              ],
              [
                -78.55179,
                2.44721
              ],
              [
                -78.56162,
                2.43134
              ],
              [
                -78.56641,
                2.45456
              ],
              [
                -78.62198,
                2.37732
              ],
              [
                -78.62325,
                2.32674
              ],
              [
                -78.66051,
                2.28684
              ],
              [
                -78.67325,
                2.24074
              ],
              [
                -78.69779,
                2.23247
              ],
              [
                -78.71275,
                2.16759
              ],
              [
                -78.70356,
                2.11865
              ],
              [
                -78.68974,
                2.11177
              ],
              [
                -78.67991,
                2.05863
              ],
              [
                -78.64982,
                2.04995
              ],
              [
                -78.67596,
                2.04951
              ],
              [
                -78.67437,
                1.98009
              ],
              [
                -78.64589,
                1.97843
              ],
              [
                -78.63574,
                2.01156
              ],
              [
                -78.585,
                1.97261
              ],
              [
                -78.60269,
                1.94701
              ],
              [
                -78.59709,
                1.89434
              ],
              [
                -78.55194,
                1.89888
              ],
              [
                -78.5385,
                1.85589
              ],
              [
                -78.55082,
                1.83573
              ],
              [
                -78.54247,
                1.80211
              ],
              [
                -78.56403,
                1.79215
              ],
              [
                -78.55365,
                1.75773
              ],
              [
                -78.5819,
                1.74032
              ],
              [
                -78.56859,
                1.75125
              ],
              [
                -78.58074,
                1.77845
              ],
              [
                -78.5998,
                1.77354
              ],
              [
                -78.59759,
                1.79268
              ],
              [
                -78.65127,
                1.79369
              ],
              [
                -78.65446,
                1.77509
              ],
              [
                -78.68789,
                1.78164
              ],
              [
                -78.67521,
                1.76157
              ],
              [
                -78.68667,
                1.74835
              ],
              [
                -78.69258,
                1.79047
              ],
              [
                -78.69946,
                1.76977
              ],
              [
                -78.71716,
                1.7934
              ],
              [
                -78.71377,
                1.74567
              ],
              [
                -78.72837,
                1.7325
              ],
              [
                -78.73809,
                1.74546
              ],
              [
                -78.76217,
                1.74145
              ],
              [
                -78.72647,
                1.75309
              ],
              [
                -78.74721,
                1.76577
              ],
              [
                -78.72585,
                1.7628
              ],
              [
                -78.73827,
                1.79693
              ],
              [
                -78.74372,
                1.78548
              ],
              [
                -78.75602,
                1.79814
              ],
              [
                -78.75755,
                1.77713
              ],
              [
                -78.7851,
                1.79859
              ],
              [
                -78.75991,
                1.81973
              ],
              [
                -78.75181,
                1.80567
              ],
              [
                -78.72373,
                1.82353
              ],
              [
                -78.76863,
                1.82229
              ],
              [
                -78.81193,
                1.78697
              ],
              [
                -78.77971,
                1.82452
              ],
              [
                -78.80964,
                1.82928
              ],
              [
                -78.86491,
                1.80334
              ],
              [
                -78.93084,
                1.73415
              ],
              [
                -78.95442,
                1.68437
              ],
              [
                -79.00689,
                1.65804
              ],
              [
                -78.9986,
                1.63884
              ],
              [
                -79.01008,
                1.63197
              ],
              [
                -78.98159,
                1.59391
              ],
              [
                -78.96546,
                1.60196
              ],
              [
                -78.9025,
                1.54313
              ],
              [
                -78.8635,
                1.55084
              ],
              [
                -78.87417,
                1.51268
              ],
              [
                -78.85634,
                1.48079
              ],
              [
                -78.81887,
                1.47308
              ],
              [
                -78.79861,
                1.4848
              ],
              [
                -78.8336,
                1.45068
              ],
              [
                -78.80814,
                1.45581
              ],
              [
                -78.82466,
                1.44514
              ],
              [
                -78.77536,
                1.40605
              ],
              [
                -78.77859,
                1.39248
              ],
              [
                -78.75771,
                1.39404
              ],
              [
                -78.69504,
                1.33019
              ],
              [
                -78.66073,
                1.31962
              ],
              [
                -78.64887,
                1.27727
              ],
              [
                -78.61542,
                1.24627
              ],
              [
                -78.54454,
                1.24436
              ],
              [
                -78.54758,
                1.22664
              ],
              [
                -78.51463,
                1.2132
              ],
              [
                -78.51671,
                1.18786
              ],
              [
                -78.4951,
                1.19839
              ],
              [
                -78.4552,
                1.17651
              ],
              [
                -78.43817,
                1.19392
              ],
              [
                -78.42778,
                1.13881
              ],
              [
                -78.41632,
                1.13893
              ],
              [
                -78.41768,
                1.1599
              ],
              [
                -78.3951,
                1.15227
              ],
              [
                -78.37446,
                1.17471
              ],
              [
                -78.31139,
                1.1913
              ],
              [
                -78.28196,
                1.11096
              ],
              [
                -78.25108,
                1.09946
              ],
              [
                -78.25189,
                1.07918
              ],
              [
                -78.27703,
                1.07291
              ],
              [
                -78.28158,
                1.05617
              ],
              [
                -78.2061,
                1.00206
              ],
              [
                -78.19185,
                0.96974
              ],
              [
                -78.19997,
                0.94969
              ],
              [
                -78.18512,
                0.93801
              ],
              [
                -78.15352,
                0.92401
              ],
              [
                -78.11187,
                0.93225
              ],
              [
                -78.08913,
                0.89709
              ],
              [
                -78.02172,
                0.87477
              ],
              [
                -77.93723,
                0.81668
              ],
              [
                -77.84279,
                0.80245
              ],
              [
                -77.80477,
                0.83097
              ],
              [
                -77.74637,
                0.83286
              ],
              [
                -77.71424,
                0.85109
              ],
              [
                -77.66492,
                0.81804
              ],
              [
                -77.67696,
                0.79238
              ],
              [
                -77.66159,
                0.79
              ],
              [
                -77.69783,
                0.74142
              ],
              [
                -77.67539,
                0.73722
              ],
              [
                -77.6662,
                0.70528
              ],
              [
                -77.6227,
                0.69459
              ],
              [
                -77.55639,
                0.64939
              ],
              [
                -77.48089,
                0.65712
              ],
              [
                -77.48086,
                0.60958
              ],
              [
                -77.5223,
                0.53156
              ],
              [
                -77.52772,
                0.40019
              ],
              [
                -77.4245,
                0.39202
              ],
              [
                -77.40772,
                0.40486
              ],
              [
                -77.38118,
                0.38526
              ],
              [
                -77.37162,
                0.40107
              ],
              [
                -77.28806,
                0.36326
              ],
              [
                -77.21373,
                0.36325
              ],
              [
                -77.17908,
                0.3898
              ],
              [
                -77.1127,
                0.37267
              ],
              [
                -77.08802,
                0.39463
              ],
              [
                -77.09915,
                0.41062
              ],
              [
                -77.08908,
                0.42438
              ],
              [
                -77.10762,
                0.44248
              ],
              [
                -77.10207,
                0.47038
              ],
              [
                -77.13023,
                0.5245
              ],
              [
                -77.11736,
                0.59136
              ],
              [
                -77.18681,
                0.63095
              ],
              [
                -77.13915,
                0.82151
              ],
              [
                -77.10207,
                0.83365
              ],
              [
                -77.12121,
                0.89316
              ],
              [
                -77.07275,
                0.94231
              ],
              [
                -77.07378,
                0.9697
              ],
              [
                -77.02807,
                0.99493
              ],
              [
                -77.0368,
                1.04706
              ],
              [
                -77.05813,
                1.0343
              ],
              [
                -77.09299,
                1.07504
              ],
              [
                -77.10006,
                1.154
              ],
              [
                -77.08843,
                1.18337
              ],
              [
                -77.02096,
                1.19622
              ],
              [
                -76.98111,
                1.22279
              ],
              [
                -76.97941,
                1.28669
              ],
              [
                -76.93959,
                1.27268
              ],
              [
                -76.90415,
                1.32094
              ],
              [
                -76.9318,
                1.3858
              ],
              [
                -76.91825,
                1.42966
              ],
              [
                -76.92893,
                1.50049
              ],
              [
                -76.85861,
                1.52247
              ],
              [
                -76.83453,
                1.61542
              ],
              [
                -76.90209,
                1.66237
              ],
              [
                -76.93608,
                1.729
              ],
              [
                -76.99833,
                1.70733
              ],
              [
                -77.02635,
                1.71397
              ],
              [
                -77.05685,
                1.69905
              ],
              [
                -77.07233,
                1.66896
              ],
              [
                -77.13756,
                1.65493
              ],
              [
                -77.1508,
                1.68564
              ],
              [
                -77.23897,
                1.65734
              ],
              [
                -77.33088,
                1.68151
              ],
              [
                -77.29469,
                1.766
              ],
              [
                -77.31007,
                1.8042
              ],
              [
                -77.28919,
                1.84905
              ],
              [
                -77.25575,
                1.8697
              ],
              [
                -77.24549,
                1.91133
              ],
              [
                -77.21838,
                1.91697
              ],
              [
                -77.20316,
                1.95204
              ],
              [
                -77.22057,
                1.98819
              ],
              [
                -77.25931,
                1.9941
              ],
              [
                -77.33353,
                2.05136
              ],
              [
                -77.30762,
                2.10816
              ],
              [
                -77.31796,
                2.18192
              ],
              [
                -77.30774,
                2.19596
              ],
              [
                -77.32308,
                2.222
              ],
              [
                -77.35885,
                2.26236
              ],
              [
                -77.38568,
                2.25594
              ],
              [
                -77.45943,
                2.28618
              ],
              [
                -77.47902,
                2.27369
              ],
              [
                -77.47227,
                2.24132
              ],
              [
                -77.48794,
                2.19525
              ],
              [
                -77.55621,
                2.20252
              ],
              [
                -77.60363,
                2.16471
              ],
              [
                -77.64562,
                2.16854
              ],
              [
                -77.73936,
                2.13357
              ],
              [
                -77.83864,
                2.17821
              ],
              [
                -77.85322,
                2.20541
              ],
              [
                -77.84792,
                2.26059
              ],
              [
                -77.91879,
                2.4167
              ],
              [
                -77.91552,
                2.59368
              ],
              [
                -77.92834,
                2.6404
              ],
              [
                -77.94537,
                2.62567
              ],
              [
                -77.97822,
                2.6617
              ],
              [
                -78.03291,
                2.64947
              ],
              [
                -78.07246,
                2.61116
              ],
              [
                -78.09671,
                2.64723
              ],
              [
                -78.13719,
                2.64398
              ],
              [
                -78.14026,
                2.67615
              ]
            ]
          ]
        ]
      },
      "properties": {
        "code": "52",
        "name": "NARIÑO",
        "resultType": "observed",
        "source": "dane-divipola-mgn-2025",
        "year": 2025
      }
    },
    {
      "type": "Feature",
      "id": 338,
      "geometry": {
        "type": "Polygon",
        "coordinates": [
          [
            [
              -73.00391,
              9.2802
            ],
            [
              -73.01087,
              9.29075
            ],
            [
              -73.05018,
              9.2584
            ],
            [
              -73.07092,
              9.26413
            ],
            [
              -73.08817,
              9.22624
            ],
            [
              -73.13006,
              9.2284
            ],
            [
              -73.17698,
              9.17664
            ],
            [
              -73.21362,
              9.1832
            ],
            [
              -73.25095,
              9.15823
            ],
            [
              -73.3681,
              9.17161
            ],
            [
              -73.38119,
              9.15278
            ],
            [
              -73.40521,
              9.16204
            ],
            [
              -73.4242,
              9.1238
            ],
            [
              -73.41194,
              9.05267
            ],
            [
              -73.43966,
              8.97531
            ],
            [
              -73.42568,
              8.89957
            ],
            [
              -73.44825,
              8.86225
            ],
            [
              -73.41462,
              8.76603
            ],
            [
              -73.45839,
              8.74967
            ],
            [
              -73.47177,
              8.70745
            ],
            [
              -73.50734,
              8.68495
            ],
            [
              -73.52159,
              8.63826
            ],
            [
              -73.55224,
              8.60687
            ],
            [
              -73.5472,
              8.56432
            ],
            [
              -73.51499,
              8.52898
            ],
            [
              -73.57773,
              8.49581
            ],
            [
              -73.5477,
              8.47141
            ],
            [
              -73.52277,
              8.48293
            ],
            [
              -73.47767,
              8.47012
            ],
            [
              -73.47329,
              8.44683
            ],
            [
              -73.53,
              8.38079
            ],
            [
              -73.48805,
              8.38398
            ],
            [
              -73.44181,
              8.34084
            ],
            [
              -73.43424,
              8.36538
            ],
            [
              -73.39316,
              8.38213
            ],
            [
              -73.4144,
              8.45926
            ],
            [
              -73.37035,
              8.45908
            ],
            [
              -73.34206,
              8.43557
            ],
            [
              -73.35067,
              8.33108
            ],
            [
              -73.37659,
              8.31052
            ],
            [
              -73.37418,
              8.26601
            ],
            [
              -73.44063,
              8.25724
            ],
            [
              -73.42934,
              8.22486
            ],
            [
              -73.4489,
              8.19252
            ],
            [
              -73.42808,
              8.18052
            ],
            [
              -73.42966,
              8.12328
            ],
            [
              -73.37757,
              8.10554
            ],
            [
              -73.36703,
              8.01263
            ],
            [
              -73.30929,
              8.01552
            ],
            [
              -73.29836,
              7.98501
            ],
            [
              -73.27925,
              7.9879
            ],
            [
              -73.27603,
              7.94605
            ],
            [
              -73.30346,
              7.90651
            ],
            [
              -73.34788,
              7.89854
            ],
            [
              -73.3431,
              7.81215
            ],
            [
              -73.43931,
              7.69655
            ],
            [
              -73.49083,
              7.67437
            ],
            [
              -73.55891,
              7.72832
            ],
            [
              -73.63315,
              7.74518
            ],
            [
              -73.60003,
              7.72586
            ],
            [
              -73.59692,
              7.70135
            ],
            [
              -73.55909,
              7.69129
            ],
            [
              -73.55883,
              7.67236
            ],
            [
              -73.51788,
              7.64143
            ],
            [
              -73.50556,
              7.59578
            ],
            [
              -73.40874,
              7.56516
            ],
            [
              -73.38644,
              7.58214
            ],
            [
              -73.35534,
              7.54435
            ],
            [
              -73.28376,
              7.54937
            ],
            [
              -73.25657,
              7.53157
            ],
            [
              -73.24754,
              7.55826
            ],
            [
              -73.25918,
              7.58738
            ],
            [
              -73.21904,
              7.63211
            ],
            [
              -73.12332,
              7.60812
            ],
            [
              -72.98235,
              7.62031
            ],
            [
              -72.99224,
              7.59697
            ],
            [
              -72.9783,
              7.52905
            ],
            [
              -72.89608,
              7.4796
            ],
            [
              -72.90036,
              7.43336
            ],
            [
              -72.85067,
              7.37472
            ],
            [
              -72.85602,
              7.36279
            ],
            [
              -72.83683,
              7.35561
            ],
            [
              -72.83406,
              7.30424
            ],
            [
              -72.87614,
              7.26732
            ],
            [
              -72.85642,
              7.21696
            ],
            [
              -72.83118,
              7.19948
            ],
            [
              -72.85905,
              7.15452
            ],
            [
              -72.84672,
              7.13544
            ],
            [
              -72.8818,
              7.08261
            ],
            [
              -72.87751,
              7.05581
            ],
            [
              -72.79003,
              7.0376
            ],
            [
              -72.73958,
              6.98434
            ],
            [
              -72.72178,
              7.00505
            ],
            [
              -72.67732,
              7.00779
            ],
            [
              -72.6685,
              6.9655
            ],
            [
              -72.64912,
              6.99752
            ],
            [
              -72.63203,
              6.98692
            ],
            [
              -72.56237,
              6.99979
            ],
            [
              -72.54191,
              6.9419
            ],
            [
              -72.54737,
              6.88595
            ],
            [
              -72.51374,
              6.888
            ],
            [
              -72.48902,
              6.92479
            ],
            [
              -72.39233,
              6.87221
            ],
            [
              -72.31343,
              6.93222
            ],
            [
              -72.27652,
              7.01279
            ],
            [
              -72.25167,
              7.00688
            ],
            [
              -72.24425,
              6.97703
            ],
            [
              -72.20097,
              7.00669
            ],
            [
              -72.19065,
              7.04747
            ],
            [
              -72.18409,
              7.02893
            ],
            [
              -72.16198,
              7.04694
            ],
            [
              -72.14714,
              7.0153
            ],
            [
              -72.11351,
              6.99709
            ],
            [
              -72.08167,
              7.04525
            ],
            [
              -72.04761,
              7.03818
            ],
            [
              -72.17442,
              7.25761
            ],
            [
              -72.15386,
              7.32819
            ],
            [
              -72.19445,
              7.3838
            ],
            [
              -72.29984,
              7.39069
            ],
            [
              -72.32554,
              7.37597
            ],
            [
              -72.35349,
              7.39625
            ],
            [
              -72.42859,
              7.40239
            ],
            [
              -72.44712,
              7.46188
            ],
            [
              -72.47514,
              7.48721
            ],
            [
              -72.4525,
              7.56453
            ],
            [
              -72.47604,
              7.63162
            ],
            [
              -72.47366,
              7.75853
            ],
            [
              -72.44459,
              7.85984
            ],
            [
              -72.45709,
              7.9112
            ],
            [
              -72.48653,
              7.92684
            ],
            [
              -72.48807,
              7.94348
            ],
            [
              -72.41875,
              7.99546
            ],
            [
              -72.416,
              8.03335
            ],
            [
              -72.38339,
              8.03446
            ],
            [
              -72.35135,
              8.0044
            ],
            [
              -72.34713,
              8.01638
            ],
            [
              -72.35237,
              8.08664
            ],
            [
              -72.37352,
              8.10514
            ],
            [
              -72.35453,
              8.16572
            ],
            [
              -72.39367,
              8.25261
            ],
            [
              -72.37991,
              8.30431
            ],
            [
              -72.39543,
              8.32613
            ],
            [
              -72.38833,
              8.34823
            ],
            [
              -72.61709,
              8.59521
            ],
            [
              -72.65479,
              8.61428
            ],
            [
              -72.7202,
              8.94074
            ],
            [
              -72.77312,
              9.08569
            ],
            [
              -72.76581,
              9.1056
            ],
            [
              -72.78521,
              9.1152
            ],
            [
              -72.79629,
              9.10346
            ],
            [
              -72.79613,
              9.12126
            ],
            [
              -72.81152,
              9.11994
            ],
            [
              -72.82189,
              9.14152
            ],
            [
              -72.82336,
              9.12186
            ],
            [
              -72.88123,
              9.13227
            ],
            [
              -72.88706,
              9.10356
            ],
            [
              -72.93252,
              9.08304
            ],
            [
              -72.9484,
              9.09233
            ],
            [
              -72.98716,
              9.14342
            ],
            [
              -72.9555,
              9.17948
            ],
            [
              -72.97095,
              9.2134
            ],
            [
              -72.99624,
              9.22096
            ],
            [
              -72.98442,
              9.25164
            ],
            [
              -73.00391,
              9.2802
            ]
          ]
        ]
      },
      "properties": {
        "code": "54",
        "name": "NORTE DE SANTANDER",
        "resultType": "observed",
        "source": "dane-divipola-mgn-2025",
        "year": 2025
      }
    },
    {
      "type": "Feature",
      "id": 339,
      "geometry": {
        "type": "Polygon",
        "coordinates": [
          [
            [
              -75.88558,
              4.4111
            ],
            [
              -75.80294,
              4.3956
            ],
            [
              -75.78737,
              4.29362
            ],
            [
              -75.82399,
              4.22585
            ],
            [
              -75.83962,
              4.10108
            ],
            [
              -75.75477,
              4.07582
            ],
            [
              -75.73311,
              4.11414
            ],
            [
              -75.69127,
              4.13894
            ],
            [
              -75.64331,
              4.24605
            ],
            [
              -75.59669,
              4.28026
            ],
            [
              -75.57754,
              4.45222
            ],
            [
              -75.52463,
              4.49793
            ],
            [
              -75.52432,
              4.54344
            ],
            [
              -75.46887,
              4.59832
            ],
            [
              -75.421,
              4.61086
            ],
            [
              -75.42151,
              4.65862
            ],
            [
              -75.38351,
              4.70834
            ],
            [
              -75.43871,
              4.69532
            ],
            [
              -75.47938,
              4.66317
            ],
            [
              -75.5149,
              4.69367
            ],
            [
              -75.6065,
              4.70946
            ],
            [
              -75.65979,
              4.69989
            ],
            [
              -75.70294,
              4.72136
            ],
            [
              -75.70847,
              4.65506
            ],
            [
              -75.82593,
              4.6632
            ],
            [
              -75.86686,
              4.61099
            ],
            [
              -75.88144,
              4.46782
            ],
            [
              -75.86548,
              4.45477
            ],
            [
              -75.88818,
              4.44654
            ],
            [
              -75.88558,
              4.4111
            ]
          ]
        ]
      },
      "properties": {
        "code": "63",
        "name": "QUINDÍO",
        "resultType": "observed",
        "source": "dane-divipola-mgn-2025",
        "year": 2025
      }
    },
    {
      "type": "Feature",
      "id": 340,
      "geometry": {
        "type": "Polygon",
        "coordinates": [
          [
            [
              -76.00824,
              5.56366
            ],
            [
              -76.03704,
              5.56717
            ],
            [
              -76.07479,
              5.5466
            ],
            [
              -76.08534,
              5.44975
            ],
            [
              -76.15248,
              5.40757
            ],
            [
              -76.17798,
              5.40128
            ],
            [
              -76.19122,
              5.41458
            ],
            [
              -76.21143,
              5.34862
            ],
            [
              -76.17362,
              5.26025
            ],
            [
              -76.14202,
              5.23338
            ],
            [
              -76.13249,
              5.18345
            ],
            [
              -76.06091,
              5.1371
            ],
            [
              -76.07982,
              5.04093
            ],
            [
              -76.04909,
              5.00715
            ],
            [
              -76.02771,
              4.9386
            ],
            [
              -75.98758,
              4.9114
            ],
            [
              -75.98816,
              4.87451
            ],
            [
              -75.94281,
              4.85671
            ],
            [
              -75.91424,
              4.87351
            ],
            [
              -75.90061,
              4.85207
            ],
            [
              -75.91076,
              4.81659
            ],
            [
              -75.93571,
              4.80773
            ],
            [
              -75.91747,
              4.79449
            ],
            [
              -75.92907,
              4.76825
            ],
            [
              -75.90773,
              4.75206
            ],
            [
              -75.85197,
              4.77865
            ],
            [
              -75.8561,
              4.72783
            ],
            [
              -75.8311,
              4.73782
            ],
            [
              -75.75396,
              4.70988
            ],
            [
              -75.70294,
              4.72136
            ],
            [
              -75.65979,
              4.69989
            ],
            [
              -75.54579,
              4.70148
            ],
            [
              -75.47938,
              4.66317
            ],
            [
              -75.41191,
              4.6989
            ],
            [
              -75.37794,
              4.72958
            ],
            [
              -75.388,
              4.74685
            ],
            [
              -75.3755,
              4.80268
            ],
            [
              -75.42687,
              4.81639
            ],
            [
              -75.48009,
              4.91646
            ],
            [
              -75.53746,
              4.91653
            ],
            [
              -75.56459,
              4.9378
            ],
            [
              -75.61706,
              4.93141
            ],
            [
              -75.62308,
              4.97096
            ],
            [
              -75.63951,
              4.975
            ],
            [
              -75.65554,
              4.9458
            ],
            [
              -75.70238,
              4.9455
            ],
            [
              -75.74681,
              5.04682
            ],
            [
              -75.78139,
              5.01038
            ],
            [
              -75.79219,
              4.93777
            ],
            [
              -75.81481,
              4.91944
            ],
            [
              -75.86712,
              4.93329
            ],
            [
              -75.86073,
              4.94213
            ],
            [
              -75.89216,
              4.96153
            ],
            [
              -75.90387,
              5.02362
            ],
            [
              -75.92203,
              5.04205
            ],
            [
              -75.91735,
              5.07869
            ],
            [
              -75.89183,
              5.131
            ],
            [
              -75.84585,
              5.10558
            ],
            [
              -75.83657,
              5.11478
            ],
            [
              -75.83382,
              5.15008
            ],
            [
              -75.80238,
              5.20036
            ],
            [
              -75.82366,
              5.27012
            ],
            [
              -75.74927,
              5.28452
            ],
            [
              -75.73481,
              5.26437
            ],
            [
              -75.69264,
              5.25519
            ],
            [
              -75.66623,
              5.26847
            ],
            [
              -75.64816,
              5.30869
            ],
            [
              -75.66617,
              5.354
            ],
            [
              -75.72523,
              5.39714
            ],
            [
              -75.80917,
              5.36213
            ],
            [
              -75.86068,
              5.37171
            ],
            [
              -75.85064,
              5.41248
            ],
            [
              -75.86802,
              5.49024
            ],
            [
              -75.90502,
              5.47986
            ],
            [
              -75.9308,
              5.50887
            ],
            [
              -75.95927,
              5.50508
            ],
            [
              -76.00824,
              5.56366
            ]
          ]
        ]
      },
      "properties": {
        "code": "66",
        "name": "RISARALDA",
        "resultType": "observed",
        "source": "dane-divipola-mgn-2025",
        "year": 2025
      }
    },
    {
      "type": "Feature",
      "id": 341,
      "geometry": {
        "type": "Polygon",
        "coordinates": [
          [
            [
              -73.77429,
              8.10825
            ],
            [
              -73.77526,
              8.14501
            ],
            [
              -73.86755,
              8.06362
            ],
            [
              -73.86731,
              7.98189
            ],
            [
              -73.83159,
              7.93587
            ],
            [
              -73.82163,
              7.82303
            ],
            [
              -73.79814,
              7.77499
            ],
            [
              -73.83185,
              7.72982
            ],
            [
              -73.79731,
              7.65439
            ],
            [
              -73.81843,
              7.64281
            ],
            [
              -73.81031,
              7.61657
            ],
            [
              -73.82871,
              7.60244
            ],
            [
              -73.84836,
              7.53592
            ],
            [
              -73.90997,
              7.49795
            ],
            [
              -73.91743,
              7.47597
            ],
            [
              -73.89597,
              7.40878
            ],
            [
              -73.93877,
              7.17677
            ],
            [
              -73.9311,
              7.11907
            ],
            [
              -73.88818,
              7.07021
            ],
            [
              -73.88421,
              7.00524
            ],
            [
              -73.91562,
              6.96912
            ],
            [
              -74.01065,
              6.91328
            ],
            [
              -74.07723,
              6.84189
            ],
            [
              -74.11515,
              6.76557
            ],
            [
              -74.17731,
              6.72495
            ],
            [
              -74.22918,
              6.71142
            ],
            [
              -74.25901,
              6.67337
            ],
            [
              -74.31222,
              6.65431
            ],
            [
              -74.33023,
              6.62957
            ],
            [
              -74.35939,
              6.63284
            ],
            [
              -74.40474,
              6.59385
            ],
            [
              -74.3938,
              6.50046
            ],
            [
              -74.40468,
              6.47089
            ],
            [
              -74.3695,
              6.41222
            ],
            [
              -74.42353,
              6.38998
            ],
            [
              -74.45039,
              6.33188
            ],
            [
              -74.52895,
              6.26327
            ],
            [
              -74.50842,
              6.21647
            ],
            [
              -74.46963,
              6.20139
            ],
            [
              -74.47948,
              6.15964
            ],
            [
              -74.45263,
              6.13568
            ],
            [
              -74.45169,
              6.09929
            ],
            [
              -74.40799,
              6.08646
            ],
            [
              -74.38306,
              6.04028
            ],
            [
              -74.34755,
              6.03852
            ],
            [
              -74.33733,
              6.06498
            ],
            [
              -74.29807,
              6.08411
            ],
            [
              -74.25872,
              6.06552
            ],
            [
              -74.26008,
              6.01248
            ],
            [
              -74.22222,
              5.96791
            ],
            [
              -74.2389,
              5.94369
            ],
            [
              -74.22449,
              5.92324
            ],
            [
              -74.23114,
              5.90501
            ],
            [
              -74.27498,
              5.86848
            ],
            [
              -74.26608,
              5.83459
            ],
            [
              -74.1973,
              5.85294
            ],
            [
              -74.18042,
              5.91109
            ],
            [
              -74.13333,
              5.87592
            ],
            [
              -74.10308,
              5.877
            ],
            [
              -74.07926,
              5.8185
            ],
            [
              -74.02603,
              5.80682
            ],
            [
              -74.02506,
              5.78076
            ],
            [
              -73.98261,
              5.72091
            ],
            [
              -73.96243,
              5.73944
            ],
            [
              -73.92452,
              5.74303
            ],
            [
              -73.87455,
              5.72787
            ],
            [
              -73.88305,
              5.70757
            ],
            [
              -73.83639,
              5.73986
            ],
            [
              -73.81921,
              5.73748
            ],
            [
              -73.81253,
              5.71497
            ],
            [
              -73.76361,
              5.77292
            ],
            [
              -73.71588,
              5.78169
            ],
            [
              -73.64401,
              5.71521
            ],
            [
              -73.60017,
              5.86899
            ],
            [
              -73.6359,
              5.91116
            ],
            [
              -73.60299,
              5.93748
            ],
            [
              -73.58479,
              6.00819
            ],
            [
              -73.53965,
              6.03743
            ],
            [
              -73.5152,
              6.09908
            ],
            [
              -73.49742,
              6.10803
            ],
            [
              -73.43808,
              6.07138
            ],
            [
              -73.41483,
              6.07309
            ],
            [
              -73.37071,
              6.00523
            ],
            [
              -73.40661,
              5.89087
            ],
            [
              -73.44449,
              5.902
            ],
            [
              -73.4569,
              5.89036
            ],
            [
              -73.45109,
              5.86704
            ],
            [
              -73.47348,
              5.81683
            ],
            [
              -73.43589,
              5.7982
            ],
            [
              -73.43081,
              5.76707
            ],
            [
              -73.39048,
              5.75107
            ],
            [
              -73.35113,
              5.82314
            ],
            [
              -73.35147,
              5.87257
            ],
            [
              -73.32924,
              5.85154
            ],
            [
              -73.27048,
              5.85355
            ],
            [
              -73.24689,
              5.81596
            ],
            [
              -73.18645,
              5.84619
            ],
            [
              -73.22185,
              5.89727
            ],
            [
              -73.20831,
              5.9215
            ],
            [
              -73.22474,
              5.94114
            ],
            [
              -73.22049,
              5.97272
            ],
            [
              -73.19931,
              6.00313
            ],
            [
              -73.14264,
              5.96108
            ],
            [
              -73.10078,
              5.96226
            ],
            [
              -73.03406,
              6.02343
            ],
            [
              -73.00913,
              5.96471
            ],
            [
              -72.91598,
              6.10738
            ],
            [
              -72.87252,
              6.12512
            ],
            [
              -72.86843,
              6.14452
            ],
            [
              -72.83127,
              6.14878
            ],
            [
              -72.80374,
              6.21597
            ],
            [
              -72.77502,
              6.21048
            ],
            [
              -72.74468,
              6.22918
            ],
            [
              -72.75792,
              6.31509
            ],
            [
              -72.72559,
              6.37206
            ],
            [
              -72.73798,
              6.44027
            ],
            [
              -72.72488,
              6.4567
            ],
            [
              -72.73592,
              6.49069
            ],
            [
              -72.80858,
              6.53881
            ],
            [
              -72.80886,
              6.55921
            ],
            [
              -72.7646,
              6.58284
            ],
            [
              -72.71914,
              6.5527
            ],
            [
              -72.64907,
              6.4364
            ],
            [
              -72.53924,
              6.48797
            ],
            [
              -72.54267,
              6.58281
            ],
            [
              -72.48554,
              6.6571
            ],
            [
              -72.49889,
              6.79524
            ],
            [
              -72.47706,
              6.8422
            ],
            [
              -72.50062,
              6.87124
            ],
            [
              -72.50294,
              6.90816
            ],
            [
              -72.51374,
              6.888
            ],
            [
              -72.54737,
              6.88595
            ],
            [
              -72.54191,
              6.9419
            ],
            [
              -72.56237,
              6.99979
            ],
            [
              -72.63203,
              6.98692
            ],
            [
              -72.64912,
              6.99752
            ],
            [
              -72.6685,
              6.9655
            ],
            [
              -72.67732,
              7.00779
            ],
            [
              -72.72178,
              7.00505
            ],
            [
              -72.73958,
              6.98434
            ],
            [
              -72.79003,
              7.0376
            ],
            [
              -72.8778,
              7.05619
            ],
            [
              -72.8818,
              7.08261
            ],
            [
              -72.84672,
              7.13544
            ],
            [
              -72.85905,
              7.15452
            ],
            [
              -72.83118,
              7.19948
            ],
            [
              -72.85642,
              7.21696
            ],
            [
              -72.87614,
              7.26732
            ],
            [
              -72.83406,
              7.30424
            ],
            [
              -72.83683,
              7.35561
            ],
            [
              -72.85602,
              7.36279
            ],
            [
              -72.85067,
              7.37472
            ],
            [
              -72.90036,
              7.43336
            ],
            [
              -72.89608,
              7.4796
            ],
            [
              -72.9783,
              7.52905
            ],
            [
              -72.99224,
              7.59697
            ],
            [
              -72.98235,
              7.62031
            ],
            [
              -73.12332,
              7.60812
            ],
            [
              -73.21904,
              7.63211
            ],
            [
              -73.25918,
              7.58738
            ],
            [
              -73.24754,
              7.55826
            ],
            [
              -73.25657,
              7.53157
            ],
            [
              -73.28376,
              7.54937
            ],
            [
              -73.35534,
              7.54435
            ],
            [
              -73.38644,
              7.58214
            ],
            [
              -73.40874,
              7.56516
            ],
            [
              -73.50556,
              7.59578
            ],
            [
              -73.51788,
              7.64143
            ],
            [
              -73.55883,
              7.67236
            ],
            [
              -73.55909,
              7.69129
            ],
            [
              -73.59692,
              7.70135
            ],
            [
              -73.60003,
              7.72586
            ],
            [
              -73.63304,
              7.74919
            ],
            [
              -73.75835,
              7.75103
            ],
            [
              -73.76187,
              7.77139
            ],
            [
              -73.73739,
              7.78503
            ],
            [
              -73.75117,
              7.81974
            ],
            [
              -73.67078,
              7.9035
            ],
            [
              -73.68232,
              7.95142
            ],
            [
              -73.72369,
              7.96804
            ],
            [
              -73.72117,
              8.01059
            ],
            [
              -73.79142,
              8.10281
            ],
            [
              -73.77429,
              8.10825
            ]
          ]
        ]
      },
      "properties": {
        "code": "68",
        "name": "SANTANDER",
        "resultType": "observed",
        "source": "dane-divipola-mgn-2025",
        "year": 2025
      }
    },
    {
      "type": "Feature",
      "id": 342,
      "geometry": {
        "type": "Polygon",
        "coordinates": [
          [
            [
              -75.5232,
              10.09167
            ],
            [
              -75.49748,
              10.14548
            ],
            [
              -75.57362,
              10.08643
            ],
            [
              -75.57601,
              9.97053
            ],
            [
              -75.62095,
              9.87636
            ],
            [
              -75.62323,
              9.8062
            ],
            [
              -75.64316,
              9.75869
            ],
            [
              -75.7041,
              9.6997
            ],
            [
              -75.65379,
              9.70726
            ],
            [
              -75.61257,
              9.69451
            ],
            [
              -75.57067,
              9.61826
            ],
            [
              -75.57595,
              9.55523
            ],
            [
              -75.62891,
              9.43512
            ],
            [
              -75.67517,
              9.4039
            ],
            [
              -75.70627,
              9.40683
            ],
            [
              -75.7044,
              9.37221
            ],
            [
              -75.67922,
              9.34426
            ],
            [
              -75.66101,
              9.36115
            ],
            [
              -75.62588,
              9.35309
            ],
            [
              -75.58767,
              9.30253
            ],
            [
              -75.60937,
              9.28099
            ],
            [
              -75.51231,
              9.2581
            ],
            [
              -75.49647,
              9.28493
            ],
            [
              -75.49977,
              9.25952
            ],
            [
              -75.45734,
              9.2376
            ],
            [
              -75.4662,
              9.20851
            ],
            [
              -75.45442,
              9.17601
            ],
            [
              -75.4674,
              9.16475
            ],
            [
              -75.44886,
              9.14008
            ],
            [
              -75.39087,
              9.16127
            ],
            [
              -75.38169,
              9.13807
            ],
            [
              -75.31008,
              9.11756
            ],
            [
              -75.30997,
              9.0888
            ],
            [
              -75.29357,
              9.0962
            ],
            [
              -75.29913,
              9.08251
            ],
            [
              -75.28109,
              9.07289
            ],
            [
              -75.22414,
              9.07311
            ],
            [
              -75.18783,
              8.96748
            ],
            [
              -75.15611,
              8.9436
            ],
            [
              -75.17175,
              8.92828
            ],
            [
              -75.18797,
              8.94417
            ],
            [
              -75.18634,
              8.91425
            ],
            [
              -75.21699,
              8.91576
            ],
            [
              -75.24465,
              8.88227
            ],
            [
              -75.27269,
              8.91364
            ],
            [
              -75.29318,
              8.89735
            ],
            [
              -75.29976,
              8.85799
            ],
            [
              -75.33163,
              8.86554
            ],
            [
              -75.37161,
              8.82652
            ],
            [
              -75.36885,
              8.79123
            ],
            [
              -75.32419,
              8.75553
            ],
            [
              -75.34317,
              8.71519
            ],
            [
              -75.33675,
              8.69618
            ],
            [
              -75.34911,
              8.70075
            ],
            [
              -75.35962,
              8.6797
            ],
            [
              -75.31834,
              8.59037
            ],
            [
              -75.33032,
              8.55278
            ],
            [
              -75.30431,
              8.51775
            ],
            [
              -75.31436,
              8.50237
            ],
            [
              -75.2414,
              8.48728
            ],
            [
              -75.23194,
              8.46793
            ],
            [
              -75.21629,
              8.48537
            ],
            [
              -75.19245,
              8.44341
            ],
            [
              -75.2114,
              8.42534
            ],
            [
              -75.18514,
              8.39664
            ],
            [
              -75.15654,
              8.43332
            ],
            [
              -75.13621,
              8.42993
            ],
            [
              -75.12805,
              8.46828
            ],
            [
              -75.04087,
              8.45847
            ],
            [
              -75.03349,
              8.49892
            ],
            [
              -75.00572,
              8.5228
            ],
            [
              -74.92599,
              8.49961
            ],
            [
              -74.92745,
              8.45334
            ],
            [
              -74.89977,
              8.45429
            ],
            [
              -74.85227,
              8.38471
            ],
            [
              -74.84031,
              8.39399
            ],
            [
              -74.8038,
              8.37992
            ],
            [
              -74.82802,
              8.35975
            ],
            [
              -74.79021,
              8.31821
            ],
            [
              -74.7947,
              8.28191
            ],
            [
              -74.77088,
              8.27941
            ],
            [
              -74.74784,
              8.29906
            ],
            [
              -74.72747,
              8.28102
            ],
            [
              -74.71316,
              8.30408
            ],
            [
              -74.65349,
              8.279
            ],
            [
              -74.64925,
              8.31346
            ],
            [
              -74.61401,
              8.347
            ],
            [
              -74.61454,
              8.40654
            ],
            [
              -74.58691,
              8.38412
            ],
            [
              -74.56106,
              8.39007
            ],
            [
              -74.53285,
              8.45477
            ],
            [
              -74.53541,
              8.48064
            ],
            [
              -74.56947,
              8.50952
            ],
            [
              -74.57655,
              8.54432
            ],
            [
              -74.56375,
              8.57176
            ],
            [
              -74.59471,
              8.5923
            ],
            [
              -74.58671,
              8.63078
            ],
            [
              -74.61073,
              8.75594
            ],
            [
              -74.53966,
              8.80529
            ],
            [
              -74.58601,
              8.84117
            ],
            [
              -74.57944,
              8.87277
            ],
            [
              -74.63936,
              8.97746
            ],
            [
              -74.68383,
              9.01151
            ],
            [
              -74.73686,
              9.01583
            ],
            [
              -74.75049,
              9.04236
            ],
            [
              -74.78185,
              9.03766
            ],
            [
              -74.82376,
              9.05742
            ],
            [
              -74.86326,
              9.14848
            ],
            [
              -74.90303,
              9.16348
            ],
            [
              -74.90467,
              9.22961
            ],
            [
              -74.931,
              9.25484
            ],
            [
              -74.92572,
              9.27896
            ],
            [
              -74.94451,
              9.2958
            ],
            [
              -74.93287,
              9.3284
            ],
            [
              -74.95051,
              9.34795
            ],
            [
              -74.89078,
              9.43096
            ],
            [
              -74.93566,
              9.44817
            ],
            [
              -74.96688,
              9.43442
            ],
            [
              -75.03223,
              9.46657
            ],
            [
              -75.02895,
              9.50984
            ],
            [
              -75.01239,
              9.52829
            ],
            [
              -75.03989,
              9.54043
            ],
            [
              -75.07785,
              9.53276
            ],
            [
              -75.13339,
              9.59643
            ],
            [
              -75.16722,
              9.61342
            ],
            [
              -75.18106,
              9.60191
            ],
            [
              -75.18933,
              9.62927
            ],
            [
              -75.16451,
              9.64647
            ],
            [
              -75.23268,
              9.64667
            ],
            [
              -75.27646,
              9.68626
            ],
            [
              -75.31473,
              9.65276
            ],
            [
              -75.32708,
              9.61671
            ],
            [
              -75.35625,
              9.64731
            ],
            [
              -75.37386,
              9.63008
            ],
            [
              -75.37796,
              9.72036
            ],
            [
              -75.35997,
              9.7375
            ],
            [
              -75.33826,
              9.82823
            ],
            [
              -75.37677,
              9.8494
            ],
            [
              -75.39358,
              9.88081
            ],
            [
              -75.42178,
              9.88446
            ],
            [
              -75.3967,
              9.89383
            ],
            [
              -75.42759,
              9.89288
            ],
            [
              -75.43085,
              9.91273
            ],
            [
              -75.46551,
              9.89177
            ],
            [
              -75.48205,
              9.9299
            ],
            [
              -75.46919,
              9.92471
            ],
            [
              -75.46418,
              9.96138
            ],
            [
              -75.4801,
              9.97845
            ],
            [
              -75.47611,
              10.01856
            ],
            [
              -75.49082,
              10.03825
            ],
            [
              -75.51682,
              10.02524
            ],
            [
              -75.54492,
              10.04438
            ],
            [
              -75.5232,
              10.09167
            ]
          ]
        ]
      },
      "properties": {
        "code": "70",
        "name": "SUCRE",
        "resultType": "observed",
        "source": "dane-divipola-mgn-2025",
        "year": 2025
      }
    },
    {
      "type": "Feature",
      "id": 343,
      "geometry": {
        "type": "Polygon",
        "coordinates": [
          [
            [
              -74.73048,
              5.21244
            ],
            [
              -74.72454,
              5.26286
            ],
            [
              -74.74231,
              5.29101
            ],
            [
              -74.75447,
              5.28171
            ],
            [
              -74.82667,
              5.31934
            ],
            [
              -74.87282,
              5.29491
            ],
            [
              -74.93938,
              5.31303
            ],
            [
              -75.05663,
              5.27552
            ],
            [
              -75.11623,
              5.16056
            ],
            [
              -75.17158,
              5.17096
            ],
            [
              -75.23502,
              5.126
            ],
            [
              -75.28385,
              5.14067
            ],
            [
              -75.34475,
              5.08078
            ],
            [
              -75.34879,
              5.05729
            ],
            [
              -75.31801,
              5.01535
            ],
            [
              -75.35272,
              4.96674
            ],
            [
              -75.35246,
              4.94057
            ],
            [
              -75.31872,
              4.88807
            ],
            [
              -75.3755,
              4.80268
            ],
            [
              -75.38317,
              4.70401
            ],
            [
              -75.42151,
              4.65862
            ],
            [
              -75.41566,
              4.62194
            ],
            [
              -75.43232,
              4.60106
            ],
            [
              -75.46887,
              4.59832
            ],
            [
              -75.52432,
              4.54344
            ],
            [
              -75.52463,
              4.49793
            ],
            [
              -75.57754,
              4.45222
            ],
            [
              -75.59669,
              4.28026
            ],
            [
              -75.64331,
              4.24605
            ],
            [
              -75.69644,
              4.13195
            ],
            [
              -75.74711,
              4.09513
            ],
            [
              -75.7387,
              4.05167
            ],
            [
              -75.77649,
              4.00395
            ],
            [
              -75.79526,
              4.00506
            ],
            [
              -75.79147,
              3.97105
            ],
            [
              -75.81219,
              3.91941
            ],
            [
              -75.85838,
              3.88135
            ],
            [
              -75.85295,
              3.85222
            ],
            [
              -75.90326,
              3.79661
            ],
            [
              -75.92013,
              3.74043
            ],
            [
              -75.9603,
              3.70571
            ],
            [
              -75.9504,
              3.67396
            ],
            [
              -75.99373,
              3.63837
            ],
            [
              -75.98395,
              3.55992
            ],
            [
              -76.0413,
              3.43828
            ],
            [
              -76.03145,
              3.38228
            ],
            [
              -76.06192,
              3.35167
            ],
            [
              -76.03783,
              3.30098
            ],
            [
              -76.05054,
              3.28202
            ],
            [
              -76.03858,
              3.25146
            ],
            [
              -76.05945,
              3.23083
            ],
            [
              -76.06041,
              3.20274
            ],
            [
              -76.09154,
              3.1983
            ],
            [
              -76.07372,
              3.12249
            ],
            [
              -76.10574,
              3.10678
            ],
            [
              -76.07318,
              3.07727
            ],
            [
              -76.07298,
              3.04959
            ],
            [
              -76.0449,
              3.04312
            ],
            [
              -76.0413,
              3.01588
            ],
            [
              -76.0208,
              3.00389
            ],
            [
              -76.02899,
              2.94049
            ],
            [
              -75.98859,
              2.98254
            ],
            [
              -75.9534,
              2.91775
            ],
            [
              -75.92741,
              2.92142
            ],
            [
              -75.90154,
              2.89486
            ],
            [
              -75.84013,
              2.8719
            ],
            [
              -75.76295,
              2.91493
            ],
            [
              -75.7615,
              2.94232
            ],
            [
              -75.70271,
              2.96997
            ],
            [
              -75.69321,
              2.99339
            ],
            [
              -75.63292,
              2.99586
            ],
            [
              -75.60152,
              3.03915
            ],
            [
              -75.62214,
              3.07543
            ],
            [
              -75.5767,
              3.14295
            ],
            [
              -75.58851,
              3.15582
            ],
            [
              -75.57592,
              3.22841
            ],
            [
              -75.52195,
              3.30123
            ],
            [
              -75.52748,
              3.31828
            ],
            [
              -75.49042,
              3.32591
            ],
            [
              -75.4788,
              3.36114
            ],
            [
              -75.44061,
              3.34516
            ],
            [
              -75.41497,
              3.37123
            ],
            [
              -75.37535,
              3.37495
            ],
            [
              -75.36167,
              3.40882
            ],
            [
              -75.34029,
              3.39797
            ],
            [
              -75.31851,
              3.4195
            ],
            [
              -75.25235,
              3.36571
            ],
            [
              -75.22727,
              3.41577
            ],
            [
              -75.20044,
              3.40943
            ],
            [
              -75.19988,
              3.38455
            ],
            [
              -75.1749,
              3.37731
            ],
            [
              -75.17416,
              3.40869
            ],
            [
              -75.14743,
              3.43582
            ],
            [
              -75.03696,
              3.42953
            ],
            [
              -75.04273,
              3.40844
            ],
            [
              -75.02765,
              3.39139
            ],
            [
              -75.05688,
              3.37799
            ],
            [
              -75.07061,
              3.2953
            ],
            [
              -75.00063,
              3.27621
            ],
            [
              -74.90537,
              3.29136
            ],
            [
              -74.84849,
              3.34083
            ],
            [
              -74.81635,
              3.40643
            ],
            [
              -74.76451,
              3.44088
            ],
            [
              -74.78072,
              3.50971
            ],
            [
              -74.72863,
              3.55158
            ],
            [
              -74.73835,
              3.59076
            ],
            [
              -74.70098,
              3.61572
            ],
            [
              -74.67538,
              3.67172
            ],
            [
              -74.62487,
              3.69874
            ],
            [
              -74.5576,
              3.76707
            ],
            [
              -74.51126,
              3.94608
            ],
            [
              -74.53111,
              3.9676
            ],
            [
              -74.52976,
              4.04481
            ],
            [
              -74.47485,
              4.12792
            ],
            [
              -74.51886,
              4.24049
            ],
            [
              -74.56253,
              4.27213
            ],
            [
              -74.58854,
              4.26741
            ],
            [
              -74.61986,
              4.25187
            ],
            [
              -74.62452,
              4.22489
            ],
            [
              -74.6518,
              4.19993
            ],
            [
              -74.65873,
              4.2158
            ],
            [
              -74.68126,
              4.20089
            ],
            [
              -74.7341,
              4.24777
            ],
            [
              -74.74604,
              4.23683
            ],
            [
              -74.75122,
              4.25898
            ],
            [
              -74.76715,
              4.2513
            ],
            [
              -74.7788,
              4.28356
            ],
            [
              -74.81272,
              4.29428
            ],
            [
              -74.8771,
              4.26538
            ],
            [
              -74.89063,
              4.28873
            ],
            [
              -74.87309,
              4.30662
            ],
            [
              -74.88348,
              4.31699
            ],
            [
              -74.85582,
              4.33475
            ],
            [
              -74.83312,
              4.44337
            ],
            [
              -74.80731,
              4.45329
            ],
            [
              -74.78629,
              4.50594
            ],
            [
              -74.81495,
              4.58519
            ],
            [
              -74.79378,
              4.59208
            ],
            [
              -74.81631,
              4.61187
            ],
            [
              -74.78584,
              4.65293
            ],
            [
              -74.8072,
              4.66945
            ],
            [
              -74.80143,
              4.70172
            ],
            [
              -74.8191,
              4.72598
            ],
            [
              -74.74378,
              4.78826
            ],
            [
              -74.74437,
              4.8234
            ],
            [
              -74.76951,
              4.84292
            ],
            [
              -74.75493,
              4.88594
            ],
            [
              -74.73167,
              4.89399
            ],
            [
              -74.74877,
              4.9577
            ],
            [
              -74.70594,
              4.98137
            ],
            [
              -74.74321,
              5.00708
            ],
            [
              -74.71681,
              5.09231
            ],
            [
              -74.73191,
              5.14531
            ],
            [
              -74.71466,
              5.18602
            ],
            [
              -74.73048,
              5.21244
            ]
          ]
        ]
      },
      "properties": {
        "code": "73",
        "name": "TOLIMA",
        "resultType": "observed",
        "source": "dane-divipola-mgn-2025",
        "year": 2025
      }
    },
    {
      "type": "Feature",
      "id": 344,
      "geometry": {
        "type": "MultiPolygon",
        "coordinates": [
          [
            [
              [
                -76.9276,
                3.13965
              ],
              [
                -76.90805,
                3.20137
              ],
              [
                -76.80939,
                3.20754
              ],
              [
                -76.77291,
                3.23371
              ],
              [
                -76.73921,
                3.18614
              ],
              [
                -76.74951,
                3.14513
              ],
              [
                -76.72274,
                3.11765
              ],
              [
                -76.66633,
                3.09798
              ],
              [
                -76.62979,
                3.12841
              ],
              [
                -76.62404,
                3.10176
              ],
              [
                -76.59809,
                3.09209
              ],
              [
                -76.57241,
                3.12882
              ],
              [
                -76.55521,
                3.09958
              ],
              [
                -76.53086,
                3.12356
              ],
              [
                -76.51402,
                3.1199
              ],
              [
                -76.53266,
                3.13569
              ],
              [
                -76.51776,
                3.13449
              ],
              [
                -76.51976,
                3.14973
              ],
              [
                -76.50097,
                3.14382
              ],
              [
                -76.5078,
                3.15728
              ],
              [
                -76.48759,
                3.1719
              ],
              [
                -76.49823,
                3.20205
              ],
              [
                -76.46544,
                3.2275
              ],
              [
                -76.47734,
                3.23258
              ],
              [
                -76.46205,
                3.24922
              ],
              [
                -76.47558,
                3.25771
              ],
              [
                -76.45984,
                3.25663
              ],
              [
                -76.48719,
                3.28245
              ],
              [
                -76.47517,
                3.28766
              ],
              [
                -76.49418,
                3.29285
              ],
              [
                -76.48914,
                3.30496
              ],
              [
                -76.47744,
                3.29403
              ],
              [
                -76.47835,
                3.31925
              ],
              [
                -76.46847,
                3.31069
              ],
              [
                -76.46042,
                3.32894
              ],
              [
                -76.34313,
                3.28056
              ],
              [
                -76.22926,
                3.27683
              ],
              [
                -76.19119,
                3.22706
              ],
              [
                -76.15636,
                3.23603
              ],
              [
                -76.06761,
                3.21051
              ],
              [
                -76.03984,
                3.24796
              ],
              [
                -76.05054,
                3.28202
              ],
              [
                -76.03783,
                3.30098
              ],
              [
                -76.06192,
                3.35167
              ],
              [
                -76.03145,
                3.38228
              ],
              [
                -76.0413,
                3.43828
              ],
              [
                -75.98395,
                3.55992
              ],
              [
                -75.99373,
                3.63837
              ],
              [
                -75.9504,
                3.67396
              ],
              [
                -75.9603,
                3.70571
              ],
              [
                -75.92013,
                3.74043
              ],
              [
                -75.90326,
                3.79661
              ],
              [
                -75.85295,
                3.85222
              ],
              [
                -75.85838,
                3.88135
              ],
              [
                -75.81219,
                3.91941
              ],
              [
                -75.79147,
                3.97105
              ],
              [
                -75.79526,
                4.00506
              ],
              [
                -75.77649,
                4.00395
              ],
              [
                -75.73764,
                4.05511
              ],
              [
                -75.7524,
                4.07739
              ],
              [
                -75.83904,
                4.09757
              ],
              [
                -75.84296,
                4.15076
              ],
              [
                -75.78749,
                4.29297
              ],
              [
                -75.78974,
                4.35178
              ],
              [
                -75.81198,
                4.40429
              ],
              [
                -75.89493,
                4.41714
              ],
              [
                -75.88809,
                4.44669
              ],
              [
                -75.86548,
                4.45477
              ],
              [
                -75.88144,
                4.46782
              ],
              [
                -75.86686,
                4.61099
              ],
              [
                -75.82509,
                4.66347
              ],
              [
                -75.70724,
                4.65708
              ],
              [
                -75.71361,
                4.71376
              ],
              [
                -75.78943,
                4.71613
              ],
              [
                -75.8311,
                4.73782
              ],
              [
                -75.8561,
                4.72783
              ],
              [
                -75.85229,
                4.77873
              ],
              [
                -75.88864,
                4.75468
              ],
              [
                -75.92325,
                4.76026
              ],
              [
                -75.91747,
                4.79449
              ],
              [
                -75.93571,
                4.80773
              ],
              [
                -75.91076,
                4.81659
              ],
              [
                -75.90104,
                4.85292
              ],
              [
                -75.91424,
                4.87351
              ],
              [
                -75.94281,
                4.85671
              ],
              [
                -75.98767,
                4.87378
              ],
              [
                -75.98758,
                4.9114
              ],
              [
                -76.02771,
                4.9386
              ],
              [
                -76.07714,
                5.04739
              ],
              [
                -76.09682,
                5.03177
              ],
              [
                -76.0887,
                4.94614
              ],
              [
                -76.09968,
                4.91718
              ],
              [
                -76.1306,
                4.9112
              ],
              [
                -76.11414,
                4.8904
              ],
              [
                -76.13863,
                4.84201
              ],
              [
                -76.21267,
                4.82887
              ],
              [
                -76.31211,
                4.75062
              ],
              [
                -76.28569,
                4.7124
              ],
              [
                -76.31936,
                4.60795
              ],
              [
                -76.34462,
                4.56177
              ],
              [
                -76.38127,
                4.55963
              ],
              [
                -76.40376,
                4.53497
              ],
              [
                -76.36525,
                4.49163
              ],
              [
                -76.38297,
                4.49277
              ],
              [
                -76.41832,
                4.44782
              ],
              [
                -76.48213,
                4.41407
              ],
              [
                -76.55521,
                4.3992
              ],
              [
                -76.56202,
                4.36973
              ],
              [
                -76.52792,
                4.32354
              ],
              [
                -76.52664,
                4.28862
              ],
              [
                -76.48711,
                4.23553
              ],
              [
                -76.45501,
                4.22946
              ],
              [
                -76.44488,
                4.17569
              ],
              [
                -76.49442,
                4.06954
              ],
              [
                -76.52442,
                4.06728
              ],
              [
                -76.54153,
                4.04373
              ],
              [
                -76.53727,
                4.01621
              ],
              [
                -76.58903,
                3.9707
              ],
              [
                -76.59286,
                3.99846
              ],
              [
                -76.62457,
                4.01487
              ],
              [
                -76.68242,
                3.96488
              ],
              [
                -76.76767,
                3.98865
              ],
              [
                -76.7942,
                4.01138
              ],
              [
                -76.81532,
                4.00701
              ],
              [
                -76.82345,
                4.03266
              ],
              [
                -76.86744,
                4.03237
              ],
              [
                -76.91475,
                4.09775
              ],
              [
                -76.95443,
                4.12065
              ],
              [
                -76.995,
                4.12039
              ],
              [
                -77.00475,
                4.09886
              ],
              [
                -77.03557,
                4.0913
              ],
              [
                -77.06798,
                4.09601
              ],
              [
                -77.08619,
                4.12261
              ],
              [
                -77.10483,
                4.10773
              ],
              [
                -77.15957,
                4.18373
              ],
              [
                -77.22318,
                4.1572
              ],
              [
                -77.24988,
                4.18772
              ],
              [
                -77.25349,
                4.23415
              ],
              [
                -77.27911,
                4.22266
              ],
              [
                -77.30545,
                4.16648
              ],
              [
                -77.35295,
                4.19747
              ],
              [
                -77.38917,
                4.14924
              ],
              [
                -77.44214,
                4.13668
              ],
              [
                -77.42849,
                4.09745
              ],
              [
                -77.44962,
                4.03851
              ],
              [
                -77.35917,
                3.92664
              ],
              [
                -77.32438,
                3.97269
              ],
              [
                -77.30721,
                4.04232
              ],
              [
                -77.2686,
                4.07705
              ],
              [
                -77.26158,
                4.06042
              ],
              [
                -77.23233,
                4.08143
              ],
              [
                -77.22871,
                4.05907
              ],
              [
                -77.1946,
                4.05276
              ],
              [
                -77.22361,
                3.99605
              ],
              [
                -77.29002,
                3.97912
              ],
              [
                -77.31753,
                3.95033
              ],
              [
                -77.32076,
                3.90254
              ],
              [
                -77.28629,
                3.89526
              ],
              [
                -77.30513,
                3.87367
              ],
              [
                -77.28159,
                3.83944
              ],
              [
                -77.18163,
                3.83166
              ],
              [
                -77.13274,
                3.87254
              ],
              [
                -77.09749,
                3.87534
              ],
              [
                -77.08674,
                3.90519
              ],
              [
                -77.07363,
                3.87947
              ],
              [
                -77.05287,
                3.87485
              ],
              [
                -77.10635,
                3.8488
              ],
              [
                -77.13486,
                3.80485
              ],
              [
                -77.1818,
                3.8094
              ],
              [
                -77.166,
                3.75754
              ],
              [
                -77.19696,
                3.75051
              ],
              [
                -77.19696,
                3.72084
              ],
              [
                -77.18912,
                3.68139
              ],
              [
                -77.16541,
                3.68476
              ],
              [
                -77.16563,
                3.64469
              ],
              [
                -77.18917,
                3.65316
              ],
              [
                -77.19571,
                3.61071
              ],
              [
                -77.23595,
                3.57738
              ],
              [
                -77.30039,
                3.56999
              ],
              [
                -77.37075,
                3.47506
              ],
              [
                -77.33705,
                3.44875
              ],
              [
                -77.33246,
                3.42658
              ],
              [
                -77.35567,
                3.41034
              ],
              [
                -77.36459,
                3.44797
              ],
              [
                -77.41321,
                3.35562
              ],
              [
                -77.42739,
                3.368
              ],
              [
                -77.4799,
                3.3231
              ],
              [
                -77.54832,
                3.2259
              ],
              [
                -77.49872,
                3.23402
              ],
              [
                -77.50407,
                3.22228
              ],
              [
                -77.47638,
                3.20976
              ],
              [
                -77.46206,
                3.2267
              ],
              [
                -77.47071,
                3.23696
              ],
              [
                -77.42907,
                3.25371
              ],
              [
                -77.38208,
                3.20339
              ],
              [
                -77.36584,
                3.14651
              ],
              [
                -77.3462,
                3.14015
              ],
              [
                -77.31718,
                3.17422
              ],
              [
                -77.27987,
                3.15937
              ],
              [
                -77.28832,
                3.13862
              ],
              [
                -77.26159,
                3.13514
              ],
              [
                -77.25232,
                3.11516
              ],
              [
                -77.2447,
                3.12631
              ],
              [
                -77.2345,
                3.10808
              ],
              [
                -77.1593,
                3.17431
              ],
              [
                -77.1301,
                3.16107
              ],
              [
                -77.09839,
                3.18597
              ],
              [
                -76.99675,
                3.15481
              ],
              [
                -76.97161,
                3.11868
              ],
              [
                -76.93834,
                3.114
              ],
              [
                -76.9276,
                3.13965
              ]
            ]
          ],
          [
            [
              [
                -77.21451,
                4.0207
              ],
              [
                -77.21462,
                4.02254
              ],
              [
                -77.21614,
                4.02096
              ],
              [
                -77.21451,
                4.0207
              ]
            ]
          ],
          [
            [
              [
                -77.21459,
                4.02625
              ],
              [
                -77.2151,
                4.02746
              ],
              [
                -77.21618,
                4.02627
              ],
              [
                -77.21459,
                4.02625
              ]
            ]
          ],
          [
            [
              [
                -77.21733,
                4.02701
              ],
              [
                -77.21868,
                4.0294
              ],
              [
                -77.22071,
                4.0272
              ],
              [
                -77.21733,
                4.02701
              ]
            ]
          ],
          [
            [
              [
                -77.20765,
                4.03124
              ],
              [
                -77.21216,
                4.02418
              ],
              [
                -77.20952,
                4.02489
              ],
              [
                -77.20765,
                4.03124
              ]
            ]
          ],
          [
            [
              [
                -77.216,
                4.03109
              ],
              [
                -77.216,
                4.02738
              ],
              [
                -77.21374,
                4.03073
              ],
              [
                -77.216,
                4.03109
              ]
            ]
          ],
          [
            [
              [
                -77.21918,
                4.0322
              ],
              [
                -77.22078,
                4.03141
              ],
              [
                -77.22064,
                4.02886
              ],
              [
                -77.21918,
                4.0322
              ]
            ]
          ],
          [
            [
              [
                -77.2114,
                4.03204
              ],
              [
                -77.21291,
                4.03209
              ],
              [
                -77.2141,
                4.0266
              ],
              [
                -77.2114,
                4.03204
              ]
            ]
          ],
          [
            [
              [
                -77.23692,
                4.03204
              ],
              [
                -77.23773,
                4.03301
              ],
              [
                -77.23825,
                4.03184
              ],
              [
                -77.23692,
                4.03204
              ]
            ]
          ],
          [
            [
              [
                -77.2123,
                4.03326
              ],
              [
                -77.21226,
                4.03441
              ],
              [
                -77.21339,
                4.03426
              ],
              [
                -77.2123,
                4.03326
              ]
            ]
          ],
          [
            [
              [
                -77.20593,
                4.03441
              ],
              [
                -77.20849,
                4.03293
              ],
              [
                -77.20776,
                4.03153
              ],
              [
                -77.20593,
                4.03441
              ]
            ]
          ],
          [
            [
              [
                -77.22523,
                4.03365
              ],
              [
                -77.22608,
                4.0353
              ],
              [
                -77.22782,
                4.03243
              ],
              [
                -77.22523,
                4.03365
              ]
            ]
          ],
          [
            [
              [
                -77.20253,
                4.03267
              ],
              [
                -77.20318,
                4.03549
              ],
              [
                -77.20399,
                4.03288
              ],
              [
                -77.20253,
                4.03267
              ]
            ]
          ],
          [
            [
              [
                -77.20991,
                4.03469
              ],
              [
                -77.2095,
                4.03609
              ],
              [
                -77.21042,
                4.03558
              ],
              [
                -77.20991,
                4.03469
              ]
            ]
          ],
          [
            [
              [
                -77.2404,
                4.0333
              ],
              [
                -77.24118,
                4.03637
              ],
              [
                -77.24242,
                4.03412
              ],
              [
                -77.2404,
                4.0333
              ]
            ]
          ],
          [
            [
              [
                -77.22478,
                4.03637
              ],
              [
                -77.22563,
                4.03552
              ],
              [
                -77.2238,
                4.03609
              ],
              [
                -77.22478,
                4.03637
              ]
            ]
          ],
          [
            [
              [
                -77.20344,
                4.03942
              ],
              [
                -77.20502,
                4.03874
              ],
              [
                -77.20343,
                4.03801
              ],
              [
                -77.20344,
                4.03942
              ]
            ]
          ],
          [
            [
              [
                -77.20529,
                4.0412
              ],
              [
                -77.20628,
                4.04159
              ],
              [
                -77.20664,
                4.04082
              ],
              [
                -77.20529,
                4.0412
              ]
            ]
          ],
          [
            [
              [
                -77.22724,
                4.04066
              ],
              [
                -77.24069,
                4.03817
              ],
              [
                -77.23255,
                4.03144
              ],
              [
                -77.22724,
                4.04066
              ]
            ]
          ],
          [
            [
              [
                -77.21379,
                4.05071
              ],
              [
                -77.21402,
                4.04867
              ],
              [
                -77.21084,
                4.04967
              ],
              [
                -77.21379,
                4.05071
              ]
            ]
          ],
          [
            [
              [
                -77.25185,
                4.05455
              ],
              [
                -77.25226,
                4.05592
              ],
              [
                -77.25275,
                4.05479
              ],
              [
                -77.25185,
                4.05455
              ]
            ]
          ],
          [
            [
              [
                -77.23148,
                4.05918
              ],
              [
                -77.23258,
                4.06046
              ],
              [
                -77.23418,
                4.05838
              ],
              [
                -77.23148,
                4.05918
              ]
            ]
          ],
          [
            [
              [
                -77.2501,
                4.05886
              ],
              [
                -77.25205,
                4.06102
              ],
              [
                -77.24949,
                4.05711
              ],
              [
                -77.2501,
                4.05886
              ]
            ]
          ],
          [
            [
              [
                -77.23978,
                4.06272
              ],
              [
                -77.24212,
                4.0557
              ],
              [
                -77.2368,
                4.05832
              ],
              [
                -77.23978,
                4.06272
              ]
            ]
          ],
          [
            [
              [
                -77.25179,
                4.0617
              ],
              [
                -77.25716,
                4.054
              ],
              [
                -77.25375,
                4.05306
              ],
              [
                -77.25179,
                4.0617
              ]
            ]
          ],
          [
            [
              [
                -77.24938,
                4.06475
              ],
              [
                -77.2498,
                4.06267
              ],
              [
                -77.24634,
                4.06237
              ],
              [
                -77.24938,
                4.06475
              ]
            ]
          ],
          [
            [
              [
                -77.23391,
                4.06483
              ],
              [
                -77.23561,
                4.05944
              ],
              [
                -77.23079,
                4.06225
              ],
              [
                -77.23391,
                4.06483
              ]
            ]
          ],
          [
            [
              [
                -77.24006,
                4.06687
              ],
              [
                -77.2416,
                4.0669
              ],
              [
                -77.2415,
                4.06555
              ],
              [
                -77.24006,
                4.06687
              ]
            ]
          ],
          [
            [
              [
                -77.24582,
                4.06957
              ],
              [
                -77.2498,
                4.06602
              ],
              [
                -77.24202,
                4.06497
              ],
              [
                -77.24582,
                4.06957
              ]
            ]
          ],
          [
            [
              [
                -77.22821,
                4.07405
              ],
              [
                -77.23136,
                4.07143
              ],
              [
                -77.23004,
                4.0687
              ],
              [
                -77.22821,
                4.07405
              ]
            ]
          ],
          [
            [
              [
                -77.23743,
                4.08169
              ],
              [
                -77.24351,
                4.06813
              ],
              [
                -77.2313,
                4.07228
              ],
              [
                -77.23743,
                4.08169
              ]
            ]
          ]
        ]
      },
      "properties": {
        "code": "76",
        "name": "VALLE DEL CAUCA",
        "resultType": "observed",
        "source": "dane-divipola-mgn-2025",
        "year": 2025
      }
    },
    {
      "type": "Feature",
      "id": 345,
      "geometry": {
        "type": "Polygon",
        "coordinates": [
          [
            [
              -70.68038,
              7.09393
            ],
            [
              -70.68721,
              7.10438
            ],
            [
              -70.73596,
              7.0887
            ],
            [
              -70.76049,
              7.09766
            ],
            [
              -70.77743,
              7.07669
            ],
            [
              -70.8533,
              7.07765
            ],
            [
              -70.84913,
              7.05702
            ],
            [
              -70.88632,
              7.06438
            ],
            [
              -70.90768,
              7.04128
            ],
            [
              -70.91896,
              7.05255
            ],
            [
              -70.92156,
              7.02369
            ],
            [
              -70.96978,
              7.01636
            ],
            [
              -70.99544,
              6.98308
            ],
            [
              -71.02382,
              6.9739
            ],
            [
              -71.11167,
              6.98993
            ],
            [
              -71.11506,
              7.00665
            ],
            [
              -71.10312,
              7.00687
            ],
            [
              -71.12998,
              7.03271
            ],
            [
              -71.19147,
              7.01896
            ],
            [
              -71.22792,
              7.02741
            ],
            [
              -71.24095,
              7.01183
            ],
            [
              -71.26448,
              7.03206
            ],
            [
              -71.36985,
              7.01535
            ],
            [
              -71.39174,
              7.03594
            ],
            [
              -71.42436,
              7.03893
            ],
            [
              -71.45497,
              7.00978
            ],
            [
              -71.46523,
              7.04223
            ],
            [
              -71.47818,
              7.01512
            ],
            [
              -71.49846,
              7.03628
            ],
            [
              -71.51204,
              7.02163
            ],
            [
              -71.54031,
              7.03475
            ],
            [
              -71.587,
              7.01638
            ],
            [
              -71.58772,
              7.0552
            ],
            [
              -71.70501,
              7.03252
            ],
            [
              -71.74622,
              7.06573
            ],
            [
              -71.81194,
              7.06239
            ],
            [
              -71.83496,
              7.02566
            ],
            [
              -71.94885,
              7.01132
            ],
            [
              -72.0506,
              6.7689
            ],
            [
              -72.10012,
              6.74719
            ],
            [
              -72.09143,
              6.64596
            ],
            [
              -72.11282,
              6.61212
            ],
            [
              -72.1309,
              6.52059
            ],
            [
              -72.17788,
              6.49676
            ],
            [
              -72.17475,
              6.46301
            ],
            [
              -72.21375,
              6.46549
            ],
            [
              -72.23508,
              6.42196
            ],
            [
              -72.26787,
              6.44158
            ],
            [
              -72.28272,
              6.37939
            ],
            [
              -72.31565,
              6.35752
            ],
            [
              -72.31709,
              6.3347
            ],
            [
              -72.3459,
              6.34157
            ],
            [
              -72.36662,
              6.30689
            ],
            [
              -72.34388,
              6.22603
            ],
            [
              -72.28662,
              6.19989
            ],
            [
              -72.28904,
              6.1632
            ],
            [
              -72.26267,
              6.12325
            ],
            [
              -72.13766,
              6.06661
            ],
            [
              -72.07744,
              6.11293
            ],
            [
              -72.01041,
              6.12998
            ],
            [
              -71.95471,
              6.16899
            ],
            [
              -71.87939,
              6.15915
            ],
            [
              -71.82408,
              6.18724
            ],
            [
              -71.67149,
              6.19037
            ],
            [
              -71.63759,
              6.2287
            ],
            [
              -71.61401,
              6.22683
            ],
            [
              -71.61228,
              6.21009
            ],
            [
              -71.59261,
              6.21143
            ],
            [
              -71.57516,
              6.19111
            ],
            [
              -71.57403,
              6.20979
            ],
            [
              -71.5533,
              6.19716
            ],
            [
              -71.53516,
              6.22564
            ],
            [
              -71.50979,
              6.19775
            ],
            [
              -71.49661,
              6.2166
            ],
            [
              -71.48717,
              6.20143
            ],
            [
              -71.45634,
              6.22289
            ],
            [
              -71.43966,
              6.21492
            ],
            [
              -71.44871,
              6.2458
            ],
            [
              -71.42086,
              6.22511
            ],
            [
              -71.41428,
              6.24341
            ],
            [
              -71.38067,
              6.2413
            ],
            [
              -71.37789,
              6.22515
            ],
            [
              -71.3486,
              6.22917
            ],
            [
              -71.33245,
              6.2566
            ],
            [
              -71.29776,
              6.27184
            ],
            [
              -71.27238,
              6.26138
            ],
            [
              -71.26767,
              6.28498
            ],
            [
              -71.23359,
              6.26361
            ],
            [
              -71.22055,
              6.29831
            ],
            [
              -71.15815,
              6.26292
            ],
            [
              -71.09258,
              6.27914
            ],
            [
              -71.05979,
              6.25462
            ],
            [
              -71.0354,
              6.25461
            ],
            [
              -71.03471,
              6.2662
            ],
            [
              -70.98516,
              6.22883
            ],
            [
              -70.89583,
              6.2357
            ],
            [
              -70.86791,
              6.22162
            ],
            [
              -70.86116,
              6.23935
            ],
            [
              -70.79717,
              6.25349
            ],
            [
              -70.72578,
              6.21641
            ],
            [
              -70.63077,
              6.22715
            ],
            [
              -70.57967,
              6.24962
            ],
            [
              -70.53902,
              6.24505
            ],
            [
              -70.53055,
              6.23009
            ],
            [
              -70.43067,
              6.27805
            ],
            [
              -70.43069,
              6.2915
            ],
            [
              -70.38094,
              6.30242
            ],
            [
              -70.27148,
              6.27391
            ],
            [
              -70.19838,
              6.29574
            ],
            [
              -70.17519,
              6.27902
            ],
            [
              -70.16149,
              6.29834
            ],
            [
              -70.14953,
              6.26887
            ],
            [
              -70.12207,
              6.26173
            ],
            [
              -70.11475,
              6.23282
            ],
            [
              -70.06621,
              6.21146
            ],
            [
              -70.0602,
              6.18505
            ],
            [
              -70.04009,
              6.18463
            ],
            [
              -70.058,
              6.1587
            ],
            [
              -70.00268,
              6.14888
            ],
            [
              -69.99006,
              6.1659
            ],
            [
              -69.98519,
              6.13657
            ],
            [
              -69.94625,
              6.14084
            ],
            [
              -69.89949,
              6.09627
            ],
            [
              -69.89727,
              6.05966
            ],
            [
              -69.8682,
              6.04167
            ],
            [
              -69.78432,
              6.05855
            ],
            [
              -69.68258,
              6.03842
            ],
            [
              -69.54155,
              6.04365
            ],
            [
              -69.45249,
              6.08333
            ],
            [
              -69.42885,
              6.10908
            ],
            [
              -70.1178,
              6.97941
            ],
            [
              -70.22433,
              6.97472
            ],
            [
              -70.2655,
              6.94123
            ],
            [
              -70.32239,
              6.93457
            ],
            [
              -70.36075,
              6.95622
            ],
            [
              -70.37211,
              6.98091
            ],
            [
              -70.41667,
              6.98087
            ],
            [
              -70.43111,
              7.00728
            ],
            [
              -70.50234,
              7.00567
            ],
            [
              -70.55633,
              7.07932
            ],
            [
              -70.60761,
              7.06367
            ],
            [
              -70.68038,
              7.09393
            ]
          ]
        ]
      },
      "properties": {
        "code": "81",
        "name": "ARAUCA",
        "resultType": "observed",
        "source": "dane-divipola-mgn-2025",
        "year": 2025
      }
    },
    {
      "type": "Feature",
      "id": 346,
      "geometry": {
        "type": "Polygon",
        "coordinates": [
          [
            [
              -72.33885,
              6.34471
            ],
            [
              -72.35539,
              6.34192
            ],
            [
              -72.39615,
              6.27416
            ],
            [
              -72.38724,
              6.26101
            ],
            [
              -72.41895,
              6.18669
            ],
            [
              -72.39253,
              6.18833
            ],
            [
              -72.3931,
              6.16157
            ],
            [
              -72.37391,
              6.1477
            ],
            [
              -72.38918,
              6.12374
            ],
            [
              -72.36408,
              6.09933
            ],
            [
              -72.37538,
              6.0925
            ],
            [
              -72.36664,
              6.07683
            ],
            [
              -72.3212,
              6.0882
            ],
            [
              -72.32154,
              6.06784
            ],
            [
              -72.36551,
              6.0367
            ],
            [
              -72.33978,
              5.99849
            ],
            [
              -72.32766,
              5.90171
            ],
            [
              -72.33603,
              5.88957
            ],
            [
              -72.41555,
              5.90401
            ],
            [
              -72.45089,
              5.87837
            ],
            [
              -72.46307,
              5.84849
            ],
            [
              -72.3076,
              5.7928
            ],
            [
              -72.30047,
              5.75827
            ],
            [
              -72.28038,
              5.74955
            ],
            [
              -72.24967,
              5.68525
            ],
            [
              -72.22143,
              5.67604
            ],
            [
              -72.27214,
              5.66222
            ],
            [
              -72.26269,
              5.63354
            ],
            [
              -72.28904,
              5.60028
            ],
            [
              -72.29529,
              5.51495
            ],
            [
              -72.33039,
              5.49764
            ],
            [
              -72.3965,
              5.57024
            ],
            [
              -72.4209,
              5.56324
            ],
            [
              -72.44239,
              5.51926
            ],
            [
              -72.48986,
              5.48183
            ],
            [
              -72.50343,
              5.44303
            ],
            [
              -72.58398,
              5.38199
            ],
            [
              -72.56724,
              5.37337
            ],
            [
              -72.57975,
              5.35033
            ],
            [
              -72.62031,
              5.35122
            ],
            [
              -72.70057,
              5.27328
            ],
            [
              -72.72558,
              5.31802
            ],
            [
              -72.75689,
              5.33137
            ],
            [
              -72.79832,
              5.38014
            ],
            [
              -72.85955,
              5.34039
            ],
            [
              -72.88271,
              5.36323
            ],
            [
              -72.89621,
              5.26208
            ],
            [
              -72.97389,
              5.15036
            ],
            [
              -72.92859,
              5.09967
            ],
            [
              -72.90844,
              5.10248
            ],
            [
              -72.90382,
              5.06793
            ],
            [
              -72.97528,
              4.97476
            ],
            [
              -73.01984,
              5.0016
            ],
            [
              -73.04892,
              4.92363
            ],
            [
              -73.04148,
              4.87833
            ],
            [
              -73.07772,
              4.81074
            ],
            [
              -73.04572,
              4.75798
            ],
            [
              -73.05037,
              4.6927
            ],
            [
              -73.01686,
              4.63561
            ],
            [
              -72.96798,
              4.59919
            ],
            [
              -72.93793,
              4.52274
            ],
            [
              -72.87017,
              4.45071
            ],
            [
              -72.81347,
              4.42981
            ],
            [
              -72.82503,
              4.41761
            ],
            [
              -72.78827,
              4.39752
            ],
            [
              -72.80058,
              4.37835
            ],
            [
              -72.76892,
              4.36639
            ],
            [
              -72.77969,
              4.35277
            ],
            [
              -72.76297,
              4.34784
            ],
            [
              -72.76947,
              4.33318
            ],
            [
              -72.6936,
              4.28748
            ],
            [
              -72.67587,
              4.31738
            ],
            [
              -72.57345,
              4.30214
            ],
            [
              -72.57347,
              4.32548
            ],
            [
              -72.54784,
              4.35468
            ],
            [
              -72.46682,
              4.31738
            ],
            [
              -72.42795,
              4.35371
            ],
            [
              -72.40504,
              4.31786
            ],
            [
              -72.35622,
              4.34174
            ],
            [
              -72.34219,
              4.37153
            ],
            [
              -72.3205,
              4.37092
            ],
            [
              -72.30286,
              4.40841
            ],
            [
              -72.2434,
              4.43456
            ],
            [
              -72.14311,
              4.4403
            ],
            [
              -72.07084,
              4.40809
            ],
            [
              -72.06064,
              4.375
            ],
            [
              -71.9903,
              4.38354
            ],
            [
              -71.80675,
              4.58355
            ],
            [
              -71.73239,
              4.57531
            ],
            [
              -71.59793,
              4.64527
            ],
            [
              -71.57676,
              4.67503
            ],
            [
              -71.4293,
              4.72329
            ],
            [
              -71.39017,
              4.75669
            ],
            [
              -71.32278,
              4.76672
            ],
            [
              -71.28828,
              4.80305
            ],
            [
              -71.21175,
              4.81733
            ],
            [
              -71.05734,
              4.90571
            ],
            [
              -71.00189,
              4.98073
            ],
            [
              -70.94987,
              5.11771
            ],
            [
              -70.91457,
              5.14052
            ],
            [
              -70.86204,
              5.14421
            ],
            [
              -70.69539,
              5.2818
            ],
            [
              -70.67411,
              5.31547
            ],
            [
              -70.68003,
              5.36101
            ],
            [
              -70.60322,
              5.42374
            ],
            [
              -70.42057,
              5.53447
            ],
            [
              -70.36052,
              5.58702
            ],
            [
              -70.26383,
              5.56357
            ],
            [
              -70.19467,
              5.60316
            ],
            [
              -70.15314,
              5.6009
            ],
            [
              -70.11495,
              5.63145
            ],
            [
              -70.05179,
              5.71125
            ],
            [
              -70.04378,
              5.74622
            ],
            [
              -69.97882,
              5.80734
            ],
            [
              -69.96634,
              5.86155
            ],
            [
              -69.93253,
              5.87645
            ],
            [
              -69.88279,
              5.96979
            ],
            [
              -69.85435,
              5.98447
            ],
            [
              -69.83591,
              6.04126
            ],
            [
              -69.89185,
              6.05401
            ],
            [
              -69.90029,
              6.09747
            ],
            [
              -69.94812,
              6.14193
            ],
            [
              -69.98519,
              6.13657
            ],
            [
              -69.98548,
              6.16447
            ],
            [
              -70.00268,
              6.14888
            ],
            [
              -70.058,
              6.1587
            ],
            [
              -70.04009,
              6.18463
            ],
            [
              -70.0602,
              6.18505
            ],
            [
              -70.06621,
              6.21146
            ],
            [
              -70.11475,
              6.23282
            ],
            [
              -70.12343,
              6.26334
            ],
            [
              -70.15406,
              6.27497
            ],
            [
              -70.15456,
              6.29716
            ],
            [
              -70.17519,
              6.27902
            ],
            [
              -70.19838,
              6.29574
            ],
            [
              -70.27148,
              6.27391
            ],
            [
              -70.36711,
              6.30273
            ],
            [
              -70.43069,
              6.2915
            ],
            [
              -70.43067,
              6.27805
            ],
            [
              -70.53055,
              6.23009
            ],
            [
              -70.53902,
              6.24505
            ],
            [
              -70.57967,
              6.24962
            ],
            [
              -70.63077,
              6.22715
            ],
            [
              -70.72578,
              6.21641
            ],
            [
              -70.79717,
              6.25349
            ],
            [
              -70.86116,
              6.23935
            ],
            [
              -70.86791,
              6.22162
            ],
            [
              -70.89583,
              6.2357
            ],
            [
              -70.98516,
              6.22883
            ],
            [
              -71.03471,
              6.2662
            ],
            [
              -71.0354,
              6.25461
            ],
            [
              -71.05979,
              6.25462
            ],
            [
              -71.09258,
              6.27914
            ],
            [
              -71.15815,
              6.26292
            ],
            [
              -71.22055,
              6.29831
            ],
            [
              -71.23359,
              6.26361
            ],
            [
              -71.26767,
              6.28498
            ],
            [
              -71.27238,
              6.26138
            ],
            [
              -71.29776,
              6.27184
            ],
            [
              -71.33245,
              6.2566
            ],
            [
              -71.3486,
              6.22917
            ],
            [
              -71.37789,
              6.22515
            ],
            [
              -71.38067,
              6.2413
            ],
            [
              -71.41428,
              6.24341
            ],
            [
              -71.42086,
              6.22511
            ],
            [
              -71.44871,
              6.2458
            ],
            [
              -71.43966,
              6.21492
            ],
            [
              -71.45634,
              6.22289
            ],
            [
              -71.48717,
              6.20143
            ],
            [
              -71.49661,
              6.2166
            ],
            [
              -71.50979,
              6.19775
            ],
            [
              -71.53516,
              6.22564
            ],
            [
              -71.5533,
              6.19716
            ],
            [
              -71.57403,
              6.20979
            ],
            [
              -71.57516,
              6.19111
            ],
            [
              -71.59261,
              6.21143
            ],
            [
              -71.61228,
              6.21009
            ],
            [
              -71.61401,
              6.22683
            ],
            [
              -71.63759,
              6.2287
            ],
            [
              -71.67149,
              6.19037
            ],
            [
              -71.82408,
              6.18724
            ],
            [
              -71.87939,
              6.15915
            ],
            [
              -71.95471,
              6.16899
            ],
            [
              -72.01041,
              6.12998
            ],
            [
              -72.07744,
              6.11293
            ],
            [
              -72.13968,
              6.06668
            ],
            [
              -72.26267,
              6.12325
            ],
            [
              -72.28904,
              6.1632
            ],
            [
              -72.28662,
              6.19989
            ],
            [
              -72.34388,
              6.22603
            ],
            [
              -72.36662,
              6.30689
            ],
            [
              -72.33885,
              6.34471
            ]
          ]
        ]
      },
      "properties": {
        "code": "85",
        "name": "CASANARE",
        "resultType": "observed",
        "source": "dane-divipola-mgn-2025",
        "year": 2025
      }
    },
    {
      "type": "Feature",
      "id": 347,
      "geometry": {
        "type": "Polygon",
        "coordinates": [
          [
            [
              -76.6705,
              1.46732
            ],
            [
              -76.75105,
              1.42012
            ],
            [
              -76.88681,
              1.37184
            ],
            [
              -76.92125,
              1.34483
            ],
            [
              -76.90415,
              1.32094
            ],
            [
              -76.93607,
              1.27462
            ],
            [
              -76.97941,
              1.28669
            ],
            [
              -76.98111,
              1.22279
            ],
            [
              -77.02096,
              1.19622
            ],
            [
              -77.08843,
              1.18337
            ],
            [
              -77.0973,
              1.16426
            ],
            [
              -77.09318,
              1.07549
            ],
            [
              -77.05813,
              1.0343
            ],
            [
              -77.0368,
              1.04706
            ],
            [
              -77.02807,
              0.99493
            ],
            [
              -77.07378,
              0.9697
            ],
            [
              -77.07275,
              0.94231
            ],
            [
              -77.12121,
              0.89316
            ],
            [
              -77.10207,
              0.83365
            ],
            [
              -77.13915,
              0.82151
            ],
            [
              -77.18681,
              0.63095
            ],
            [
              -77.11736,
              0.59136
            ],
            [
              -77.13023,
              0.5245
            ],
            [
              -77.10207,
              0.47038
            ],
            [
              -77.10762,
              0.44248
            ],
            [
              -77.08908,
              0.42438
            ],
            [
              -77.09915,
              0.41062
            ],
            [
              -77.08802,
              0.39463
            ],
            [
              -77.11209,
              0.38308
            ],
            [
              -77.11214,
              0.36668
            ],
            [
              -77.07879,
              0.28623
            ],
            [
              -77.02746,
              0.27738
            ],
            [
              -77.00533,
              0.2951
            ],
            [
              -76.98468,
              0.26838
            ],
            [
              -76.9343,
              0.27657
            ],
            [
              -76.93526,
              0.262
            ],
            [
              -76.9061,
              0.24534
            ],
            [
              -76.84421,
              0.23913
            ],
            [
              -76.79799,
              0.2649
            ],
            [
              -76.75862,
              0.24698
            ],
            [
              -76.76651,
              0.26354
            ],
            [
              -76.73271,
              0.2886
            ],
            [
              -76.71269,
              0.26896
            ],
            [
              -76.65897,
              0.27295
            ],
            [
              -76.65309,
              0.25114
            ],
            [
              -76.62927,
              0.26314
            ],
            [
              -76.58872,
              0.21918
            ],
            [
              -76.53539,
              0.25892
            ],
            [
              -76.5034,
              0.2362
            ],
            [
              -76.44806,
              0.23951
            ],
            [
              -76.43327,
              0.25898
            ],
            [
              -76.42351,
              0.23477
            ],
            [
              -76.41226,
              0.24162
            ],
            [
              -76.41235,
              0.38128
            ],
            [
              -76.36776,
              0.3937
            ],
            [
              -76.34523,
              0.37976
            ],
            [
              -76.31302,
              0.43311
            ],
            [
              -76.29661,
              0.42069
            ],
            [
              -76.27793,
              0.43593
            ],
            [
              -76.25714,
              0.39981
            ],
            [
              -76.23275,
              0.40033
            ],
            [
              -76.22578,
              0.37287
            ],
            [
              -76.20871,
              0.38507
            ],
            [
              -76.17869,
              0.3705
            ],
            [
              -76.15958,
              0.38855
            ],
            [
              -76.13322,
              0.37015
            ],
            [
              -76.11347,
              0.31344
            ],
            [
              -76.07471,
              0.33514
            ],
            [
              -76.05503,
              0.32894
            ],
            [
              -76.04551,
              0.30323
            ],
            [
              -76.01053,
              0.29883
            ],
            [
              -75.98457,
              0.25864
            ],
            [
              -76.00481,
              0.24716
            ],
            [
              -75.96592,
              0.23645
            ],
            [
              -75.95468,
              0.20007
            ],
            [
              -75.9004,
              0.16127
            ],
            [
              -75.90596,
              0.13601
            ],
            [
              -75.88325,
              0.13903
            ],
            [
              -75.8769,
              0.11643
            ],
            [
              -75.85413,
              0.13101
            ],
            [
              -75.80703,
              0.04685
            ],
            [
              -75.64935,
              0.02672
            ],
            [
              -75.63534,
              0.04669
            ],
            [
              -75.60844,
              0.01162
            ],
            [
              -75.58127,
              0.01378
            ],
            [
              -75.57673,
              -0.02816
            ],
            [
              -75.53005,
              -0.02671
            ],
            [
              -75.39833,
              -0.10093
            ],
            [
              -75.3586,
              -0.09213
            ],
            [
              -75.27593,
              -0.12739
            ],
            [
              -75.22584,
              -0.09107
            ],
            [
              -75.20222,
              -0.04485
            ],
            [
              -75.17023,
              -0.045
            ],
            [
              -75.06903,
              -0.09494
            ],
            [
              -75.01798,
              -0.14766
            ],
            [
              -74.97491,
              -0.1574
            ],
            [
              -74.97483,
              -0.18675
            ],
            [
              -74.9283,
              -0.22882
            ],
            [
              -74.91237,
              -0.21293
            ],
            [
              -74.88538,
              -0.24557
            ],
            [
              -74.85434,
              -0.24327
            ],
            [
              -74.80951,
              -0.19293
            ],
            [
              -74.78732,
              -0.20102
            ],
            [
              -74.73163,
              -0.30288
            ],
            [
              -74.72657,
              -0.34893
            ],
            [
              -74.70218,
              -0.35244
            ],
            [
              -74.68375,
              -0.33144
            ],
            [
              -74.68929,
              -0.36334
            ],
            [
              -74.65623,
              -0.37678
            ],
            [
              -74.60993,
              -0.35321
            ],
            [
              -74.61547,
              -0.37961
            ],
            [
              -74.58089,
              -0.38954
            ],
            [
              -74.53048,
              -0.46975
            ],
            [
              -74.50635,
              -0.46449
            ],
            [
              -74.49149,
              -0.49057
            ],
            [
              -74.47093,
              -0.48001
            ],
            [
              -74.45729,
              -0.50577
            ],
            [
              -74.42681,
              -0.49978
            ],
            [
              -74.4217,
              -0.56124
            ],
            [
              -74.39665,
              -0.54212
            ],
            [
              -74.38913,
              -0.55368
            ],
            [
              -73.84132,
              -0.39798
            ],
            [
              -73.88192,
              -0.36974
            ],
            [
              -74.00723,
              -0.34058
            ],
            [
              -74.0384,
              -0.30606
            ],
            [
              -74.04467,
              -0.27476
            ],
            [
              -74.08176,
              -0.27982
            ],
            [
              -74.11157,
              -0.23508
            ],
            [
              -74.14304,
              -0.23796
            ],
            [
              -74.16846,
              -0.26653
            ],
            [
              -74.18831,
              -0.25855
            ],
            [
              -74.20031,
              -0.20978
            ],
            [
              -74.24045,
              -0.2347
            ],
            [
              -74.28942,
              -0.20036
            ],
            [
              -74.26679,
              -0.14255
            ],
            [
              -74.30308,
              -0.14749
            ],
            [
              -74.34187,
              -0.10965
            ],
            [
              -74.40185,
              -0.11429
            ],
            [
              -74.44627,
              -0.1396
            ],
            [
              -74.42336,
              -0.09795
            ],
            [
              -74.45437,
              -0.07076
            ],
            [
              -74.47482,
              -0.13032
            ],
            [
              -74.49716,
              -0.13738
            ],
            [
              -74.51896,
              -0.08861
            ],
            [
              -74.53466,
              -0.09514
            ],
            [
              -74.53232,
              -0.12568
            ],
            [
              -74.63177,
              -0.08846
            ],
            [
              -74.616,
              -0.06217
            ],
            [
              -74.63136,
              -0.04405
            ],
            [
              -74.64857,
              -0.03895
            ],
            [
              -74.67734,
              -0.0605
            ],
            [
              -74.65637,
              -0.01157
            ],
            [
              -74.70457,
              0.04148
            ],
            [
              -74.67455,
              0.04588
            ],
            [
              -74.65616,
              0.07331
            ],
            [
              -74.71351,
              0.09527
            ],
            [
              -74.69069,
              0.08782
            ],
            [
              -74.67529,
              0.09973
            ],
            [
              -74.68056,
              0.1654
            ],
            [
              -74.73654,
              0.20961
            ],
            [
              -74.84087,
              0.21304
            ],
            [
              -74.89298,
              0.2492
            ],
            [
              -74.95938,
              0.24249
            ],
            [
              -75.00389,
              0.2732
            ],
            [
              -75.01058,
              0.29145
            ],
            [
              -74.97989,
              0.31462
            ],
            [
              -75.00714,
              0.34227
            ],
            [
              -75.01657,
              0.38343
            ],
            [
              -74.98287,
              0.40883
            ],
            [
              -75.01831,
              0.47238
            ],
            [
              -75.03505,
              0.48442
            ],
            [
              -75.10491,
              0.4732
            ],
            [
              -75.09395,
              0.5012
            ],
            [
              -75.10699,
              0.51287
            ],
            [
              -75.15372,
              0.48127
            ],
            [
              -75.21686,
              0.48661
            ],
            [
              -75.1983,
              0.50336
            ],
            [
              -75.23531,
              0.56503
            ],
            [
              -75.2071,
              0.59526
            ],
            [
              -75.22034,
              0.63327
            ],
            [
              -75.27617,
              0.66742
            ],
            [
              -75.25709,
              0.70339
            ],
            [
              -75.2656,
              0.72564
            ],
            [
              -75.2975,
              0.72949
            ],
            [
              -75.33981,
              0.76923
            ],
            [
              -75.40905,
              0.73778
            ],
            [
              -75.46875,
              0.75884
            ],
            [
              -75.48307,
              0.78297
            ],
            [
              -75.50502,
              0.76695
            ],
            [
              -75.53839,
              0.78859
            ],
            [
              -75.53793,
              0.8268
            ],
            [
              -75.60777,
              0.83826
            ],
            [
              -75.63636,
              0.87674
            ],
            [
              -75.68193,
              0.85691
            ],
            [
              -75.73095,
              0.8587
            ],
            [
              -75.76228,
              0.83776
            ],
            [
              -75.80018,
              0.89573
            ],
            [
              -75.82852,
              0.87384
            ],
            [
              -75.8566,
              0.885
            ],
            [
              -75.90918,
              0.97306
            ],
            [
              -75.94693,
              0.98291
            ],
            [
              -75.92428,
              1.0336
            ],
            [
              -75.94762,
              1.03069
            ],
            [
              -75.99421,
              1.07259
            ],
            [
              -75.99285,
              1.02762
            ],
            [
              -76.00607,
              1.05503
            ],
            [
              -76.04818,
              1.04619
            ],
            [
              -76.08959,
              1.0578
            ],
            [
              -76.08044,
              1.02119
            ],
            [
              -76.10398,
              1.02523
            ],
            [
              -76.12614,
              1.00663
            ],
            [
              -76.1837,
              1.02613
            ],
            [
              -76.18308,
              1.01322
            ],
            [
              -76.20329,
              1.01777
            ],
            [
              -76.20882,
              1.00536
            ],
            [
              -76.19059,
              0.99343
            ],
            [
              -76.23642,
              0.98204
            ],
            [
              -76.2357,
              0.96453
            ],
            [
              -76.27602,
              0.98369
            ],
            [
              -76.29799,
              0.96058
            ],
            [
              -76.33022,
              0.95837
            ],
            [
              -76.33513,
              0.98059
            ],
            [
              -76.36968,
              0.9839
            ],
            [
              -76.40171,
              0.97994
            ],
            [
              -76.41231,
              0.96069
            ],
            [
              -76.4449,
              0.96927
            ],
            [
              -76.49346,
              1.02818
            ],
            [
              -76.54497,
              1.03767
            ],
            [
              -76.56812,
              1.08257
            ],
            [
              -76.53723,
              1.2092
            ],
            [
              -76.56571,
              1.23855
            ],
            [
              -76.58602,
              1.30063
            ],
            [
              -76.57097,
              1.328
            ],
            [
              -76.58431,
              1.34355
            ],
            [
              -76.57402,
              1.38576
            ],
            [
              -76.6705,
              1.46732
            ]
          ]
        ]
      },
      "properties": {
        "code": "86",
        "name": "PUTUMAYO",
        "resultType": "observed",
        "source": "dane-divipola-mgn-2025",
        "year": 2025
      }
    },
    {
      "type": "Feature",
      "id": 348,
      "geometry": {
        "type": "MultiPolygon",
        "coordinates": [
          [
            [
              [
                -81.7042,
                12.59481
              ],
              [
                -81.73252,
                12.55489
              ],
              [
                -81.73008,
                12.4803
              ],
              [
                -81.70353,
                12.54379
              ],
              [
                -81.70757,
                12.57206
              ],
              [
                -81.68706,
                12.58091
              ],
              [
                -81.7042,
                12.59481
              ]
            ]
          ],
          [
            [
              [
                -81.68843,
                12.54957
              ],
              [
                -81.68812,
                12.55057
              ],
              [
                -81.68923,
                12.55104
              ],
              [
                -81.68843,
                12.54957
              ]
            ]
          ],
          [
            [
              [
                -81.68874,
                12.55266
              ],
              [
                -81.68874,
                12.55293
              ],
              [
                -81.68894,
                12.5531
              ],
              [
                -81.68874,
                12.55266
              ]
            ]
          ],
          [
            [
              [
                -81.68948,
                12.59922
              ],
              [
                -81.68984,
                12.60105
              ],
              [
                -81.69071,
                12.59929
              ],
              [
                -81.68948,
                12.59922
              ]
            ]
          ],
          [
            [
              [
                -81.36434,
                13.38561
              ],
              [
                -81.39232,
                13.35892
              ],
              [
                -81.38917,
                13.32076
              ],
              [
                -81.34972,
                13.35687
              ],
              [
                -81.36434,
                13.38561
              ]
            ]
          ],
          [
            [
              [
                -81.37077,
                13.3945
              ],
              [
                -81.37969,
                13.39146
              ],
              [
                -81.37674,
                13.3815
              ],
              [
                -81.37077,
                13.3945
              ]
            ]
          ]
        ]
      },
      "properties": {
        "code": "88",
        "name": "ARCHIPIÉLAGO DE SAN ANDRÉS, PROVIDENCIA Y SANTA CATALINA",
        "resultType": "observed",
        "source": "dane-divipola-mgn-2025",
        "year": 2025
      }
    },
    {
      "type": "Feature",
      "id": 349,
      "geometry": {
        "type": "Polygon",
        "coordinates": [
          [
            [
              -71.14469,
              0.05572
            ],
            [
              -71.18802,
              0.09726
            ],
            [
              -71.18714,
              0.08115
            ],
            [
              -71.22575,
              0.0542
            ],
            [
              -71.23492,
              0.0664
            ],
            [
              -71.25568,
              0.05864
            ],
            [
              -71.27136,
              0.03517
            ],
            [
              -71.32787,
              0.01874
            ],
            [
              -71.37059,
              0.03118
            ],
            [
              -71.40045,
              0.00561
            ],
            [
              -71.44838,
              0.00335
            ],
            [
              -71.45375,
              -0.01223
            ],
            [
              -71.54672,
              0.02134
            ],
            [
              -71.57722,
              0.01574
            ],
            [
              -71.59349,
              -0.01442
            ],
            [
              -71.70483,
              -0.06729
            ],
            [
              -71.70093,
              -0.09746
            ],
            [
              -71.73646,
              -0.15453
            ],
            [
              -71.71133,
              -0.23438
            ],
            [
              -71.83087,
              -0.2763
            ],
            [
              -72.03626,
              -0.26712
            ],
            [
              -72.06142,
              -0.29619
            ],
            [
              -72.06272,
              -0.3247
            ],
            [
              -72.15344,
              -0.35533
            ],
            [
              -72.14803,
              -0.39539
            ],
            [
              -72.17279,
              -0.44393
            ],
            [
              -72.23061,
              -0.49298
            ],
            [
              -72.24283,
              -0.60526
            ],
            [
              -72.30898,
              -0.65196
            ],
            [
              -72.39472,
              -0.61385
            ],
            [
              -72.40777,
              -0.56797
            ],
            [
              -72.42497,
              -0.56229
            ],
            [
              -72.56281,
              -0.70569
            ],
            [
              -72.67381,
              -0.63518
            ],
            [
              -72.67765,
              -0.61596
            ],
            [
              -72.74062,
              -0.58011
            ],
            [
              -72.74973,
              -0.555
            ],
            [
              -72.81586,
              -0.59921
            ],
            [
              -72.91728,
              -0.61551
            ],
            [
              -72.93718,
              -0.60584
            ],
            [
              -72.95891,
              -0.55944
            ],
            [
              -73.01566,
              -0.52687
            ],
            [
              -73.0533,
              -0.5467
            ],
            [
              -73.07479,
              -0.62129
            ],
            [
              -73.12142,
              -0.60413
            ],
            [
              -73.20298,
              -0.62648
            ],
            [
              -73.33188,
              -0.5061
            ],
            [
              -73.3785,
              -0.53626
            ],
            [
              -73.43034,
              -0.5109
            ],
            [
              -73.51048,
              -0.52427
            ],
            [
              -73.53319,
              -0.48774
            ],
            [
              -73.56836,
              -0.51683
            ],
            [
              -73.58506,
              -0.44877
            ],
            [
              -73.60869,
              -0.43922
            ],
            [
              -73.65089,
              -0.45742
            ],
            [
              -73.63998,
              -0.41806
            ],
            [
              -73.68025,
              -0.42019
            ],
            [
              -73.72905,
              -0.38046
            ],
            [
              -73.76343,
              -0.40746
            ],
            [
              -73.81585,
              -0.41167
            ],
            [
              -73.84132,
              -0.39798
            ],
            [
              -74.38913,
              -0.55368
            ],
            [
              -74.39525,
              -0.58763
            ],
            [
              -74.3636,
              -0.62129
            ],
            [
              -74.37552,
              -0.65491
            ],
            [
              -74.34185,
              -0.69387
            ],
            [
              -74.38173,
              -0.72045
            ],
            [
              -74.35446,
              -0.75541
            ],
            [
              -74.31424,
              -0.7681
            ],
            [
              -74.31773,
              -0.7962
            ],
            [
              -74.29183,
              -0.78049
            ],
            [
              -74.29057,
              -0.82201
            ],
            [
              -74.25539,
              -0.82013
            ],
            [
              -74.2714,
              -0.87912
            ],
            [
              -74.30299,
              -0.86309
            ],
            [
              -74.32203,
              -0.88116
            ],
            [
              -74.27565,
              -0.90961
            ],
            [
              -74.26318,
              -0.94464
            ],
            [
              -74.2743,
              -0.97986
            ],
            [
              -74.22133,
              -1.0115
            ],
            [
              -74.16776,
              -1.00874
            ],
            [
              -74.08652,
              -1.05437
            ],
            [
              -74.04966,
              -1.05295
            ],
            [
              -74.02417,
              -1.00639
            ],
            [
              -74.02815,
              -1.05994
            ],
            [
              -74.01197,
              -1.09793
            ],
            [
              -73.98232,
              -1.10994
            ],
            [
              -73.9621,
              -1.08495
            ],
            [
              -73.95237,
              -1.09681
            ],
            [
              -73.96847,
              -1.12724
            ],
            [
              -73.90657,
              -1.12659
            ],
            [
              -73.86401,
              -1.22939
            ],
            [
              -73.8125,
              -1.25005
            ],
            [
              -73.78818,
              -1.24139
            ],
            [
              -73.76928,
              -1.26275
            ],
            [
              -73.74478,
              -1.2009
            ],
            [
              -73.73294,
              -1.25084
            ],
            [
              -73.68166,
              -1.2414
            ],
            [
              -73.64583,
              -1.27015
            ],
            [
              -73.62036,
              -1.26472
            ],
            [
              -73.61314,
              -1.3197
            ],
            [
              -73.59457,
              -1.33086
            ],
            [
              -73.57104,
              -1.32161
            ],
            [
              -73.58258,
              -1.37649
            ],
            [
              -73.56029,
              -1.38286
            ],
            [
              -73.55221,
              -1.40485
            ],
            [
              -73.58728,
              -1.42403
            ],
            [
              -73.53863,
              -1.43298
            ],
            [
              -73.53122,
              -1.47847
            ],
            [
              -73.49005,
              -1.48559
            ],
            [
              -73.49638,
              -1.51401
            ],
            [
              -73.47897,
              -1.52924
            ],
            [
              -73.49985,
              -1.56253
            ],
            [
              -73.47948,
              -1.5793
            ],
            [
              -73.45774,
              -1.57109
            ],
            [
              -73.51647,
              -1.6374
            ],
            [
              -73.54041,
              -1.68682
            ],
            [
              -73.53414,
              -1.70792
            ],
            [
              -73.45176,
              -1.74889
            ],
            [
              -73.43094,
              -1.79046
            ],
            [
              -73.3802,
              -1.78121
            ],
            [
              -73.3149,
              -1.82878
            ],
            [
              -73.29782,
              -1.82476
            ],
            [
              -73.30568,
              -1.8002
            ],
            [
              -73.28513,
              -1.78067
            ],
            [
              -73.24513,
              -1.78378
            ],
            [
              -73.25372,
              -1.80855
            ],
            [
              -73.23124,
              -1.8022
            ],
            [
              -73.21992,
              -1.74991
            ],
            [
              -73.18515,
              -1.80832
            ],
            [
              -73.14684,
              -1.80511
            ],
            [
              -73.15461,
              -1.86008
            ],
            [
              -73.10876,
              -1.88377
            ],
            [
              -73.13016,
              -1.9927
            ],
            [
              -73.09338,
              -2.04043
            ],
            [
              -73.11426,
              -2.07425
            ],
            [
              -73.0689,
              -2.08829
            ],
            [
              -73.11679,
              -2.12826
            ],
            [
              -73.1341,
              -2.18148
            ],
            [
              -73.17157,
              -2.18605
            ],
            [
              -73.17275,
              -2.22063
            ],
            [
              -73.12535,
              -2.29654
            ],
            [
              -73.12256,
              -2.32742
            ],
            [
              -73.09757,
              -2.32682
            ],
            [
              -73.05704,
              -2.366
            ],
            [
              -73.04036,
              -2.35471
            ],
            [
              -73.03938,
              -2.32778
            ],
            [
              -73.00152,
              -2.36302
            ],
            [
              -72.97593,
              -2.34469
            ],
            [
              -72.93403,
              -2.41642
            ],
            [
              -72.93329,
              -2.45781
            ],
            [
              -72.83126,
              -2.43115
            ],
            [
              -72.77492,
              -2.39415
            ],
            [
              -72.75118,
              -2.42937
            ],
            [
              -72.72994,
              -2.4211
            ],
            [
              -72.72887,
              -2.39915
            ],
            [
              -72.7024,
              -2.39831
            ],
            [
              -72.68236,
              -2.45337
            ],
            [
              -72.66226,
              -2.44124
            ],
            [
              -72.63114,
              -2.35968
            ],
            [
              -72.59706,
              -2.36801
            ],
            [
              -72.56791,
              -2.40513
            ],
            [
              -72.54322,
              -2.40513
            ],
            [
              -72.51833,
              -2.42711
            ],
            [
              -72.47669,
              -2.42064
            ],
            [
              -72.43299,
              -2.44203
            ],
            [
              -72.40865,
              -2.41598
            ],
            [
              -72.39837,
              -2.47037
            ],
            [
              -72.37346,
              -2.4925
            ],
            [
              -72.29589,
              -2.47735
            ],
            [
              -72.28393,
              -2.45426
            ],
            [
              -72.2552,
              -2.45902
            ],
            [
              -72.25133,
              -2.43178
            ],
            [
              -72.22188,
              -2.44968
            ],
            [
              -72.18729,
              -2.43553
            ],
            [
              -72.15656,
              -2.48113
            ],
            [
              -72.1285,
              -2.41408
            ],
            [
              -72.04882,
              -2.33881
            ],
            [
              -72.01423,
              -2.36929
            ],
            [
              -71.95916,
              -2.3592
            ],
            [
              -71.91972,
              -2.38056
            ],
            [
              -71.92613,
              -2.31543
            ],
            [
              -71.88116,
              -2.31239
            ],
            [
              -71.83288,
              -2.19596
            ],
            [
              -71.79729,
              -2.20703
            ],
            [
              -71.78907,
              -2.1879
            ],
            [
              -71.74848,
              -2.17428
            ],
            [
              -71.74155,
              -2.14635
            ],
            [
              -71.71965,
              -2.16023
            ],
            [
              -71.72922,
              -2.22766
            ],
            [
              -71.70597,
              -2.23231
            ],
            [
              -71.65047,
              -2.20313
            ],
            [
              -71.60635,
              -2.23793
            ],
            [
              -71.51843,
              -2.2524
            ],
            [
              -71.52576,
              -2.32067
            ],
            [
              -71.49941,
              -2.35553
            ],
            [
              -71.47828,
              -2.34598
            ],
            [
              -71.48292,
              -2.2889
            ],
            [
              -71.45659,
              -2.27851
            ],
            [
              -71.3994,
              -2.35805
            ],
            [
              -71.40971,
              -2.39059
            ],
            [
              -71.39513,
              -2.4114
            ],
            [
              -71.31845,
              -2.38143
            ],
            [
              -71.29663,
              -2.34738
            ],
            [
              -71.27691,
              -2.35197
            ],
            [
              -71.2933,
              -2.37809
            ],
            [
              -71.28441,
              -2.38872
            ],
            [
              -71.22798,
              -2.34833
            ],
            [
              -71.19624,
              -2.38187
            ],
            [
              -71.1722,
              -2.38113
            ],
            [
              -71.1661,
              -2.34334
            ],
            [
              -71.12745,
              -2.33849
            ],
            [
              -71.14074,
              -2.30311
            ],
            [
              -71.12563,
              -2.28598
            ],
            [
              -71.03662,
              -2.27614
            ],
            [
              -70.99427,
              -2.30871
            ],
            [
              -70.98698,
              -2.29138
            ],
            [
              -71.01415,
              -2.22646
            ],
            [
              -71.00248,
              -2.21171
            ],
            [
              -70.98149,
              -2.214
            ],
            [
              -70.93712,
              -2.2571
            ],
            [
              -70.87946,
              -2.22329
            ],
            [
              -70.85749,
              -2.23889
            ],
            [
              -70.8388,
              -2.29238
            ],
            [
              -70.77066,
              -2.29906
            ],
            [
              -70.7523,
              -2.3313
            ],
            [
              -70.66371,
              -2.3597
            ],
            [
              -70.68303,
              -2.40415
            ],
            [
              -70.64405,
              -2.41407
            ],
            [
              -70.62827,
              -2.39895
            ],
            [
              -70.64503,
              -2.45406
            ],
            [
              -70.6282,
              -2.48008
            ],
            [
              -70.55904,
              -2.47877
            ],
            [
              -70.54587,
              -2.45028
            ],
            [
              -70.58536,
              -2.42845
            ],
            [
              -70.56517,
              -2.4198
            ],
            [
              -70.51296,
              -2.47713
            ],
            [
              -70.47012,
              -2.45618
            ],
            [
              -70.43322,
              -2.52929
            ],
            [
              -70.40791,
              -2.52918
            ],
            [
              -70.36664,
              -2.49477
            ],
            [
              -70.30216,
              -2.50466
            ],
            [
              -70.30511,
              -2.52799
            ],
            [
              -70.35972,
              -2.54514
            ],
            [
              -70.35839,
              -2.56709
            ],
            [
              -70.3258,
              -2.58263
            ],
            [
              -70.24457,
              -2.55825
            ],
            [
              -70.21944,
              -2.65629
            ],
            [
              -70.19487,
              -2.66344
            ],
            [
              -70.17828,
              -2.63325
            ],
            [
              -70.16544,
              -2.64297
            ],
            [
              -70.16238,
              -2.71356
            ],
            [
              -70.11467,
              -2.70045
            ],
            [
              -70.10156,
              -2.66229
            ],
            [
              -70.07661,
              -2.66296
            ],
            [
              -70.06036,
              -2.75973
            ],
            [
              -70.07353,
              -2.7909
            ],
            [
              -70.71325,
              -3.79546
            ],
            [
              -70.6855,
              -3.79397
            ],
            [
              -70.65302,
              -3.82978
            ],
            [
              -70.62076,
              -3.83989
            ],
            [
              -70.57322,
              -3.81863
            ],
            [
              -70.52003,
              -3.88035
            ],
            [
              -70.46987,
              -3.87068
            ],
            [
              -70.35445,
              -3.80023
            ],
            [
              -70.2881,
              -3.82059
            ],
            [
              -70.24809,
              -3.89508
            ],
            [
              -70.18322,
              -3.92863
            ],
            [
              -70.16745,
              -4.05151
            ],
            [
              -70.06493,
              -4.08091
            ],
            [
              -69.94984,
              -4.22941
            ],
            [
              -69.93041,
              -4.20452
            ],
            [
              -69.45168,
              -1.53891
            ],
            [
              -69.45624,
              -1.48865
            ],
            [
              -69.43267,
              -1.45276
            ],
            [
              -69.43031,
              -1.39216
            ],
            [
              -69.39748,
              -1.3609
            ],
            [
              -69.42995,
              -1.21843
            ],
            [
              -69.3955,
              -1.122
            ],
            [
              -69.43297,
              -1.06949
            ],
            [
              -69.45215,
              -1.07084
            ],
            [
              -69.47072,
              -1.09339
            ],
            [
              -69.46229,
              -1.14177
            ],
            [
              -69.48925,
              -1.15111
            ],
            [
              -69.46555,
              -1.17457
            ],
            [
              -69.47825,
              -1.21147
            ],
            [
              -69.50556,
              -1.21738
            ],
            [
              -69.53905,
              -1.19193
            ],
            [
              -69.56473,
              -1.19326
            ],
            [
              -69.59254,
              -1.14584
            ],
            [
              -69.63454,
              -1.16805
            ],
            [
              -69.63799,
              -1.21391
            ],
            [
              -69.66419,
              -1.2263
            ],
            [
              -69.68031,
              -1.20125
            ],
            [
              -69.68091,
              -1.12133
            ],
            [
              -69.66155,
              -1.11648
            ],
            [
              -69.6523,
              -1.13369
            ],
            [
              -69.64936,
              -1.1168
            ],
            [
              -69.70471,
              -1.04778
            ],
            [
              -69.74952,
              -1.02762
            ],
            [
              -69.77282,
              -1.03704
            ],
            [
              -69.75795,
              -1.0731
            ],
            [
              -69.73447,
              -1.08234
            ],
            [
              -69.7571,
              -1.09887
            ],
            [
              -69.78409,
              -1.08651
            ],
            [
              -69.81754,
              -1.03232
            ],
            [
              -69.83981,
              -1.02847
            ],
            [
              -69.87593,
              -1.07831
            ],
            [
              -69.95505,
              -1.09614
            ],
            [
              -69.97151,
              -1.07299
            ],
            [
              -69.94144,
              -1.03474
            ],
            [
              -69.95424,
              -0.9956
            ],
            [
              -69.90198,
              -0.97193
            ],
            [
              -69.94141,
              -0.94659
            ],
            [
              -69.95819,
              -0.96775
            ],
            [
              -69.99892,
              -0.97604
            ],
            [
              -70.00076,
              -0.946
            ],
            [
              -70.0166,
              -0.93693
            ],
            [
              -70.0308,
              -0.97875
            ],
            [
              -70.07895,
              -0.9469
            ],
            [
              -70.12228,
              -0.97238
            ],
            [
              -70.13561,
              -1.01468
            ],
            [
              -70.08791,
              -1.01235
            ],
            [
              -70.07914,
              -1.03788
            ],
            [
              -70.12787,
              -1.11073
            ],
            [
              -70.16865,
              -1.11292
            ],
            [
              -70.17755,
              -1.0749
            ],
            [
              -70.2276,
              -1.04967
            ],
            [
              -70.19747,
              -0.98507
            ],
            [
              -70.21992,
              -0.98535
            ],
            [
              -70.23206,
              -1.01458
            ],
            [
              -70.25318,
              -1.02078
            ],
            [
              -70.30712,
              -0.9646
            ],
            [
              -70.29589,
              -0.93649
            ],
            [
              -70.26059,
              -0.93804
            ],
            [
              -70.22125,
              -0.88635
            ],
            [
              -70.29713,
              -0.79132
            ],
            [
              -70.29023,
              -0.75247
            ],
            [
              -70.2488,
              -0.7394
            ],
            [
              -70.26191,
              -0.71155
            ],
            [
              -70.25613,
              -0.60286
            ],
            [
              -70.28224,
              -0.55818
            ],
            [
              -70.29994,
              -0.55929
            ],
            [
              -70.30975,
              -0.59029
            ],
            [
              -70.32523,
              -0.56134
            ],
            [
              -70.24451,
              -0.46985
            ],
            [
              -70.20257,
              -0.47384
            ],
            [
              -70.20979,
              -0.44209
            ],
            [
              -70.24661,
              -0.44544
            ],
            [
              -70.28833,
              -0.41293
            ],
            [
              -70.30976,
              -0.4415
            ],
            [
              -70.36507,
              -0.45396
            ],
            [
              -70.35116,
              -0.47254
            ],
            [
              -70.32125,
              -0.46982
            ],
            [
              -70.33461,
              -0.49928
            ],
            [
              -70.37777,
              -0.4979
            ],
            [
              -70.39962,
              -0.46285
            ],
            [
              -70.45735,
              -0.49548
            ],
            [
              -70.45259,
              -0.43969
            ],
            [
              -70.5193,
              -0.35765
            ],
            [
              -70.53122,
              -0.37467
            ],
            [
              -70.56065,
              -0.36586
            ],
            [
              -70.57951,
              -0.39199
            ],
            [
              -70.63038,
              -0.31991
            ],
            [
              -70.67799,
              -0.35212
            ],
            [
              -70.7367,
              -0.28671
            ],
            [
              -70.78008,
              -0.31231
            ],
            [
              -70.75948,
              -0.31908
            ],
            [
              -70.76212,
              -0.33108
            ],
            [
              -70.82619,
              -0.36572
            ],
            [
              -70.87818,
              -0.27996
            ],
            [
              -70.88309,
              -0.21394
            ],
            [
              -70.91508,
              -0.20179
            ],
            [
              -70.94655,
              -0.15408
            ],
            [
              -70.9307,
              -0.12901
            ],
            [
              -70.90157,
              -0.13251
            ],
            [
              -70.89214,
              -0.11617
            ],
            [
              -70.92658,
              -0.08888
            ],
            [
              -70.92725,
              -0.05176
            ],
            [
              -70.96128,
              -0.03983
            ],
            [
              -70.9689,
              -0.00931
            ],
            [
              -70.99174,
              -0.00196
            ],
            [
              -71.01573,
              -0.01247
            ],
            [
              -71.01209,
              -0.04151
            ],
            [
              -71.03109,
              -0.04744
            ],
            [
              -71.05306,
              -0.0277
            ],
            [
              -71.03951,
              -0.00452
            ],
            [
              -71.09503,
              -0.00816
            ],
            [
              -71.10433,
              0.026
            ],
            [
              -71.13398,
              0.00417
            ],
            [
              -71.14469,
              0.05572
            ]
          ]
        ]
      },
      "properties": {
        "code": "91",
        "name": "AMAZONAS",
        "resultType": "observed",
        "source": "dane-divipola-mgn-2025",
        "year": 2025
      }
    },
    {
      "type": "Feature",
      "id": 350,
      "geometry": {
        "type": "Polygon",
        "coordinates": [
          [
            [
              -67.67638,
              3.91228
            ],
            [
              -67.69239,
              3.93618
            ],
            [
              -67.7076,
              4.04503
            ],
            [
              -67.81317,
              3.98454
            ],
            [
              -67.87602,
              3.91915
            ],
            [
              -67.91357,
              3.90944
            ],
            [
              -67.93743,
              3.9631
            ],
            [
              -68.02477,
              3.97592
            ],
            [
              -68.03453,
              4.01136
            ],
            [
              -68.07898,
              3.93515
            ],
            [
              -68.07836,
              3.98054
            ],
            [
              -68.0983,
              3.97457
            ],
            [
              -68.11286,
              3.94341
            ],
            [
              -68.1328,
              3.94651
            ],
            [
              -68.11955,
              3.98209
            ],
            [
              -68.13053,
              4.00095
            ],
            [
              -68.17374,
              3.98603
            ],
            [
              -68.20502,
              3.99749
            ],
            [
              -68.20657,
              3.95678
            ],
            [
              -68.34183,
              3.99367
            ],
            [
              -68.35556,
              3.95475
            ],
            [
              -68.34672,
              3.92407
            ],
            [
              -68.38182,
              3.91237
            ],
            [
              -68.42038,
              3.9267
            ],
            [
              -68.43661,
              3.915
            ],
            [
              -68.39304,
              3.87286
            ],
            [
              -68.39471,
              3.85077
            ],
            [
              -68.44676,
              3.88444
            ],
            [
              -68.44449,
              3.83835
            ],
            [
              -68.47624,
              3.85197
            ],
            [
              -68.51297,
              3.82551
            ],
            [
              -68.50989,
              3.77911
            ],
            [
              -68.5693,
              3.81797
            ],
            [
              -68.55062,
              3.76398
            ],
            [
              -68.57602,
              3.79024
            ],
            [
              -68.63468,
              3.77365
            ],
            [
              -68.67204,
              3.812
            ],
            [
              -68.6805,
              3.797
            ],
            [
              -68.64643,
              3.77507
            ],
            [
              -68.65084,
              3.76171
            ],
            [
              -68.7543,
              3.78312
            ],
            [
              -68.79481,
              3.72225
            ],
            [
              -68.85212,
              3.7387
            ],
            [
              -68.83214,
              3.67066
            ],
            [
              -68.86422,
              3.70633
            ],
            [
              -68.92564,
              3.68679
            ],
            [
              -68.93762,
              3.74236
            ],
            [
              -68.94232,
              3.68246
            ],
            [
              -68.99582,
              3.69185
            ],
            [
              -69.05594,
              3.63866
            ],
            [
              -69.07877,
              3.6559
            ],
            [
              -69.10044,
              3.63807
            ],
            [
              -69.12111,
              3.67604
            ],
            [
              -69.15253,
              3.64262
            ],
            [
              -69.18669,
              3.63392
            ],
            [
              -69.16809,
              3.6719
            ],
            [
              -69.20008,
              3.66949
            ],
            [
              -69.20804,
              3.70198
            ],
            [
              -69.23496,
              3.67401
            ],
            [
              -69.24704,
              3.71476
            ],
            [
              -69.27968,
              3.72629
            ],
            [
              -69.28709,
              3.71325
            ],
            [
              -69.268,
              3.68127
            ],
            [
              -69.29198,
              3.64479
            ],
            [
              -69.30566,
              3.65217
            ],
            [
              -69.28958,
              3.69805
            ],
            [
              -69.30351,
              3.71726
            ],
            [
              -69.36636,
              3.6655
            ],
            [
              -69.38787,
              3.68515
            ],
            [
              -69.40771,
              3.66
            ],
            [
              -69.45475,
              3.70899
            ],
            [
              -69.47845,
              3.69544
            ],
            [
              -69.49288,
              3.65077
            ],
            [
              -69.5043,
              3.67874
            ],
            [
              -69.58903,
              3.68333
            ],
            [
              -69.59495,
              3.67262
            ],
            [
              -69.57055,
              3.66941
            ],
            [
              -69.5926,
              3.56774
            ],
            [
              -69.60888,
              3.59546
            ],
            [
              -69.62904,
              3.56863
            ],
            [
              -69.66314,
              3.58538
            ],
            [
              -69.70064,
              3.53991
            ],
            [
              -69.70982,
              3.57673
            ],
            [
              -69.73992,
              3.59093
            ],
            [
              -69.74235,
              3.57601
            ],
            [
              -69.71373,
              3.54938
            ],
            [
              -69.73401,
              3.54292
            ],
            [
              -69.77734,
              3.56457
            ],
            [
              -69.80192,
              3.50786
            ],
            [
              -69.8154,
              3.51593
            ],
            [
              -69.81711,
              3.55207
            ],
            [
              -69.84389,
              3.54897
            ],
            [
              -69.81721,
              3.47705
            ],
            [
              -69.85159,
              3.49182
            ],
            [
              -69.87245,
              3.53585
            ],
            [
              -69.89356,
              3.53685
            ],
            [
              -69.89554,
              3.51722
            ],
            [
              -69.86168,
              3.47881
            ],
            [
              -69.87173,
              3.43935
            ],
            [
              -69.90253,
              3.4244
            ],
            [
              -69.91497,
              3.447
            ],
            [
              -69.96028,
              3.45692
            ],
            [
              -69.94355,
              3.39475
            ],
            [
              -70.00193,
              3.37272
            ],
            [
              -70.02581,
              3.41762
            ],
            [
              -70.07602,
              3.38737
            ],
            [
              -70.11026,
              3.38499
            ],
            [
              -70.12661,
              3.40081
            ],
            [
              -70.13338,
              3.36514
            ],
            [
              -70.17295,
              3.349
            ],
            [
              -70.10877,
              3.29371
            ],
            [
              -70.11565,
              3.27967
            ],
            [
              -70.13618,
              3.29378
            ],
            [
              -70.15785,
              3.28158
            ],
            [
              -70.15681,
              3.25789
            ],
            [
              -70.13182,
              3.24409
            ],
            [
              -70.12798,
              3.20226
            ],
            [
              -70.14811,
              3.19077
            ],
            [
              -70.15718,
              3.2294
            ],
            [
              -70.17436,
              3.23581
            ],
            [
              -70.16464,
              3.18112
            ],
            [
              -70.19225,
              3.17355
            ],
            [
              -70.21786,
              3.20598
            ],
            [
              -70.20653,
              3.17309
            ],
            [
              -70.2444,
              3.17919
            ],
            [
              -70.28794,
              3.12402
            ],
            [
              -70.27992,
              3.09447
            ],
            [
              -70.31995,
              3.08633
            ],
            [
              -70.31522,
              3.07084
            ],
            [
              -70.27274,
              3.06611
            ],
            [
              -70.25533,
              3.03967
            ],
            [
              -70.30331,
              3.03362
            ],
            [
              -70.27837,
              2.93652
            ],
            [
              -70.35405,
              2.91403
            ],
            [
              -70.3559,
              2.85372
            ],
            [
              -70.49387,
              2.81334
            ],
            [
              -70.49758,
              2.78851
            ],
            [
              -70.94249,
              2.60666
            ],
            [
              -70.93005,
              2.57323
            ],
            [
              -70.88856,
              2.55731
            ],
            [
              -70.85261,
              2.57017
            ],
            [
              -70.82931,
              2.53273
            ],
            [
              -70.79299,
              2.52007
            ],
            [
              -70.75406,
              2.53699
            ],
            [
              -70.73319,
              2.48501
            ],
            [
              -70.67972,
              2.44101
            ],
            [
              -70.63,
              2.31293
            ],
            [
              -70.53073,
              2.26844
            ],
            [
              -70.51102,
              2.28279
            ],
            [
              -70.48858,
              2.25286
            ],
            [
              -70.51118,
              2.25947
            ],
            [
              -70.51433,
              2.24509
            ],
            [
              -70.49681,
              2.23374
            ],
            [
              -70.47312,
              2.24366
            ],
            [
              -70.46472,
              2.23342
            ],
            [
              -70.45817,
              2.25735
            ],
            [
              -70.42078,
              2.26863
            ],
            [
              -70.40793,
              2.25523
            ],
            [
              -70.39896,
              2.26778
            ],
            [
              -70.3659,
              2.23548
            ],
            [
              -70.34204,
              2.24785
            ],
            [
              -70.31223,
              2.20826
            ],
            [
              -70.29282,
              2.22853
            ],
            [
              -70.30549,
              2.25292
            ],
            [
              -70.27356,
              2.23741
            ],
            [
              -70.24349,
              2.26534
            ],
            [
              -70.2473,
              2.24327
            ],
            [
              -70.19443,
              2.22977
            ],
            [
              -70.18272,
              2.24011
            ],
            [
              -70.1914,
              2.25255
            ],
            [
              -70.17449,
              2.23743
            ],
            [
              -70.15677,
              2.2399
            ],
            [
              -70.15968,
              2.26506
            ],
            [
              -70.14171,
              2.25123
            ],
            [
              -70.14671,
              2.27771
            ],
            [
              -70.08515,
              2.26319
            ],
            [
              -70.06925,
              2.29399
            ],
            [
              -70.04521,
              2.29305
            ],
            [
              -70.05313,
              2.27805
            ],
            [
              -70.02638,
              2.2724
            ],
            [
              -70.02411,
              2.23535
            ],
            [
              -69.99601,
              2.22444
            ],
            [
              -69.99618,
              2.2048
            ],
            [
              -70.00623,
              2.20725
            ],
            [
              -70.00665,
              2.18209
            ],
            [
              -70.03624,
              2.18195
            ],
            [
              -70.03357,
              2.15852
            ],
            [
              -70.05526,
              2.1619
            ],
            [
              -70.05835,
              2.14572
            ],
            [
              -70.11902,
              2.11089
            ],
            [
              -70.10382,
              2.09446
            ],
            [
              -70.12076,
              2.04949
            ],
            [
              -70.11154,
              2.00284
            ],
            [
              -70.14069,
              1.97984
            ],
            [
              -70.1802,
              1.88167
            ],
            [
              -70.04678,
              1.77234
            ],
            [
              -69.97502,
              1.74323
            ],
            [
              -69.90277,
              1.74525
            ],
            [
              -69.85901,
              1.7093
            ],
            [
              -69.83957,
              1.71889
            ],
            [
              -69.80929,
              1.69477
            ],
            [
              -69.80373,
              1.70473
            ],
            [
              -69.78258,
              1.69277
            ],
            [
              -69.72115,
              1.73516
            ],
            [
              -69.629,
              1.72338
            ],
            [
              -69.54724,
              1.77679
            ],
            [
              -69.39327,
              1.72675
            ],
            [
              -68.16329,
              1.72779
            ],
            [
              -68.16958,
              1.74331
            ],
            [
              -68.19303,
              1.73776
            ],
            [
              -68.17754,
              1.76571
            ],
            [
              -68.19215,
              1.77998
            ],
            [
              -68.23979,
              1.77113
            ],
            [
              -68.22664,
              1.82932
            ],
            [
              -68.2746,
              1.81912
            ],
            [
              -68.28525,
              1.82967
            ],
            [
              -68.20565,
              1.98586
            ],
            [
              -68.19902,
              2.03866
            ],
            [
              -68.17467,
              1.96854
            ],
            [
              -68.13926,
              1.97073
            ],
            [
              -68.09419,
              1.89652
            ],
            [
              -68.06194,
              1.89322
            ],
            [
              -68.03098,
              1.81101
            ],
            [
              -67.99564,
              1.84576
            ],
            [
              -67.90771,
              1.80479
            ],
            [
              -67.9219,
              1.82038
            ],
            [
              -67.92247,
              1.85841
            ],
            [
              -67.90883,
              1.86216
            ],
            [
              -67.92171,
              1.89271
            ],
            [
              -67.87117,
              1.90077
            ],
            [
              -67.8693,
              1.92374
            ],
            [
              -67.83238,
              1.93942
            ],
            [
              -67.80872,
              1.98591
            ],
            [
              -67.78341,
              1.99989
            ],
            [
              -67.7755,
              2.03493
            ],
            [
              -67.74339,
              2.03446
            ],
            [
              -67.73069,
              2.01166
            ],
            [
              -67.67717,
              2.00907
            ],
            [
              -67.65835,
              1.99047
            ],
            [
              -67.62475,
              2.04038
            ],
            [
              -67.60166,
              2.04377
            ],
            [
              -67.57394,
              2.10351
            ],
            [
              -67.58656,
              2.12165
            ],
            [
              -67.57392,
              2.16232
            ],
            [
              -67.55091,
              2.14942
            ],
            [
              -67.45038,
              2.16879
            ],
            [
              -67.44582,
              2.19909
            ],
            [
              -67.41646,
              2.19359
            ],
            [
              -67.41607,
              2.2287
            ],
            [
              -67.39457,
              2.2327
            ],
            [
              -67.36857,
              2.21617
            ],
            [
              -67.36166,
              2.17097
            ],
            [
              -67.32726,
              2.15487
            ],
            [
              -67.35846,
              2.11576
            ],
            [
              -67.35851,
              2.09447
            ],
            [
              -67.34167,
              2.08492
            ],
            [
              -67.35836,
              2.04157
            ],
            [
              -67.34148,
              2.02667
            ],
            [
              -67.34728,
              1.98499
            ],
            [
              -67.30311,
              1.90063
            ],
            [
              -67.27547,
              1.92341
            ],
            [
              -67.22023,
              1.91791
            ],
            [
              -67.2085,
              1.85833
            ],
            [
              -67.15658,
              1.82783
            ],
            [
              -67.16315,
              1.80134
            ],
            [
              -67.13656,
              1.79889
            ],
            [
              -67.12756,
              1.77678
            ],
            [
              -67.14903,
              1.73153
            ],
            [
              -67.12892,
              1.68795
            ],
            [
              -67.14314,
              1.60423
            ],
            [
              -67.10084,
              1.58173
            ],
            [
              -67.07485,
              1.37007
            ],
            [
              -67.11206,
              1.33499
            ],
            [
              -67.15141,
              1.34555
            ],
            [
              -67.15615,
              1.31717
            ],
            [
              -67.12665,
              1.27059
            ],
            [
              -67.10061,
              1.2597
            ],
            [
              -67.08212,
              1.2007
            ],
            [
              -67.09299,
              1.17086
            ],
            [
              -66.85055,
              1.2236
            ],
            [
              -66.88121,
              1.2866
            ],
            [
              -66.84846,
              1.31865
            ],
            [
              -66.852,
              1.35618
            ],
            [
              -66.87484,
              1.39809
            ],
            [
              -66.91119,
              1.42348
            ],
            [
              -66.92081,
              1.53105
            ],
            [
              -66.96287,
              1.58964
            ],
            [
              -66.96243,
              1.66859
            ],
            [
              -66.98959,
              1.69064
            ],
            [
              -67.03243,
              1.78469
            ],
            [
              -67.03539,
              1.84548
            ],
            [
              -67.07155,
              1.93396
            ],
            [
              -67.123,
              1.97689
            ],
            [
              -67.09704,
              2.05241
            ],
            [
              -67.10802,
              2.1193
            ],
            [
              -67.12173,
              2.13699
            ],
            [
              -67.16158,
              2.13284
            ],
            [
              -67.22197,
              2.25425
            ],
            [
              -67.21739,
              2.3027
            ],
            [
              -67.1879,
              2.35031
            ],
            [
              -67.22176,
              2.3986
            ],
            [
              -67.29709,
              2.44195
            ],
            [
              -67.33945,
              2.51869
            ],
            [
              -67.38325,
              2.54397
            ],
            [
              -67.39209,
              2.5736
            ],
            [
              -67.46763,
              2.61943
            ],
            [
              -67.48522,
              2.6658
            ],
            [
              -67.52319,
              2.67338
            ],
            [
              -67.5619,
              2.65579
            ],
            [
              -67.56383,
              2.72606
            ],
            [
              -67.61439,
              2.81155
            ],
            [
              -67.65835,
              2.79656
            ],
            [
              -67.73557,
              2.81693
            ],
            [
              -67.73607,
              2.83563
            ],
            [
              -67.75042,
              2.83754
            ],
            [
              -67.81538,
              2.83126
            ],
            [
              -67.83795,
              2.7933
            ],
            [
              -67.86411,
              2.78947
            ],
            [
              -67.86283,
              2.86487
            ],
            [
              -67.43485,
              3.24847
            ],
            [
              -67.38118,
              3.24842
            ],
            [
              -67.3816,
              3.29258
            ],
            [
              -67.31078,
              3.37789
            ],
            [
              -67.33915,
              3.45102
            ],
            [
              -67.40147,
              3.48
            ],
            [
              -67.41204,
              3.53888
            ],
            [
              -67.44407,
              3.58524
            ],
            [
              -67.44796,
              3.67648
            ],
            [
              -67.47921,
              3.70475
            ],
            [
              -67.50129,
              3.76745
            ],
            [
              -67.61251,
              3.75561
            ],
            [
              -67.67638,
              3.91228
            ]
          ]
        ]
      },
      "properties": {
        "code": "94",
        "name": "GUAINÍA",
        "resultType": "observed",
        "source": "dane-divipola-mgn-2025",
        "year": 2025
      }
    },
    {
      "type": "Feature",
      "id": 351,
      "geometry": {
        "type": "Polygon",
        "coordinates": [
          [
            [
              -71.31266,
              2.92463
            ],
            [
              -71.33082,
              2.92131
            ],
            [
              -71.34771,
              2.85823
            ],
            [
              -71.36163,
              2.89053
            ],
            [
              -71.38267,
              2.88749
            ],
            [
              -71.39124,
              2.84391
            ],
            [
              -71.46338,
              2.89928
            ],
            [
              -71.4703,
              2.8531
            ],
            [
              -71.52067,
              2.879
            ],
            [
              -71.54509,
              2.85911
            ],
            [
              -71.58325,
              2.87229
            ],
            [
              -71.57517,
              2.84427
            ],
            [
              -71.61059,
              2.84632
            ],
            [
              -71.65221,
              2.82019
            ],
            [
              -71.6739,
              2.82578
            ],
            [
              -71.66201,
              2.87273
            ],
            [
              -71.6815,
              2.87169
            ],
            [
              -71.69707,
              2.83811
            ],
            [
              -71.76186,
              2.8973
            ],
            [
              -71.75801,
              2.85297
            ],
            [
              -71.78004,
              2.81783
            ],
            [
              -71.78844,
              2.8695
            ],
            [
              -71.82061,
              2.87912
            ],
            [
              -71.85086,
              2.8716
            ],
            [
              -71.82315,
              2.87002
            ],
            [
              -71.82791,
              2.83747
            ],
            [
              -71.95394,
              2.83174
            ],
            [
              -71.98192,
              2.80119
            ],
            [
              -72.00486,
              2.82935
            ],
            [
              -72.05162,
              2.81668
            ],
            [
              -72.08213,
              2.82585
            ],
            [
              -72.13485,
              2.88904
            ],
            [
              -72.14396,
              2.86474
            ],
            [
              -72.18282,
              2.87522
            ],
            [
              -72.20271,
              2.86405
            ],
            [
              -72.20581,
              2.81483
            ],
            [
              -72.18404,
              2.79033
            ],
            [
              -72.19286,
              2.77235
            ],
            [
              -72.21512,
              2.77566
            ],
            [
              -72.25949,
              2.8247
            ],
            [
              -72.27995,
              2.77578
            ],
            [
              -72.29497,
              2.77405
            ],
            [
              -72.31302,
              2.79912
            ],
            [
              -72.33551,
              2.79675
            ],
            [
              -72.40665,
              2.726
            ],
            [
              -72.43464,
              2.73999
            ],
            [
              -72.47059,
              2.73383
            ],
            [
              -72.47221,
              2.68935
            ],
            [
              -72.53631,
              2.70272
            ],
            [
              -72.53725,
              2.68282
            ],
            [
              -72.57142,
              2.67412
            ],
            [
              -72.55583,
              2.6499
            ],
            [
              -72.58672,
              2.63932
            ],
            [
              -72.58641,
              2.58367
            ],
            [
              -72.62087,
              2.62736
            ],
            [
              -72.65296,
              2.57154
            ],
            [
              -72.67942,
              2.62218
            ],
            [
              -72.70216,
              2.61782
            ],
            [
              -72.73967,
              2.56991
            ],
            [
              -72.81821,
              2.61397
            ],
            [
              -72.92032,
              2.56246
            ],
            [
              -72.92103,
              2.53438
            ],
            [
              -72.95834,
              2.50851
            ],
            [
              -72.95423,
              2.49486
            ],
            [
              -72.93273,
              2.49698
            ],
            [
              -72.9348,
              2.46414
            ],
            [
              -72.96255,
              2.48017
            ],
            [
              -72.96577,
              2.44844
            ],
            [
              -72.9861,
              2.4519
            ],
            [
              -73.03279,
              2.41257
            ],
            [
              -73.04523,
              2.43792
            ],
            [
              -73.11055,
              2.381
            ],
            [
              -73.12778,
              2.41098
            ],
            [
              -73.14127,
              2.39712
            ],
            [
              -73.12407,
              2.37882
            ],
            [
              -73.1635,
              2.36539
            ],
            [
              -73.16573,
              2.39941
            ],
            [
              -73.2016,
              2.38247
            ],
            [
              -73.21769,
              2.38636
            ],
            [
              -73.21652,
              2.40547
            ],
            [
              -73.22595,
              2.38891
            ],
            [
              -73.26787,
              2.38087
            ],
            [
              -73.24115,
              2.37134
            ],
            [
              -73.24247,
              2.34733
            ],
            [
              -73.26743,
              2.35877
            ],
            [
              -73.30065,
              2.33599
            ],
            [
              -73.33041,
              2.36036
            ],
            [
              -73.33317,
              2.33335
            ],
            [
              -73.35671,
              2.3241
            ],
            [
              -73.34509,
              2.35268
            ],
            [
              -73.35691,
              2.3685
            ],
            [
              -73.37461,
              2.36248
            ],
            [
              -73.37897,
              2.32496
            ],
            [
              -73.3963,
              2.32887
            ],
            [
              -73.39035,
              2.35113
            ],
            [
              -73.41216,
              2.35697
            ],
            [
              -73.43677,
              2.32654
            ],
            [
              -73.44231,
              2.38627
            ],
            [
              -73.45568,
              2.38238
            ],
            [
              -73.4503,
              2.33973
            ],
            [
              -73.47404,
              2.36176
            ],
            [
              -73.50586,
              2.35644
            ],
            [
              -73.51228,
              2.33294
            ],
            [
              -73.52803,
              2.38756
            ],
            [
              -73.57197,
              2.35492
            ],
            [
              -73.58544,
              2.35957
            ],
            [
              -73.58638,
              2.39002
            ],
            [
              -73.6185,
              2.37672
            ],
            [
              -73.63298,
              2.36034
            ],
            [
              -73.61385,
              2.34114
            ],
            [
              -73.63504,
              2.3257
            ],
            [
              -73.6297,
              2.29487
            ],
            [
              -73.6434,
              2.28367
            ],
            [
              -73.65693,
              2.29447
            ],
            [
              -73.66391,
              1.59336
            ],
            [
              -73.54726,
              1.43802
            ],
            [
              -73.53512,
              1.38991
            ],
            [
              -73.48297,
              1.37031
            ],
            [
              -73.45613,
              1.29463
            ],
            [
              -73.42825,
              1.29594
            ],
            [
              -73.43187,
              1.25892
            ],
            [
              -73.40874,
              1.24144
            ],
            [
              -73.42417,
              1.22354
            ],
            [
              -73.40727,
              1.20575
            ],
            [
              -73.42107,
              1.19091
            ],
            [
              -73.39299,
              1.17194
            ],
            [
              -73.39302,
              1.14735
            ],
            [
              -73.34357,
              1.1234
            ],
            [
              -73.34054,
              1.09918
            ],
            [
              -73.28201,
              1.0668
            ],
            [
              -73.27885,
              1.04729
            ],
            [
              -73.25156,
              1.04876
            ],
            [
              -73.2349,
              1.0087
            ],
            [
              -73.17857,
              1.00016
            ],
            [
              -73.17292,
              0.98151
            ],
            [
              -73.1895,
              0.96699
            ],
            [
              -73.16425,
              0.94037
            ],
            [
              -73.14695,
              0.94333
            ],
            [
              -73.14452,
              0.91993
            ],
            [
              -73.10928,
              0.924
            ],
            [
              -73.07672,
              0.89443
            ],
            [
              -73.0516,
              0.91186
            ],
            [
              -73.03827,
              0.90242
            ],
            [
              -73.02658,
              0.9215
            ],
            [
              -73.00973,
              0.91054
            ],
            [
              -73.00621,
              0.93329
            ],
            [
              -72.98787,
              0.9281
            ],
            [
              -72.99665,
              0.95171
            ],
            [
              -72.94031,
              0.97999
            ],
            [
              -72.9325,
              1.01515
            ],
            [
              -72.86719,
              1.02446
            ],
            [
              -72.86515,
              1.04171
            ],
            [
              -72.87934,
              1.04617
            ],
            [
              -72.85802,
              1.04224
            ],
            [
              -72.86083,
              1.07192
            ],
            [
              -72.88335,
              1.07003
            ],
            [
              -72.86912,
              1.08654
            ],
            [
              -72.8837,
              1.09862
            ],
            [
              -72.85005,
              1.10467
            ],
            [
              -72.87207,
              1.13541
            ],
            [
              -72.8498,
              1.1431
            ],
            [
              -72.85925,
              1.16478
            ],
            [
              -72.82689,
              1.1489
            ],
            [
              -72.82391,
              1.17823
            ],
            [
              -72.77128,
              1.18227
            ],
            [
              -72.77803,
              1.14788
            ],
            [
              -72.74961,
              1.12884
            ],
            [
              -72.73875,
              1.15111
            ],
            [
              -72.72276,
              1.1496
            ],
            [
              -72.72586,
              1.1861
            ],
            [
              -72.6622,
              1.15079
            ],
            [
              -72.6499,
              1.18181
            ],
            [
              -72.62257,
              1.13625
            ],
            [
              -72.51092,
              1.06801
            ],
            [
              -72.45568,
              1.07986
            ],
            [
              -72.39946,
              1.00393
            ],
            [
              -72.41048,
              0.98682
            ],
            [
              -72.40047,
              0.96736
            ],
            [
              -72.37702,
              0.96021
            ],
            [
              -72.3916,
              0.91909
            ],
            [
              -72.35441,
              0.93507
            ],
            [
              -72.33992,
              0.92666
            ],
            [
              -72.34693,
              0.90292
            ],
            [
              -72.33235,
              0.87938
            ],
            [
              -72.34357,
              0.86863
            ],
            [
              -72.3288,
              0.84078
            ],
            [
              -72.31666,
              0.85302
            ],
            [
              -72.3231,
              0.8761
            ],
            [
              -72.28853,
              0.87321
            ],
            [
              -72.30142,
              0.84237
            ],
            [
              -72.28675,
              0.81873
            ],
            [
              -72.31011,
              0.80929
            ],
            [
              -72.26965,
              0.76311
            ],
            [
              -72.27034,
              0.7941
            ],
            [
              -72.2487,
              0.78854
            ],
            [
              -72.22185,
              0.74728
            ],
            [
              -72.22092,
              0.70629
            ],
            [
              -72.20038,
              0.70197
            ],
            [
              -72.19079,
              0.72699
            ],
            [
              -72.16393,
              0.71333
            ],
            [
              -72.16338,
              0.73385
            ],
            [
              -72.14029,
              0.71806
            ],
            [
              -72.1267,
              0.74012
            ],
            [
              -72.10982,
              0.70492
            ],
            [
              -72.07036,
              0.69271
            ],
            [
              -72.07069,
              0.66841
            ],
            [
              -72.08618,
              0.65962
            ],
            [
              -72.04856,
              0.6562
            ],
            [
              -71.7741,
              0.90606
            ],
            [
              -71.76571,
              0.96162
            ],
            [
              -71.74029,
              0.98482
            ],
            [
              -71.71023,
              0.99048
            ],
            [
              -71.68838,
              0.97033
            ],
            [
              -71.66556,
              0.97292
            ],
            [
              -71.6158,
              1.03708
            ],
            [
              -71.58525,
              1.04459
            ],
            [
              -71.57268,
              1.09115
            ],
            [
              -71.58254,
              1.12687
            ],
            [
              -71.53999,
              1.11456
            ],
            [
              -71.55623,
              1.1555
            ],
            [
              -71.53163,
              1.16026
            ],
            [
              -71.53552,
              1.12409
            ],
            [
              -71.50265,
              1.10328
            ],
            [
              -71.48505,
              1.10882
            ],
            [
              -71.53468,
              1.20602
            ],
            [
              -71.55302,
              1.20742
            ],
            [
              -71.53891,
              1.23019
            ],
            [
              -71.55252,
              1.2769
            ],
            [
              -71.5264,
              1.27803
            ],
            [
              -71.53061,
              1.29584
            ],
            [
              -71.47864,
              1.40484
            ],
            [
              -71.47942,
              1.44616
            ],
            [
              -71.45532,
              1.46477
            ],
            [
              -71.43994,
              1.508
            ],
            [
              -71.43948,
              1.545
            ],
            [
              -71.39018,
              1.5982
            ],
            [
              -71.39818,
              1.73371
            ],
            [
              -71.36782,
              1.73894
            ],
            [
              -71.33044,
              1.70512
            ],
            [
              -71.31388,
              1.71391
            ],
            [
              -71.25862,
              1.66797
            ],
            [
              -71.12583,
              1.78306
            ],
            [
              -71.09259,
              1.78108
            ],
            [
              -71.09337,
              1.80206
            ],
            [
              -71.06471,
              1.79832
            ],
            [
              -71.04172,
              1.8175
            ],
            [
              -71.00034,
              1.81504
            ],
            [
              -70.95654,
              1.84621
            ],
            [
              -70.90243,
              1.88848
            ],
            [
              -70.89445,
              1.9277
            ],
            [
              -70.87736,
              1.93307
            ],
            [
              -70.86613,
              1.90875
            ],
            [
              -70.84698,
              1.92056
            ],
            [
              -70.80103,
              1.90557
            ],
            [
              -70.77045,
              1.92763
            ],
            [
              -70.76106,
              1.90999
            ],
            [
              -70.73315,
              1.92391
            ],
            [
              -70.69107,
              1.89766
            ],
            [
              -70.66259,
              1.9139
            ],
            [
              -70.63653,
              1.90322
            ],
            [
              -70.62092,
              1.92998
            ],
            [
              -70.57914,
              1.92855
            ],
            [
              -70.53089,
              1.95711
            ],
            [
              -70.51398,
              1.95696
            ],
            [
              -70.51112,
              1.9404
            ],
            [
              -70.48663,
              1.94576
            ],
            [
              -70.4853,
              1.96309
            ],
            [
              -70.46444,
              1.96299
            ],
            [
              -70.46565,
              1.98289
            ],
            [
              -70.43471,
              1.99975
            ],
            [
              -70.38652,
              1.98521
            ],
            [
              -70.36811,
              2.00355
            ],
            [
              -70.35112,
              1.98303
            ],
            [
              -70.31764,
              2.01283
            ],
            [
              -70.26069,
              2.01412
            ],
            [
              -70.25054,
              2.0294
            ],
            [
              -70.18102,
              2.02476
            ],
            [
              -70.15149,
              2.07163
            ],
            [
              -70.13947,
              2.06225
            ],
            [
              -70.10884,
              2.08025
            ],
            [
              -70.11934,
              2.11029
            ],
            [
              -70.09222,
              2.122
            ],
            [
              -70.1001,
              2.13003
            ],
            [
              -70.05835,
              2.14572
            ],
            [
              -70.05526,
              2.1619
            ],
            [
              -70.03357,
              2.15852
            ],
            [
              -70.03624,
              2.18195
            ],
            [
              -70.00595,
              2.18269
            ],
            [
              -69.99548,
              2.22383
            ],
            [
              -70.02334,
              2.23421
            ],
            [
              -70.02638,
              2.2724
            ],
            [
              -70.0538,
              2.27926
            ],
            [
              -70.04704,
              2.29416
            ],
            [
              -70.06925,
              2.29399
            ],
            [
              -70.08515,
              2.26319
            ],
            [
              -70.14671,
              2.27771
            ],
            [
              -70.14171,
              2.25123
            ],
            [
              -70.15968,
              2.26506
            ],
            [
              -70.15677,
              2.2399
            ],
            [
              -70.17449,
              2.23743
            ],
            [
              -70.1914,
              2.25255
            ],
            [
              -70.18272,
              2.24011
            ],
            [
              -70.19443,
              2.22977
            ],
            [
              -70.2473,
              2.24327
            ],
            [
              -70.24349,
              2.26534
            ],
            [
              -70.27356,
              2.23741
            ],
            [
              -70.30549,
              2.25292
            ],
            [
              -70.29282,
              2.22853
            ],
            [
              -70.31223,
              2.20826
            ],
            [
              -70.34204,
              2.24785
            ],
            [
              -70.3659,
              2.23548
            ],
            [
              -70.39896,
              2.26778
            ],
            [
              -70.40793,
              2.25523
            ],
            [
              -70.42078,
              2.26863
            ],
            [
              -70.45817,
              2.25735
            ],
            [
              -70.46472,
              2.23342
            ],
            [
              -70.49842,
              2.23438
            ],
            [
              -70.51344,
              2.25735
            ],
            [
              -70.48875,
              2.25475
            ],
            [
              -70.51102,
              2.28279
            ],
            [
              -70.53073,
              2.26844
            ],
            [
              -70.63,
              2.31293
            ],
            [
              -70.67972,
              2.44101
            ],
            [
              -70.73319,
              2.48501
            ],
            [
              -70.75406,
              2.53699
            ],
            [
              -70.79299,
              2.52007
            ],
            [
              -70.82931,
              2.53273
            ],
            [
              -70.85261,
              2.57017
            ],
            [
              -70.88856,
              2.55731
            ],
            [
              -70.92824,
              2.57037
            ],
            [
              -70.94249,
              2.60666
            ],
            [
              -70.50115,
              2.78799
            ],
            [
              -70.56993,
              2.83269
            ],
            [
              -70.59567,
              2.83769
            ],
            [
              -70.6183,
              2.79174
            ],
            [
              -70.63541,
              2.84877
            ],
            [
              -70.66222,
              2.85647
            ],
            [
              -70.64041,
              2.80264
            ],
            [
              -70.68172,
              2.77778
            ],
            [
              -70.70917,
              2.73711
            ],
            [
              -70.72478,
              2.79516
            ],
            [
              -70.75442,
              2.77022
            ],
            [
              -70.81134,
              2.76001
            ],
            [
              -70.79639,
              2.79445
            ],
            [
              -70.82157,
              2.81307
            ],
            [
              -70.87143,
              2.77781
            ],
            [
              -70.85417,
              2.82316
            ],
            [
              -70.87611,
              2.84738
            ],
            [
              -70.87104,
              2.79932
            ],
            [
              -70.88367,
              2.79258
            ],
            [
              -70.91134,
              2.84988
            ],
            [
              -70.93805,
              2.85731
            ],
            [
              -70.92515,
              2.81541
            ],
            [
              -70.94655,
              2.78557
            ],
            [
              -70.962,
              2.80049
            ],
            [
              -70.94793,
              2.81796
            ],
            [
              -70.95457,
              2.84214
            ],
            [
              -70.98849,
              2.82913
            ],
            [
              -71.01059,
              2.85681
            ],
            [
              -71.05806,
              2.85283
            ],
            [
              -71.07584,
              2.88219
            ],
            [
              -71.11583,
              2.87515
            ],
            [
              -71.1372,
              2.90395
            ],
            [
              -71.15145,
              2.87216
            ],
            [
              -71.18351,
              2.90484
            ],
            [
              -71.22179,
              2.86559
            ],
            [
              -71.24717,
              2.86275
            ],
            [
              -71.25964,
              2.88618
            ],
            [
              -71.28368,
              2.86782
            ],
            [
              -71.29956,
              2.87558
            ],
            [
              -71.31266,
              2.92463
            ]
          ]
        ]
      },
      "properties": {
        "code": "95",
        "name": "GUAVIARE",
        "resultType": "observed",
        "source": "dane-divipola-mgn-2025",
        "year": 2025
      }
    },
    {
      "type": "Feature",
      "id": 352,
      "geometry": {
        "type": "Polygon",
        "coordinates": [
          [
            [
              -70.11033,
              2.0801
            ],
            [
              -70.13947,
              2.06225
            ],
            [
              -70.15149,
              2.07163
            ],
            [
              -70.18102,
              2.02476
            ],
            [
              -70.25054,
              2.0294
            ],
            [
              -70.26069,
              2.01412
            ],
            [
              -70.31764,
              2.01283
            ],
            [
              -70.35112,
              1.98303
            ],
            [
              -70.36811,
              2.00355
            ],
            [
              -70.38652,
              1.98521
            ],
            [
              -70.43471,
              1.99975
            ],
            [
              -70.46565,
              1.98289
            ],
            [
              -70.46444,
              1.96299
            ],
            [
              -70.4853,
              1.96309
            ],
            [
              -70.48663,
              1.94576
            ],
            [
              -70.51112,
              1.9404
            ],
            [
              -70.51398,
              1.95696
            ],
            [
              -70.53089,
              1.95711
            ],
            [
              -70.57914,
              1.92855
            ],
            [
              -70.62092,
              1.92998
            ],
            [
              -70.63614,
              1.90329
            ],
            [
              -70.66259,
              1.9139
            ],
            [
              -70.69107,
              1.89766
            ],
            [
              -70.73315,
              1.92391
            ],
            [
              -70.76106,
              1.90999
            ],
            [
              -70.77045,
              1.92763
            ],
            [
              -70.80103,
              1.90557
            ],
            [
              -70.84698,
              1.92056
            ],
            [
              -70.86613,
              1.90875
            ],
            [
              -70.87964,
              1.93316
            ],
            [
              -70.89467,
              1.92753
            ],
            [
              -70.90261,
              1.88828
            ],
            [
              -71.00012,
              1.81519
            ],
            [
              -71.09337,
              1.80206
            ],
            [
              -71.09259,
              1.78108
            ],
            [
              -71.12583,
              1.78306
            ],
            [
              -71.25862,
              1.66797
            ],
            [
              -71.31388,
              1.71391
            ],
            [
              -71.33044,
              1.70512
            ],
            [
              -71.36782,
              1.73894
            ],
            [
              -71.39818,
              1.73371
            ],
            [
              -71.39018,
              1.5982
            ],
            [
              -71.43948,
              1.545
            ],
            [
              -71.43994,
              1.508
            ],
            [
              -71.45532,
              1.46477
            ],
            [
              -71.47942,
              1.44616
            ],
            [
              -71.47864,
              1.40484
            ],
            [
              -71.53061,
              1.29584
            ],
            [
              -71.5264,
              1.27803
            ],
            [
              -71.55252,
              1.2769
            ],
            [
              -71.53891,
              1.23019
            ],
            [
              -71.55302,
              1.20742
            ],
            [
              -71.53468,
              1.20602
            ],
            [
              -71.48505,
              1.10882
            ],
            [
              -71.50265,
              1.10328
            ],
            [
              -71.53552,
              1.12409
            ],
            [
              -71.53163,
              1.16026
            ],
            [
              -71.55623,
              1.1555
            ],
            [
              -71.53999,
              1.11456
            ],
            [
              -71.58254,
              1.12687
            ],
            [
              -71.57268,
              1.09115
            ],
            [
              -71.58515,
              1.04469
            ],
            [
              -71.6158,
              1.03708
            ],
            [
              -71.66556,
              0.97292
            ],
            [
              -71.68838,
              0.97033
            ],
            [
              -71.71023,
              0.99048
            ],
            [
              -71.74029,
              0.98482
            ],
            [
              -71.76571,
              0.96162
            ],
            [
              -71.7741,
              0.90606
            ],
            [
              -72.03319,
              0.66428
            ],
            [
              -71.99931,
              0.65877
            ],
            [
              -71.99496,
              0.63308
            ],
            [
              -71.98147,
              0.63201
            ],
            [
              -72.01184,
              0.59771
            ],
            [
              -71.99068,
              0.589
            ],
            [
              -71.98976,
              0.56302
            ],
            [
              -71.9531,
              0.54001
            ],
            [
              -71.94139,
              0.57105
            ],
            [
              -71.92929,
              0.55343
            ],
            [
              -71.91313,
              0.51454
            ],
            [
              -71.92901,
              0.48662
            ],
            [
              -71.90146,
              0.47198
            ],
            [
              -71.91937,
              0.451
            ],
            [
              -71.88984,
              0.44755
            ],
            [
              -71.8871,
              0.46938
            ],
            [
              -71.85899,
              0.457
            ],
            [
              -71.8469,
              0.41358
            ],
            [
              -71.82342,
              0.40574
            ],
            [
              -71.85313,
              0.35236
            ],
            [
              -71.82346,
              0.33936
            ],
            [
              -71.80187,
              0.35529
            ],
            [
              -71.81482,
              0.37357
            ],
            [
              -71.76696,
              0.3696
            ],
            [
              -71.78907,
              0.33568
            ],
            [
              -71.75369,
              0.33242
            ],
            [
              -71.73724,
              0.2857
            ],
            [
              -71.70501,
              0.31842
            ],
            [
              -71.70086,
              0.29956
            ],
            [
              -71.7263,
              0.28098
            ],
            [
              -71.69793,
              0.23746
            ],
            [
              -71.64391,
              0.20958
            ],
            [
              -71.62411,
              0.21587
            ],
            [
              -71.61712,
              0.19294
            ],
            [
              -71.63615,
              0.18297
            ],
            [
              -71.60578,
              0.1833
            ],
            [
              -71.56077,
              0.21625
            ],
            [
              -71.58995,
              0.16626
            ],
            [
              -71.53146,
              0.16524
            ],
            [
              -71.545,
              0.13101
            ],
            [
              -71.52971,
              0.1199
            ],
            [
              -71.49521,
              0.13479
            ],
            [
              -71.47351,
              0.18499
            ],
            [
              -71.45559,
              0.17407
            ],
            [
              -71.47035,
              0.15264
            ],
            [
              -71.44959,
              0.13903
            ],
            [
              -71.40883,
              0.15069
            ],
            [
              -71.3996,
              0.18586
            ],
            [
              -71.37312,
              0.17212
            ],
            [
              -71.36543,
              0.14456
            ],
            [
              -71.34185,
              0.13829
            ],
            [
              -71.33525,
              0.155
            ],
            [
              -71.32096,
              0.13634
            ],
            [
              -71.32851,
              0.11289
            ],
            [
              -71.2903,
              0.09591
            ],
            [
              -71.29266,
              0.06835
            ],
            [
              -71.23492,
              0.0664
            ],
            [
              -71.22575,
              0.0542
            ],
            [
              -71.18431,
              0.09705
            ],
            [
              -71.14543,
              0.06293
            ],
            [
              -71.13398,
              0.00417
            ],
            [
              -71.10433,
              0.026
            ],
            [
              -71.09503,
              -0.00816
            ],
            [
              -71.03951,
              -0.00452
            ],
            [
              -71.05306,
              -0.0277
            ],
            [
              -71.03109,
              -0.04744
            ],
            [
              -71.01209,
              -0.04151
            ],
            [
              -71.01862,
              -0.01834
            ],
            [
              -71.00171,
              -0.00378
            ],
            [
              -70.9689,
              -0.00931
            ],
            [
              -70.96128,
              -0.03983
            ],
            [
              -70.92725,
              -0.05176
            ],
            [
              -70.92496,
              -0.09165
            ],
            [
              -70.89214,
              -0.11306
            ],
            [
              -70.90157,
              -0.13251
            ],
            [
              -70.93455,
              -0.13175
            ],
            [
              -70.94474,
              -0.15947
            ],
            [
              -70.91508,
              -0.20179
            ],
            [
              -70.88309,
              -0.21394
            ],
            [
              -70.87818,
              -0.27996
            ],
            [
              -70.82619,
              -0.36572
            ],
            [
              -70.76212,
              -0.33108
            ],
            [
              -70.75948,
              -0.31908
            ],
            [
              -70.78008,
              -0.31231
            ],
            [
              -70.7367,
              -0.28671
            ],
            [
              -70.67799,
              -0.35212
            ],
            [
              -70.63038,
              -0.31991
            ],
            [
              -70.57951,
              -0.39199
            ],
            [
              -70.56065,
              -0.36586
            ],
            [
              -70.53122,
              -0.37467
            ],
            [
              -70.5193,
              -0.35765
            ],
            [
              -70.45259,
              -0.43969
            ],
            [
              -70.45735,
              -0.49548
            ],
            [
              -70.39962,
              -0.46285
            ],
            [
              -70.37777,
              -0.4979
            ],
            [
              -70.33461,
              -0.49928
            ],
            [
              -70.32125,
              -0.46982
            ],
            [
              -70.35116,
              -0.47254
            ],
            [
              -70.36507,
              -0.45396
            ],
            [
              -70.30976,
              -0.4415
            ],
            [
              -70.28833,
              -0.41293
            ],
            [
              -70.24661,
              -0.44544
            ],
            [
              -70.2116,
              -0.44012
            ],
            [
              -70.20257,
              -0.47384
            ],
            [
              -70.24451,
              -0.46985
            ],
            [
              -70.32523,
              -0.56134
            ],
            [
              -70.30975,
              -0.59029
            ],
            [
              -70.29994,
              -0.55929
            ],
            [
              -70.28224,
              -0.55818
            ],
            [
              -70.25613,
              -0.60286
            ],
            [
              -70.26191,
              -0.71155
            ],
            [
              -70.2488,
              -0.7394
            ],
            [
              -70.29023,
              -0.75247
            ],
            [
              -70.29713,
              -0.79132
            ],
            [
              -70.22125,
              -0.88635
            ],
            [
              -70.26059,
              -0.93804
            ],
            [
              -70.29589,
              -0.93649
            ],
            [
              -70.30712,
              -0.9646
            ],
            [
              -70.25318,
              -1.02078
            ],
            [
              -70.23206,
              -1.01458
            ],
            [
              -70.21992,
              -0.98535
            ],
            [
              -70.19747,
              -0.98507
            ],
            [
              -70.2276,
              -1.04967
            ],
            [
              -70.17755,
              -1.0749
            ],
            [
              -70.16952,
              -1.1123
            ],
            [
              -70.12829,
              -1.11108
            ],
            [
              -70.07933,
              -1.03837
            ],
            [
              -70.08742,
              -1.01257
            ],
            [
              -70.12561,
              -1.02126
            ],
            [
              -70.13805,
              -1.00986
            ],
            [
              -70.10528,
              -0.9558
            ],
            [
              -70.07315,
              -0.94821
            ],
            [
              -70.03931,
              -0.98085
            ],
            [
              -70.02309,
              -0.97153
            ],
            [
              -70.02033,
              -0.93756
            ],
            [
              -70.00104,
              -0.94552
            ],
            [
              -69.99683,
              -0.97649
            ],
            [
              -69.95819,
              -0.96775
            ],
            [
              -69.93935,
              -0.94671
            ],
            [
              -69.90181,
              -0.97468
            ],
            [
              -69.95402,
              -0.99511
            ],
            [
              -69.94119,
              -1.03311
            ],
            [
              -69.97095,
              -1.06871
            ],
            [
              -69.96089,
              -1.0933
            ],
            [
              -69.8764,
              -1.07856
            ],
            [
              -69.83033,
              -1.02778
            ],
            [
              -69.78088,
              -1.08942
            ],
            [
              -69.74537,
              -1.0975
            ],
            [
              -69.73484,
              -1.08134
            ],
            [
              -69.75758,
              -1.07348
            ],
            [
              -69.77475,
              -1.04096
            ],
            [
              -69.74952,
              -1.02762
            ],
            [
              -69.70471,
              -1.04778
            ],
            [
              -69.64967,
              -1.11579
            ],
            [
              -69.6523,
              -1.13369
            ],
            [
              -69.66155,
              -1.11648
            ],
            [
              -69.68091,
              -1.12133
            ],
            [
              -69.68039,
              -1.20071
            ],
            [
              -69.66653,
              -1.22507
            ],
            [
              -69.63851,
              -1.21486
            ],
            [
              -69.63307,
              -1.16642
            ],
            [
              -69.59254,
              -1.14584
            ],
            [
              -69.56473,
              -1.19326
            ],
            [
              -69.4904,
              -1.21686
            ],
            [
              -69.46503,
              -1.18931
            ],
            [
              -69.48922,
              -1.1529
            ],
            [
              -69.45957,
              -1.13425
            ],
            [
              -69.46989,
              -1.08974
            ],
            [
              -69.45215,
              -1.07084
            ],
            [
              -69.42037,
              -1.06994
            ],
            [
              -69.43056,
              -1.06077
            ],
            [
              -69.4186,
              -1.04364
            ],
            [
              -69.44508,
              -1.02301
            ],
            [
              -69.41818,
              -0.99903
            ],
            [
              -69.45909,
              -0.9938
            ],
            [
              -69.47131,
              -0.95766
            ],
            [
              -69.52826,
              -0.92446
            ],
            [
              -69.52567,
              -0.8688
            ],
            [
              -69.57332,
              -0.83866
            ],
            [
              -69.5645,
              -0.80671
            ],
            [
              -69.58339,
              -0.80053
            ],
            [
              -69.58618,
              -0.78136
            ],
            [
              -69.60156,
              -0.78425
            ],
            [
              -69.60624,
              -0.75501
            ],
            [
              -69.6256,
              -0.74565
            ],
            [
              -69.56199,
              -0.63672
            ],
            [
              -69.60348,
              -0.59566
            ],
            [
              -69.59154,
              -0.56096
            ],
            [
              -69.61441,
              -0.53437
            ],
            [
              -69.60849,
              -0.50059
            ],
            [
              -69.72688,
              -0.446
            ],
            [
              -69.77439,
              -0.39129
            ],
            [
              -69.82912,
              -0.37547
            ],
            [
              -69.84484,
              -0.33757
            ],
            [
              -69.88963,
              -0.34182
            ],
            [
              -69.92073,
              -0.32562
            ],
            [
              -70.06523,
              -0.1645
            ],
            [
              -70.04265,
              -0.12251
            ],
            [
              -70.04648,
              0.56319
            ],
            [
              -70.00543,
              0.54434
            ],
            [
              -69.99169,
              0.56292
            ],
            [
              -70.00044,
              0.57357
            ],
            [
              -69.97831,
              0.57805
            ],
            [
              -69.93609,
              0.55293
            ],
            [
              -69.91646,
              0.5902
            ],
            [
              -69.88722,
              0.57705
            ],
            [
              -69.82331,
              0.5914
            ],
            [
              -69.80284,
              0.57187
            ],
            [
              -69.74873,
              0.61984
            ],
            [
              -69.72406,
              0.61507
            ],
            [
              -69.71583,
              0.64108
            ],
            [
              -69.67108,
              0.6679
            ],
            [
              -69.64937,
              0.66367
            ],
            [
              -69.60668,
              0.61326
            ],
            [
              -69.60628,
              0.63462
            ],
            [
              -69.5875,
              0.63993
            ],
            [
              -69.59291,
              0.65655
            ],
            [
              -69.56263,
              0.6842
            ],
            [
              -69.53575,
              0.67948
            ],
            [
              -69.53251,
              0.7024
            ],
            [
              -69.48078,
              0.73558
            ],
            [
              -69.43386,
              0.71264
            ],
            [
              -69.43558,
              0.69858
            ],
            [
              -69.35315,
              0.61431
            ],
            [
              -69.33652,
              0.64328
            ],
            [
              -69.31954,
              0.62633
            ],
            [
              -69.29099,
              0.65036
            ],
            [
              -69.29478,
              0.60391
            ],
            [
              -69.20012,
              0.60667
            ],
            [
              -69.20426,
              0.63258
            ],
            [
              -69.18329,
              0.65427
            ],
            [
              -69.12058,
              0.63375
            ],
            [
              -69.14563,
              0.69853
            ],
            [
              -69.1878,
              0.73298
            ],
            [
              -69.17572,
              0.76002
            ],
            [
              -69.14759,
              0.76869
            ],
            [
              -69.16738,
              0.84375
            ],
            [
              -69.14167,
              0.84871
            ],
            [
              -69.13659,
              0.87684
            ],
            [
              -69.19102,
              0.91594
            ],
            [
              -69.18801,
              0.93356
            ],
            [
              -69.16572,
              0.9418
            ],
            [
              -69.2177,
              0.97437
            ],
            [
              -69.19807,
              1.0006
            ],
            [
              -69.24419,
              1.0562
            ],
            [
              -69.28776,
              1.05376
            ],
            [
              -69.32091,
              1.08809
            ],
            [
              -69.37617,
              1.08898
            ],
            [
              -69.41316,
              1.04124
            ],
            [
              -69.43756,
              1.0741
            ],
            [
              -69.56108,
              1.07192
            ],
            [
              -69.60525,
              1.09786
            ],
            [
              -69.67429,
              1.07063
            ],
            [
              -69.70207,
              1.07582
            ],
            [
              -69.70368,
              1.11864
            ],
            [
              -69.77364,
              1.10059
            ],
            [
              -69.80384,
              1.06528
            ],
            [
              -69.84659,
              1.07783
            ],
            [
              -69.84572,
              1.71392
            ],
            [
              -69.85901,
              1.7093
            ],
            [
              -69.90277,
              1.74525
            ],
            [
              -69.97502,
              1.74323
            ],
            [
              -70.0465,
              1.7722
            ],
            [
              -70.14908,
              1.86761
            ],
            [
              -70.17556,
              1.87009
            ],
            [
              -70.16566,
              1.93367
            ],
            [
              -70.11155,
              2.0028
            ],
            [
              -70.12176,
              2.03219
            ],
            [
              -70.11033,
              2.0801
            ]
          ]
        ]
      },
      "properties": {
        "code": "97",
        "name": "VAUPÉS",
        "resultType": "observed",
        "source": "dane-divipola-mgn-2025",
        "year": 2025
      }
    },
    {
      "type": "Feature",
      "id": 353,
      "geometry": {
        "type": "Polygon",
        "coordinates": [
          [
            [
              -67.80972,
              6.32432
            ],
            [
              -67.84567,
              6.31204
            ],
            [
              -67.92981,
              6.23635
            ],
            [
              -68.02754,
              6.19611
            ],
            [
              -68.07769,
              6.2271
            ],
            [
              -68.14185,
              6.22867
            ],
            [
              -68.25739,
              6.19703
            ],
            [
              -68.30697,
              6.16299
            ],
            [
              -68.37357,
              6.18588
            ],
            [
              -68.44857,
              6.18773
            ],
            [
              -68.51008,
              6.17907
            ],
            [
              -68.542,
              6.14898
            ],
            [
              -68.58847,
              6.16633
            ],
            [
              -68.64485,
              6.12915
            ],
            [
              -68.68689,
              6.13195
            ],
            [
              -68.70645,
              6.15207
            ],
            [
              -68.79271,
              6.14741
            ],
            [
              -68.82961,
              6.17992
            ],
            [
              -68.88222,
              6.16735
            ],
            [
              -68.97331,
              6.19619
            ],
            [
              -69.01416,
              6.19293
            ],
            [
              -69.04618,
              6.2217
            ],
            [
              -69.12373,
              6.19091
            ],
            [
              -69.1503,
              6.15088
            ],
            [
              -69.1777,
              6.14727
            ],
            [
              -69.23861,
              6.07953
            ],
            [
              -69.30727,
              6.08895
            ],
            [
              -69.34466,
              6.14438
            ],
            [
              -69.40427,
              6.12558
            ],
            [
              -69.45226,
              6.08347
            ],
            [
              -69.54155,
              6.04365
            ],
            [
              -69.68258,
              6.03842
            ],
            [
              -69.80418,
              6.05537
            ],
            [
              -69.84175,
              6.03426
            ],
            [
              -69.85458,
              5.98413
            ],
            [
              -69.88279,
              5.96979
            ],
            [
              -69.93253,
              5.87645
            ],
            [
              -69.96769,
              5.85942
            ],
            [
              -69.97882,
              5.80734
            ],
            [
              -70.04378,
              5.74622
            ],
            [
              -70.05676,
              5.70364
            ],
            [
              -70.14016,
              5.60992
            ],
            [
              -70.19467,
              5.60316
            ],
            [
              -70.26383,
              5.56357
            ],
            [
              -70.36081,
              5.58688
            ],
            [
              -70.67439,
              5.36753
            ],
            [
              -70.67411,
              5.31547
            ],
            [
              -70.69378,
              5.28353
            ],
            [
              -70.86085,
              5.14503
            ],
            [
              -70.94379,
              5.12429
            ],
            [
              -70.97446,
              5.08009
            ],
            [
              -70.96775,
              5.05828
            ],
            [
              -70.98679,
              5.04367
            ],
            [
              -71.00189,
              4.98073
            ],
            [
              -71.05651,
              4.90641
            ],
            [
              -71.07793,
              4.8991
            ],
            [
              -71.07753,
              2.88223
            ],
            [
              -71.06244,
              2.85628
            ],
            [
              -71.02912,
              2.84632
            ],
            [
              -71.01059,
              2.85681
            ],
            [
              -70.98756,
              2.82893
            ],
            [
              -70.95457,
              2.84214
            ],
            [
              -70.94793,
              2.81796
            ],
            [
              -70.962,
              2.80049
            ],
            [
              -70.9457,
              2.78546
            ],
            [
              -70.92515,
              2.81541
            ],
            [
              -70.93805,
              2.85731
            ],
            [
              -70.91134,
              2.84988
            ],
            [
              -70.88367,
              2.79258
            ],
            [
              -70.87146,
              2.79629
            ],
            [
              -70.87531,
              2.84711
            ],
            [
              -70.85417,
              2.82316
            ],
            [
              -70.87143,
              2.77781
            ],
            [
              -70.82157,
              2.81307
            ],
            [
              -70.79639,
              2.79445
            ],
            [
              -70.81134,
              2.76001
            ],
            [
              -70.75442,
              2.77022
            ],
            [
              -70.72478,
              2.79516
            ],
            [
              -70.70917,
              2.73711
            ],
            [
              -70.68172,
              2.77778
            ],
            [
              -70.64041,
              2.80264
            ],
            [
              -70.66005,
              2.85741
            ],
            [
              -70.63541,
              2.84877
            ],
            [
              -70.62033,
              2.79255
            ],
            [
              -70.58733,
              2.84051
            ],
            [
              -70.5047,
              2.78785
            ],
            [
              -70.49387,
              2.81334
            ],
            [
              -70.35872,
              2.85187
            ],
            [
              -70.35405,
              2.91403
            ],
            [
              -70.27837,
              2.93652
            ],
            [
              -70.30331,
              3.03362
            ],
            [
              -70.25533,
              3.03967
            ],
            [
              -70.27274,
              3.06611
            ],
            [
              -70.31522,
              3.07084
            ],
            [
              -70.31995,
              3.08633
            ],
            [
              -70.27992,
              3.09447
            ],
            [
              -70.28794,
              3.12402
            ],
            [
              -70.2444,
              3.17919
            ],
            [
              -70.20653,
              3.17309
            ],
            [
              -70.21786,
              3.20598
            ],
            [
              -70.19225,
              3.17355
            ],
            [
              -70.16464,
              3.18112
            ],
            [
              -70.17436,
              3.23581
            ],
            [
              -70.15718,
              3.2294
            ],
            [
              -70.14811,
              3.19077
            ],
            [
              -70.12798,
              3.20226
            ],
            [
              -70.13182,
              3.24409
            ],
            [
              -70.15681,
              3.25789
            ],
            [
              -70.15785,
              3.28158
            ],
            [
              -70.13618,
              3.29378
            ],
            [
              -70.11565,
              3.27967
            ],
            [
              -70.10877,
              3.29371
            ],
            [
              -70.17295,
              3.349
            ],
            [
              -70.13338,
              3.36514
            ],
            [
              -70.12661,
              3.40081
            ],
            [
              -70.11026,
              3.38499
            ],
            [
              -70.07602,
              3.38737
            ],
            [
              -70.02581,
              3.41762
            ],
            [
              -70.00193,
              3.37272
            ],
            [
              -69.94355,
              3.39475
            ],
            [
              -69.96028,
              3.45692
            ],
            [
              -69.91497,
              3.447
            ],
            [
              -69.90253,
              3.4244
            ],
            [
              -69.87173,
              3.43935
            ],
            [
              -69.86168,
              3.47881
            ],
            [
              -69.89554,
              3.51722
            ],
            [
              -69.89356,
              3.53685
            ],
            [
              -69.87245,
              3.53585
            ],
            [
              -69.85159,
              3.49182
            ],
            [
              -69.81721,
              3.47705
            ],
            [
              -69.84389,
              3.54897
            ],
            [
              -69.81711,
              3.55207
            ],
            [
              -69.8154,
              3.51593
            ],
            [
              -69.80192,
              3.50786
            ],
            [
              -69.77734,
              3.56457
            ],
            [
              -69.73401,
              3.54292
            ],
            [
              -69.71373,
              3.54938
            ],
            [
              -69.74235,
              3.57601
            ],
            [
              -69.73992,
              3.59093
            ],
            [
              -69.70982,
              3.57673
            ],
            [
              -69.70064,
              3.53991
            ],
            [
              -69.66314,
              3.58538
            ],
            [
              -69.62904,
              3.56863
            ],
            [
              -69.60888,
              3.59546
            ],
            [
              -69.5926,
              3.56774
            ],
            [
              -69.57055,
              3.66941
            ],
            [
              -69.59549,
              3.67303
            ],
            [
              -69.58867,
              3.68347
            ],
            [
              -69.5043,
              3.67874
            ],
            [
              -69.49288,
              3.65077
            ],
            [
              -69.47845,
              3.69544
            ],
            [
              -69.45475,
              3.70899
            ],
            [
              -69.40771,
              3.66
            ],
            [
              -69.38787,
              3.68515
            ],
            [
              -69.36636,
              3.6655
            ],
            [
              -69.30351,
              3.71726
            ],
            [
              -69.28958,
              3.69805
            ],
            [
              -69.30566,
              3.65217
            ],
            [
              -69.29198,
              3.64479
            ],
            [
              -69.268,
              3.68127
            ],
            [
              -69.28709,
              3.71325
            ],
            [
              -69.27968,
              3.72629
            ],
            [
              -69.24704,
              3.71476
            ],
            [
              -69.23496,
              3.67401
            ],
            [
              -69.20804,
              3.70198
            ],
            [
              -69.20008,
              3.66949
            ],
            [
              -69.16809,
              3.6719
            ],
            [
              -69.18669,
              3.63392
            ],
            [
              -69.15253,
              3.64262
            ],
            [
              -69.12111,
              3.67604
            ],
            [
              -69.10044,
              3.63807
            ],
            [
              -69.07877,
              3.6559
            ],
            [
              -69.05594,
              3.63866
            ],
            [
              -68.99582,
              3.69185
            ],
            [
              -68.94232,
              3.68246
            ],
            [
              -68.93762,
              3.74236
            ],
            [
              -68.92584,
              3.68693
            ],
            [
              -68.86422,
              3.70633
            ],
            [
              -68.83499,
              3.6701
            ],
            [
              -68.85212,
              3.7387
            ],
            [
              -68.79481,
              3.72225
            ],
            [
              -68.7543,
              3.78312
            ],
            [
              -68.65084,
              3.76171
            ],
            [
              -68.64643,
              3.77507
            ],
            [
              -68.6805,
              3.797
            ],
            [
              -68.67204,
              3.812
            ],
            [
              -68.63468,
              3.77365
            ],
            [
              -68.57602,
              3.79024
            ],
            [
              -68.55062,
              3.76398
            ],
            [
              -68.5693,
              3.81797
            ],
            [
              -68.50989,
              3.77911
            ],
            [
              -68.51297,
              3.82551
            ],
            [
              -68.47624,
              3.85197
            ],
            [
              -68.44449,
              3.83835
            ],
            [
              -68.44676,
              3.88444
            ],
            [
              -68.39471,
              3.85077
            ],
            [
              -68.39304,
              3.87286
            ],
            [
              -68.43661,
              3.915
            ],
            [
              -68.42038,
              3.9267
            ],
            [
              -68.38182,
              3.91237
            ],
            [
              -68.34672,
              3.92407
            ],
            [
              -68.34457,
              3.99319
            ],
            [
              -68.31389,
              3.97779
            ],
            [
              -68.23666,
              3.97516
            ],
            [
              -68.20657,
              3.95678
            ],
            [
              -68.20502,
              3.99749
            ],
            [
              -68.17374,
              3.98603
            ],
            [
              -68.13053,
              4.00095
            ],
            [
              -68.11955,
              3.98209
            ],
            [
              -68.1328,
              3.94651
            ],
            [
              -68.11286,
              3.94341
            ],
            [
              -68.0983,
              3.97457
            ],
            [
              -68.07836,
              3.98054
            ],
            [
              -68.07898,
              3.93515
            ],
            [
              -68.03453,
              4.01136
            ],
            [
              -68.02477,
              3.97592
            ],
            [
              -67.93743,
              3.9631
            ],
            [
              -67.91357,
              3.90944
            ],
            [
              -67.87602,
              3.91915
            ],
            [
              -67.81317,
              3.98454
            ],
            [
              -67.7076,
              4.04503
            ],
            [
              -67.73557,
              4.12812
            ],
            [
              -67.76844,
              4.1623
            ],
            [
              -67.79839,
              4.23662
            ],
            [
              -67.80401,
              4.32728
            ],
            [
              -67.76161,
              4.34934
            ],
            [
              -67.78146,
              4.39242
            ],
            [
              -67.77318,
              4.419
            ],
            [
              -67.79782,
              4.43706
            ],
            [
              -67.79922,
              4.47977
            ],
            [
              -67.85723,
              4.52469
            ],
            [
              -67.8393,
              4.55748
            ],
            [
              -67.84494,
              4.64509
            ],
            [
              -67.81784,
              4.70723
            ],
            [
              -67.83873,
              4.94348
            ],
            [
              -67.80593,
              5.05401
            ],
            [
              -67.85428,
              5.13522
            ],
            [
              -67.82445,
              5.19614
            ],
            [
              -67.82387,
              5.25104
            ],
            [
              -67.84933,
              5.27392
            ],
            [
              -67.84951,
              5.30396
            ],
            [
              -67.79967,
              5.35867
            ],
            [
              -67.62537,
              5.47525
            ],
            [
              -67.59889,
              5.54409
            ],
            [
              -67.62018,
              5.56625
            ],
            [
              -67.63795,
              5.67474
            ],
            [
              -67.59736,
              5.82775
            ],
            [
              -67.53377,
              5.90302
            ],
            [
              -67.40991,
              6.00187
            ],
            [
              -67.49327,
              6.127
            ],
            [
              -67.48624,
              6.16308
            ],
            [
              -67.45591,
              6.18993
            ],
            [
              -67.47251,
              6.2105
            ],
            [
              -67.54719,
              6.26623
            ],
            [
              -67.58638,
              6.26244
            ],
            [
              -67.62526,
              6.29135
            ],
            [
              -67.76177,
              6.29137
            ],
            [
              -67.80972,
              6.32432
            ]
          ]
        ]
      },
      "properties": {
        "code": "99",
        "name": "VICHADA",
        "resultType": "observed",
        "source": "dane-divipola-mgn-2025",
        "year": 2025
      }
    }
  ]
}
