{
  "type": "FeatureCollection",
  "metadata": {
    "source": "DANE DIVIPOLA MGN 2025",
    "downloadedAt": "2026-07-25T07:50:10Z",
    "crs": "EPSG:4326",
    "simplification": "ArcGIS maxAllowableOffset=0.01 grados y geometryPrecision=5; solo visualización web"
  },
  "features": [
    {
      "type": "Feature",
      "id": 1601,
      "geometry": {
        "type": "Polygon",
        "coordinates": [
          [
            [
              -75.4857,
              6.20163
            ],
            [
              -75.49169,
              6.22859
            ],
            [
              -75.47227,
              6.23618
            ],
            [
              -75.50087,
              6.29663
            ],
            [
              -75.52588,
              6.28717
            ],
            [
              -75.55812,
              6.31224
            ],
            [
              -75.62593,
              6.31351
            ],
            [
              -75.66872,
              6.37315
            ],
            [
              -75.71401,
              6.37139
            ],
            [
              -75.71001,
              6.24292
            ],
            [
              -75.68001,
              6.16409
            ],
            [
              -75.63597,
              6.1742
            ],
            [
              -75.62707,
              6.19683
            ],
            [
              -75.58099,
              6.19672
            ],
            [
              -75.57956,
              6.18367
            ],
            [
              -75.53978,
              6.1703
            ],
            [
              -75.53244,
              6.19795
            ],
            [
              -75.48629,
              6.19054
            ],
            [
              -75.4857,
              6.20163
            ]
          ]
        ]
      },
      "properties": {
        "code": "05001",
        "departmentCode": "05",
        "name": "MEDELLÍN",
        "resultType": "observed",
        "source": "dane-divipola-mgn-2025",
        "year": 2025
      }
    },
    {
      "type": "Feature",
      "id": 1602,
      "geometry": {
        "type": "Polygon",
        "coordinates": [
          [
            [
              -75.46938,
              5.94575
            ],
            [
              -75.4821,
              5.93624
            ],
            [
              -75.48227,
              5.8749
            ],
            [
              -75.52718,
              5.86824
            ],
            [
              -75.55133,
              5.82094
            ],
            [
              -75.5569,
              5.73213
            ],
            [
              -75.53549,
              5.69098
            ],
            [
              -75.51989,
              5.69512
            ],
            [
              -75.47816,
              5.66428
            ],
            [
              -75.42372,
              5.69604
            ],
            [
              -75.40961,
              5.74528
            ],
            [
              -75.32073,
              5.78175
            ],
            [
              -75.28586,
              5.8479
            ],
            [
              -75.26793,
              5.85418
            ],
            [
              -75.28448,
              5.87395
            ],
            [
              -75.30778,
              5.86751
            ],
            [
              -75.43203,
              5.90235
            ],
            [
              -75.44843,
              5.91505
            ],
            [
              -75.44551,
              5.93363
            ],
            [
              -75.46938,
              5.94575
            ]
          ]
        ]
      },
      "properties": {
        "code": "05002",
        "departmentCode": "05",
        "name": "ABEJORRAL",
        "resultType": "observed",
        "source": "dane-divipola-mgn-2025",
        "year": 2025
      }
    },
    {
      "type": "Feature",
      "id": 1603,
      "geometry": {
        "type": "Polygon",
        "coordinates": [
          [
            [
              -76.09047,
              6.74542
            ],
            [
              -76.07874,
              6.72959
            ],
            [
              -76.18444,
              6.6651
            ],
            [
              -76.15513,
              6.62549
            ],
            [
              -76.15553,
              6.58412
            ],
            [
              -76.07694,
              6.54131
            ],
            [
              -76.06674,
              6.5092
            ],
            [
              -76.03884,
              6.5042
            ],
            [
              -76.00763,
              6.6347
            ],
            [
              -76.03966,
              6.6563
            ],
            [
              -76.03316,
              6.68552
            ],
            [
              -76.05472,
              6.73228
            ],
            [
              -76.09047,
              6.74542
            ]
          ]
        ]
      },
      "properties": {
        "code": "05004",
        "departmentCode": "05",
        "name": "ABRIAQUÍ",
        "resultType": "observed",
        "source": "dane-divipola-mgn-2025",
        "year": 2025
      }
    },
    {
      "type": "Feature",
      "id": 1604,
      "geometry": {
        "type": "Polygon",
        "coordinates": [
          [
            [
              -75.0332,
              6.41586
            ],
            [
              -75.08837,
              6.39347
            ],
            [
              -75.14503,
              6.4116
            ],
            [
              -75.13623,
              6.3844
            ],
            [
              -75.15868,
              6.37176
            ],
            [
              -75.15537,
              6.33001
            ],
            [
              -75.1724,
              6.32634
            ],
            [
              -75.17103,
              6.29758
            ],
            [
              -75.15724,
              6.29691
            ],
            [
              -75.13535,
              6.33558
            ],
            [
              -75.11588,
              6.30248
            ],
            [
              -75.10573,
              6.32477
            ],
            [
              -74.98522,
              6.37545
            ],
            [
              -75.0332,
              6.41586
            ]
          ]
        ]
      },
      "properties": {
        "code": "05021",
        "departmentCode": "05",
        "name": "ALEJANDRÍA",
        "resultType": "observed",
        "source": "dane-divipola-mgn-2025",
        "year": 2025
      }
    },
    {
      "type": "Feature",
      "id": 1605,
      "geometry": {
        "type": "Polygon",
        "coordinates": [
          [
            [
              -75.67587,
              6.08561
            ],
            [
              -75.74666,
              6.06968
            ],
            [
              -75.73398,
              6.04424
            ],
            [
              -75.76709,
              6.00002
            ],
            [
              -75.73619,
              6.00536
            ],
            [
              -75.70214,
              5.98074
            ],
            [
              -75.66848,
              6.00028
            ],
            [
              -75.66026,
              6.01563
            ],
            [
              -75.68424,
              6.04643
            ],
            [
              -75.67155,
              6.0548
            ],
            [
              -75.67587,
              6.08561
            ]
          ]
        ]
      },
      "properties": {
        "code": "05030",
        "departmentCode": "05",
        "name": "AMAGÁ",
        "resultType": "observed",
        "source": "dane-divipola-mgn-2025",
        "year": 2025
      }
    },
    {
      "type": "Feature",
      "id": 1606,
      "geometry": {
        "type": "Polygon",
        "coordinates": [
          [
            [
              -74.91364,
              7.28807
            ],
            [
              -74.93705,
              7.28842
            ],
            [
              -74.93284,
              7.25397
            ],
            [
              -75.0206,
              7.14114
            ],
            [
              -75.08353,
              6.96746
            ],
            [
              -75.16641,
              6.91436
            ],
            [
              -75.17988,
              6.88102
            ],
            [
              -75.17333,
              6.82562
            ],
            [
              -75.14101,
              6.79304
            ],
            [
              -75.02612,
              6.74856
            ],
            [
              -75.01941,
              6.76058
            ],
            [
              -75.04843,
              6.79637
            ],
            [
              -75.02661,
              6.83466
            ],
            [
              -74.92328,
              6.74844
            ],
            [
              -74.89811,
              6.79881
            ],
            [
              -74.90935,
              6.82454
            ],
            [
              -74.87342,
              6.85048
            ],
            [
              -74.88403,
              6.88088
            ],
            [
              -74.86797,
              6.90013
            ],
            [
              -74.8805,
              6.92514
            ],
            [
              -74.83798,
              6.99184
            ],
            [
              -74.83688,
              7.02208
            ],
            [
              -74.85475,
              7.02556
            ],
            [
              -74.85826,
              7.04718
            ],
            [
              -74.83631,
              7.09373
            ],
            [
              -74.8479,
              7.16543
            ],
            [
              -74.87652,
              7.2243
            ],
            [
              -74.90998,
              7.23267
            ],
            [
              -74.91364,
              7.28807
            ]
          ]
        ]
      },
      "properties": {
        "code": "05031",
        "departmentCode": "05",
        "name": "AMALFI",
        "resultType": "observed",
        "source": "dane-divipola-mgn-2025",
        "year": 2025
      }
    },
    {
      "type": "Feature",
      "id": 1607,
      "geometry": {
        "type": "Polygon",
        "coordinates": [
          [
            [
              -75.86822,
              5.75753
            ],
            [
              -75.87674,
              5.77623
            ],
            [
              -75.89447,
              5.7506
            ],
            [
              -75.87838,
              5.7159
            ],
            [
              -75.90779,
              5.6958
            ],
            [
              -75.96622,
              5.70348
            ],
            [
              -75.99427,
              5.69081
            ],
            [
              -76.00386,
              5.66722
            ],
            [
              -76.06542,
              5.68732
            ],
            [
              -76.0735,
              5.67746
            ],
            [
              -76.00515,
              5.62192
            ],
            [
              -76.00825,
              5.56368
            ],
            [
              -75.98339,
              5.5194
            ],
            [
              -75.9308,
              5.50887
            ],
            [
              -75.90612,
              5.48114
            ],
            [
              -75.87154,
              5.53099
            ],
            [
              -75.87972,
              5.63248
            ],
            [
              -75.82947,
              5.62201
            ],
            [
              -75.80914,
              5.65905
            ],
            [
              -75.83655,
              5.72921
            ],
            [
              -75.86822,
              5.75753
            ]
          ]
        ]
      },
      "properties": {
        "code": "05034",
        "departmentCode": "05",
        "name": "ANDES",
        "resultType": "observed",
        "source": "dane-divipola-mgn-2025",
        "year": 2025
      }
    },
    {
      "type": "Feature",
      "id": 1608,
      "geometry": {
        "type": "Polygon",
        "coordinates": [
          [
            [
              -75.69149,
              6.1932
            ],
            [
              -75.70549,
              6.15539
            ],
            [
              -75.73351,
              6.15836
            ],
            [
              -75.76654,
              6.13534
            ],
            [
              -75.74729,
              6.06879
            ],
            [
              -75.67382,
              6.09139
            ],
            [
              -75.69149,
              6.1932
            ]
          ]
        ]
      },
      "properties": {
        "code": "05036",
        "departmentCode": "05",
        "name": "ANGELÓPOLIS",
        "resultType": "observed",
        "source": "dane-divipola-mgn-2025",
        "year": 2025
      }
    },
    {
      "type": "Feature",
      "id": 1609,
      "geometry": {
        "type": "Polygon",
        "coordinates": [
          [
            [
              -75.27173,
              6.97094
            ],
            [
              -75.33987,
              6.94233
            ],
            [
              -75.37546,
              6.90144
            ],
            [
              -75.41096,
              6.91156
            ],
            [
              -75.42088,
              6.88992
            ],
            [
              -75.43558,
              6.89104
            ],
            [
              -75.49012,
              6.81031
            ],
            [
              -75.48851,
              6.76806
            ],
            [
              -75.42664,
              6.78598
            ],
            [
              -75.37618,
              6.77396
            ],
            [
              -75.36513,
              6.79649
            ],
            [
              -75.32189,
              6.79941
            ],
            [
              -75.28812,
              6.82078
            ],
            [
              -75.28716,
              6.83867
            ],
            [
              -75.26994,
              6.83341
            ],
            [
              -75.24205,
              6.9295
            ],
            [
              -75.27173,
              6.97094
            ]
          ]
        ]
      },
      "properties": {
        "code": "05038",
        "departmentCode": "05",
        "name": "ANGOSTURA",
        "resultType": "observed",
        "source": "dane-divipola-mgn-2025",
        "year": 2025
      }
    },
    {
      "type": "Feature",
      "id": 1610,
      "geometry": {
        "type": "Polygon",
        "coordinates": [
          [
            [
              -74.90935,
              7.45001
            ],
            [
              -74.92648,
              7.41243
            ],
            [
              -74.94765,
              7.42065
            ],
            [
              -74.99775,
              7.3835
            ],
            [
              -75.04597,
              7.42457
            ],
            [
              -75.11788,
              7.37864
            ],
            [
              -75.15369,
              7.37779
            ],
            [
              -75.20501,
              7.25441
            ],
            [
              -75.28948,
              7.24507
            ],
            [
              -75.31723,
              7.21329
            ],
            [
              -75.3147,
              7.15976
            ],
            [
              -75.25991,
              7.11589
            ],
            [
              -75.25519,
              7.04627
            ],
            [
              -75.2214,
              7.03327
            ],
            [
              -75.22436,
              6.93257
            ],
            [
              -75.20935,
              6.92223
            ],
            [
              -75.17,
              6.90547
            ],
            [
              -75.08528,
              6.96553
            ],
            [
              -75.06407,
              6.99789
            ],
            [
              -75.0586,
              7.06291
            ],
            [
              -75.0206,
              7.14114
            ],
            [
              -74.93284,
              7.25397
            ],
            [
              -74.93682,
              7.28873
            ],
            [
              -74.90533,
              7.29367
            ],
            [
              -74.89285,
              7.33717
            ],
            [
              -74.90753,
              7.36044
            ],
            [
              -74.8903,
              7.39189
            ],
            [
              -74.90935,
              7.45001
            ]
          ]
        ]
      },
      "properties": {
        "code": "05040",
        "departmentCode": "05",
        "name": "ANORÍ",
        "resultType": "observed",
        "source": "dane-divipola-mgn-2025",
        "year": 2025
      }
    },
    {
      "type": "Feature",
      "id": 1611,
      "geometry": {
        "type": "Polygon",
        "coordinates": [
          [
            [
              -75.83315,
              6.65651
            ],
            [
              -75.84155,
              6.68302
            ],
            [
              -75.89262,
              6.62402
            ],
            [
              -75.91334,
              6.65426
            ],
            [
              -75.93763,
              6.61893
            ],
            [
              -76.0091,
              6.6337
            ],
            [
              -76.03799,
              6.49256
            ],
            [
              -75.96761,
              6.49072
            ],
            [
              -75.96541,
              6.46502
            ],
            [
              -75.94318,
              6.45791
            ],
            [
              -75.94182,
              6.42133
            ],
            [
              -75.90502,
              6.39629
            ],
            [
              -75.88683,
              6.41222
            ],
            [
              -75.83328,
              6.39682
            ],
            [
              -75.81967,
              6.40822
            ],
            [
              -75.82173,
              6.50837
            ],
            [
              -75.80556,
              6.5156
            ],
            [
              -75.797,
              6.57047
            ],
            [
              -75.83315,
              6.65651
            ]
          ]
        ]
      },
      "properties": {
        "code": "05042",
        "departmentCode": "05",
        "name": "SANTA FÉ DE ANTIOQUIA",
        "resultType": "observed",
        "source": "dane-divipola-mgn-2025",
        "year": 2025
      }
    },
    {
      "type": "Feature",
      "id": 1612,
      "geometry": {
        "type": "Polygon",
        "coordinates": [
          [
            [
              -75.88661,
              6.41218
            ],
            [
              -75.9301,
              6.34977
            ],
            [
              -75.98816,
              6.34485
            ],
            [
              -76.00404,
              6.28472
            ],
            [
              -75.97954,
              6.23745
            ],
            [
              -75.93323,
              6.21658
            ],
            [
              -75.83881,
              6.25495
            ],
            [
              -75.84147,
              6.31611
            ],
            [
              -75.85735,
              6.33027
            ],
            [
              -75.83098,
              6.39726
            ],
            [
              -75.88661,
              6.41218
            ]
          ]
        ]
      },
      "properties": {
        "code": "05044",
        "departmentCode": "05",
        "name": "ANZÁ",
        "resultType": "observed",
        "source": "dane-divipola-mgn-2025",
        "year": 2025
      }
    },
    {
      "type": "Feature",
      "id": 1613,
      "geometry": {
        "type": "Polygon",
        "coordinates": [
          [
            [
              -76.41162,
              8.00712
            ],
            [
              -76.42765,
              8.01979
            ],
            [
              -76.42487,
              8.073
            ],
            [
              -76.55137,
              7.95212
            ],
            [
              -76.59488,
              7.94755
            ],
            [
              -76.65297,
              7.91561
            ],
            [
              -76.68003,
              7.93169
            ],
            [
              -76.73992,
              7.91669
            ],
            [
              -76.75303,
              7.87941
            ],
            [
              -76.68087,
              7.79951
            ],
            [
              -76.65603,
              7.78829
            ],
            [
              -76.62859,
              7.80498
            ],
            [
              -76.61943,
              7.78744
            ],
            [
              -76.55142,
              7.76991
            ],
            [
              -76.51735,
              7.83542
            ],
            [
              -76.51463,
              7.88163
            ],
            [
              -76.46441,
              7.87005
            ],
            [
              -76.42112,
              7.91183
            ],
            [
              -76.41162,
              8.00712
            ]
          ]
        ]
      },
      "properties": {
        "code": "05045",
        "departmentCode": "05",
        "name": "APARTADÓ",
        "resultType": "observed",
        "source": "dane-divipola-mgn-2025",
        "year": 2025
      }
    },
    {
      "type": "Feature",
      "id": 1614,
      "geometry": {
        "type": "Polygon",
        "coordinates": [
          [
            [
              -76.25481,
              8.59449
            ],
            [
              -76.25159,
              8.61245
            ],
            [
              -76.28147,
              8.64887
            ],
            [
              -76.314,
              8.65649
            ],
            [
              -76.34563,
              8.63982
            ],
            [
              -76.36789,
              8.72067
            ],
            [
              -76.41957,
              8.75499
            ],
            [
              -76.38117,
              8.79421
            ],
            [
              -76.4136,
              8.87397
            ],
            [
              -76.48015,
              8.82628
            ],
            [
              -76.4695,
              8.79477
            ],
            [
              -76.48332,
              8.76771
            ],
            [
              -76.42903,
              8.72966
            ],
            [
              -76.46585,
              8.67943
            ],
            [
              -76.49009,
              8.69388
            ],
            [
              -76.49084,
              8.6621
            ],
            [
              -76.54653,
              8.60304
            ],
            [
              -76.56545,
              8.61141
            ],
            [
              -76.5709,
              8.58182
            ],
            [
              -76.48038,
              8.49536
            ],
            [
              -76.4894,
              8.4629
            ],
            [
              -76.47651,
              8.43254
            ],
            [
              -76.44975,
              8.45381
            ],
            [
              -76.4301,
              8.44869
            ],
            [
              -76.40605,
              8.4766
            ],
            [
              -76.39736,
              8.45417
            ],
            [
              -76.32985,
              8.44539
            ],
            [
              -76.30712,
              8.52084
            ],
            [
              -76.31969,
              8.54647
            ],
            [
              -76.28596,
              8.59519
            ],
            [
              -76.25481,
              8.59449
            ]
          ]
        ]
      },
      "properties": {
        "code": "05051",
        "departmentCode": "05",
        "name": "ARBOLETES",
        "resultType": "observed",
        "source": "dane-divipola-mgn-2025",
        "year": 2025
      }
    },
    {
      "type": "Feature",
      "id": 1615,
      "geometry": {
        "type": "Polygon",
        "coordinates": [
          [
            [
              -75.12963,
              5.76013
            ],
            [
              -75.14872,
              5.74389
            ],
            [
              -75.2451,
              5.73032
            ],
            [
              -75.20858,
              5.705
            ],
            [
              -75.18278,
              5.70883
            ],
            [
              -75.23555,
              5.67617
            ],
            [
              -75.17899,
              5.64695
            ],
            [
              -75.08946,
              5.67278
            ],
            [
              -75.04793,
              5.66088
            ],
            [
              -75.00878,
              5.68216
            ],
            [
              -74.9933,
              5.71533
            ],
            [
              -74.88016,
              5.74596
            ],
            [
              -74.94247,
              5.75444
            ],
            [
              -74.97396,
              5.72997
            ],
            [
              -75.12963,
              5.76013
            ]
          ]
        ]
      },
      "properties": {
        "code": "05055",
        "departmentCode": "05",
        "name": "ARGELIA",
        "resultType": "observed",
        "source": "dane-divipola-mgn-2025",
        "year": 2025
      }
    },
    {
      "type": "Feature",
      "id": 1616,
      "geometry": {
        "type": "Polygon",
        "coordinates": [
          [
            [
              -75.83841,
              6.23385
            ],
            [
              -75.85593,
              6.24617
            ],
            [
              -75.84152,
              6.16819
            ],
            [
              -75.85123,
              6.09919
            ],
            [
              -75.80375,
              6.10396
            ],
            [
              -75.74779,
              6.14569
            ],
            [
              -75.74116,
              6.17081
            ],
            [
              -75.78061,
              6.18348
            ],
            [
              -75.83841,
              6.23385
            ]
          ]
        ]
      },
      "properties": {
        "code": "05059",
        "departmentCode": "05",
        "name": "ARMENIA",
        "resultType": "observed",
        "source": "dane-divipola-mgn-2025",
        "year": 2025
      }
    },
    {
      "type": "Feature",
      "id": 1617,
      "geometry": {
        "type": "Polygon",
        "coordinates": [
          [
            [
              -75.32144,
              6.51265
            ],
            [
              -75.39362,
              6.4427
            ],
            [
              -75.44848,
              6.43551
            ],
            [
              -75.40404,
              6.3651
            ],
            [
              -75.34572,
              6.39746
            ],
            [
              -75.31919,
              6.38657
            ],
            [
              -75.28732,
              6.40002
            ],
            [
              -75.24128,
              6.43968
            ],
            [
              -75.21692,
              6.48478
            ],
            [
              -75.24966,
              6.50743
            ],
            [
              -75.2785,
              6.49063
            ],
            [
              -75.32144,
              6.51265
            ]
          ]
        ]
      },
      "properties": {
        "code": "05079",
        "departmentCode": "05",
        "name": "BARBOSA",
        "resultType": "observed",
        "source": "dane-divipola-mgn-2025",
        "year": 2025
      }
    },
    {
      "type": "Feature",
      "id": 1618,
      "geometry": {
        "type": "Polygon",
        "coordinates": [
          [
            [
              -75.56449,
              6.52998
            ],
            [
              -75.66235,
              6.63718
            ],
            [
              -75.63297,
              6.66878
            ],
            [
              -75.5857,
              6.67482
            ],
            [
              -75.61192,
              6.70261
            ],
            [
              -75.59842,
              6.74735
            ],
            [
              -75.6126,
              6.78227
            ],
            [
              -75.62617,
              6.77422
            ],
            [
              -75.63476,
              6.79549
            ],
            [
              -75.67656,
              6.74445
            ],
            [
              -75.72682,
              6.79797
            ],
            [
              -75.71865,
              6.63708
            ],
            [
              -75.65491,
              6.53897
            ],
            [
              -75.64972,
              6.50058
            ],
            [
              -75.61132,
              6.51324
            ],
            [
              -75.59445,
              6.50309
            ],
            [
              -75.56449,
              6.52998
            ]
          ]
        ]
      },
      "properties": {
        "code": "05086",
        "departmentCode": "05",
        "name": "BELMIRA",
        "resultType": "observed",
        "source": "dane-divipola-mgn-2025",
        "year": 2025
      }
    },
    {
      "type": "Feature",
      "id": 1619,
      "geometry": {
        "type": "Polygon",
        "coordinates": [
          [
            [
              -75.53247,
              6.38867
            ],
            [
              -75.55437,
              6.38357
            ],
            [
              -75.56649,
              6.42096
            ],
            [
              -75.59119,
              6.435
            ],
            [
              -75.62122,
              6.38383
            ],
            [
              -75.6624,
              6.40522
            ],
            [
              -75.66872,
              6.37315
            ],
            [
              -75.63467,
              6.31743
            ],
            [
              -75.55812,
              6.31224
            ],
            [
              -75.52588,
              6.28717
            ],
            [
              -75.53559,
              6.33616
            ],
            [
              -75.515,
              6.36087
            ],
            [
              -75.53247,
              6.38867
            ]
          ]
        ]
      },
      "properties": {
        "code": "05088",
        "departmentCode": "05",
        "name": "BELLO",
        "resultType": "observed",
        "source": "dane-divipola-mgn-2025",
        "year": 2025
      }
    },
    {
      "type": "Feature",
      "id": 1620,
      "geometry": {
        "type": "Polygon",
        "coordinates": [
          [
            [
              -75.95474,
              5.79523
            ],
            [
              -76.0198,
              5.7534
            ],
            [
              -76.0649,
              5.76432
            ],
            [
              -76.06306,
              5.72742
            ],
            [
              -76.08543,
              5.68614
            ],
            [
              -76.00386,
              5.66722
            ],
            [
              -75.99427,
              5.69081
            ],
            [
              -75.96622,
              5.70348
            ],
            [
              -75.92783,
              5.68981
            ],
            [
              -75.88322,
              5.71096
            ],
            [
              -75.89243,
              5.75387
            ],
            [
              -75.90414,
              5.76588
            ],
            [
              -75.92065,
              5.75356
            ],
            [
              -75.95474,
              5.79523
            ]
          ]
        ]
      },
      "properties": {
        "code": "05091",
        "departmentCode": "05",
        "name": "BETANIA",
        "resultType": "observed",
        "source": "dane-divipola-mgn-2025",
        "year": 2025
      }
    },
    {
      "type": "Feature",
      "id": 1621,
      "geometry": {
        "type": "Polygon",
        "coordinates": [
          [
            [
              -76.00304,
              6.28171
            ],
            [
              -76.04944,
              6.25462
            ],
            [
              -76.03993,
              6.19681
            ],
            [
              -76.01632,
              6.16935
            ],
            [
              -76.00765,
              6.08984
            ],
            [
              -75.99273,
              6.07772
            ],
            [
              -75.95335,
              6.11903
            ],
            [
              -75.92024,
              6.12276
            ],
            [
              -75.89483,
              6.16954
            ],
            [
              -75.84152,
              6.16819
            ],
            [
              -75.85677,
              6.24932
            ],
            [
              -75.93323,
              6.21658
            ],
            [
              -75.97954,
              6.23745
            ],
            [
              -76.00304,
              6.28171
            ]
          ]
        ]
      },
      "properties": {
        "code": "05093",
        "departmentCode": "05",
        "name": "BETULIA",
        "resultType": "observed",
        "source": "dane-divipola-mgn-2025",
        "year": 2025
      }
    },
    {
      "type": "Feature",
      "id": 1622,
      "geometry": {
        "type": "Polygon",
        "coordinates": [
          [
            [
              -76.04467,
              5.92775
            ],
            [
              -76.06074,
              5.92555
            ],
            [
              -76.06049,
              5.88634
            ],
            [
              -76.08157,
              5.88277
            ],
            [
              -76.0989,
              5.84982
            ],
            [
              -76.07094,
              5.78065
            ],
            [
              -76.08067,
              5.76634
            ],
            [
              -76.0198,
              5.7534
            ],
            [
              -75.95081,
              5.80517
            ],
            [
              -75.90461,
              5.81581
            ],
            [
              -75.91426,
              5.86305
            ],
            [
              -75.93907,
              5.87627
            ],
            [
              -75.94253,
              5.91497
            ],
            [
              -76.0132,
              5.90338
            ],
            [
              -76.04467,
              5.92775
            ]
          ]
        ]
      },
      "properties": {
        "code": "05101",
        "departmentCode": "05",
        "name": "CIUDAD BOLÍVAR",
        "resultType": "observed",
        "source": "dane-divipola-mgn-2025",
        "year": 2025
      }
    },
    {
      "type": "Feature",
      "id": 1623,
      "geometry": {
        "type": "Polygon",
        "coordinates": [
          [
            [
              -75.45818,
              7.22285
            ],
            [
              -75.43883,
              7.25163
            ],
            [
              -75.47963,
              7.22281
            ],
            [
              -75.51154,
              7.22995
            ],
            [
              -75.53454,
              7.20457
            ],
            [
              -75.5964,
              7.18527
            ],
            [
              -75.63548,
              7.14036
            ],
            [
              -75.6608,
              7.13794
            ],
            [
              -75.68786,
              7.07799
            ],
            [
              -75.66386,
              7.03179
            ],
            [
              -75.63327,
              7.03535
            ],
            [
              -75.60154,
              7.06548
            ],
            [
              -75.58638,
              7.02281
            ],
            [
              -75.55855,
              7.01709
            ],
            [
              -75.55503,
              6.99116
            ],
            [
              -75.5088,
              7.00208
            ],
            [
              -75.49977,
              7.04772
            ],
            [
              -75.47125,
              7.0498
            ],
            [
              -75.49121,
              7.06124
            ],
            [
              -75.50057,
              7.12408
            ],
            [
              -75.45818,
              7.22285
            ]
          ]
        ]
      },
      "properties": {
        "code": "05107",
        "departmentCode": "05",
        "name": "BRICEÑO",
        "resultType": "observed",
        "source": "dane-divipola-mgn-2025",
        "year": 2025
      }
    },
    {
      "type": "Feature",
      "id": 1624,
      "geometry": {
        "type": "Polygon",
        "coordinates": [
          [
            [
              -75.90857,
              6.97378
            ],
            [
              -75.9565,
              6.9604
            ],
            [
              -75.96837,
              6.90109
            ],
            [
              -75.95581,
              6.83991
            ],
            [
              -75.98041,
              6.8221
            ],
            [
              -75.98467,
              6.76937
            ],
            [
              -75.95605,
              6.71762
            ],
            [
              -75.91058,
              6.67859
            ],
            [
              -75.88559,
              6.67597
            ],
            [
              -75.8802,
              6.64519
            ],
            [
              -75.83261,
              6.682
            ],
            [
              -75.86064,
              6.71881
            ],
            [
              -75.84621,
              6.74653
            ],
            [
              -75.87148,
              6.78489
            ],
            [
              -75.85546,
              6.80878
            ],
            [
              -75.86453,
              6.83135
            ],
            [
              -75.84147,
              6.86111
            ],
            [
              -75.87678,
              6.91861
            ],
            [
              -75.90168,
              6.92781
            ],
            [
              -75.90857,
              6.97378
            ]
          ]
        ]
      },
      "properties": {
        "code": "05113",
        "departmentCode": "05",
        "name": "BURITICÁ",
        "resultType": "observed",
        "source": "dane-divipola-mgn-2025",
        "year": 2025
      }
    },
    {
      "type": "Feature",
      "id": 1625,
      "geometry": {
        "type": "Polygon",
        "coordinates": [
          [
            [
              -75.02015,
              7.58081
            ],
            [
              -75.04262,
              7.61192
            ],
            [
              -75.02725,
              7.70549
            ],
            [
              -75.0404,
              7.71572
            ],
            [
              -75.03371,
              7.7715
            ],
            [
              -75.11006,
              7.78517
            ],
            [
              -75.11724,
              7.80442
            ],
            [
              -75.16591,
              7.80133
            ],
            [
              -75.1848,
              7.84924
            ],
            [
              -75.16454,
              7.88557
            ],
            [
              -75.16979,
              7.91731
            ],
            [
              -75.20381,
              7.95763
            ],
            [
              -75.21043,
              7.94579
            ],
            [
              -75.22816,
              7.953
            ],
            [
              -75.23436,
              7.92718
            ],
            [
              -75.25427,
              7.91841
            ],
            [
              -75.25919,
              7.88415
            ],
            [
              -75.29336,
              7.8903
            ],
            [
              -75.30073,
              7.9131
            ],
            [
              -75.32617,
              7.90404
            ],
            [
              -75.33096,
              7.92536
            ],
            [
              -75.35156,
              7.87095
            ],
            [
              -75.40435,
              7.85753
            ],
            [
              -75.42244,
              7.81939
            ],
            [
              -75.46683,
              7.82593
            ],
            [
              -75.45435,
              7.79754
            ],
            [
              -75.48523,
              7.73613
            ],
            [
              -75.44808,
              7.74293
            ],
            [
              -75.43914,
              7.63398
            ],
            [
              -75.41456,
              7.64911
            ],
            [
              -75.38356,
              7.64407
            ],
            [
              -75.36591,
              7.58364
            ],
            [
              -75.33224,
              7.53611
            ],
            [
              -75.26398,
              7.5236
            ],
            [
              -75.2504,
              7.45696
            ],
            [
              -75.21607,
              7.44611
            ],
            [
              -75.21541,
              7.39709
            ],
            [
              -75.19425,
              7.38904
            ],
            [
              -75.17559,
              7.35173
            ],
            [
              -75.15369,
              7.37779
            ],
            [
              -75.11788,
              7.37864
            ],
            [
              -75.04654,
              7.42449
            ],
            [
              -74.99544,
              7.38511
            ],
            [
              -74.9955,
              7.41727
            ],
            [
              -75.01152,
              7.42462
            ],
            [
              -75.03014,
              7.48916
            ],
            [
              -75.06101,
              7.47723
            ],
            [
              -75.12902,
              7.54016
            ],
            [
              -75.0819,
              7.51433
            ],
            [
              -75.06286,
              7.5599
            ],
            [
              -75.02015,
              7.58081
            ]
          ]
        ]
      },
      "properties": {
        "code": "05120",
        "departmentCode": "05",
        "name": "CÁCERES",
        "resultType": "observed",
        "source": "dane-divipola-mgn-2025",
        "year": 2025
      }
    },
    {
      "type": "Feature",
      "id": 1626,
      "geometry": {
        "type": "Polygon",
        "coordinates": [
          [
            [
              -76.04811,
              6.50466
            ],
            [
              -76.08668,
              6.46304
            ],
            [
              -76.04325,
              6.43545
            ],
            [
              -76.04379,
              6.37875
            ],
            [
              -75.98968,
              6.34517
            ],
            [
              -75.9301,
              6.34977
            ],
            [
              -75.90503,
              6.39661
            ],
            [
              -75.94182,
              6.42133
            ],
            [
              -75.94318,
              6.45791
            ],
            [
              -75.96541,
              6.46502
            ],
            [
              -75.96761,
              6.49072
            ],
            [
              -76.03159,
              6.49026
            ],
            [
              -76.04811,
              6.50466
            ]
          ]
        ]
      },
      "properties": {
        "code": "05125",
        "departmentCode": "05",
        "name": "CAICEDO",
        "resultType": "observed",
        "source": "dane-divipola-mgn-2025",
        "year": 2025
      }
    },
    {
      "type": "Feature",
      "id": 1627,
      "geometry": {
        "type": "Polygon",
        "coordinates": [
          [
            [
              -75.63901,
              6.11132
            ],
            [
              -75.67601,
              6.1169
            ],
            [
              -75.67018,
              6.06228
            ],
            [
              -75.68424,
              6.04643
            ],
            [
              -75.66026,
              6.01563
            ],
            [
              -75.67042,
              5.99861
            ],
            [
              -75.63125,
              5.99575
            ],
            [
              -75.61362,
              5.97825
            ],
            [
              -75.57098,
              6.02329
            ],
            [
              -75.58774,
              6.07142
            ],
            [
              -75.57041,
              6.10062
            ],
            [
              -75.59577,
              6.1152
            ],
            [
              -75.63901,
              6.11132
            ]
          ]
        ]
      },
      "properties": {
        "code": "05129",
        "departmentCode": "05",
        "name": "CALDAS",
        "resultType": "observed",
        "source": "dane-divipola-mgn-2025",
        "year": 2025
      }
    },
    {
      "type": "Feature",
      "id": 1628,
      "geometry": {
        "type": "Polygon",
        "coordinates": [
          [
            [
              -75.31761,
              7.18317
            ],
            [
              -75.31736,
              7.21271
            ],
            [
              -75.33221,
              7.16686
            ],
            [
              -75.32937,
              7.08144
            ],
            [
              -75.36212,
              6.95481
            ],
            [
              -75.32983,
              6.94503
            ],
            [
              -75.26965,
              6.97078
            ],
            [
              -75.24263,
              6.92724
            ],
            [
              -75.22434,
              6.92971
            ],
            [
              -75.2214,
              7.03327
            ],
            [
              -75.25519,
              7.04627
            ],
            [
              -75.25994,
              7.11597
            ],
            [
              -75.2939,
              7.13364
            ],
            [
              -75.31761,
              7.18317
            ]
          ]
        ]
      },
      "properties": {
        "code": "05134",
        "departmentCode": "05",
        "name": "CAMPAMENTO",
        "resultType": "observed",
        "source": "dane-divipola-mgn-2025",
        "year": 2025
      }
    },
    {
      "type": "Feature",
      "id": 1629,
      "geometry": {
        "type": "Polygon",
        "coordinates": [
          [
            [
              -75.95437,
              6.96611
            ],
            [
              -75.96496,
              6.98064
            ],
            [
              -75.9871,
              6.9379
            ],
            [
              -76.09554,
              6.89877
            ],
            [
              -76.09367,
              6.861
            ],
            [
              -76.12988,
              6.84389
            ],
            [
              -76.08304,
              6.78492
            ],
            [
              -76.08631,
              6.75252
            ],
            [
              -76.04027,
              6.70466
            ],
            [
              -76.03953,
              6.65603
            ],
            [
              -76.01042,
              6.64601
            ],
            [
              -75.95922,
              6.72634
            ],
            [
              -75.98384,
              6.76282
            ],
            [
              -75.98617,
              6.80555
            ],
            [
              -75.95581,
              6.83991
            ],
            [
              -75.96837,
              6.90109
            ],
            [
              -75.95437,
              6.96611
            ]
          ]
        ]
      },
      "properties": {
        "code": "05138",
        "departmentCode": "05",
        "name": "CAÑASGORDAS",
        "resultType": "observed",
        "source": "dane-divipola-mgn-2025",
        "year": 2025
      }
    },
    {
      "type": "Feature",
      "id": 1630,
      "geometry": {
        "type": "Polygon",
        "coordinates": [
          [
            [
              -74.81095,
              6.4617
            ],
            [
              -74.84134,
              6.43618
            ],
            [
              -74.83048,
              6.40758
            ],
            [
              -74.79925,
              6.41038
            ],
            [
              -74.81629,
              6.3659
            ],
            [
              -74.78344,
              6.37332
            ],
            [
              -74.79373,
              6.31311
            ],
            [
              -74.76869,
              6.26714
            ],
            [
              -74.74696,
              6.24128
            ],
            [
              -74.71321,
              6.24
            ],
            [
              -74.68995,
              6.29353
            ],
            [
              -74.63563,
              6.23161
            ],
            [
              -74.62505,
              6.31411
            ],
            [
              -74.67465,
              6.3346
            ],
            [
              -74.69992,
              6.39091
            ],
            [
              -74.73214,
              6.39455
            ],
            [
              -74.81095,
              6.4617
            ]
          ]
        ]
      },
      "properties": {
        "code": "05142",
        "departmentCode": "05",
        "name": "CARACOLÍ",
        "resultType": "observed",
        "source": "dane-divipola-mgn-2025",
        "year": 2025
      }
    },
    {
      "type": "Feature",
      "id": 1631,
      "geometry": {
        "type": "Polygon",
        "coordinates": [
          [
            [
              -75.58015,
              5.60564
            ],
            [
              -75.65208,
              5.57117
            ],
            [
              -75.67646,
              5.59793
            ],
            [
              -75.69781,
              5.54941
            ],
            [
              -75.71435,
              5.54793
            ],
            [
              -75.68911,
              5.51932
            ],
            [
              -75.61662,
              5.53231
            ],
            [
              -75.57823,
              5.51569
            ],
            [
              -75.58015,
              5.60564
            ]
          ]
        ]
      },
      "properties": {
        "code": "05145",
        "departmentCode": "05",
        "name": "CARAMANTA",
        "resultType": "observed",
        "source": "dane-divipola-mgn-2025",
        "year": 2025
      }
    },
    {
      "type": "Feature",
      "id": 1632,
      "geometry": {
        "type": "Polygon",
        "coordinates": [
          [
            [
              -76.75303,
              7.87941
            ],
            [
              -76.77899,
              7.88393
            ],
            [
              -76.82019,
              7.84096
            ],
            [
              -76.81745,
              7.7828
            ],
            [
              -76.79586,
              7.75599
            ],
            [
              -76.65031,
              7.71246
            ],
            [
              -76.61196,
              7.73589
            ],
            [
              -76.49083,
              7.71977
            ],
            [
              -76.49663,
              7.74972
            ],
            [
              -76.4835,
              7.75804
            ],
            [
              -76.48127,
              7.82172
            ],
            [
              -76.46362,
              7.85758
            ],
            [
              -76.48019,
              7.88194
            ],
            [
              -76.51463,
              7.88163
            ],
            [
              -76.51752,
              7.83488
            ],
            [
              -76.55451,
              7.76917
            ],
            [
              -76.61943,
              7.78744
            ],
            [
              -76.62859,
              7.80498
            ],
            [
              -76.65603,
              7.78829
            ],
            [
              -76.68087,
              7.79951
            ],
            [
              -76.75303,
              7.87941
            ]
          ]
        ]
      },
      "properties": {
        "code": "05147",
        "departmentCode": "05",
        "name": "CAREPA",
        "resultType": "observed",
        "source": "dane-divipola-mgn-2025",
        "year": 2025
      }
    },
    {
      "type": "Feature",
      "id": 1633,
      "geometry": {
        "type": "Polygon",
        "coordinates": [
          [
            [
              -75.38771,
              6.05985
            ],
            [
              -75.36272,
              6.03179
            ],
            [
              -75.3425,
              6.0343
            ],
            [
              -75.33439,
              6.01007
            ],
            [
              -75.34518,
              6.0021
            ],
            [
              -75.31978,
              5.95312
            ],
            [
              -75.28864,
              5.955
            ],
            [
              -75.29447,
              5.91588
            ],
            [
              -75.26595,
              5.8506
            ],
            [
              -75.26797,
              5.8125
            ],
            [
              -75.2431,
              5.81859
            ],
            [
              -75.20979,
              5.87218
            ],
            [
              -75.16538,
              5.87376
            ],
            [
              -75.15373,
              5.92126
            ],
            [
              -75.18558,
              5.95483
            ],
            [
              -75.18187,
              5.98843
            ],
            [
              -75.21376,
              6.01377
            ],
            [
              -75.22736,
              6.05185
            ],
            [
              -75.26857,
              6.0555
            ],
            [
              -75.29627,
              6.08406
            ],
            [
              -75.28675,
              6.09693
            ],
            [
              -75.30541,
              6.14479
            ],
            [
              -75.3072,
              6.11163
            ],
            [
              -75.34556,
              6.12261
            ],
            [
              -75.34945,
              6.14598
            ],
            [
              -75.35382,
              6.12265
            ],
            [
              -75.38162,
              6.11742
            ],
            [
              -75.38771,
              6.05985
            ]
          ]
        ]
      },
      "properties": {
        "code": "05148",
        "departmentCode": "05",
        "name": "EL CARMEN DE VIBORAL",
        "resultType": "observed",
        "source": "dane-divipola-mgn-2025",
        "year": 2025
      }
    },
    {
      "type": "Feature",
      "id": 1634,
      "geometry": {
        "type": "Polygon",
        "coordinates": [
          [
            [
              -75.28439,
              6.82283
            ],
            [
              -75.32189,
              6.79941
            ],
            [
              -75.36513,
              6.79649
            ],
            [
              -75.38132,
              6.76516
            ],
            [
              -75.36344,
              6.72842
            ],
            [
              -75.28754,
              6.67721
            ],
            [
              -75.25848,
              6.70111
            ],
            [
              -75.25835,
              6.77696
            ],
            [
              -75.22994,
              6.79357
            ],
            [
              -75.26738,
              6.7979
            ],
            [
              -75.28439,
              6.82283
            ]
          ]
        ]
      },
      "properties": {
        "code": "05150",
        "departmentCode": "05",
        "name": "CAROLINA",
        "resultType": "observed",
        "source": "dane-divipola-mgn-2025",
        "year": 2025
      }
    },
    {
      "type": "Feature",
      "id": 1635,
      "geometry": {
        "type": "Polygon",
        "coordinates": [
          [
            [
              -75.32857,
              7.92035
            ],
            [
              -75.32617,
              7.90404
            ],
            [
              -75.30073,
              7.9131
            ],
            [
              -75.29336,
              7.8903
            ],
            [
              -75.25919,
              7.88415
            ],
            [
              -75.26451,
              7.90362
            ],
            [
              -75.23436,
              7.92718
            ],
            [
              -75.22816,
              7.953
            ],
            [
              -75.21043,
              7.94579
            ],
            [
              -75.20381,
              7.95763
            ],
            [
              -75.18111,
              7.94056
            ],
            [
              -75.16427,
              7.88817
            ],
            [
              -75.18479,
              7.849
            ],
            [
              -75.16591,
              7.80133
            ],
            [
              -75.11724,
              7.80442
            ],
            [
              -75.11006,
              7.78517
            ],
            [
              -75.03371,
              7.7715
            ],
            [
              -75.0404,
              7.71572
            ],
            [
              -75.02725,
              7.70549
            ],
            [
              -75.04262,
              7.61192
            ],
            [
              -75.01427,
              7.57655
            ],
            [
              -74.97356,
              7.62154
            ],
            [
              -74.93898,
              7.62018
            ],
            [
              -74.90831,
              7.65492
            ],
            [
              -74.90489,
              7.6841
            ],
            [
              -74.87733,
              7.69474
            ],
            [
              -74.84237,
              7.66796
            ],
            [
              -74.79019,
              7.69615
            ],
            [
              -74.78268,
              7.72823
            ],
            [
              -74.8058,
              7.78407
            ],
            [
              -74.82387,
              7.7678
            ],
            [
              -74.92364,
              7.80991
            ],
            [
              -74.9243,
              7.84845
            ],
            [
              -74.94559,
              7.86245
            ],
            [
              -74.92622,
              7.90035
            ],
            [
              -74.89499,
              7.91061
            ],
            [
              -74.91782,
              7.96166
            ],
            [
              -74.95049,
              7.98674
            ],
            [
              -74.93464,
              8.02882
            ],
            [
              -74.91128,
              8.02742
            ],
            [
              -74.91342,
              8.09965
            ],
            [
              -74.92793,
              8.0746
            ],
            [
              -74.96836,
              8.09058
            ],
            [
              -75.04741,
              8.0424
            ],
            [
              -75.093,
              8.0706
            ],
            [
              -75.12551,
              8.04014
            ],
            [
              -75.13443,
              8.05402
            ],
            [
              -75.18856,
              8.04451
            ],
            [
              -75.22003,
              8.06814
            ],
            [
              -75.24706,
              8.04211
            ],
            [
              -75.23582,
              8.02913
            ],
            [
              -75.24403,
              8.0076
            ],
            [
              -75.30928,
              7.94744
            ],
            [
              -75.33672,
              7.9481
            ],
            [
              -75.32857,
              7.92035
            ]
          ]
        ]
      },
      "properties": {
        "code": "05154",
        "departmentCode": "05",
        "name": "CAUCASIA",
        "resultType": "observed",
        "source": "dane-divipola-mgn-2025",
        "year": 2025
      }
    },
    {
      "type": "Feature",
      "id": 1636,
      "geometry": {
        "type": "Polygon",
        "coordinates": [
          [
            [
              -76.7897,
              7.75342
            ],
            [
              -76.81902,
              7.7673
            ],
            [
              -76.80664,
              7.71033
            ],
            [
              -76.82026,
              7.66504
            ],
            [
              -76.78829,
              7.65856
            ],
            [
              -76.79749,
              7.64105
            ],
            [
              -76.78122,
              7.61911
            ],
            [
              -76.76251,
              7.62074
            ],
            [
              -76.76533,
              7.60534
            ],
            [
              -76.71345,
              7.59373
            ],
            [
              -76.69517,
              7.5383
            ],
            [
              -76.6587,
              7.51533
            ],
            [
              -76.64755,
              7.46842
            ],
            [
              -76.61876,
              7.45527
            ],
            [
              -76.6008,
              7.46423
            ],
            [
              -76.57537,
              7.48574
            ],
            [
              -76.55918,
              7.53037
            ],
            [
              -76.50342,
              7.55216
            ],
            [
              -76.51441,
              7.58835
            ],
            [
              -76.4923,
              7.64047
            ],
            [
              -76.49083,
              7.71977
            ],
            [
              -76.61196,
              7.73589
            ],
            [
              -76.65031,
              7.71246
            ],
            [
              -76.7897,
              7.75342
            ]
          ]
        ]
      },
      "properties": {
        "code": "05172",
        "departmentCode": "05",
        "name": "CHIGORODÓ",
        "resultType": "observed",
        "source": "dane-divipola-mgn-2025",
        "year": 2025
      }
    },
    {
      "type": "Feature",
      "id": 1637,
      "geometry": {
        "type": "Polygon",
        "coordinates": [
          [
            [
              -75.08779,
              6.58522
            ],
            [
              -75.13651,
              6.54767
            ],
            [
              -75.12172,
              6.53402
            ],
            [
              -75.08731,
              6.53653
            ],
            [
              -75.08047,
              6.50669
            ],
            [
              -75.06508,
              6.53545
            ],
            [
              -75.03201,
              6.54357
            ],
            [
              -75.05738,
              6.57942
            ],
            [
              -75.08779,
              6.58522
            ]
          ]
        ]
      },
      "properties": {
        "code": "05190",
        "departmentCode": "05",
        "name": "CISNEROS",
        "resultType": "observed",
        "source": "dane-divipola-mgn-2025",
        "year": 2025
      }
    },
    {
      "type": "Feature",
      "id": 1638,
      "geometry": {
        "type": "Polygon",
        "coordinates": [
          [
            [
              -75.06882,
              5.99917
            ],
            [
              -75.10816,
              6.04152
            ],
            [
              -75.15608,
              6.06481
            ],
            [
              -75.16689,
              6.10115
            ],
            [
              -75.18368,
              6.0927
            ],
            [
              -75.22904,
              6.1243
            ],
            [
              -75.26849,
              6.08008
            ],
            [
              -75.26857,
              6.0555
            ],
            [
              -75.22736,
              6.05185
            ],
            [
              -75.21376,
              6.01377
            ],
            [
              -75.18187,
              5.98843
            ],
            [
              -75.18558,
              5.95483
            ],
            [
              -75.15373,
              5.92126
            ],
            [
              -75.1657,
              5.86137
            ],
            [
              -75.06696,
              5.89968
            ],
            [
              -75.05538,
              5.91942
            ],
            [
              -75.08355,
              5.91303
            ],
            [
              -75.11972,
              5.96674
            ],
            [
              -75.1012,
              5.99396
            ],
            [
              -75.06882,
              5.99917
            ]
          ]
        ]
      },
      "properties": {
        "code": "05197",
        "departmentCode": "05",
        "name": "COCORNÁ",
        "resultType": "observed",
        "source": "dane-divipola-mgn-2025",
        "year": 2025
      }
    },
    {
      "type": "Feature",
      "id": 1639,
      "geometry": {
        "type": "Polygon",
        "coordinates": [
          [
            [
              -75.21393,
              6.45258
            ],
            [
              -75.30967,
              6.39871
            ],
            [
              -75.30602,
              6.37162
            ],
            [
              -75.28056,
              6.34577
            ],
            [
              -75.25862,
              6.35091
            ],
            [
              -75.26092,
              6.33494
            ],
            [
              -75.22262,
              6.32364
            ],
            [
              -75.20041,
              6.28782
            ],
            [
              -75.18245,
              6.28473
            ],
            [
              -75.1724,
              6.32634
            ],
            [
              -75.15537,
              6.33001
            ],
            [
              -75.15868,
              6.37176
            ],
            [
              -75.13608,
              6.38612
            ],
            [
              -75.14502,
              6.41188
            ],
            [
              -75.21393,
              6.45258
            ]
          ]
        ]
      },
      "properties": {
        "code": "05206",
        "departmentCode": "05",
        "name": "CONCEPCIÓN",
        "resultType": "observed",
        "source": "dane-divipola-mgn-2025",
        "year": 2025
      }
    },
    {
      "type": "Feature",
      "id": 1640,
      "geometry": {
        "type": "Polygon",
        "coordinates": [
          [
            [
              -75.89082,
              6.16932
            ],
            [
              -75.92024,
              6.12276
            ],
            [
              -75.95335,
              6.11903
            ],
            [
              -75.99855,
              6.06983
            ],
            [
              -75.9769,
              6.0477
            ],
            [
              -75.94022,
              6.04071
            ],
            [
              -75.93937,
              5.9737
            ],
            [
              -75.86709,
              5.94975
            ],
            [
              -75.84304,
              5.96391
            ],
            [
              -75.83197,
              5.99598
            ],
            [
              -75.86584,
              6.05407
            ],
            [
              -75.84188,
              6.16623
            ],
            [
              -75.89082,
              6.16932
            ]
          ]
        ]
      },
      "properties": {
        "code": "05209",
        "departmentCode": "05",
        "name": "CONCORDIA",
        "resultType": "observed",
        "source": "dane-divipola-mgn-2025",
        "year": 2025
      }
    },
    {
      "type": "Feature",
      "id": 1641,
      "geometry": {
        "type": "Polygon",
        "coordinates": [
          [
            [
              -75.48833,
              6.43038
            ],
            [
              -75.53267,
              6.3883
            ],
            [
              -75.515,
              6.36087
            ],
            [
              -75.53602,
              6.33269
            ],
            [
              -75.52239,
              6.28851
            ],
            [
              -75.51409,
              6.30215
            ],
            [
              -75.49206,
              6.2933
            ],
            [
              -75.48443,
              6.32015
            ],
            [
              -75.45058,
              6.33107
            ],
            [
              -75.4869,
              6.37298
            ],
            [
              -75.47396,
              6.37568
            ],
            [
              -75.48833,
              6.43038
            ]
          ]
        ]
      },
      "properties": {
        "code": "05212",
        "departmentCode": "05",
        "name": "COPACABANA",
        "resultType": "observed",
        "source": "dane-divipola-mgn-2025",
        "year": 2025
      }
    },
    {
      "type": "Feature",
      "id": 1642,
      "geometry": {
        "type": "Polygon",
        "coordinates": [
          [
            [
              -76.21803,
              7.1501
            ],
            [
              -76.31743,
              7.15254
            ],
            [
              -76.3532,
              7.17901
            ],
            [
              -76.43355,
              7.19122
            ],
            [
              -76.45889,
              7.13281
            ],
            [
              -76.50807,
              7.13927
            ],
            [
              -76.5495,
              7.01634
            ],
            [
              -76.54402,
              6.9625
            ],
            [
              -76.52457,
              6.96317
            ],
            [
              -76.51259,
              6.92551
            ],
            [
              -76.5602,
              6.88486
            ],
            [
              -76.57603,
              6.78636
            ],
            [
              -76.61873,
              6.74777
            ],
            [
              -76.58377,
              6.69835
            ],
            [
              -76.56411,
              6.70087
            ],
            [
              -76.52118,
              6.76458
            ],
            [
              -76.42864,
              6.74501
            ],
            [
              -76.4394,
              6.81208
            ],
            [
              -76.42605,
              6.85645
            ],
            [
              -76.31601,
              6.77522
            ],
            [
              -76.29939,
              6.77967
            ],
            [
              -76.27503,
              6.80894
            ],
            [
              -76.28699,
              6.8487
            ],
            [
              -76.29995,
              6.84646
            ],
            [
              -76.29901,
              6.87422
            ],
            [
              -76.28797,
              6.90126
            ],
            [
              -76.22475,
              6.92038
            ],
            [
              -76.23937,
              6.93982
            ],
            [
              -76.2343,
              6.96302
            ],
            [
              -76.17091,
              6.95931
            ],
            [
              -76.15531,
              6.97759
            ],
            [
              -76.07317,
              6.93993
            ],
            [
              -76.03271,
              6.95458
            ],
            [
              -75.99995,
              7.00034
            ],
            [
              -75.97594,
              7.00488
            ],
            [
              -75.96667,
              7.13134
            ],
            [
              -76.0561,
              7.172
            ],
            [
              -76.09213,
              7.1588
            ],
            [
              -76.10167,
              7.13814
            ],
            [
              -76.13464,
              7.1493
            ],
            [
              -76.15749,
              7.12727
            ],
            [
              -76.21803,
              7.1501
            ]
          ]
        ]
      },
      "properties": {
        "code": "05234",
        "departmentCode": "05",
        "name": "DABEIBA",
        "resultType": "observed",
        "source": "dane-divipola-mgn-2025",
        "year": 2025
      }
    },
    {
      "type": "Feature",
      "id": 1643,
      "geometry": {
        "type": "Polygon",
        "coordinates": [
          [
            [
              -75.20935,
              6.55398
            ],
            [
              -75.27122,
              6.57278
            ],
            [
              -75.31501,
              6.54907
            ],
            [
              -75.39514,
              6.54176
            ],
            [
              -75.39591,
              6.5177
            ],
            [
              -75.42753,
              6.54462
            ],
            [
              -75.46351,
              6.51178
            ],
            [
              -75.45304,
              6.45968
            ],
            [
              -75.48816,
              6.45911
            ],
            [
              -75.46903,
              6.43324
            ],
            [
              -75.39613,
              6.44164
            ],
            [
              -75.32308,
              6.51319
            ],
            [
              -75.26555,
              6.49218
            ],
            [
              -75.25094,
              6.52763
            ],
            [
              -75.20935,
              6.55398
            ]
          ]
        ]
      },
      "properties": {
        "code": "05237",
        "departmentCode": "05",
        "name": "DONMATÍAS",
        "resultType": "observed",
        "source": "dane-divipola-mgn-2025",
        "year": 2025
      }
    },
    {
      "type": "Feature",
      "id": 1644,
      "geometry": {
        "type": "Polygon",
        "coordinates": [
          [
            [
              -75.77663,
              6.41924
            ],
            [
              -75.78579,
              6.39564
            ],
            [
              -75.80154,
              6.39618
            ],
            [
              -75.8007,
              6.42081
            ],
            [
              -75.83004,
              6.40301
            ],
            [
              -75.85077,
              6.3655
            ],
            [
              -75.85735,
              6.32916
            ],
            [
              -75.83361,
              6.28243
            ],
            [
              -75.85244,
              6.24944
            ],
            [
              -75.81704,
              6.22493
            ],
            [
              -75.80478,
              6.26198
            ],
            [
              -75.78802,
              6.26572
            ],
            [
              -75.77592,
              6.24629
            ],
            [
              -75.73665,
              6.2674
            ],
            [
              -75.71003,
              6.25905
            ],
            [
              -75.7164,
              6.3603
            ],
            [
              -75.77663,
              6.41924
            ]
          ]
        ]
      },
      "properties": {
        "code": "05240",
        "departmentCode": "05",
        "name": "EBÉJICO",
        "resultType": "observed",
        "source": "dane-divipola-mgn-2025",
        "year": 2025
      }
    },
    {
      "type": "Feature",
      "id": 1645,
      "geometry": {
        "type": "Polygon",
        "coordinates": [
          [
            [
              -74.7896,
              8.00886
            ],
            [
              -74.8098,
              8.00622
            ],
            [
              -74.80363,
              7.98174
            ],
            [
              -74.81839,
              7.9692
            ],
            [
              -74.80588,
              7.85716
            ],
            [
              -74.78085,
              7.83154
            ],
            [
              -74.80231,
              7.82456
            ],
            [
              -74.78993,
              7.80398
            ],
            [
              -74.806,
              7.78558
            ],
            [
              -74.78225,
              7.72206
            ],
            [
              -74.75795,
              7.71607
            ],
            [
              -74.771,
              7.64855
            ],
            [
              -74.82717,
              7.58917
            ],
            [
              -74.77614,
              7.53095
            ],
            [
              -74.78002,
              7.49536
            ],
            [
              -74.76068,
              7.48852
            ],
            [
              -74.75815,
              7.46047
            ],
            [
              -74.72657,
              7.43989
            ],
            [
              -74.67659,
              7.43978
            ],
            [
              -74.63046,
              7.38673
            ],
            [
              -74.60684,
              7.3859
            ],
            [
              -74.56127,
              7.42826
            ],
            [
              -74.59851,
              7.46566
            ],
            [
              -74.58976,
              7.51188
            ],
            [
              -74.56838,
              7.51811
            ],
            [
              -74.56413,
              7.64025
            ],
            [
              -74.53061,
              7.6712
            ],
            [
              -74.47647,
              7.68216
            ],
            [
              -74.47532,
              7.70555
            ],
            [
              -74.50704,
              7.72263
            ],
            [
              -74.51358,
              7.78103
            ],
            [
              -74.5253,
              7.78257
            ],
            [
              -74.52045,
              7.90329
            ],
            [
              -74.56109,
              7.96753
            ],
            [
              -74.63418,
              7.9016
            ],
            [
              -74.6803,
              7.92981
            ],
            [
              -74.6986,
              7.91959
            ],
            [
              -74.78893,
              7.97296
            ],
            [
              -74.7896,
              8.00886
            ]
          ]
        ]
      },
      "properties": {
        "code": "05250",
        "departmentCode": "05",
        "name": "EL BAGRE",
        "resultType": "observed",
        "source": "dane-divipola-mgn-2025",
        "year": 2025
      }
    },
    {
      "type": "Feature",
      "id": 1646,
      "geometry": {
        "type": "Polygon",
        "coordinates": [
          [
            [
              -75.45771,
              6.51621
            ],
            [
              -75.50842,
              6.56427
            ],
            [
              -75.51673,
              6.59428
            ],
            [
              -75.49718,
              6.61184
            ],
            [
              -75.53172,
              6.63617
            ],
            [
              -75.53062,
              6.67466
            ],
            [
              -75.63251,
              6.66891
            ],
            [
              -75.65385,
              6.65429
            ],
            [
              -75.6613,
              6.63528
            ],
            [
              -75.53967,
              6.50432
            ],
            [
              -75.45771,
              6.51621
            ]
          ]
        ]
      },
      "properties": {
        "code": "05264",
        "departmentCode": "05",
        "name": "ENTRERRÍOS",
        "resultType": "observed",
        "source": "dane-divipola-mgn-2025",
        "year": 2025
      }
    },
    {
      "type": "Feature",
      "id": 1647,
      "geometry": {
        "type": "Polygon",
        "coordinates": [
          [
            [
              -75.4798,
              6.1733
            ],
            [
              -75.48473,
              6.19093
            ],
            [
              -75.52032,
              6.19638
            ],
            [
              -75.53244,
              6.19795
            ],
            [
              -75.53978,
              6.1703
            ],
            [
              -75.58332,
              6.18896
            ],
            [
              -75.60513,
              6.16319
            ],
            [
              -75.59032,
              6.11273
            ],
            [
              -75.55077,
              6.1054
            ],
            [
              -75.54253,
              6.1321
            ],
            [
              -75.47461,
              6.15888
            ],
            [
              -75.4798,
              6.1733
            ]
          ]
        ]
      },
      "properties": {
        "code": "05266",
        "departmentCode": "05",
        "name": "ENVIGADO",
        "resultType": "observed",
        "source": "dane-divipola-mgn-2025",
        "year": 2025
      }
    },
    {
      "type": "Feature",
      "id": 1648,
      "geometry": {
        "type": "Polygon",
        "coordinates": [
          [
            [
              -75.61362,
              5.97825
            ],
            [
              -75.63216,
              5.99606
            ],
            [
              -75.677,
              5.99787
            ],
            [
              -75.69985,
              5.98095
            ],
            [
              -75.68313,
              5.97108
            ],
            [
              -75.70156,
              5.93798
            ],
            [
              -75.77952,
              5.91243
            ],
            [
              -75.76701,
              5.90026
            ],
            [
              -75.77571,
              5.88124
            ],
            [
              -75.72664,
              5.83298
            ],
            [
              -75.6522,
              5.7986
            ],
            [
              -75.62514,
              5.75197
            ],
            [
              -75.61303,
              5.83058
            ],
            [
              -75.63971,
              5.95496
            ],
            [
              -75.61362,
              5.97825
            ]
          ]
        ]
      },
      "properties": {
        "code": "05282",
        "departmentCode": "05",
        "name": "FREDONIA",
        "resultType": "observed",
        "source": "dane-divipola-mgn-2025",
        "year": 2025
      }
    },
    {
      "type": "Feature",
      "id": 1649,
      "geometry": {
        "type": "Polygon",
        "coordinates": [
          [
            [
              -76.12118,
              6.85185
            ],
            [
              -76.15695,
              6.82364
            ],
            [
              -76.1952,
              6.85008
            ],
            [
              -76.22121,
              6.8481
            ],
            [
              -76.24618,
              6.87734
            ],
            [
              -76.22217,
              6.91873
            ],
            [
              -76.267,
              6.91352
            ],
            [
              -76.29913,
              6.87374
            ],
            [
              -76.27578,
              6.80432
            ],
            [
              -76.31497,
              6.77477
            ],
            [
              -76.42605,
              6.85645
            ],
            [
              -76.4394,
              6.81208
            ],
            [
              -76.42864,
              6.74501
            ],
            [
              -76.52118,
              6.76458
            ],
            [
              -76.57753,
              6.69481
            ],
            [
              -76.56379,
              6.56637
            ],
            [
              -76.52374,
              6.58683
            ],
            [
              -76.52262,
              6.54478
            ],
            [
              -76.47049,
              6.48964
            ],
            [
              -76.40404,
              6.58777
            ],
            [
              -76.36182,
              6.5824
            ],
            [
              -76.34221,
              6.52067
            ],
            [
              -76.3172,
              6.50613
            ],
            [
              -76.27277,
              6.54165
            ],
            [
              -76.24775,
              6.53854
            ],
            [
              -76.22604,
              6.57176
            ],
            [
              -76.1622,
              6.59272
            ],
            [
              -76.15513,
              6.62549
            ],
            [
              -76.18231,
              6.67006
            ],
            [
              -76.07671,
              6.73143
            ],
            [
              -76.0902,
              6.73249
            ],
            [
              -76.08304,
              6.78492
            ],
            [
              -76.12656,
              6.82974
            ],
            [
              -76.12118,
              6.85185
            ]
          ]
        ]
      },
      "properties": {
        "code": "05284",
        "departmentCode": "05",
        "name": "FRONTINO",
        "resultType": "observed",
        "source": "dane-divipola-mgn-2025",
        "year": 2025
      }
    },
    {
      "type": "Feature",
      "id": 1650,
      "geometry": {
        "type": "Polygon",
        "coordinates": [
          [
            [
              -75.95715,
              6.71912
            ],
            [
              -75.98763,
              6.69092
            ],
            [
              -76.00794,
              6.63384
            ],
            [
              -75.93763,
              6.61893
            ],
            [
              -75.91334,
              6.65426
            ],
            [
              -75.88793,
              6.62611
            ],
            [
              -75.88559,
              6.67597
            ],
            [
              -75.91058,
              6.67859
            ],
            [
              -75.95715,
              6.71912
            ]
          ]
        ]
      },
      "properties": {
        "code": "05306",
        "departmentCode": "05",
        "name": "GIRALDO",
        "resultType": "observed",
        "source": "dane-divipola-mgn-2025",
        "year": 2025
      }
    },
    {
      "type": "Feature",
      "id": 1651,
      "geometry": {
        "type": "Polygon",
        "coordinates": [
          [
            [
              -75.44848,
              6.43551
            ],
            [
              -75.48833,
              6.43038
            ],
            [
              -75.47396,
              6.37568
            ],
            [
              -75.4869,
              6.37298
            ],
            [
              -75.42477,
              6.31513
            ],
            [
              -75.39981,
              6.3585
            ],
            [
              -75.44848,
              6.43551
            ]
          ]
        ]
      },
      "properties": {
        "code": "05308",
        "departmentCode": "05",
        "name": "GIRARDOTA",
        "resultType": "observed",
        "source": "dane-divipola-mgn-2025",
        "year": 2025
      }
    },
    {
      "type": "Feature",
      "id": 1652,
      "geometry": {
        "type": "Polygon",
        "coordinates": [
          [
            [
              -75.18014,
              6.84753
            ],
            [
              -75.22469,
              6.79326
            ],
            [
              -75.25835,
              6.77696
            ],
            [
              -75.25863,
              6.70063
            ],
            [
              -75.294,
              6.66651
            ],
            [
              -75.21019,
              6.60744
            ],
            [
              -75.19737,
              6.57468
            ],
            [
              -75.16182,
              6.58555
            ],
            [
              -75.15663,
              6.63959
            ],
            [
              -75.12279,
              6.65789
            ],
            [
              -75.12688,
              6.69252
            ],
            [
              -75.107,
              6.71649
            ],
            [
              -75.12801,
              6.73945
            ],
            [
              -75.11019,
              6.78356
            ],
            [
              -75.14101,
              6.79304
            ],
            [
              -75.18014,
              6.84753
            ]
          ]
        ]
      },
      "properties": {
        "code": "05310",
        "departmentCode": "05",
        "name": "GÓMEZ PLATA",
        "resultType": "observed",
        "source": "dane-divipola-mgn-2025",
        "year": 2025
      }
    },
    {
      "type": "Feature",
      "id": 1653,
      "geometry": {
        "type": "Polygon",
        "coordinates": [
          [
            [
              -75.122,
              6.22429
            ],
            [
              -75.16037,
              6.16946
            ],
            [
              -75.23343,
              6.16361
            ],
            [
              -75.16949,
              6.1087
            ],
            [
              -75.15608,
              6.06481
            ],
            [
              -75.08943,
              6.01844
            ],
            [
              -75.05947,
              6.1319
            ],
            [
              -75.08277,
              6.14555
            ],
            [
              -75.07673,
              6.15692
            ],
            [
              -75.122,
              6.22429
            ]
          ]
        ]
      },
      "properties": {
        "code": "05313",
        "departmentCode": "05",
        "name": "GRANADA",
        "resultType": "observed",
        "source": "dane-divipola-mgn-2025",
        "year": 2025
      }
    },
    {
      "type": "Feature",
      "id": 1654,
      "geometry": {
        "type": "Polygon",
        "coordinates": [
          [
            [
              -75.2219,
              6.93258
            ],
            [
              -75.24263,
              6.92724
            ],
            [
              -75.25611,
              6.89925
            ],
            [
              -75.25816,
              6.84793
            ],
            [
              -75.27619,
              6.83039
            ],
            [
              -75.28719,
              6.83859
            ],
            [
              -75.2657,
              6.79729
            ],
            [
              -75.22469,
              6.79326
            ],
            [
              -75.18122,
              6.84658
            ],
            [
              -75.17,
              6.90547
            ],
            [
              -75.2219,
              6.93258
            ]
          ]
        ]
      },
      "properties": {
        "code": "05315",
        "departmentCode": "05",
        "name": "GUADALUPE",
        "resultType": "observed",
        "source": "dane-divipola-mgn-2025",
        "year": 2025
      }
    },
    {
      "type": "Feature",
      "id": 1655,
      "geometry": {
        "type": "Polygon",
        "coordinates": [
          [
            [
              -75.40888,
              6.34896
            ],
            [
              -75.42436,
              6.31532
            ],
            [
              -75.45123,
              6.33509
            ],
            [
              -75.50126,
              6.29674
            ],
            [
              -75.47319,
              6.24163
            ],
            [
              -75.49169,
              6.22859
            ],
            [
              -75.47487,
              6.19554
            ],
            [
              -75.37876,
              6.21929
            ],
            [
              -75.39537,
              6.26727
            ],
            [
              -75.38585,
              6.32829
            ],
            [
              -75.40888,
              6.34896
            ]
          ]
        ]
      },
      "properties": {
        "code": "05318",
        "departmentCode": "05",
        "name": "GUARNE",
        "resultType": "observed",
        "source": "dane-divipola-mgn-2025",
        "year": 2025
      }
    },
    {
      "type": "Feature",
      "id": 1656,
      "geometry": {
        "type": "Polygon",
        "coordinates": [
          [
            [
              -75.11739,
              6.30062
            ],
            [
              -75.13535,
              6.33558
            ],
            [
              -75.15724,
              6.29691
            ],
            [
              -75.19403,
              6.27214
            ],
            [
              -75.18889,
              6.20271
            ],
            [
              -75.16037,
              6.16946
            ],
            [
              -75.11781,
              6.23536
            ],
            [
              -75.14588,
              6.2565
            ],
            [
              -75.14586,
              6.28541
            ],
            [
              -75.13995,
              6.30038
            ],
            [
              -75.11739,
              6.30062
            ]
          ]
        ]
      },
      "properties": {
        "code": "05321",
        "departmentCode": "05",
        "name": "GUATAPÉ",
        "resultType": "observed",
        "source": "dane-divipola-mgn-2025",
        "year": 2025
      }
    },
    {
      "type": "Feature",
      "id": 1657,
      "geometry": {
        "type": "Polygon",
        "coordinates": [
          [
            [
              -75.72378,
              6.26246
            ],
            [
              -75.77592,
              6.24629
            ],
            [
              -75.79094,
              6.26599
            ],
            [
              -75.81994,
              6.2448
            ],
            [
              -75.78152,
              6.18409
            ],
            [
              -75.74387,
              6.17903
            ],
            [
              -75.74588,
              6.14485
            ],
            [
              -75.69703,
              6.17033
            ],
            [
              -75.70798,
              6.25841
            ],
            [
              -75.72378,
              6.26246
            ]
          ]
        ]
      },
      "properties": {
        "code": "05347",
        "departmentCode": "05",
        "name": "HELICONIA",
        "resultType": "observed",
        "source": "dane-divipola-mgn-2025",
        "year": 2025
      }
    },
    {
      "type": "Feature",
      "id": 1658,
      "geometry": {
        "type": "Polygon",
        "coordinates": [
          [
            [
              -75.90035,
              5.84126
            ],
            [
              -75.90632,
              5.814
            ],
            [
              -75.9553,
              5.79832
            ],
            [
              -75.92065,
              5.75356
            ],
            [
              -75.90414,
              5.76588
            ],
            [
              -75.89253,
              5.75392
            ],
            [
              -75.8737,
              5.7759
            ],
            [
              -75.87092,
              5.82937
            ],
            [
              -75.90035,
              5.84126
            ]
          ]
        ]
      },
      "properties": {
        "code": "05353",
        "departmentCode": "05",
        "name": "HISPANIA",
        "resultType": "observed",
        "source": "dane-divipola-mgn-2025",
        "year": 2025
      }
    },
    {
      "type": "Feature",
      "id": 1659,
      "geometry": {
        "type": "Polygon",
        "coordinates": [
          [
            [
              -75.59973,
              6.20014
            ],
            [
              -75.62949,
              6.19628
            ],
            [
              -75.64542,
              6.16549
            ],
            [
              -75.62551,
              6.15356
            ],
            [
              -75.60513,
              6.16319
            ],
            [
              -75.58099,
              6.19672
            ],
            [
              -75.59973,
              6.20014
            ]
          ]
        ]
      },
      "properties": {
        "code": "05360",
        "departmentCode": "05",
        "name": "ITAGÜÍ",
        "resultType": "observed",
        "source": "dane-divipola-mgn-2025",
        "year": 2025
      }
    },
    {
      "type": "Feature",
      "id": 1660,
      "geometry": {
        "type": "Polygon",
        "coordinates": [
          [
            [
              -75.75008,
              7.61355
            ],
            [
              -75.76547,
              7.60154
            ],
            [
              -75.78778,
              7.45984
            ],
            [
              -75.82508,
              7.44219
            ],
            [
              -75.81766,
              7.41582
            ],
            [
              -75.8455,
              7.34709
            ],
            [
              -76.38093,
              7.39171
            ],
            [
              -76.20269,
              7.13838
            ],
            [
              -76.15749,
              7.12727
            ],
            [
              -76.13193,
              7.1493
            ],
            [
              -76.10167,
              7.13814
            ],
            [
              -76.09213,
              7.1588
            ],
            [
              -76.0561,
              7.172
            ],
            [
              -75.96871,
              7.12956
            ],
            [
              -75.94887,
              7.15817
            ],
            [
              -75.95271,
              7.18099
            ],
            [
              -75.9185,
              7.18992
            ],
            [
              -75.90675,
              7.21966
            ],
            [
              -75.88608,
              7.22201
            ],
            [
              -75.87389,
              7.17792
            ],
            [
              -75.89423,
              7.15921
            ],
            [
              -75.87349,
              7.14258
            ],
            [
              -75.87552,
              7.10423
            ],
            [
              -75.86451,
              7.09154
            ],
            [
              -75.83275,
              7.10103
            ],
            [
              -75.79488,
              7.07873
            ],
            [
              -75.79548,
              7.05814
            ],
            [
              -75.77538,
              7.04575
            ],
            [
              -75.74379,
              7.07665
            ],
            [
              -75.67501,
              7.09296
            ],
            [
              -75.6608,
              7.13794
            ],
            [
              -75.63548,
              7.14036
            ],
            [
              -75.59603,
              7.18554
            ],
            [
              -75.53454,
              7.20457
            ],
            [
              -75.51059,
              7.23038
            ],
            [
              -75.47792,
              7.22353
            ],
            [
              -75.44426,
              7.24942
            ],
            [
              -75.48779,
              7.30386
            ],
            [
              -75.5296,
              7.29951
            ],
            [
              -75.51534,
              7.37832
            ],
            [
              -75.56791,
              7.38004
            ],
            [
              -75.54261,
              7.44159
            ],
            [
              -75.54162,
              7.49176
            ],
            [
              -75.5575,
              7.50062
            ],
            [
              -75.57523,
              7.56293
            ],
            [
              -75.60171,
              7.58968
            ],
            [
              -75.63318,
              7.58312
            ],
            [
              -75.6713,
              7.59797
            ],
            [
              -75.71187,
              7.58129
            ],
            [
              -75.75008,
              7.61355
            ]
          ]
        ]
      },
      "properties": {
        "code": "05361",
        "departmentCode": "05",
        "name": "ITUANGO",
        "resultType": "observed",
        "source": "dane-divipola-mgn-2025",
        "year": 2025
      }
    },
    {
      "type": "Feature",
      "id": 1661,
      "geometry": {
        "type": "Polygon",
        "coordinates": [
          [
            [
              -75.8088,
              5.6537
            ],
            [
              -75.82947,
              5.62201
            ],
            [
              -75.87972,
              5.63248
            ],
            [
              -75.87154,
              5.53099
            ],
            [
              -75.90518,
              5.47992
            ],
            [
              -75.86802,
              5.49024
            ],
            [
              -75.86227,
              5.50633
            ],
            [
              -75.83249,
              5.48884
            ],
            [
              -75.78568,
              5.53997
            ],
            [
              -75.73053,
              5.56338
            ],
            [
              -75.76036,
              5.59365
            ],
            [
              -75.75784,
              5.63904
            ],
            [
              -75.8088,
              5.6537
            ]
          ]
        ]
      },
      "properties": {
        "code": "05364",
        "departmentCode": "05",
        "name": "JARDÍN",
        "resultType": "observed",
        "source": "dane-divipola-mgn-2025",
        "year": 2025
      }
    },
    {
      "type": "Feature",
      "id": 1662,
      "geometry": {
        "type": "Polygon",
        "coordinates": [
          [
            [
              -75.7262,
              5.83268
            ],
            [
              -75.75844,
              5.8742
            ],
            [
              -75.78387,
              5.82209
            ],
            [
              -75.81228,
              5.80957
            ],
            [
              -75.8151,
              5.8305
            ],
            [
              -75.82113,
              5.82155
            ],
            [
              -75.81235,
              5.79688
            ],
            [
              -75.83746,
              5.73954
            ],
            [
              -75.8088,
              5.6537
            ],
            [
              -75.79959,
              5.67973
            ],
            [
              -75.77097,
              5.6898
            ],
            [
              -75.74475,
              5.73432
            ],
            [
              -75.66552,
              5.80068
            ],
            [
              -75.7262,
              5.83268
            ]
          ]
        ]
      },
      "properties": {
        "code": "05368",
        "departmentCode": "05",
        "name": "JERICÓ",
        "resultType": "observed",
        "source": "dane-divipola-mgn-2025",
        "year": 2025
      }
    },
    {
      "type": "Feature",
      "id": 1663,
      "geometry": {
        "type": "Polygon",
        "coordinates": [
          [
            [
              -75.38752,
              6.05755
            ],
            [
              -75.44499,
              6.05964
            ],
            [
              -75.45849,
              6.00121
            ],
            [
              -75.50806,
              5.95981
            ],
            [
              -75.49967,
              5.94105
            ],
            [
              -75.4679,
              5.94572
            ],
            [
              -75.44551,
              5.93363
            ],
            [
              -75.4481,
              5.91457
            ],
            [
              -75.4155,
              5.90185
            ],
            [
              -75.41869,
              5.9813
            ],
            [
              -75.40074,
              6.00266
            ],
            [
              -75.3803,
              6.00083
            ],
            [
              -75.36035,
              6.03112
            ],
            [
              -75.38752,
              6.05755
            ]
          ]
        ]
      },
      "properties": {
        "code": "05376",
        "departmentCode": "05",
        "name": "LA CEJA",
        "resultType": "observed",
        "source": "dane-divipola-mgn-2025",
        "year": 2025
      }
    },
    {
      "type": "Feature",
      "id": 1664,
      "geometry": {
        "type": "Polygon",
        "coordinates": [
          [
            [
              -75.63007,
              6.1465
            ],
            [
              -75.62557,
              6.16096
            ],
            [
              -75.64773,
              6.17164
            ],
            [
              -75.67947,
              6.16382
            ],
            [
              -75.67249,
              6.11887
            ],
            [
              -75.65759,
              6.10864
            ],
            [
              -75.60585,
              6.11663
            ],
            [
              -75.63007,
              6.1465
            ]
          ]
        ]
      },
      "properties": {
        "code": "05380",
        "departmentCode": "05",
        "name": "LA ESTRELLA",
        "resultType": "observed",
        "source": "dane-divipola-mgn-2025",
        "year": 2025
      }
    },
    {
      "type": "Feature",
      "id": 1665,
      "geometry": {
        "type": "Polygon",
        "coordinates": [
          [
            [
              -75.56903,
              5.7249
            ],
            [
              -75.58257,
              5.78838
            ],
            [
              -75.61116,
              5.81038
            ],
            [
              -75.62413,
              5.75215
            ],
            [
              -75.64212,
              5.75739
            ],
            [
              -75.61642,
              5.73996
            ],
            [
              -75.61556,
              5.66995
            ],
            [
              -75.59789,
              5.68362
            ],
            [
              -75.59926,
              5.73731
            ],
            [
              -75.56903,
              5.7249
            ]
          ]
        ]
      },
      "properties": {
        "code": "05390",
        "departmentCode": "05",
        "name": "LA PINTADA",
        "resultType": "observed",
        "source": "dane-divipola-mgn-2025",
        "year": 2025
      }
    },
    {
      "type": "Feature",
      "id": 1666,
      "geometry": {
        "type": "Polygon",
        "coordinates": [
          [
            [
              -75.34644,
              6.03374
            ],
            [
              -75.41866,
              5.98135
            ],
            [
              -75.41759,
              5.90375
            ],
            [
              -75.38103,
              5.88181
            ],
            [
              -75.28579,
              5.87304
            ],
            [
              -75.28864,
              5.955
            ],
            [
              -75.31978,
              5.95312
            ],
            [
              -75.34644,
              6.03374
            ]
          ]
        ]
      },
      "properties": {
        "code": "05400",
        "departmentCode": "05",
        "name": "LA UNIÓN",
        "resultType": "observed",
        "source": "dane-divipola-mgn-2025",
        "year": 2025
      }
    },
    {
      "type": "Feature",
      "id": 1667,
      "geometry": {
        "type": "Polygon",
        "coordinates": [
          [
            [
              -75.7341,
              6.80609
            ],
            [
              -75.75993,
              6.78643
            ],
            [
              -75.8713,
              6.78418
            ],
            [
              -75.84626,
              6.74681
            ],
            [
              -75.8608,
              6.71939
            ],
            [
              -75.83277,
              6.68431
            ],
            [
              -75.82417,
              6.64163
            ],
            [
              -75.81954,
              6.65764
            ],
            [
              -75.78585,
              6.66582
            ],
            [
              -75.75122,
              6.64735
            ],
            [
              -75.71875,
              6.65322
            ],
            [
              -75.714,
              6.71909
            ],
            [
              -75.7341,
              6.80609
            ]
          ]
        ]
      },
      "properties": {
        "code": "05411",
        "departmentCode": "05",
        "name": "LIBORINA",
        "resultType": "observed",
        "source": "dane-divipola-mgn-2025",
        "year": 2025
      }
    },
    {
      "type": "Feature",
      "id": 1668,
      "geometry": {
        "type": "Polygon",
        "coordinates": [
          [
            [
              -74.69838,
              6.47464
            ],
            [
              -74.65036,
              6.45018
            ],
            [
              -74.6215,
              6.54123
            ],
            [
              -74.63041,
              6.5704
            ],
            [
              -74.56252,
              6.63952
            ],
            [
              -74.62344,
              6.6542
            ],
            [
              -74.6326,
              6.62428
            ],
            [
              -74.6808,
              6.61822
            ],
            [
              -74.74478,
              6.63656
            ],
            [
              -74.77335,
              6.59595
            ],
            [
              -74.80176,
              6.61467
            ],
            [
              -74.86294,
              6.55648
            ],
            [
              -74.86439,
              6.53131
            ],
            [
              -74.84273,
              6.52049
            ],
            [
              -74.80976,
              6.45803
            ],
            [
              -74.73025,
              6.39361
            ],
            [
              -74.71711,
              6.39586
            ],
            [
              -74.71921,
              6.43999
            ],
            [
              -74.74901,
              6.44465
            ],
            [
              -74.7579,
              6.48429
            ],
            [
              -74.69838,
              6.47464
            ]
          ]
        ]
      },
      "properties": {
        "code": "05425",
        "departmentCode": "05",
        "name": "MACEO",
        "resultType": "observed",
        "source": "dane-divipola-mgn-2025",
        "year": 2025
      }
    },
    {
      "type": "Feature",
      "id": 1669,
      "geometry": {
        "type": "Polygon",
        "coordinates": [
          [
            [
              -75.35173,
              6.15142
            ],
            [
              -75.34597,
              6.12294
            ],
            [
              -75.30729,
              6.1116
            ],
            [
              -75.31006,
              6.15369
            ],
            [
              -75.25286,
              6.17077
            ],
            [
              -75.24887,
              6.20782
            ],
            [
              -75.28372,
              6.25855
            ],
            [
              -75.29914,
              6.26306
            ],
            [
              -75.32858,
              6.23221
            ],
            [
              -75.32549,
              6.20077
            ],
            [
              -75.36007,
              6.1859
            ],
            [
              -75.35173,
              6.15142
            ]
          ]
        ]
      },
      "properties": {
        "code": "05440",
        "departmentCode": "05",
        "name": "MARINILLA",
        "resultType": "observed",
        "source": "dane-divipola-mgn-2025",
        "year": 2025
      }
    },
    {
      "type": "Feature",
      "id": 1670,
      "geometry": {
        "type": "Polygon",
        "coordinates": [
          [
            [
              -75.57878,
              5.97215
            ],
            [
              -75.54901,
              5.95509
            ],
            [
              -75.55535,
              5.92352
            ],
            [
              -75.53386,
              5.86034
            ],
            [
              -75.48451,
              5.87174
            ],
            [
              -75.48151,
              5.93455
            ],
            [
              -75.5097,
              5.96277
            ],
            [
              -75.57878,
              5.97215
            ]
          ]
        ]
      },
      "properties": {
        "code": "05467",
        "departmentCode": "05",
        "name": "MONTEBELLO",
        "resultType": "observed",
        "source": "dane-divipola-mgn-2025",
        "year": 2025
      }
    },
    {
      "type": "Feature",
      "id": 1671,
      "geometry": {
        "type": "Polygon",
        "coordinates": [
          [
            [
              -76.66934,
              7.02276
            ],
            [
              -76.82478,
              7.00546
            ],
            [
              -76.84252,
              6.98832
            ],
            [
              -76.81914,
              6.97598
            ],
            [
              -76.82846,
              6.95553
            ],
            [
              -76.81338,
              6.96351
            ],
            [
              -76.80009,
              6.94856
            ],
            [
              -76.78554,
              6.87753
            ],
            [
              -76.83056,
              6.85859
            ],
            [
              -76.81794,
              6.83768
            ],
            [
              -76.83529,
              6.82868
            ],
            [
              -76.88405,
              6.84822
            ],
            [
              -76.92185,
              6.78423
            ],
            [
              -76.90103,
              6.77732
            ],
            [
              -76.85977,
              6.72094
            ],
            [
              -76.87035,
              6.68177
            ],
            [
              -76.84924,
              6.65927
            ],
            [
              -76.75,
              6.63995
            ],
            [
              -76.70063,
              6.66417
            ],
            [
              -76.68354,
              6.64707
            ],
            [
              -76.64049,
              6.65205
            ],
            [
              -76.57329,
              6.63333
            ],
            [
              -76.57699,
              6.69411
            ],
            [
              -76.61873,
              6.74777
            ],
            [
              -76.57603,
              6.78636
            ],
            [
              -76.5602,
              6.88486
            ],
            [
              -76.51257,
              6.92619
            ],
            [
              -76.52457,
              6.96317
            ],
            [
              -76.54402,
              6.9625
            ],
            [
              -76.54746,
              7.00296
            ],
            [
              -76.57183,
              6.97965
            ],
            [
              -76.59294,
              7.01163
            ],
            [
              -76.60333,
              7.00049
            ],
            [
              -76.61561,
              7.01679
            ],
            [
              -76.64528,
              7.00833
            ],
            [
              -76.66934,
              7.02276
            ]
          ]
        ]
      },
      "properties": {
        "code": "05475",
        "departmentCode": "05",
        "name": "MURINDÓ",
        "resultType": "observed",
        "source": "dane-divipola-mgn-2025",
        "year": 2025
      }
    },
    {
      "type": "Feature",
      "id": 1672,
      "geometry": {
        "type": "Polygon",
        "coordinates": [
          [
            [
              -76.38093,
              7.39171
            ],
            [
              -76.41449,
              7.41604
            ],
            [
              -76.45378,
              7.50311
            ],
            [
              -76.5021,
              7.55565
            ],
            [
              -76.55918,
              7.53037
            ],
            [
              -76.57537,
              7.48574
            ],
            [
              -76.6168,
              7.45575
            ],
            [
              -76.68306,
              7.46787
            ],
            [
              -76.6607,
              7.44814
            ],
            [
              -76.61601,
              7.31256
            ],
            [
              -76.57871,
              7.30475
            ],
            [
              -76.56362,
              7.27451
            ],
            [
              -76.53018,
              7.25513
            ],
            [
              -76.48534,
              7.13508
            ],
            [
              -76.45575,
              7.13547
            ],
            [
              -76.43355,
              7.19122
            ],
            [
              -76.3532,
              7.17901
            ],
            [
              -76.31743,
              7.15254
            ],
            [
              -76.21803,
              7.1501
            ],
            [
              -76.38093,
              7.39171
            ]
          ]
        ]
      },
      "properties": {
        "code": "05480",
        "departmentCode": "05",
        "name": "MUTATÁ",
        "resultType": "observed",
        "source": "dane-divipola-mgn-2025",
        "year": 2025
      }
    },
    {
      "type": "Feature",
      "id": 1673,
      "geometry": {
        "type": "Polygon",
        "coordinates": [
          [
            [
              -75.23555,
              5.67617
            ],
            [
              -75.26369,
              5.68027
            ],
            [
              -75.27166,
              5.60372
            ],
            [
              -75.24794,
              5.57746
            ],
            [
              -75.25376,
              5.52821
            ],
            [
              -75.28396,
              5.48593
            ],
            [
              -75.27861,
              5.4187
            ],
            [
              -75.22057,
              5.50307
            ],
            [
              -75.13621,
              5.52853
            ],
            [
              -75.08811,
              5.59502
            ],
            [
              -75.09369,
              5.6553
            ],
            [
              -75.06944,
              5.66222
            ],
            [
              -75.09352,
              5.67228
            ],
            [
              -75.17899,
              5.64695
            ],
            [
              -75.23555,
              5.67617
            ]
          ]
        ]
      },
      "properties": {
        "code": "05483",
        "departmentCode": "05",
        "name": "NARIÑO",
        "resultType": "observed",
        "source": "dane-divipola-mgn-2025",
        "year": 2025
      }
    },
    {
      "type": "Feature",
      "id": 1674,
      "geometry": {
        "type": "Polygon",
        "coordinates": [
          [
            [
              -76.75881,
              8.36677
            ],
            [
              -76.75412,
              8.32199
            ],
            [
              -76.77432,
              8.26653
            ],
            [
              -76.73988,
              8.26202
            ],
            [
              -76.71365,
              8.28594
            ],
            [
              -76.6857,
              8.27523
            ],
            [
              -76.6837,
              8.30666
            ],
            [
              -76.62147,
              8.33048
            ],
            [
              -76.58457,
              8.39866
            ],
            [
              -76.49994,
              8.38876
            ],
            [
              -76.47789,
              8.36144
            ],
            [
              -76.42545,
              8.36935
            ],
            [
              -76.44467,
              8.39123
            ],
            [
              -76.43569,
              8.45461
            ],
            [
              -76.47669,
              8.43278
            ],
            [
              -76.4894,
              8.4629
            ],
            [
              -76.48038,
              8.49536
            ],
            [
              -76.56634,
              8.57186
            ],
            [
              -76.57072,
              8.63561
            ],
            [
              -76.60508,
              8.64607
            ],
            [
              -76.60418,
              8.69101
            ],
            [
              -76.6242,
              8.69373
            ],
            [
              -76.62838,
              8.7204
            ],
            [
              -76.64513,
              8.67439
            ],
            [
              -76.67749,
              8.65947
            ],
            [
              -76.88525,
              8.6231
            ],
            [
              -76.89143,
              8.5921
            ],
            [
              -76.93826,
              8.55337
            ],
            [
              -76.92729,
              8.52635
            ],
            [
              -76.90728,
              8.53226
            ],
            [
              -76.92264,
              8.52746
            ],
            [
              -76.93492,
              8.5477
            ],
            [
              -76.81611,
              8.48786
            ],
            [
              -76.78806,
              8.42115
            ],
            [
              -76.76129,
              8.40437
            ],
            [
              -76.75881,
              8.36677
            ]
          ]
        ]
      },
      "properties": {
        "code": "05490",
        "departmentCode": "05",
        "name": "NECOCLÍ",
        "resultType": "observed",
        "source": "dane-divipola-mgn-2025",
        "year": 2025
      }
    },
    {
      "type": "Feature",
      "id": 1675,
      "geometry": {
        "type": "Polygon",
        "coordinates": [
          [
            [
              -74.82752,
              8.19907
            ],
            [
              -74.86788,
              8.19607
            ],
            [
              -74.86711,
              8.15916
            ],
            [
              -74.91342,
              8.09965
            ],
            [
              -74.91128,
              8.02742
            ],
            [
              -74.93464,
              8.02882
            ],
            [
              -74.95049,
              7.98674
            ],
            [
              -74.89433,
              7.92031
            ],
            [
              -74.92622,
              7.90035
            ],
            [
              -74.94558,
              7.86266
            ],
            [
              -74.9243,
              7.84845
            ],
            [
              -74.92549,
              7.81203
            ],
            [
              -74.82284,
              7.76771
            ],
            [
              -74.79037,
              7.80269
            ],
            [
              -74.80103,
              7.82665
            ],
            [
              -74.78089,
              7.83088
            ],
            [
              -74.80588,
              7.85716
            ],
            [
              -74.80083,
              7.89494
            ],
            [
              -74.82007,
              7.93722
            ],
            [
              -74.80902,
              8.00705
            ],
            [
              -74.78987,
              8.00968
            ],
            [
              -74.78911,
              7.97316
            ],
            [
              -74.7282,
              7.93126
            ],
            [
              -74.7036,
              7.93303
            ],
            [
              -74.69605,
              7.91922
            ],
            [
              -74.6803,
              7.92981
            ],
            [
              -74.63863,
              7.90161
            ],
            [
              -74.56109,
              7.96753
            ],
            [
              -74.60257,
              8.03738
            ],
            [
              -74.66768,
              8.06003
            ],
            [
              -74.72859,
              8.11837
            ],
            [
              -74.77356,
              8.12178
            ],
            [
              -74.82752,
              8.19907
            ]
          ]
        ]
      },
      "properties": {
        "code": "05495",
        "departmentCode": "05",
        "name": "NECHÍ",
        "resultType": "observed",
        "source": "dane-divipola-mgn-2025",
        "year": 2025
      }
    },
    {
      "type": "Feature",
      "id": 1676,
      "geometry": {
        "type": "Polygon",
        "coordinates": [
          [
            [
              -75.78232,
              6.6649
            ],
            [
              -75.82401,
              6.64904
            ],
            [
              -75.7982,
              6.58648
            ],
            [
              -75.80133,
              6.53826
            ],
            [
              -75.75436,
              6.5477
            ],
            [
              -75.76316,
              6.59695
            ],
            [
              -75.71777,
              6.63483
            ],
            [
              -75.72081,
              6.65272
            ],
            [
              -75.75122,
              6.64735
            ],
            [
              -75.78232,
              6.6649
            ]
          ]
        ]
      },
      "properties": {
        "code": "05501",
        "departmentCode": "05",
        "name": "OLAYA",
        "resultType": "observed",
        "source": "dane-divipola-mgn-2025",
        "year": 2025
      }
    },
    {
      "type": "Feature",
      "id": 1677,
      "geometry": {
        "type": "Polygon",
        "coordinates": [
          [
            [
              -75.23488,
              6.32415
            ],
            [
              -75.22804,
              6.29006
            ],
            [
              -75.28401,
              6.26106
            ],
            [
              -75.24887,
              6.20782
            ],
            [
              -75.25481,
              6.17369
            ],
            [
              -75.21284,
              6.15714
            ],
            [
              -75.18518,
              6.17549
            ],
            [
              -75.17481,
              6.16179
            ],
            [
              -75.16332,
              6.17168
            ],
            [
              -75.19663,
              6.24191
            ],
            [
              -75.18245,
              6.28473
            ],
            [
              -75.23488,
              6.32415
            ]
          ]
        ]
      },
      "properties": {
        "code": "05541",
        "departmentCode": "05",
        "name": "PEÑOL",
        "resultType": "observed",
        "source": "dane-divipola-mgn-2025",
        "year": 2025
      }
    },
    {
      "type": "Feature",
      "id": 1678,
      "geometry": {
        "type": "Polygon",
        "coordinates": [
          [
            [
              -75.88434,
              7.21938
            ],
            [
              -75.90675,
              7.21966
            ],
            [
              -75.9185,
              7.18992
            ],
            [
              -75.95415,
              7.17883
            ],
            [
              -75.98235,
              7.0012
            ],
            [
              -75.95437,
              6.96611
            ],
            [
              -75.90446,
              6.97244
            ],
            [
              -75.90168,
              6.92781
            ],
            [
              -75.87678,
              6.91861
            ],
            [
              -75.86908,
              6.88836
            ],
            [
              -75.84523,
              6.87168
            ],
            [
              -75.8117,
              7.01557
            ],
            [
              -75.77538,
              7.04575
            ],
            [
              -75.79548,
              7.05814
            ],
            [
              -75.79488,
              7.07873
            ],
            [
              -75.83275,
              7.10103
            ],
            [
              -75.86451,
              7.09154
            ],
            [
              -75.87552,
              7.10423
            ],
            [
              -75.87349,
              7.14258
            ],
            [
              -75.89423,
              7.15921
            ],
            [
              -75.87389,
              7.17792
            ],
            [
              -75.88434,
              7.21938
            ]
          ]
        ]
      },
      "properties": {
        "code": "05543",
        "departmentCode": "05",
        "name": "PEQUE",
        "resultType": "observed",
        "source": "dane-divipola-mgn-2025",
        "year": 2025
      }
    },
    {
      "type": "Feature",
      "id": 1679,
      "geometry": {
        "type": "Polygon",
        "coordinates": [
          [
            [
              -75.88652,
              5.90716
            ],
            [
              -75.91501,
              5.84776
            ],
            [
              -75.87092,
              5.82937
            ],
            [
              -75.86767,
              5.75291
            ],
            [
              -75.83655,
              5.72921
            ],
            [
              -75.81235,
              5.79688
            ],
            [
              -75.82113,
              5.82155
            ],
            [
              -75.84664,
              5.81902
            ],
            [
              -75.88443,
              5.85944
            ],
            [
              -75.88652,
              5.90716
            ]
          ]
        ]
      },
      "properties": {
        "code": "05576",
        "departmentCode": "05",
        "name": "PUEBLORRICO",
        "resultType": "observed",
        "source": "dane-divipola-mgn-2025",
        "year": 2025
      }
    },
    {
      "type": "Feature",
      "id": 1680,
      "geometry": {
        "type": "Polygon",
        "coordinates": [
          [
            [
              -74.69838,
              6.47464
            ],
            [
              -74.7579,
              6.48429
            ],
            [
              -74.74901,
              6.44465
            ],
            [
              -74.71924,
              6.44006
            ],
            [
              -74.72197,
              6.39861
            ],
            [
              -74.69951,
              6.39047
            ],
            [
              -74.68116,
              6.34189
            ],
            [
              -74.62467,
              6.31355
            ],
            [
              -74.63306,
              6.2754
            ],
            [
              -74.61171,
              6.27664
            ],
            [
              -74.60662,
              6.25425
            ],
            [
              -74.53428,
              6.26934
            ],
            [
              -74.46421,
              6.3172
            ],
            [
              -74.42353,
              6.38998
            ],
            [
              -74.39025,
              6.39409
            ],
            [
              -74.36871,
              6.415
            ],
            [
              -74.40468,
              6.47089
            ],
            [
              -74.3938,
              6.50046
            ],
            [
              -74.40895,
              6.58536
            ],
            [
              -74.35968,
              6.63251
            ],
            [
              -74.39123,
              6.64864
            ],
            [
              -74.39093,
              6.68985
            ],
            [
              -74.41992,
              6.73738
            ],
            [
              -74.45343,
              6.75446
            ],
            [
              -74.52273,
              6.66791
            ],
            [
              -74.63041,
              6.5704
            ],
            [
              -74.6215,
              6.54123
            ],
            [
              -74.65045,
              6.45009
            ],
            [
              -74.69838,
              6.47464
            ]
          ]
        ]
      },
      "properties": {
        "code": "05579",
        "departmentCode": "05",
        "name": "PUERTO BERRÍO",
        "resultType": "observed",
        "source": "dane-divipola-mgn-2025",
        "year": 2025
      }
    },
    {
      "type": "Feature",
      "id": 1681,
      "geometry": {
        "type": "Polygon",
        "coordinates": [
          [
            [
              -74.64212,
              6.23341
            ],
            [
              -74.69179,
              6.29346
            ],
            [
              -74.72681,
              6.21558
            ],
            [
              -74.77537,
              6.19976
            ],
            [
              -74.8112,
              6.15022
            ],
            [
              -74.81759,
              6.10552
            ],
            [
              -74.76549,
              6.04988
            ],
            [
              -74.77005,
              5.99405
            ],
            [
              -74.71942,
              5.98799
            ],
            [
              -74.7074,
              6.02788
            ],
            [
              -74.67939,
              6.03248
            ],
            [
              -74.66624,
              6.053
            ],
            [
              -74.64112,
              6.03359
            ],
            [
              -74.60716,
              6.03339
            ],
            [
              -74.56729,
              6.05752
            ],
            [
              -74.56175,
              6.0783
            ],
            [
              -74.61127,
              6.13038
            ],
            [
              -74.53428,
              6.26934
            ],
            [
              -74.60335,
              6.25358
            ],
            [
              -74.61171,
              6.27664
            ],
            [
              -74.63108,
              6.27814
            ],
            [
              -74.64212,
              6.23341
            ]
          ]
        ]
      },
      "properties": {
        "code": "05585",
        "departmentCode": "05",
        "name": "PUERTO NARE",
        "resultType": "observed",
        "source": "dane-divipola-mgn-2025",
        "year": 2025
      }
    },
    {
      "type": "Feature",
      "id": 1682,
      "geometry": {
        "type": "Polygon",
        "coordinates": [
          [
            [
              -74.57037,
              6.04707
            ],
            [
              -74.56729,
              6.05752
            ],
            [
              -74.60691,
              6.03345
            ],
            [
              -74.64112,
              6.03359
            ],
            [
              -74.66659,
              6.05288
            ],
            [
              -74.67939,
              6.03248
            ],
            [
              -74.7074,
              6.02788
            ],
            [
              -74.71942,
              5.98799
            ],
            [
              -74.75069,
              5.99808
            ],
            [
              -74.79471,
              5.98737
            ],
            [
              -74.84692,
              5.93242
            ],
            [
              -74.64047,
              5.85917
            ],
            [
              -74.58539,
              5.90306
            ],
            [
              -74.61238,
              5.96988
            ],
            [
              -74.56592,
              5.99001
            ],
            [
              -74.57037,
              6.04707
            ]
          ]
        ]
      },
      "properties": {
        "code": "05591",
        "departmentCode": "05",
        "name": "PUERTO TRIUNFO",
        "resultType": "observed",
        "source": "dane-divipola-mgn-2025",
        "year": 2025
      }
    },
    {
      "type": "Feature",
      "id": 1683,
      "geometry": {
        "type": "Polygon",
        "coordinates": [
          [
            [
              -74.85309,
              7.14257
            ],
            [
              -74.83629,
              7.09406
            ],
            [
              -74.8581,
              7.0529
            ],
            [
              -74.85486,
              7.02569
            ],
            [
              -74.83686,
              7.02197
            ],
            [
              -74.84472,
              6.95778
            ],
            [
              -74.81005,
              6.87909
            ],
            [
              -74.76946,
              6.90319
            ],
            [
              -74.7039,
              6.89629
            ],
            [
              -74.69008,
              6.91785
            ],
            [
              -74.65001,
              6.91194
            ],
            [
              -74.6335,
              6.92508
            ],
            [
              -74.59442,
              6.91282
            ],
            [
              -74.57197,
              6.86399
            ],
            [
              -74.59126,
              6.81573
            ],
            [
              -74.57838,
              6.79321
            ],
            [
              -74.57995,
              6.70562
            ],
            [
              -74.55474,
              6.71674
            ],
            [
              -74.49571,
              6.70012
            ],
            [
              -74.44341,
              6.77767
            ],
            [
              -74.49222,
              6.79304
            ],
            [
              -74.48817,
              6.81525
            ],
            [
              -74.46695,
              6.81482
            ],
            [
              -74.43972,
              6.78626
            ],
            [
              -74.398,
              6.8468
            ],
            [
              -74.37973,
              6.91218
            ],
            [
              -74.33762,
              6.92702
            ],
            [
              -74.32122,
              6.91744
            ],
            [
              -74.31082,
              6.95514
            ],
            [
              -74.26005,
              6.9683
            ],
            [
              -74.24107,
              7.00067
            ],
            [
              -74.27721,
              7.0122
            ],
            [
              -74.30581,
              6.99916
            ],
            [
              -74.32216,
              7.01886
            ],
            [
              -74.3557,
              7.0099
            ],
            [
              -74.35144,
              7.08159
            ],
            [
              -74.37201,
              7.09808
            ],
            [
              -74.37002,
              7.12521
            ],
            [
              -74.4091,
              7.19412
            ],
            [
              -74.3893,
              7.26684
            ],
            [
              -74.65816,
              7.15759
            ],
            [
              -74.65617,
              7.08932
            ],
            [
              -74.68918,
              7.0634
            ],
            [
              -74.72506,
              7.07765
            ],
            [
              -74.76051,
              7.12544
            ],
            [
              -74.78342,
              7.12224
            ],
            [
              -74.83044,
              7.16184
            ],
            [
              -74.84894,
              7.1607
            ],
            [
              -74.85309,
              7.14257
            ]
          ]
        ]
      },
      "properties": {
        "code": "05604",
        "departmentCode": "05",
        "name": "REMEDIOS",
        "resultType": "observed",
        "source": "dane-divipola-mgn-2025",
        "year": 2025
      }
    },
    {
      "type": "Feature",
      "id": 1684,
      "geometry": {
        "type": "Polygon",
        "coordinates": [
          [
            [
              -75.46689,
              6.10213
            ],
            [
              -75.4759,
              6.15802
            ],
            [
              -75.54253,
              6.1321
            ],
            [
              -75.54957,
              6.10656
            ],
            [
              -75.5868,
              6.07811
            ],
            [
              -75.57068,
              6.02492
            ],
            [
              -75.59332,
              5.99261
            ],
            [
              -75.52829,
              5.96118
            ],
            [
              -75.48058,
              5.97693
            ],
            [
              -75.44406,
              6.04112
            ],
            [
              -75.44655,
              6.08144
            ],
            [
              -75.46689,
              6.10213
            ]
          ]
        ]
      },
      "properties": {
        "code": "05607",
        "departmentCode": "05",
        "name": "RETIRO",
        "resultType": "observed",
        "source": "dane-divipola-mgn-2025",
        "year": 2025
      }
    },
    {
      "type": "Feature",
      "id": 1685,
      "geometry": {
        "type": "Polygon",
        "coordinates": [
          [
            [
              -75.4857,
              6.20163
            ],
            [
              -75.47672,
              6.11491
            ],
            [
              -75.45939,
              6.11132
            ],
            [
              -75.46778,
              6.10241
            ],
            [
              -75.44742,
              6.08372
            ],
            [
              -75.44798,
              6.06221
            ],
            [
              -75.3867,
              6.05764
            ],
            [
              -75.39026,
              6.10676
            ],
            [
              -75.35342,
              6.12324
            ],
            [
              -75.36415,
              6.17477
            ],
            [
              -75.34507,
              6.20071
            ],
            [
              -75.32534,
              6.20097
            ],
            [
              -75.32758,
              6.22449
            ],
            [
              -75.37762,
              6.23388
            ],
            [
              -75.38015,
              6.21703
            ],
            [
              -75.42332,
              6.19953
            ],
            [
              -75.43336,
              6.21025
            ],
            [
              -75.4857,
              6.20163
            ]
          ]
        ]
      },
      "properties": {
        "code": "05615",
        "departmentCode": "05",
        "name": "RIONEGRO",
        "resultType": "observed",
        "source": "dane-divipola-mgn-2025",
        "year": 2025
      }
    },
    {
      "type": "Feature",
      "id": 1686,
      "geometry": {
        "type": "Polygon",
        "coordinates": [
          [
            [
              -75.73752,
              6.91147
            ],
            [
              -75.74179,
              6.9891
            ],
            [
              -75.76567,
              7.06177
            ],
            [
              -75.8117,
              7.01557
            ],
            [
              -75.83089,
              6.88991
            ],
            [
              -75.86453,
              6.83135
            ],
            [
              -75.85538,
              6.80929
            ],
            [
              -75.8713,
              6.78418
            ],
            [
              -75.76443,
              6.78765
            ],
            [
              -75.73752,
              6.91147
            ]
          ]
        ]
      },
      "properties": {
        "code": "05628",
        "departmentCode": "05",
        "name": "SABANALARGA",
        "resultType": "observed",
        "source": "dane-divipola-mgn-2025",
        "year": 2025
      }
    },
    {
      "type": "Feature",
      "id": 1687,
      "geometry": {
        "type": "Polygon",
        "coordinates": [
          [
            [
              -75.62977,
              6.14591
            ],
            [
              -75.59032,
              6.11273
            ],
            [
              -75.60513,
              6.16319
            ],
            [
              -75.62977,
              6.14591
            ]
          ]
        ]
      },
      "properties": {
        "code": "05631",
        "departmentCode": "05",
        "name": "SABANETA",
        "resultType": "observed",
        "source": "dane-divipola-mgn-2025",
        "year": 2025
      }
    },
    {
      "type": "Feature",
      "id": 1688,
      "geometry": {
        "type": "Polygon",
        "coordinates": [
          [
            [
              -75.99875,
              6.07002
            ],
            [
              -76.02779,
              6.04863
            ],
            [
              -76.05786,
              6.05144
            ],
            [
              -76.05528,
              6.03704
            ],
            [
              -76.0769,
              6.03289
            ],
            [
              -76.09696,
              6.00352
            ],
            [
              -76.06678,
              5.97812
            ],
            [
              -76.05386,
              5.93156
            ],
            [
              -76.0132,
              5.90338
            ],
            [
              -75.94273,
              5.91513
            ],
            [
              -75.93622,
              5.87088
            ],
            [
              -75.91426,
              5.86305
            ],
            [
              -75.84881,
              5.95654
            ],
            [
              -75.87139,
              5.95014
            ],
            [
              -75.93937,
              5.9737
            ],
            [
              -75.94022,
              6.04071
            ],
            [
              -75.9769,
              6.0477
            ],
            [
              -75.99875,
              6.07002
            ]
          ]
        ]
      },
      "properties": {
        "code": "05642",
        "departmentCode": "05",
        "name": "SALGAR",
        "resultType": "observed",
        "source": "dane-divipola-mgn-2025",
        "year": 2025
      }
    },
    {
      "type": "Feature",
      "id": 1689,
      "geometry": {
        "type": "Polygon",
        "coordinates": [
          [
            [
              -75.73758,
              6.91168
            ],
            [
              -75.75838,
              6.85517
            ],
            [
              -75.76024,
              6.78645
            ],
            [
              -75.7341,
              6.80609
            ],
            [
              -75.71226,
              6.87833
            ],
            [
              -75.65684,
              6.88715
            ],
            [
              -75.60229,
              6.86242
            ],
            [
              -75.57496,
              6.90047
            ],
            [
              -75.6063,
              6.98251
            ],
            [
              -75.65697,
              7.02816
            ],
            [
              -75.67362,
              6.97134
            ],
            [
              -75.73758,
              6.91168
            ]
          ]
        ]
      },
      "properties": {
        "code": "05647",
        "departmentCode": "05",
        "name": "SAN ANDRÉS DE CUERQUÍA",
        "resultType": "observed",
        "source": "dane-divipola-mgn-2025",
        "year": 2025
      }
    },
    {
      "type": "Feature",
      "id": 1690,
      "geometry": {
        "type": "Polygon",
        "coordinates": [
          [
            [
              -74.82232,
              6.3337
            ],
            [
              -74.86253,
              6.30736
            ],
            [
              -74.91274,
              6.30955
            ],
            [
              -74.91435,
              6.26774
            ],
            [
              -74.97651,
              6.27154
            ],
            [
              -74.99878,
              6.26342
            ],
            [
              -74.9877,
              6.25065
            ],
            [
              -75.01185,
              6.24938
            ],
            [
              -75.02563,
              6.26441
            ],
            [
              -75.05786,
              6.20981
            ],
            [
              -75.09449,
              6.21417
            ],
            [
              -75.10359,
              6.23706
            ],
            [
              -75.11782,
              6.23536
            ],
            [
              -75.08277,
              6.14555
            ],
            [
              -75.04315,
              6.12071
            ],
            [
              -75.01259,
              6.12548
            ],
            [
              -74.95489,
              6.10012
            ],
            [
              -74.9188,
              6.04294
            ],
            [
              -74.88756,
              6.0655
            ],
            [
              -74.83098,
              6.07485
            ],
            [
              -74.81823,
              6.13505
            ],
            [
              -74.78381,
              6.19199
            ],
            [
              -74.73975,
              6.20641
            ],
            [
              -74.71321,
              6.24
            ],
            [
              -74.74886,
              6.2428
            ],
            [
              -74.78158,
              6.30609
            ],
            [
              -74.82232,
              6.3337
            ]
          ]
        ]
      },
      "properties": {
        "code": "05649",
        "departmentCode": "05",
        "name": "SAN CARLOS",
        "resultType": "observed",
        "source": "dane-divipola-mgn-2025",
        "year": 2025
      }
    },
    {
      "type": "Feature",
      "id": 1691,
      "geometry": {
        "type": "Polygon",
        "coordinates": [
          [
            [
              -74.84409,
              5.9265
            ],
            [
              -74.93944,
              5.96347
            ],
            [
              -74.98355,
              5.91309
            ],
            [
              -75.0398,
              5.95191
            ],
            [
              -75.0688,
              5.99917
            ],
            [
              -75.1012,
              5.99396
            ],
            [
              -75.11971,
              5.96723
            ],
            [
              -75.08355,
              5.91303
            ],
            [
              -75.04115,
              5.91132
            ],
            [
              -75.02295,
              5.86793
            ],
            [
              -75.02197,
              5.82526
            ],
            [
              -75.05469,
              5.75512
            ],
            [
              -75.04398,
              5.74906
            ],
            [
              -74.95024,
              5.78162
            ],
            [
              -74.91675,
              5.84278
            ],
            [
              -74.89304,
              5.82877
            ],
            [
              -74.86509,
              5.85569
            ],
            [
              -74.84409,
              5.9265
            ]
          ]
        ]
      },
      "properties": {
        "code": "05652",
        "departmentCode": "05",
        "name": "SAN FRANCISCO",
        "resultType": "observed",
        "source": "dane-divipola-mgn-2025",
        "year": 2025
      }
    },
    {
      "type": "Feature",
      "id": 1692,
      "geometry": {
        "type": "Polygon",
        "coordinates": [
          [
            [
              -75.6624,
              6.40522
            ],
            [
              -75.66374,
              6.44416
            ],
            [
              -75.64305,
              6.48875
            ],
            [
              -75.65487,
              6.50464
            ],
            [
              -75.73262,
              6.49109
            ],
            [
              -75.77864,
              6.43752
            ],
            [
              -75.77969,
              6.41962
            ],
            [
              -75.73802,
              6.39419
            ],
            [
              -75.71744,
              6.36086
            ],
            [
              -75.66872,
              6.37315
            ],
            [
              -75.6624,
              6.40522
            ]
          ]
        ]
      },
      "properties": {
        "code": "05656",
        "departmentCode": "05",
        "name": "SAN JERÓNIMO",
        "resultType": "observed",
        "source": "dane-divipola-mgn-2025",
        "year": 2025
      }
    },
    {
      "type": "Feature",
      "id": 1693,
      "geometry": {
        "type": "Polygon",
        "coordinates": [
          [
            [
              -75.68894,
              6.88474
            ],
            [
              -75.71838,
              6.87057
            ],
            [
              -75.7345,
              6.80957
            ],
            [
              -75.67656,
              6.74445
            ],
            [
              -75.6679,
              6.76798
            ],
            [
              -75.61422,
              6.80775
            ],
            [
              -75.64637,
              6.8815
            ],
            [
              -75.68894,
              6.88474
            ]
          ]
        ]
      },
      "properties": {
        "code": "05658",
        "departmentCode": "05",
        "name": "SAN JOSÉ DE LA MONTAÑA",
        "resultType": "observed",
        "source": "dane-divipola-mgn-2025",
        "year": 2025
      }
    },
    {
      "type": "Feature",
      "id": 1694,
      "geometry": {
        "type": "Polygon",
        "coordinates": [
          [
            [
              -76.47999,
              8.81151
            ],
            [
              -76.5103,
              8.80394
            ],
            [
              -76.51384,
              8.78094
            ],
            [
              -76.53957,
              8.76484
            ],
            [
              -76.63213,
              8.73096
            ],
            [
              -76.6242,
              8.69373
            ],
            [
              -76.60418,
              8.69101
            ],
            [
              -76.60508,
              8.64607
            ],
            [
              -76.57072,
              8.63561
            ],
            [
              -76.57667,
              8.61867
            ],
            [
              -76.55543,
              8.60315
            ],
            [
              -76.49084,
              8.6621
            ],
            [
              -76.49009,
              8.69388
            ],
            [
              -76.46585,
              8.67943
            ],
            [
              -76.42903,
              8.72966
            ],
            [
              -76.48332,
              8.76771
            ],
            [
              -76.4695,
              8.79477
            ],
            [
              -76.47999,
              8.81151
            ]
          ]
        ]
      },
      "properties": {
        "code": "05659",
        "departmentCode": "05",
        "name": "SAN JUAN DE URABÁ",
        "resultType": "observed",
        "source": "dane-divipola-mgn-2025",
        "year": 2025
      }
    },
    {
      "type": "Feature",
      "id": 1695,
      "geometry": {
        "type": "Polygon",
        "coordinates": [
          [
            [
              -74.81759,
              6.10552
            ],
            [
              -74.84593,
              6.06482
            ],
            [
              -74.88715,
              6.06564
            ],
            [
              -74.9188,
              6.04294
            ],
            [
              -74.95489,
              6.10012
            ],
            [
              -75.06035,
              6.12914
            ],
            [
              -75.08498,
              6.02035
            ],
            [
              -75.06967,
              5.98362
            ],
            [
              -74.98687,
              5.91425
            ],
            [
              -74.93944,
              5.96347
            ],
            [
              -74.84409,
              5.9265
            ],
            [
              -74.80126,
              5.9838
            ],
            [
              -74.76905,
              5.99373
            ],
            [
              -74.76549,
              6.04988
            ],
            [
              -74.81759,
              6.10552
            ]
          ]
        ]
      },
      "properties": {
        "code": "05660",
        "departmentCode": "05",
        "name": "SAN LUIS",
        "resultType": "observed",
        "source": "dane-divipola-mgn-2025",
        "year": 2025
      }
    },
    {
      "type": "Feature",
      "id": 1696,
      "geometry": {
        "type": "Polygon",
        "coordinates": [
          [
            [
              -75.56355,
              6.52905
            ],
            [
              -75.59445,
              6.50309
            ],
            [
              -75.61132,
              6.51324
            ],
            [
              -75.64488,
              6.49682
            ],
            [
              -75.66374,
              6.44416
            ],
            [
              -75.6624,
              6.40522
            ],
            [
              -75.64768,
              6.39364
            ],
            [
              -75.62122,
              6.38383
            ],
            [
              -75.59119,
              6.435
            ],
            [
              -75.56649,
              6.42096
            ],
            [
              -75.54899,
              6.38341
            ],
            [
              -75.46903,
              6.43324
            ],
            [
              -75.48832,
              6.465
            ],
            [
              -75.45303,
              6.4597
            ],
            [
              -75.46233,
              6.51107
            ],
            [
              -75.53962,
              6.50431
            ],
            [
              -75.56355,
              6.52905
            ]
          ]
        ]
      },
      "properties": {
        "code": "05664",
        "departmentCode": "05",
        "name": "SAN PEDRO DE LOS MILAGROS",
        "resultType": "observed",
        "source": "dane-divipola-mgn-2025",
        "year": 2025
      }
    },
    {
      "type": "Feature",
      "id": 1697,
      "geometry": {
        "type": "Polygon",
        "coordinates": [
          [
            [
              -76.27929,
              8.59387
            ],
            [
              -76.31986,
              8.54609
            ],
            [
              -76.30712,
              8.52084
            ],
            [
              -76.32948,
              8.44578
            ],
            [
              -76.40366,
              8.4636
            ],
            [
              -76.40201,
              8.44481
            ],
            [
              -76.42374,
              8.43179
            ],
            [
              -76.39286,
              8.38089
            ],
            [
              -76.40437,
              8.37245
            ],
            [
              -76.38944,
              8.31904
            ],
            [
              -76.40916,
              8.23143
            ],
            [
              -76.39455,
              8.21681
            ],
            [
              -76.41267,
              8.16507
            ],
            [
              -76.40168,
              8.10215
            ],
            [
              -76.37485,
              8.11154
            ],
            [
              -76.36815,
              8.15295
            ],
            [
              -76.33115,
              8.15146
            ],
            [
              -76.35336,
              8.19424
            ],
            [
              -76.30328,
              8.28452
            ],
            [
              -76.30343,
              8.31118
            ],
            [
              -76.24288,
              8.36999
            ],
            [
              -76.18043,
              8.39606
            ],
            [
              -76.21867,
              8.44356
            ],
            [
              -76.21,
              8.52292
            ],
            [
              -76.23723,
              8.55633
            ],
            [
              -76.22281,
              8.57327
            ],
            [
              -76.27929,
              8.59387
            ]
          ]
        ]
      },
      "properties": {
        "code": "05665",
        "departmentCode": "05",
        "name": "SAN PEDRO DE URABÁ",
        "resultType": "observed",
        "source": "dane-divipola-mgn-2025",
        "year": 2025
      }
    },
    {
      "type": "Feature",
      "id": 1698,
      "geometry": {
        "type": "Polygon",
        "coordinates": [
          [
            [
              -74.92159,
              6.40503
            ],
            [
              -75.10595,
              6.32463
            ],
            [
              -75.11651,
              6.29443
            ],
            [
              -75.14013,
              6.30022
            ],
            [
              -75.14588,
              6.2565
            ],
            [
              -75.10359,
              6.23706
            ],
            [
              -75.09449,
              6.21417
            ],
            [
              -75.05802,
              6.20976
            ],
            [
              -75.02563,
              6.26441
            ],
            [
              -75.01185,
              6.24938
            ],
            [
              -74.9877,
              6.25065
            ],
            [
              -74.99878,
              6.26342
            ],
            [
              -74.97651,
              6.27154
            ],
            [
              -74.91294,
              6.26825
            ],
            [
              -74.91274,
              6.30955
            ],
            [
              -74.86253,
              6.30736
            ],
            [
              -74.82822,
              6.33866
            ],
            [
              -74.92159,
              6.40503
            ]
          ]
        ]
      },
      "properties": {
        "code": "05667",
        "departmentCode": "05",
        "name": "SAN RAFAEL",
        "resultType": "observed",
        "source": "dane-divipola-mgn-2025",
        "year": 2025
      }
    },
    {
      "type": "Feature",
      "id": 1699,
      "geometry": {
        "type": "Polygon",
        "coordinates": [
          [
            [
              -74.98502,
              6.54426
            ],
            [
              -75.01926,
              6.54037
            ],
            [
              -75.02192,
              6.51812
            ],
            [
              -75.09141,
              6.47632
            ],
            [
              -75.10782,
              6.48689
            ],
            [
              -75.09914,
              6.46573
            ],
            [
              -75.00549,
              6.38615
            ],
            [
              -74.9226,
              6.40585
            ],
            [
              -74.79039,
              6.3156
            ],
            [
              -74.78344,
              6.37332
            ],
            [
              -74.81529,
              6.36383
            ],
            [
              -74.79925,
              6.41038
            ],
            [
              -74.83048,
              6.40758
            ],
            [
              -74.84134,
              6.43618
            ],
            [
              -74.81167,
              6.46118
            ],
            [
              -74.83427,
              6.50756
            ],
            [
              -74.98502,
              6.54426
            ]
          ]
        ]
      },
      "properties": {
        "code": "05670",
        "departmentCode": "05",
        "name": "SAN ROQUE",
        "resultType": "observed",
        "source": "dane-divipola-mgn-2025",
        "year": 2025
      }
    },
    {
      "type": "Feature",
      "id": 1700,
      "geometry": {
        "type": "Polygon",
        "coordinates": [
          [
            [
              -75.33483,
              6.39939
            ],
            [
              -75.40398,
              6.36509
            ],
            [
              -75.40706,
              6.34802
            ],
            [
              -75.38585,
              6.32829
            ],
            [
              -75.39537,
              6.26727
            ],
            [
              -75.37968,
              6.23258
            ],
            [
              -75.34277,
              6.22313
            ],
            [
              -75.32312,
              6.22586
            ],
            [
              -75.29914,
              6.26306
            ],
            [
              -75.28419,
              6.2587
            ],
            [
              -75.22754,
              6.29453
            ],
            [
              -75.25817,
              6.35055
            ],
            [
              -75.2949,
              6.35258
            ],
            [
              -75.30286,
              6.38995
            ],
            [
              -75.33483,
              6.39939
            ]
          ]
        ]
      },
      "properties": {
        "code": "05674",
        "departmentCode": "05",
        "name": "SAN VICENTE FERRER",
        "resultType": "observed",
        "source": "dane-divipola-mgn-2025",
        "year": 2025
      }
    },
    {
      "type": "Feature",
      "id": 1701,
      "geometry": {
        "type": "Polygon",
        "coordinates": [
          [
            [
              -75.59353,
              6.00584
            ],
            [
              -75.63935,
              5.94623
            ],
            [
              -75.61773,
              5.87308
            ],
            [
              -75.62234,
              5.80752
            ],
            [
              -75.59943,
              5.80897
            ],
            [
              -75.58291,
              5.78896
            ],
            [
              -75.56495,
              5.72305
            ],
            [
              -75.53337,
              5.86247
            ],
            [
              -75.55535,
              5.92352
            ],
            [
              -75.55011,
              5.95774
            ],
            [
              -75.58265,
              5.97305
            ],
            [
              -75.56215,
              5.97456
            ],
            [
              -75.59353,
              6.00584
            ]
          ]
        ]
      },
      "properties": {
        "code": "05679",
        "departmentCode": "05",
        "name": "SANTA BÁRBARA",
        "resultType": "observed",
        "source": "dane-divipola-mgn-2025",
        "year": 2025
      }
    },
    {
      "type": "Feature",
      "id": 1702,
      "geometry": {
        "type": "Polygon",
        "coordinates": [
          [
            [
              -75.39689,
              6.52665
            ],
            [
              -75.39454,
              6.54198
            ],
            [
              -75.31501,
              6.54907
            ],
            [
              -75.27122,
              6.57278
            ],
            [
              -75.20926,
              6.554
            ],
            [
              -75.19756,
              6.59079
            ],
            [
              -75.24616,
              6.64071
            ],
            [
              -75.28093,
              6.64848
            ],
            [
              -75.30379,
              6.69415
            ],
            [
              -75.36344,
              6.72842
            ],
            [
              -75.37958,
              6.77453
            ],
            [
              -75.42664,
              6.78598
            ],
            [
              -75.48851,
              6.76806
            ],
            [
              -75.57405,
              6.85306
            ],
            [
              -75.5758,
              6.89312
            ],
            [
              -75.60229,
              6.86242
            ],
            [
              -75.64138,
              6.871
            ],
            [
              -75.61422,
              6.80775
            ],
            [
              -75.62617,
              6.77422
            ],
            [
              -75.61276,
              6.7825
            ],
            [
              -75.59862,
              6.75406
            ],
            [
              -75.61194,
              6.70296
            ],
            [
              -75.60097,
              6.68126
            ],
            [
              -75.56673,
              6.66495
            ],
            [
              -75.54253,
              6.67872
            ],
            [
              -75.52404,
              6.66757
            ],
            [
              -75.53768,
              6.64811
            ],
            [
              -75.49718,
              6.61184
            ],
            [
              -75.51673,
              6.59428
            ],
            [
              -75.50842,
              6.56427
            ],
            [
              -75.45993,
              6.51699
            ],
            [
              -75.44773,
              6.51413
            ],
            [
              -75.42753,
              6.54462
            ],
            [
              -75.39689,
              6.52665
            ]
          ]
        ]
      },
      "properties": {
        "code": "05686",
        "departmentCode": "05",
        "name": "SANTA ROSA DE OSOS",
        "resultType": "observed",
        "source": "dane-divipola-mgn-2025",
        "year": 2025
      }
    },
    {
      "type": "Feature",
      "id": 1703,
      "geometry": {
        "type": "Polygon",
        "coordinates": [
          [
            [
              -75.20399,
              6.55289
            ],
            [
              -75.23062,
              6.54761
            ],
            [
              -75.2633,
              6.50952
            ],
            [
              -75.21713,
              6.4872
            ],
            [
              -75.24181,
              6.44776
            ],
            [
              -75.19728,
              6.44915
            ],
            [
              -75.17313,
              6.41874
            ],
            [
              -75.09232,
              6.39362
            ],
            [
              -75.03258,
              6.41815
            ],
            [
              -75.10849,
              6.48288
            ],
            [
              -75.09141,
              6.47632
            ],
            [
              -75.05991,
              6.49367
            ],
            [
              -75.02192,
              6.51812
            ],
            [
              -75.01965,
              6.53956
            ],
            [
              -75.06508,
              6.53545
            ],
            [
              -75.08047,
              6.50669
            ],
            [
              -75.0899,
              6.53794
            ],
            [
              -75.20399,
              6.55289
            ]
          ]
        ]
      },
      "properties": {
        "code": "05690",
        "departmentCode": "05",
        "name": "SANTO DOMINGO",
        "resultType": "observed",
        "source": "dane-divipola-mgn-2025",
        "year": 2025
      }
    },
    {
      "type": "Feature",
      "id": 1704,
      "geometry": {
        "type": "Polygon",
        "coordinates": [
          [
            [
              -75.23343,
              6.16361
            ],
            [
              -75.25076,
              6.17238
            ],
            [
              -75.31133,
              6.15198
            ],
            [
              -75.28676,
              6.09699
            ],
            [
              -75.29627,
              6.08406
            ],
            [
              -75.26915,
              6.05649
            ],
            [
              -75.26849,
              6.08008
            ],
            [
              -75.22904,
              6.1243
            ],
            [
              -75.18368,
              6.0927
            ],
            [
              -75.16689,
              6.10115
            ],
            [
              -75.23343,
              6.16361
            ]
          ]
        ]
      },
      "properties": {
        "code": "05697",
        "departmentCode": "05",
        "name": "EL SANTUARIO",
        "resultType": "observed",
        "source": "dane-divipola-mgn-2025",
        "year": 2025
      }
    },
    {
      "type": "Feature",
      "id": 1705,
      "geometry": {
        "type": "Polygon",
        "coordinates": [
          [
            [
              -74.3893,
              7.26684
            ],
            [
              -74.39773,
              7.34791
            ],
            [
              -74.31937,
              7.43991
            ],
            [
              -74.37058,
              7.48001
            ],
            [
              -74.41245,
              7.46035
            ],
            [
              -74.41941,
              7.38859
            ],
            [
              -74.47376,
              7.34577
            ],
            [
              -74.4942,
              7.34446
            ],
            [
              -74.56127,
              7.42826
            ],
            [
              -74.69911,
              7.31269
            ],
            [
              -74.91528,
              7.26373
            ],
            [
              -74.91621,
              7.25164
            ],
            [
              -74.90952,
              7.23216
            ],
            [
              -74.87644,
              7.22421
            ],
            [
              -74.84812,
              7.15686
            ],
            [
              -74.82716,
              7.16018
            ],
            [
              -74.78342,
              7.12224
            ],
            [
              -74.76051,
              7.12544
            ],
            [
              -74.72506,
              7.07765
            ],
            [
              -74.68989,
              7.06327
            ],
            [
              -74.65617,
              7.08932
            ],
            [
              -74.65816,
              7.15759
            ],
            [
              -74.3893,
              7.26684
            ]
          ]
        ]
      },
      "properties": {
        "code": "05736",
        "departmentCode": "05",
        "name": "SEGOVIA",
        "resultType": "observed",
        "source": "dane-divipola-mgn-2025",
        "year": 2025
      }
    },
    {
      "type": "Feature",
      "id": 1706,
      "geometry": {
        "type": "Polygon",
        "coordinates": [
          [
            [
              -74.85102,
              5.90909
            ],
            [
              -74.86599,
              5.8543
            ],
            [
              -74.89323,
              5.82864
            ],
            [
              -74.92117,
              5.84013
            ],
            [
              -74.94542,
              5.78597
            ],
            [
              -74.98122,
              5.76642
            ],
            [
              -75.05477,
              5.75208
            ],
            [
              -75.02189,
              5.82585
            ],
            [
              -75.02295,
              5.86793
            ],
            [
              -75.05538,
              5.91942
            ],
            [
              -75.07381,
              5.89268
            ],
            [
              -75.13451,
              5.88251
            ],
            [
              -75.14479,
              5.86536
            ],
            [
              -75.20979,
              5.87218
            ],
            [
              -75.24681,
              5.81553
            ],
            [
              -75.26797,
              5.8125
            ],
            [
              -75.26605,
              5.85094
            ],
            [
              -75.28444,
              5.84924
            ],
            [
              -75.32073,
              5.78175
            ],
            [
              -75.40994,
              5.74497
            ],
            [
              -75.42372,
              5.69604
            ],
            [
              -75.37621,
              5.67317
            ],
            [
              -75.37634,
              5.61089
            ],
            [
              -75.34021,
              5.60301
            ],
            [
              -75.32885,
              5.52457
            ],
            [
              -75.31082,
              5.50867
            ],
            [
              -75.31632,
              5.45916
            ],
            [
              -75.28258,
              5.47569
            ],
            [
              -75.25376,
              5.52821
            ],
            [
              -75.24789,
              5.5788
            ],
            [
              -75.27173,
              5.60426
            ],
            [
              -75.26369,
              5.68027
            ],
            [
              -75.23555,
              5.67617
            ],
            [
              -75.18278,
              5.70883
            ],
            [
              -75.20858,
              5.705
            ],
            [
              -75.24188,
              5.7321
            ],
            [
              -75.14872,
              5.74389
            ],
            [
              -75.13244,
              5.76104
            ],
            [
              -74.97396,
              5.72997
            ],
            [
              -74.94287,
              5.75434
            ],
            [
              -74.90188,
              5.75877
            ],
            [
              -74.84109,
              5.73843
            ],
            [
              -74.82874,
              5.7128
            ],
            [
              -74.77243,
              5.68972
            ],
            [
              -74.72944,
              5.70647
            ],
            [
              -74.71367,
              5.77238
            ],
            [
              -74.66496,
              5.76854
            ],
            [
              -74.64047,
              5.85917
            ],
            [
              -74.84409,
              5.9265
            ],
            [
              -74.85102,
              5.90909
            ]
          ]
        ]
      },
      "properties": {
        "code": "05756",
        "departmentCode": "05",
        "name": "SONSÓN",
        "resultType": "observed",
        "source": "dane-divipola-mgn-2025",
        "year": 2025
      }
    },
    {
      "type": "Feature",
      "id": 1707,
      "geometry": {
        "type": "Polygon",
        "coordinates": [
          [
            [
              -75.70954,
              6.62131
            ],
            [
              -75.71769,
              6.63572
            ],
            [
              -75.74669,
              6.61573
            ],
            [
              -75.76557,
              6.59011
            ],
            [
              -75.75436,
              6.5477
            ],
            [
              -75.7985,
              6.53989
            ],
            [
              -75.82102,
              6.51096
            ],
            [
              -75.81961,
              6.41014
            ],
            [
              -75.8007,
              6.42081
            ],
            [
              -75.79945,
              6.39455
            ],
            [
              -75.78424,
              6.39779
            ],
            [
              -75.76426,
              6.46775
            ],
            [
              -75.73286,
              6.49095
            ],
            [
              -75.64762,
              6.5045
            ],
            [
              -75.70954,
              6.62131
            ]
          ]
        ]
      },
      "properties": {
        "code": "05761",
        "departmentCode": "05",
        "name": "SOPETRÁN",
        "resultType": "observed",
        "source": "dane-divipola-mgn-2025",
        "year": 2025
      }
    },
    {
      "type": "Feature",
      "id": 1708,
      "geometry": {
        "type": "Polygon",
        "coordinates": [
          [
            [
              -75.66534,
              5.79998
            ],
            [
              -75.74475,
              5.73432
            ],
            [
              -75.77097,
              5.6898
            ],
            [
              -75.80304,
              5.67586
            ],
            [
              -75.8067,
              5.65373
            ],
            [
              -75.75784,
              5.63904
            ],
            [
              -75.76036,
              5.59365
            ],
            [
              -75.71435,
              5.54793
            ],
            [
              -75.69299,
              5.55658
            ],
            [
              -75.65782,
              5.63809
            ],
            [
              -75.66147,
              5.72415
            ],
            [
              -75.63987,
              5.76392
            ],
            [
              -75.65155,
              5.7978
            ],
            [
              -75.66534,
              5.79998
            ]
          ]
        ]
      },
      "properties": {
        "code": "05789",
        "departmentCode": "05",
        "name": "TÁMESIS",
        "resultType": "observed",
        "source": "dane-divipola-mgn-2025",
        "year": 2025
      }
    },
    {
      "type": "Feature",
      "id": 1709,
      "geometry": {
        "type": "Polygon",
        "coordinates": [
          [
            [
              -75.45426,
              7.74669
            ],
            [
              -75.48114,
              7.74209
            ],
            [
              -75.49949,
              7.7191
            ],
            [
              -75.53374,
              7.72302
            ],
            [
              -75.55298,
              7.62734
            ],
            [
              -75.6026,
              7.60109
            ],
            [
              -75.54162,
              7.49176
            ],
            [
              -75.54261,
              7.44159
            ],
            [
              -75.56791,
              7.38004
            ],
            [
              -75.51414,
              7.37271
            ],
            [
              -75.49943,
              7.3864
            ],
            [
              -75.46094,
              7.35979
            ],
            [
              -75.39508,
              7.36892
            ],
            [
              -75.33205,
              7.38816
            ],
            [
              -75.3229,
              7.43247
            ],
            [
              -75.3058,
              7.43454
            ],
            [
              -75.27481,
              7.38826
            ],
            [
              -75.28917,
              7.37908
            ],
            [
              -75.27763,
              7.28752
            ],
            [
              -75.29942,
              7.27257
            ],
            [
              -75.30082,
              7.23526
            ],
            [
              -75.20875,
              7.25157
            ],
            [
              -75.16552,
              7.35606
            ],
            [
              -75.21474,
              7.39565
            ],
            [
              -75.20611,
              7.42753
            ],
            [
              -75.21725,
              7.44703
            ],
            [
              -75.25035,
              7.45687
            ],
            [
              -75.25804,
              7.51669
            ],
            [
              -75.27414,
              7.53406
            ],
            [
              -75.33224,
              7.53611
            ],
            [
              -75.36591,
              7.58364
            ],
            [
              -75.38356,
              7.64407
            ],
            [
              -75.41456,
              7.64911
            ],
            [
              -75.43914,
              7.63398
            ],
            [
              -75.45426,
              7.74669
            ]
          ]
        ]
      },
      "properties": {
        "code": "05790",
        "departmentCode": "05",
        "name": "TARAZÁ",
        "resultType": "observed",
        "source": "dane-divipola-mgn-2025",
        "year": 2025
      }
    },
    {
      "type": "Feature",
      "id": 1710,
      "geometry": {
        "type": "Polygon",
        "coordinates": [
          [
            [
              -75.82883,
              5.9188
            ],
            [
              -75.85589,
              5.93818
            ],
            [
              -75.88157,
              5.91474
            ],
            [
              -75.88602,
              5.86363
            ],
            [
              -75.84664,
              5.81902
            ],
            [
              -75.8151,
              5.8305
            ],
            [
              -75.81015,
              5.80989
            ],
            [
              -75.78371,
              5.82223
            ],
            [
              -75.75854,
              5.87008
            ],
            [
              -75.82883,
              5.9188
            ]
          ]
        ]
      },
      "properties": {
        "code": "05792",
        "departmentCode": "05",
        "name": "TARSO",
        "resultType": "observed",
        "source": "dane-divipola-mgn-2025",
        "year": 2025
      }
    },
    {
      "type": "Feature",
      "id": 1711,
      "geometry": {
        "type": "Polygon",
        "coordinates": [
          [
            [
              -75.76619,
              6.13188
            ],
            [
              -75.80375,
              6.10396
            ],
            [
              -75.85492,
              6.09964
            ],
            [
              -75.86581,
              6.05362
            ],
            [
              -75.84076,
              6.00883
            ],
            [
              -75.77338,
              5.99601
            ],
            [
              -75.7385,
              6.03373
            ],
            [
              -75.76619,
              6.13188
            ]
          ]
        ]
      },
      "properties": {
        "code": "05809",
        "departmentCode": "05",
        "name": "TITIRIBÍ",
        "resultType": "observed",
        "source": "dane-divipola-mgn-2025",
        "year": 2025
      }
    },
    {
      "type": "Feature",
      "id": 1712,
      "geometry": {
        "type": "Polygon",
        "coordinates": [
          [
            [
              -75.68746,
              7.08433
            ],
            [
              -75.76567,
              7.06177
            ],
            [
              -75.73701,
              6.92691
            ],
            [
              -75.70644,
              6.93266
            ],
            [
              -75.66327,
              6.99356
            ],
            [
              -75.65612,
              7.02594
            ],
            [
              -75.68746,
              7.08433
            ]
          ]
        ]
      },
      "properties": {
        "code": "05819",
        "departmentCode": "05",
        "name": "TOLEDO",
        "resultType": "observed",
        "source": "dane-divipola-mgn-2025",
        "year": 2025
      }
    },
    {
      "type": "Feature",
      "id": 1713,
      "geometry": {
        "type": "Polygon",
        "coordinates": [
          [
            [
              -76.40265,
              8.46347
            ],
            [
              -76.39362,
              8.46901
            ],
            [
              -76.40605,
              8.4766
            ],
            [
              -76.43941,
              8.44485
            ],
            [
              -76.44469,
              8.39145
            ],
            [
              -76.42722,
              8.37893
            ],
            [
              -76.43176,
              8.36199
            ],
            [
              -76.45423,
              8.37443
            ],
            [
              -76.47789,
              8.36144
            ],
            [
              -76.49994,
              8.38876
            ],
            [
              -76.58457,
              8.39866
            ],
            [
              -76.62147,
              8.33048
            ],
            [
              -76.6837,
              8.30666
            ],
            [
              -76.6857,
              8.27523
            ],
            [
              -76.70181,
              8.28719
            ],
            [
              -76.72604,
              8.28276
            ],
            [
              -76.73694,
              8.26242
            ],
            [
              -76.77229,
              8.2698
            ],
            [
              -76.73908,
              8.16893
            ],
            [
              -76.76253,
              8.11992
            ],
            [
              -76.74029,
              8.11299
            ],
            [
              -76.74306,
              8.06309
            ],
            [
              -76.73605,
              8.09251
            ],
            [
              -76.71476,
              8.06164
            ],
            [
              -76.71956,
              8.04028
            ],
            [
              -76.73824,
              8.04155
            ],
            [
              -76.72929,
              8.02658
            ],
            [
              -76.74738,
              8.02075
            ],
            [
              -76.72627,
              7.98094
            ],
            [
              -76.74234,
              7.94408
            ],
            [
              -76.76256,
              7.94404
            ],
            [
              -76.74708,
              7.92828
            ],
            [
              -76.76818,
              7.9103
            ],
            [
              -76.86249,
              7.90056
            ],
            [
              -76.92225,
              7.91759
            ],
            [
              -76.92483,
              8.02464
            ],
            [
              -76.89048,
              8.04547
            ],
            [
              -76.87451,
              8.02136
            ],
            [
              -76.83419,
              8.01983
            ],
            [
              -76.87164,
              8.05317
            ],
            [
              -76.82997,
              8.05039
            ],
            [
              -76.87316,
              8.06806
            ],
            [
              -76.82157,
              8.09438
            ],
            [
              -76.85467,
              8.09127
            ],
            [
              -76.85405,
              8.11998
            ],
            [
              -76.81271,
              8.13166
            ],
            [
              -76.89356,
              8.1323
            ],
            [
              -76.88863,
              8.11438
            ],
            [
              -76.93187,
              8.09153
            ],
            [
              -76.95034,
              8.14476
            ],
            [
              -76.94324,
              8.16665
            ],
            [
              -76.93245,
              8.15847
            ],
            [
              -76.93168,
              8.17364
            ],
            [
              -76.90945,
              8.17762
            ],
            [
              -76.92694,
              8.18986
            ],
            [
              -76.91025,
              8.19081
            ],
            [
              -76.9437,
              8.21063
            ],
            [
              -76.93473,
              8.18884
            ],
            [
              -76.95736,
              8.18476
            ],
            [
              -76.96852,
              8.24332
            ],
            [
              -76.95584,
              8.23549
            ],
            [
              -76.94179,
              8.24851
            ],
            [
              -76.98019,
              8.25528
            ],
            [
              -76.94933,
              8.17234
            ],
            [
              -76.9556,
              8.12273
            ],
            [
              -76.93907,
              8.06284
            ],
            [
              -76.99565,
              8.02115
            ],
            [
              -77.00008,
              7.95843
            ],
            [
              -77.02142,
              7.94879
            ],
            [
              -77.01231,
              7.93383
            ],
            [
              -77.03139,
              7.8801
            ],
            [
              -77.09521,
              7.82507
            ],
            [
              -77.12755,
              7.82757
            ],
            [
              -77.12168,
              7.78741
            ],
            [
              -76.96037,
              7.64072
            ],
            [
              -76.94296,
              7.58886
            ],
            [
              -76.80116,
              7.57209
            ],
            [
              -76.68306,
              7.46787
            ],
            [
              -76.64411,
              7.46833
            ],
            [
              -76.65882,
              7.51552
            ],
            [
              -76.69517,
              7.5383
            ],
            [
              -76.71345,
              7.59373
            ],
            [
              -76.76533,
              7.60534
            ],
            [
              -76.76251,
              7.62074
            ],
            [
              -76.78122,
              7.61911
            ],
            [
              -76.79749,
              7.64105
            ],
            [
              -76.78829,
              7.65856
            ],
            [
              -76.82026,
              7.66504
            ],
            [
              -76.80664,
              7.71033
            ],
            [
              -76.81946,
              7.72747
            ],
            [
              -76.80938,
              7.77144
            ],
            [
              -76.82019,
              7.84096
            ],
            [
              -76.77899,
              7.88393
            ],
            [
              -76.75389,
              7.87725
            ],
            [
              -76.73992,
              7.91669
            ],
            [
              -76.68003,
              7.93169
            ],
            [
              -76.65297,
              7.91561
            ],
            [
              -76.59488,
              7.94755
            ],
            [
              -76.55137,
              7.95212
            ],
            [
              -76.42497,
              8.07429
            ],
            [
              -76.40872,
              8.07393
            ],
            [
              -76.39979,
              8.14708
            ],
            [
              -76.4115,
              8.18779
            ],
            [
              -76.39455,
              8.21681
            ],
            [
              -76.40914,
              8.23163
            ],
            [
              -76.38944,
              8.31904
            ],
            [
              -76.40497,
              8.35455
            ],
            [
              -76.39461,
              8.38803
            ],
            [
              -76.42552,
              8.42443
            ],
            [
              -76.40265,
              8.46347
            ]
          ]
        ]
      },
      "properties": {
        "code": "05837",
        "departmentCode": "05",
        "name": "TURBO",
        "resultType": "observed",
        "source": "dane-divipola-mgn-2025",
        "year": 2025
      }
    },
    {
      "type": "Feature",
      "id": 1714,
      "geometry": {
        "type": "Polygon",
        "coordinates": [
          [
            [
              -75.96496,
              6.98064
            ],
            [
              -75.99974,
              7.00045
            ],
            [
              -76.01643,
              6.96742
            ],
            [
              -76.07317,
              6.93993
            ],
            [
              -76.15531,
              6.97759
            ],
            [
              -76.17091,
              6.95931
            ],
            [
              -76.2343,
              6.96302
            ],
            [
              -76.23937,
              6.93982
            ],
            [
              -76.22214,
              6.91827
            ],
            [
              -76.24596,
              6.87644
            ],
            [
              -76.22156,
              6.8483
            ],
            [
              -76.1952,
              6.85008
            ],
            [
              -76.15568,
              6.82373
            ],
            [
              -76.13473,
              6.84918
            ],
            [
              -76.09367,
              6.861
            ],
            [
              -76.09576,
              6.89859
            ],
            [
              -75.9871,
              6.9379
            ],
            [
              -75.96496,
              6.98064
            ]
          ]
        ]
      },
      "properties": {
        "code": "05842",
        "departmentCode": "05",
        "name": "URAMITA",
        "resultType": "observed",
        "source": "dane-divipola-mgn-2025",
        "year": 2025
      }
    },
    {
      "type": "Feature",
      "id": 1715,
      "geometry": {
        "type": "Polygon",
        "coordinates": [
          [
            [
              -76.37548,
              6.5909
            ],
            [
              -76.40433,
              6.58762
            ],
            [
              -76.4333,
              6.56006
            ],
            [
              -76.47049,
              6.48964
            ],
            [
              -76.52262,
              6.54478
            ],
            [
              -76.52397,
              6.58693
            ],
            [
              -76.54655,
              6.58484
            ],
            [
              -76.58217,
              6.53504
            ],
            [
              -76.54401,
              6.48639
            ],
            [
              -76.54902,
              6.43637
            ],
            [
              -76.52281,
              6.36717
            ],
            [
              -76.51876,
              6.20882
            ],
            [
              -76.51137,
              6.19614
            ],
            [
              -76.49359,
              6.21769
            ],
            [
              -76.4675,
              6.21054
            ],
            [
              -76.44525,
              6.16844
            ],
            [
              -76.42083,
              6.16572
            ],
            [
              -76.38981,
              6.19149
            ],
            [
              -76.23767,
              6.20835
            ],
            [
              -76.20121,
              6.1603
            ],
            [
              -76.19696,
              6.08018
            ],
            [
              -76.17265,
              6.01739
            ],
            [
              -76.14382,
              5.99763
            ],
            [
              -76.11353,
              6.02125
            ],
            [
              -76.09696,
              6.00352
            ],
            [
              -76.0769,
              6.03289
            ],
            [
              -76.05528,
              6.03704
            ],
            [
              -76.05786,
              6.05144
            ],
            [
              -76.02779,
              6.04863
            ],
            [
              -75.99645,
              6.07834
            ],
            [
              -76.04945,
              6.25477
            ],
            [
              -76.00194,
              6.28654
            ],
            [
              -75.98816,
              6.34485
            ],
            [
              -76.04379,
              6.37875
            ],
            [
              -76.04325,
              6.43545
            ],
            [
              -76.0866,
              6.46261
            ],
            [
              -76.05793,
              6.50703
            ],
            [
              -76.07694,
              6.54131
            ],
            [
              -76.16285,
              6.59279
            ],
            [
              -76.22604,
              6.57176
            ],
            [
              -76.24775,
              6.53854
            ],
            [
              -76.27277,
              6.54165
            ],
            [
              -76.31784,
              6.50621
            ],
            [
              -76.34221,
              6.52067
            ],
            [
              -76.34294,
              6.54849
            ],
            [
              -76.37548,
              6.5909
            ]
          ]
        ]
      },
      "properties": {
        "code": "05847",
        "departmentCode": "05",
        "name": "URRAO",
        "resultType": "observed",
        "source": "dane-divipola-mgn-2025",
        "year": 2025
      }
    },
    {
      "type": "Feature",
      "id": 1716,
      "geometry": {
        "type": "Polygon",
        "coordinates": [
          [
            [
              -75.30424,
              7.43197
            ],
            [
              -75.32283,
              7.43259
            ],
            [
              -75.33205,
              7.38816
            ],
            [
              -75.39508,
              7.36892
            ],
            [
              -75.46094,
              7.35979
            ],
            [
              -75.4952,
              7.38549
            ],
            [
              -75.51355,
              7.3769
            ],
            [
              -75.5296,
              7.29951
            ],
            [
              -75.48779,
              7.30386
            ],
            [
              -75.43735,
              7.2449
            ],
            [
              -75.46457,
              7.21667
            ],
            [
              -75.46726,
              7.17986
            ],
            [
              -75.50045,
              7.12464
            ],
            [
              -75.48483,
              7.05559
            ],
            [
              -75.47125,
              7.0498
            ],
            [
              -75.46032,
              7.07467
            ],
            [
              -75.42416,
              7.08702
            ],
            [
              -75.38786,
              7.1706
            ],
            [
              -75.34343,
              7.20235
            ],
            [
              -75.32612,
              7.23994
            ],
            [
              -75.29617,
              7.2294
            ],
            [
              -75.30548,
              7.25748
            ],
            [
              -75.27763,
              7.28752
            ],
            [
              -75.28917,
              7.37908
            ],
            [
              -75.27481,
              7.38826
            ],
            [
              -75.30424,
              7.43197
            ]
          ]
        ]
      },
      "properties": {
        "code": "05854",
        "departmentCode": "05",
        "name": "VALDIVIA",
        "resultType": "observed",
        "source": "dane-divipola-mgn-2025",
        "year": 2025
      }
    },
    {
      "type": "Feature",
      "id": 1717,
      "geometry": {
        "type": "Polygon",
        "coordinates": [
          [
            [
              -75.64235,
              5.75653
            ],
            [
              -75.66147,
              5.72415
            ],
            [
              -75.65741,
              5.64023
            ],
            [
              -75.67646,
              5.59793
            ],
            [
              -75.65208,
              5.57117
            ],
            [
              -75.58015,
              5.60564
            ],
            [
              -75.58965,
              5.64438
            ],
            [
              -75.57236,
              5.66471
            ],
            [
              -75.5995,
              5.6812
            ],
            [
              -75.6212,
              5.67575
            ],
            [
              -75.61642,
              5.73996
            ],
            [
              -75.64235,
              5.75653
            ]
          ]
        ]
      },
      "properties": {
        "code": "05856",
        "departmentCode": "05",
        "name": "VALPARAÍSO",
        "resultType": "observed",
        "source": "dane-divipola-mgn-2025",
        "year": 2025
      }
    },
    {
      "type": "Feature",
      "id": 1718,
      "geometry": {
        "type": "Polygon",
        "coordinates": [
          [
            [
              -74.57896,
              6.78189
            ],
            [
              -74.59126,
              6.81573
            ],
            [
              -74.57197,
              6.86399
            ],
            [
              -74.59442,
              6.91282
            ],
            [
              -74.6335,
              6.92508
            ],
            [
              -74.65001,
              6.91194
            ],
            [
              -74.69008,
              6.91785
            ],
            [
              -74.7039,
              6.89629
            ],
            [
              -74.76946,
              6.90319
            ],
            [
              -74.80944,
              6.87886
            ],
            [
              -74.84466,
              6.95751
            ],
            [
              -74.83798,
              6.99184
            ],
            [
              -74.8805,
              6.92514
            ],
            [
              -74.86797,
              6.90013
            ],
            [
              -74.88403,
              6.88088
            ],
            [
              -74.87342,
              6.85048
            ],
            [
              -74.90935,
              6.82454
            ],
            [
              -74.89811,
              6.79881
            ],
            [
              -74.92328,
              6.74844
            ],
            [
              -74.84791,
              6.72777
            ],
            [
              -74.73691,
              6.7951
            ],
            [
              -74.70899,
              6.77689
            ],
            [
              -74.67475,
              6.79535
            ],
            [
              -74.65197,
              6.77907
            ],
            [
              -74.6415,
              6.79926
            ],
            [
              -74.57896,
              6.78189
            ]
          ]
        ]
      },
      "properties": {
        "code": "05858",
        "departmentCode": "05",
        "name": "VEGACHÍ",
        "resultType": "observed",
        "source": "dane-divipola-mgn-2025",
        "year": 2025
      }
    },
    {
      "type": "Feature",
      "id": 1719,
      "geometry": {
        "type": "Polygon",
        "coordinates": [
          [
            [
              -75.81262,
              5.99771
            ],
            [
              -75.84076,
              6.00883
            ],
            [
              -75.83426,
              5.98055
            ],
            [
              -75.85589,
              5.93818
            ],
            [
              -75.77571,
              5.88124
            ],
            [
              -75.77534,
              5.91838
            ],
            [
              -75.70184,
              5.93778
            ],
            [
              -75.68313,
              5.97108
            ],
            [
              -75.73635,
              6.00541
            ],
            [
              -75.81262,
              5.99771
            ]
          ]
        ]
      },
      "properties": {
        "code": "05861",
        "departmentCode": "05",
        "name": "VENECIA",
        "resultType": "observed",
        "source": "dane-divipola-mgn-2025",
        "year": 2025
      }
    },
    {
      "type": "Feature",
      "id": 1720,
      "geometry": {
        "type": "Polygon",
        "coordinates": [
          [
            [
              -76.91534,
              6.84185
            ],
            [
              -76.93301,
              6.81212
            ],
            [
              -76.97231,
              6.80902
            ],
            [
              -76.95785,
              6.79251
            ],
            [
              -76.96716,
              6.74313
            ],
            [
              -76.93365,
              6.71092
            ],
            [
              -76.96412,
              6.68088
            ],
            [
              -76.93897,
              6.68634
            ],
            [
              -76.92485,
              6.6469
            ],
            [
              -76.89808,
              6.66822
            ],
            [
              -76.90903,
              6.62939
            ],
            [
              -76.85799,
              6.61844
            ],
            [
              -76.88971,
              6.60527
            ],
            [
              -76.89452,
              6.57015
            ],
            [
              -76.88299,
              6.55997
            ],
            [
              -76.86392,
              6.5715
            ],
            [
              -76.8411,
              6.52145
            ],
            [
              -76.81936,
              6.52548
            ],
            [
              -76.81999,
              6.48725
            ],
            [
              -76.80037,
              6.50796
            ],
            [
              -76.76799,
              6.47799
            ],
            [
              -76.79583,
              6.44365
            ],
            [
              -76.76178,
              6.43215
            ],
            [
              -76.79526,
              6.41997
            ],
            [
              -76.76507,
              6.38929
            ],
            [
              -76.78738,
              6.3779
            ],
            [
              -76.77139,
              6.36324
            ],
            [
              -76.789,
              6.34987
            ],
            [
              -76.77765,
              6.32788
            ],
            [
              -76.79025,
              6.32024
            ],
            [
              -76.78191,
              6.28882
            ],
            [
              -76.74898,
              6.2796
            ],
            [
              -76.75648,
              6.25215
            ],
            [
              -76.72307,
              6.23698
            ],
            [
              -76.7181,
              6.1727
            ],
            [
              -76.68674,
              6.16152
            ],
            [
              -76.58351,
              6.19345
            ],
            [
              -76.48229,
              6.16055
            ],
            [
              -76.46868,
              6.17657
            ],
            [
              -76.44525,
              6.16844
            ],
            [
              -76.45713,
              6.20497
            ],
            [
              -76.49359,
              6.21769
            ],
            [
              -76.51137,
              6.19614
            ],
            [
              -76.52337,
              6.21956
            ],
            [
              -76.52281,
              6.36717
            ],
            [
              -76.54902,
              6.43637
            ],
            [
              -76.54401,
              6.48639
            ],
            [
              -76.58217,
              6.53504
            ],
            [
              -76.5578,
              6.59154
            ],
            [
              -76.57329,
              6.63333
            ],
            [
              -76.64049,
              6.65205
            ],
            [
              -76.68354,
              6.64707
            ],
            [
              -76.70063,
              6.66417
            ],
            [
              -76.75,
              6.63995
            ],
            [
              -76.85005,
              6.65974
            ],
            [
              -76.87035,
              6.68177
            ],
            [
              -76.85977,
              6.72094
            ],
            [
              -76.90103,
              6.77732
            ],
            [
              -76.92184,
              6.7842
            ],
            [
              -76.89979,
              6.82816
            ],
            [
              -76.91534,
              6.84185
            ]
          ]
        ]
      },
      "properties": {
        "code": "05873",
        "departmentCode": "05",
        "name": "VIGÍA DEL FUERTE",
        "resultType": "observed",
        "source": "dane-divipola-mgn-2025",
        "year": 2025
      }
    },
    {
      "type": "Feature",
      "id": 1721,
      "geometry": {
        "type": "Polygon",
        "coordinates": [
          [
            [
              -74.57896,
              6.78189
            ],
            [
              -74.6415,
              6.79926
            ],
            [
              -74.65227,
              6.77901
            ],
            [
              -74.67475,
              6.79535
            ],
            [
              -74.70887,
              6.77689
            ],
            [
              -74.72779,
              6.79588
            ],
            [
              -74.75929,
              6.79173
            ],
            [
              -74.83688,
              6.73118
            ],
            [
              -74.90407,
              6.7405
            ],
            [
              -74.94993,
              6.70689
            ],
            [
              -74.94797,
              6.66884
            ],
            [
              -74.91286,
              6.65894
            ],
            [
              -74.91217,
              6.63696
            ],
            [
              -74.83494,
              6.64999
            ],
            [
              -74.81785,
              6.64028
            ],
            [
              -74.7738,
              6.66694
            ],
            [
              -74.74053,
              6.65626
            ],
            [
              -74.69924,
              6.69165
            ],
            [
              -74.68211,
              6.66925
            ],
            [
              -74.65019,
              6.69852
            ],
            [
              -74.62325,
              6.68532
            ],
            [
              -74.6,
              6.70679
            ],
            [
              -74.57989,
              6.70084
            ],
            [
              -74.57896,
              6.78189
            ]
          ]
        ]
      },
      "properties": {
        "code": "05885",
        "departmentCode": "05",
        "name": "YALÍ",
        "resultType": "observed",
        "source": "dane-divipola-mgn-2025",
        "year": 2025
      }
    },
    {
      "type": "Feature",
      "id": 1722,
      "geometry": {
        "type": "Polygon",
        "coordinates": [
          [
            [
              -75.31703,
              7.23923
            ],
            [
              -75.34343,
              7.20235
            ],
            [
              -75.37266,
              7.1923
            ],
            [
              -75.42446,
              7.08669
            ],
            [
              -75.46032,
              7.07467
            ],
            [
              -75.47285,
              7.04878
            ],
            [
              -75.49977,
              7.04772
            ],
            [
              -75.5099,
              7.00138
            ],
            [
              -75.55503,
              6.99116
            ],
            [
              -75.55855,
              7.01709
            ],
            [
              -75.58638,
              7.02281
            ],
            [
              -75.60154,
              7.06548
            ],
            [
              -75.65895,
              7.02809
            ],
            [
              -75.60273,
              6.97583
            ],
            [
              -75.57405,
              6.85306
            ],
            [
              -75.48956,
              6.77281
            ],
            [
              -75.47205,
              6.85164
            ],
            [
              -75.44848,
              6.86051
            ],
            [
              -75.43558,
              6.89104
            ],
            [
              -75.42088,
              6.88992
            ],
            [
              -75.41096,
              6.91156
            ],
            [
              -75.37546,
              6.90144
            ],
            [
              -75.32983,
              6.94503
            ],
            [
              -75.3623,
              6.95879
            ],
            [
              -75.32937,
              7.08144
            ],
            [
              -75.32923,
              7.18022
            ],
            [
              -75.30197,
              7.22725
            ],
            [
              -75.31703,
              7.23923
            ]
          ]
        ]
      },
      "properties": {
        "code": "05887",
        "departmentCode": "05",
        "name": "YARUMAL",
        "resultType": "observed",
        "source": "dane-divipola-mgn-2025",
        "year": 2025
      }
    },
    {
      "type": "Feature",
      "id": 1723,
      "geometry": {
        "type": "Polygon",
        "coordinates": [
          [
            [
              -74.92369,
              6.74878
            ],
            [
              -75.02661,
              6.83466
            ],
            [
              -75.04843,
              6.79637
            ],
            [
              -75.01941,
              6.76058
            ],
            [
              -75.02612,
              6.74856
            ],
            [
              -75.10986,
              6.78226
            ],
            [
              -75.12799,
              6.73977
            ],
            [
              -75.107,
              6.71669
            ],
            [
              -75.12688,
              6.69252
            ],
            [
              -75.12265,
              6.65814
            ],
            [
              -75.15186,
              6.64828
            ],
            [
              -75.16182,
              6.58555
            ],
            [
              -75.19432,
              6.57755
            ],
            [
              -75.20757,
              6.55546
            ],
            [
              -75.14351,
              6.54259
            ],
            [
              -75.08749,
              6.58521
            ],
            [
              -75.05738,
              6.57942
            ],
            [
              -75.03436,
              6.53814
            ],
            [
              -74.98944,
              6.5494
            ],
            [
              -74.85321,
              6.50234
            ],
            [
              -74.83909,
              6.50987
            ],
            [
              -74.86439,
              6.53131
            ],
            [
              -74.86294,
              6.55648
            ],
            [
              -74.80176,
              6.61467
            ],
            [
              -74.77347,
              6.5959
            ],
            [
              -74.74474,
              6.63657
            ],
            [
              -74.64513,
              6.61887
            ],
            [
              -74.62392,
              6.65399
            ],
            [
              -74.60638,
              6.65619
            ],
            [
              -74.55846,
              6.63789
            ],
            [
              -74.49689,
              6.70001
            ],
            [
              -74.55539,
              6.71672
            ],
            [
              -74.62325,
              6.68532
            ],
            [
              -74.65019,
              6.69852
            ],
            [
              -74.68191,
              6.66926
            ],
            [
              -74.70116,
              6.69119
            ],
            [
              -74.74053,
              6.65626
            ],
            [
              -74.7738,
              6.66694
            ],
            [
              -74.80139,
              6.64209
            ],
            [
              -74.91217,
              6.63696
            ],
            [
              -74.91286,
              6.65894
            ],
            [
              -74.94797,
              6.66884
            ],
            [
              -74.94993,
              6.70689
            ],
            [
              -74.90774,
              6.73522
            ],
            [
              -74.92369,
              6.74878
            ]
          ]
        ]
      },
      "properties": {
        "code": "05890",
        "departmentCode": "05",
        "name": "YOLOMBÓ",
        "resultType": "observed",
        "source": "dane-divipola-mgn-2025",
        "year": 2025
      }
    },
    {
      "type": "Feature",
      "id": 1724,
      "geometry": {
        "type": "Polygon",
        "coordinates": [
          [
            [
              -73.9235,
              7.21346
            ],
            [
              -73.91585,
              7.29558
            ],
            [
              -74.24415,
              7.00417
            ],
            [
              -74.25933,
              6.96886
            ],
            [
              -74.31082,
              6.95514
            ],
            [
              -74.32122,
              6.91744
            ],
            [
              -74.33762,
              6.92702
            ],
            [
              -74.37942,
              6.91251
            ],
            [
              -74.4261,
              6.79701
            ],
            [
              -74.44522,
              6.78694
            ],
            [
              -74.46695,
              6.81482
            ],
            [
              -74.48926,
              6.81394
            ],
            [
              -74.49222,
              6.79304
            ],
            [
              -74.44727,
              6.7835
            ],
            [
              -74.45237,
              6.7549
            ],
            [
              -74.41992,
              6.73738
            ],
            [
              -74.39463,
              6.6981
            ],
            [
              -74.39041,
              6.64768
            ],
            [
              -74.33023,
              6.62957
            ],
            [
              -74.31222,
              6.65431
            ],
            [
              -74.2565,
              6.67508
            ],
            [
              -74.231,
              6.71032
            ],
            [
              -74.1218,
              6.76097
            ],
            [
              -74.07723,
              6.84189
            ],
            [
              -74.01065,
              6.91328
            ],
            [
              -73.89799,
              6.9859
            ],
            [
              -73.88128,
              7.01981
            ],
            [
              -73.88818,
              7.07021
            ],
            [
              -73.93316,
              7.12483
            ],
            [
              -73.93877,
              7.18229
            ],
            [
              -73.9235,
              7.21346
            ]
          ]
        ]
      },
      "properties": {
        "code": "05893",
        "departmentCode": "05",
        "name": "YONDÓ",
        "resultType": "observed",
        "source": "dane-divipola-mgn-2025",
        "year": 2025
      }
    },
    {
      "type": "Feature",
      "id": 1725,
      "geometry": {
        "type": "Polygon",
        "coordinates": [
          [
            [
              -74.76103,
              7.72477
            ],
            [
              -74.7832,
              7.72476
            ],
            [
              -74.79395,
              7.692
            ],
            [
              -74.84233,
              7.66797
            ],
            [
              -74.87733,
              7.69474
            ],
            [
              -74.90489,
              7.6841
            ],
            [
              -74.90831,
              7.65492
            ],
            [
              -74.93898,
              7.62018
            ],
            [
              -74.97305,
              7.6218
            ],
            [
              -75.0038,
              7.57815
            ],
            [
              -75.06286,
              7.5599
            ],
            [
              -75.0819,
              7.51433
            ],
            [
              -75.12902,
              7.54016
            ],
            [
              -75.06101,
              7.47723
            ],
            [
              -75.03014,
              7.48916
            ],
            [
              -74.98634,
              7.38826
            ],
            [
              -74.94765,
              7.42065
            ],
            [
              -74.92648,
              7.41243
            ],
            [
              -74.90753,
              7.44987
            ],
            [
              -74.8903,
              7.39133
            ],
            [
              -74.90753,
              7.36044
            ],
            [
              -74.89286,
              7.33566
            ],
            [
              -74.91528,
              7.26373
            ],
            [
              -74.69911,
              7.31269
            ],
            [
              -74.60788,
              7.3865
            ],
            [
              -74.63046,
              7.38673
            ],
            [
              -74.67659,
              7.43978
            ],
            [
              -74.72657,
              7.43989
            ],
            [
              -74.75815,
              7.46047
            ],
            [
              -74.76068,
              7.48852
            ],
            [
              -74.78002,
              7.49536
            ],
            [
              -74.77614,
              7.53095
            ],
            [
              -74.82704,
              7.58884
            ],
            [
              -74.771,
              7.64855
            ],
            [
              -74.76103,
              7.72477
            ]
          ]
        ]
      },
      "properties": {
        "code": "05895",
        "departmentCode": "05",
        "name": "ZARAGOZA",
        "resultType": "observed",
        "source": "dane-divipola-mgn-2025",
        "year": 2025
      }
    }
  ]
}
