{
  "type": "FeatureCollection",
  "metadata": {
    "source": "DANE DIVIPOLA MGN 2025",
    "downloadedAt": "2026-07-27T05:06:31Z",
    "crs": "EPSG:4326",
    "simplification": "ArcGIS maxAllowableOffset=0.01 grados y geometryPrecision=5; solo visualización web"
  },
  "features": [
    {
      "type": "Feature",
      "id": 1750,
      "geometry": {
        "type": "MultiPolygon",
        "coordinates": [
          [
            [
              [
                -75.29333,
                10.70068
              ],
              [
                -75.39424,
                10.68267
              ],
              [
                -75.39864,
                10.66279
              ],
              [
                -75.45154,
                10.62761
              ],
              [
                -75.46146,
                10.5897
              ],
              [
                -75.51267,
                10.57108
              ],
              [
                -75.49222,
                10.4864
              ],
              [
                -75.56642,
                10.39658
              ],
              [
                -75.54484,
                10.39034
              ],
              [
                -75.5491,
                10.42225
              ],
              [
                -75.52402,
                10.40487
              ],
              [
                -75.53745,
                10.39385
              ],
              [
                -75.50898,
                10.37418
              ],
              [
                -75.50313,
                10.30109
              ],
              [
                -75.53048,
                10.30418
              ],
              [
                -75.54446,
                10.28142
              ],
              [
                -75.53189,
                10.27958
              ],
              [
                -75.56149,
                10.2633
              ],
              [
                -75.58681,
                10.29798
              ],
              [
                -75.59589,
                10.27871
              ],
              [
                -75.58394,
                10.26157
              ],
              [
                -75.62222,
                10.25141
              ],
              [
                -75.58619,
                10.22618
              ],
              [
                -75.60494,
                10.23656
              ],
              [
                -75.65412,
                10.16382
              ],
              [
                -75.68206,
                10.16021
              ],
              [
                -75.69994,
                10.13396
              ],
              [
                -75.66914,
                10.13802
              ],
              [
                -75.63712,
                10.18861
              ],
              [
                -75.63827,
                10.17726
              ],
              [
                -75.54231,
                10.24445
              ],
              [
                -75.52281,
                10.23647
              ],
              [
                -75.54676,
                10.22944
              ],
              [
                -75.54623,
                10.21678
              ],
              [
                -75.52464,
                10.22112
              ],
              [
                -75.52085,
                10.17335
              ],
              [
                -75.53384,
                10.1755
              ],
              [
                -75.50368,
                10.16247
              ],
              [
                -75.51729,
                10.2104
              ],
              [
                -75.48942,
                10.21496
              ],
              [
                -75.48336,
                10.24
              ],
              [
                -75.49992,
                10.25226
              ],
              [
                -75.48736,
                10.25458
              ],
              [
                -75.48618,
                10.28358
              ],
              [
                -75.471,
                10.27431
              ],
              [
                -75.4826,
                10.31886
              ],
              [
                -75.44237,
                10.31065
              ],
              [
                -75.47605,
                10.36403
              ],
              [
                -75.45153,
                10.39536
              ],
              [
                -75.42468,
                10.39592
              ],
              [
                -75.44004,
                10.41481
              ],
              [
                -75.41596,
                10.4391
              ],
              [
                -75.4035,
                10.51267
              ],
              [
                -75.38936,
                10.53623
              ],
              [
                -75.36941,
                10.53621
              ],
              [
                -75.3876,
                10.54888
              ],
              [
                -75.34572,
                10.58464
              ],
              [
                -75.34337,
                10.63016
              ],
              [
                -75.30813,
                10.6362
              ],
              [
                -75.29124,
                10.66007
              ],
              [
                -75.29333,
                10.70068
              ]
            ]
          ],
          [
            [
              [
                -76.1747,
                9.39857
              ],
              [
                -76.18891,
                9.39297
              ],
              [
                -76.18562,
                9.38004
              ],
              [
                -76.1747,
                9.39857
              ]
            ]
          ],
          [
            [
              [
                -75.75254,
                9.73889
              ],
              [
                -75.7477,
                9.73438
              ],
              [
                -75.73969,
                9.73761
              ],
              [
                -75.75254,
                9.73889
              ]
            ]
          ],
          [
            [
              [
                -75.87178,
                9.78389
              ],
              [
                -75.87588,
                9.77981
              ],
              [
                -75.8688,
                9.78063
              ],
              [
                -75.87178,
                9.78389
              ]
            ]
          ],
          [
            [
              [
                -75.85945,
                9.7865
              ],
              [
                -75.85933,
                9.78531
              ],
              [
                -75.85829,
                9.78572
              ],
              [
                -75.85945,
                9.7865
              ]
            ]
          ],
          [
            [
              [
                -75.85353,
                9.79354
              ],
              [
                -75.8544,
                9.79329
              ],
              [
                -75.85351,
                9.79246
              ],
              [
                -75.85353,
                9.79354
              ]
            ]
          ],
          [
            [
              [
                -75.85388,
                9.79501
              ],
              [
                -75.85471,
                9.79492
              ],
              [
                -75.85446,
                9.7941
              ],
              [
                -75.85388,
                9.79501
              ]
            ]
          ],
          [
            [
              [
                -75.85698,
                9.79582
              ],
              [
                -75.85753,
                9.79577
              ],
              [
                -75.85719,
                9.79495
              ],
              [
                -75.85698,
                9.79582
              ]
            ]
          ],
          [
            [
              [
                -75.85565,
                9.79631
              ],
              [
                -75.85584,
                9.7954
              ],
              [
                -75.85457,
                9.79583
              ],
              [
                -75.85565,
                9.79631
              ]
            ]
          ],
          [
            [
              [
                -75.85331,
                9.7969
              ],
              [
                -75.85403,
                9.79758
              ],
              [
                -75.85415,
                9.79673
              ],
              [
                -75.85331,
                9.7969
              ]
            ]
          ],
          [
            [
              [
                -75.85138,
                9.80458
              ],
              [
                -75.85616,
                9.78846
              ],
              [
                -75.8277,
                9.79062
              ],
              [
                -75.85138,
                9.80458
              ]
            ]
          ],
          [
            [
              [
                -75.72731,
                10.14634
              ],
              [
                -75.72791,
                10.1453
              ],
              [
                -75.72696,
                10.14437
              ],
              [
                -75.72731,
                10.14634
              ]
            ]
          ],
          [
            [
              [
                -75.69237,
                10.14962
              ],
              [
                -75.69334,
                10.14937
              ],
              [
                -75.69319,
                10.14873
              ],
              [
                -75.69237,
                10.14962
              ]
            ]
          ],
          [
            [
              [
                -75.6756,
                10.16116
              ],
              [
                -75.67759,
                10.16063
              ],
              [
                -75.67408,
                10.16104
              ],
              [
                -75.6756,
                10.16116
              ]
            ]
          ],
          [
            [
              [
                -75.7758,
                10.16394
              ],
              [
                -75.77603,
                10.16442
              ],
              [
                -75.77615,
                10.16367
              ],
              [
                -75.7758,
                10.16394
              ]
            ]
          ],
          [
            [
              [
                -75.65964,
                10.16425
              ],
              [
                -75.6602,
                10.16414
              ],
              [
                -75.65987,
                10.16393
              ],
              [
                -75.65964,
                10.16425
              ]
            ]
          ],
          [
            [
              [
                -75.67123,
                10.16463
              ],
              [
                -75.67261,
                10.16383
              ],
              [
                -75.6722,
                10.16116
              ],
              [
                -75.67123,
                10.16463
              ]
            ]
          ],
          [
            [
              [
                -75.65484,
                10.16528
              ],
              [
                -75.65539,
                10.16514
              ],
              [
                -75.65484,
                10.16439
              ],
              [
                -75.65484,
                10.16528
              ]
            ]
          ],
          [
            [
              [
                -75.66153,
                10.16559
              ],
              [
                -75.66184,
                10.16521
              ],
              [
                -75.66152,
                10.16531
              ],
              [
                -75.66153,
                10.16559
              ]
            ]
          ],
          [
            [
              [
                -75.78938,
                10.16712
              ],
              [
                -75.79651,
                10.16704
              ],
              [
                -75.79032,
                10.15658
              ],
              [
                -75.78938,
                10.16712
              ]
            ]
          ],
          [
            [
              [
                -75.6628,
                10.16723
              ],
              [
                -75.66329,
                10.16643
              ],
              [
                -75.66276,
                10.16647
              ],
              [
                -75.6628,
                10.16723
              ]
            ]
          ],
          [
            [
              [
                -75.66723,
                10.16688
              ],
              [
                -75.66723,
                10.16599
              ],
              [
                -75.666,
                10.16699
              ],
              [
                -75.66723,
                10.16688
              ]
            ]
          ],
          [
            [
              [
                -75.7971,
                10.16804
              ],
              [
                -75.79732,
                10.16743
              ],
              [
                -75.79657,
                10.16717
              ],
              [
                -75.7971,
                10.16804
              ]
            ]
          ],
          [
            [
              [
                -75.65442,
                10.17263
              ],
              [
                -75.66929,
                10.16373
              ],
              [
                -75.65352,
                10.16719
              ],
              [
                -75.65442,
                10.17263
              ]
            ]
          ],
          [
            [
              [
                -75.76835,
                10.17507
              ],
              [
                -75.76847,
                10.17365
              ],
              [
                -75.76693,
                10.17368
              ],
              [
                -75.76835,
                10.17507
              ]
            ]
          ],
          [
            [
              [
                -75.75902,
                10.17599
              ],
              [
                -75.75884,
                10.17569
              ],
              [
                -75.75841,
                10.17572
              ],
              [
                -75.75902,
                10.17599
              ]
            ]
          ],
          [
            [
              [
                -75.77195,
                10.17747
              ],
              [
                -75.77244,
                10.17735
              ],
              [
                -75.77188,
                10.177
              ],
              [
                -75.77195,
                10.17747
              ]
            ]
          ],
          [
            [
              [
                -75.77099,
                10.17763
              ],
              [
                -75.77243,
                10.17626
              ],
              [
                -75.77124,
                10.17625
              ],
              [
                -75.77099,
                10.17763
              ]
            ]
          ],
          [
            [
              [
                -75.75852,
                10.1777
              ],
              [
                -75.75827,
                10.17841
              ],
              [
                -75.75926,
                10.17669
              ],
              [
                -75.75852,
                10.1777
              ]
            ]
          ],
          [
            [
              [
                -75.7658,
                10.17867
              ],
              [
                -75.76619,
                10.17871
              ],
              [
                -75.766,
                10.17824
              ],
              [
                -75.7658,
                10.17867
              ]
            ]
          ],
          [
            [
              [
                -75.7766,
                10.17881
              ],
              [
                -75.77677,
                10.1783
              ],
              [
                -75.77621,
                10.17791
              ],
              [
                -75.7766,
                10.17881
              ]
            ]
          ],
          [
            [
              [
                -75.75457,
                10.17901
              ],
              [
                -75.75478,
                10.17338
              ],
              [
                -75.75115,
                10.17607
              ],
              [
                -75.75457,
                10.17901
              ]
            ]
          ],
          [
            [
              [
                -75.67037,
                10.17947
              ],
              [
                -75.67118,
                10.17843
              ],
              [
                -75.66943,
                10.17751
              ],
              [
                -75.67037,
                10.17947
              ]
            ]
          ],
          [
            [
              [
                -75.77836,
                10.17939
              ],
              [
                -75.77773,
                10.1785
              ],
              [
                -75.77746,
                10.17927
              ],
              [
                -75.77836,
                10.17939
              ]
            ]
          ],
          [
            [
              [
                -75.77682,
                10.17932
              ],
              [
                -75.77705,
                10.17994
              ],
              [
                -75.77684,
                10.17906
              ],
              [
                -75.77682,
                10.17932
              ]
            ]
          ],
          [
            [
              [
                -75.74984,
                10.18007
              ],
              [
                -75.74965,
                10.17488
              ],
              [
                -75.74867,
                10.18049
              ],
              [
                -75.74984,
                10.18007
              ]
            ]
          ],
          [
            [
              [
                -75.77561,
                10.18067
              ],
              [
                -75.77593,
                10.18054
              ],
              [
                -75.77564,
                10.18046
              ],
              [
                -75.77561,
                10.18067
              ]
            ]
          ],
          [
            [
              [
                -75.7773,
                10.18078
              ],
              [
                -75.77757,
                10.18068
              ],
              [
                -75.77738,
                10.18016
              ],
              [
                -75.7773,
                10.18078
              ]
            ]
          ],
          [
            [
              [
                -75.77159,
                10.18113
              ],
              [
                -75.77195,
                10.18096
              ],
              [
                -75.77146,
                10.18071
              ],
              [
                -75.77159,
                10.18113
              ]
            ]
          ],
          [
            [
              [
                -75.74867,
                10.18151
              ],
              [
                -75.74894,
                10.18229
              ],
              [
                -75.74891,
                10.18189
              ],
              [
                -75.74867,
                10.18151
              ]
            ]
          ],
          [
            [
              [
                -75.71786,
                10.18313
              ],
              [
                -75.71797,
                10.18286
              ],
              [
                -75.7173,
                10.18297
              ],
              [
                -75.71786,
                10.18313
              ]
            ]
          ],
          [
            [
              [
                -75.72154,
                10.18394
              ],
              [
                -75.72248,
                10.18337
              ],
              [
                -75.72211,
                10.18211
              ],
              [
                -75.72154,
                10.18394
              ]
            ]
          ],
          [
            [
              [
                -75.73723,
                10.18408
              ],
              [
                -75.74724,
                10.17228
              ],
              [
                -75.72343,
                10.18111
              ],
              [
                -75.73723,
                10.18408
              ]
            ]
          ],
          [
            [
              [
                -75.72616,
                10.18478
              ],
              [
                -75.7265,
                10.18493
              ],
              [
                -75.72642,
                10.18463
              ],
              [
                -75.72616,
                10.18478
              ]
            ]
          ],
          [
            [
              [
                -75.72783,
                10.18487
              ],
              [
                -75.72815,
                10.18488
              ],
              [
                -75.7275,
                10.18449
              ],
              [
                -75.72783,
                10.18487
              ]
            ]
          ],
          [
            [
              [
                -75.71754,
                10.18501
              ],
              [
                -75.71783,
                10.18448
              ],
              [
                -75.71748,
                10.1847
              ],
              [
                -75.71754,
                10.18501
              ]
            ]
          ],
          [
            [
              [
                -75.73713,
                10.18523
              ],
              [
                -75.73705,
                10.18527
              ],
              [
                -75.73713,
                10.18539
              ],
              [
                -75.73713,
                10.18523
              ]
            ]
          ],
          [
            [
              [
                -75.73804,
                10.18543
              ],
              [
                -75.73802,
                10.18517
              ],
              [
                -75.73769,
                10.18525
              ],
              [
                -75.73804,
                10.18543
              ]
            ]
          ],
          [
            [
              [
                -75.57762,
                10.31371
              ],
              [
                -75.57829,
                10.3149
              ],
              [
                -75.57661,
                10.31189
              ],
              [
                -75.57762,
                10.31371
              ]
            ]
          ],
          [
            [
              [
                -75.57537,
                10.38136
              ],
              [
                -75.59341,
                10.34767
              ],
              [
                -75.58213,
                10.31801
              ],
              [
                -75.57446,
                10.34154
              ],
              [
                -75.54895,
                10.33611
              ],
              [
                -75.5383,
                10.34917
              ],
              [
                -75.55165,
                10.35586
              ],
              [
                -75.53746,
                10.35702
              ],
              [
                -75.57537,
                10.38136
              ]
            ]
          ]
        ]
      },
      "properties": {
        "code": "13001",
        "departmentCode": "13",
        "name": "CARTAGENA DE INDIAS",
        "originalCode": "001",
        "originalName": "CARTAGENA DE INDIAS",
        "MPIO_TIPO": "MUNICIPIO",
        "type": "MUNICIPIO",
        "unitType": "municipio",
        "MPIO_NAREA": 597.12113136,
        "MPIO_NANO": 2025,
        "MPIO_CRSLCION": "1599",
        "areaName": 597.12113136,
        "creationYear": 2025,
        "creationResolution": "1599",
        "resultType": "observed",
        "source": "dane-divipola-mgn-2025",
        "year": 2025
      }
    },
    {
      "type": "Feature",
      "id": 1751,
      "geometry": {
        "type": "Polygon",
        "coordinates": [
          [
            [
              -74.53501,
              8.83829
            ],
            [
              -74.5648,
              8.83627
            ],
            [
              -74.53963,
              8.80037
            ],
            [
              -74.61073,
              8.75594
            ],
            [
              -74.58671,
              8.63078
            ],
            [
              -74.59471,
              8.5923
            ],
            [
              -74.56258,
              8.56905
            ],
            [
              -74.57415,
              8.53011
            ],
            [
              -74.53541,
              8.48064
            ],
            [
              -74.53902,
              8.42802
            ],
            [
              -74.5206,
              8.40535
            ],
            [
              -74.53591,
              8.39033
            ],
            [
              -74.51809,
              8.36694
            ],
            [
              -74.51218,
              8.40944
            ],
            [
              -74.4566,
              8.40799
            ],
            [
              -74.41361,
              8.46767
            ],
            [
              -74.38143,
              8.45897
            ],
            [
              -74.35246,
              8.49246
            ],
            [
              -74.39959,
              8.5183
            ],
            [
              -74.34591,
              8.53771
            ],
            [
              -74.34753,
              8.57999
            ],
            [
              -74.32225,
              8.60649
            ],
            [
              -74.36519,
              8.62767
            ],
            [
              -74.36957,
              8.69321
            ],
            [
              -74.38908,
              8.71581
            ],
            [
              -74.37469,
              8.74849
            ],
            [
              -74.42089,
              8.7737
            ],
            [
              -74.41767,
              8.78847
            ],
            [
              -74.48381,
              8.78932
            ],
            [
              -74.4545,
              8.80793
            ],
            [
              -74.46272,
              8.82134
            ],
            [
              -74.53501,
              8.83829
            ]
          ]
        ]
      },
      "properties": {
        "code": "13006",
        "departmentCode": "13",
        "name": "ACHÍ",
        "originalCode": "006",
        "originalName": "ACHÍ",
        "MPIO_TIPO": "MUNICIPIO",
        "type": "MUNICIPIO",
        "unitType": "municipio",
        "MPIO_NAREA": 950.7872899,
        "MPIO_NANO": 2024,
        "MPIO_CRSLCION": "Ordenanza 15 de Abril 18 de 1934",
        "areaName": 950.7872899,
        "creationYear": 2024,
        "creationResolution": "Ordenanza 15 de Abril 18 de 1934",
        "resultType": "observed",
        "source": "dane-divipola-mgn-2025",
        "year": 2025
      }
    },
    {
      "type": "Feature",
      "id": 1752,
      "geometry": {
        "type": "Polygon",
        "coordinates": [
          [
            [
              -74.11303,
              8.83824
            ],
            [
              -74.13933,
              8.82454
            ],
            [
              -74.17194,
              8.83142
            ],
            [
              -74.23735,
              8.7984
            ],
            [
              -74.31653,
              8.81436
            ],
            [
              -74.28952,
              8.77672
            ],
            [
              -74.29257,
              8.7261
            ],
            [
              -74.2749,
              8.71889
            ],
            [
              -74.28733,
              8.70372
            ],
            [
              -74.2116,
              8.6499
            ],
            [
              -74.16807,
              8.6601
            ],
            [
              -74.16416,
              8.68819
            ],
            [
              -74.19212,
              8.6785
            ],
            [
              -74.2118,
              8.69405
            ],
            [
              -74.19913,
              8.71187
            ],
            [
              -74.14339,
              8.7099
            ],
            [
              -74.07997,
              8.77505
            ],
            [
              -74.07307,
              8.82129
            ],
            [
              -74.09614,
              8.81892
            ],
            [
              -74.11303,
              8.83824
            ]
          ]
        ]
      },
      "properties": {
        "code": "13030",
        "departmentCode": "13",
        "name": "ALTOS DEL ROSARIO",
        "originalCode": "030",
        "originalName": "ALTOS DEL ROSARIO",
        "MPIO_TIPO": "MUNICIPIO",
        "type": "MUNICIPIO",
        "unitType": "municipio",
        "MPIO_NAREA": 303.33588526,
        "MPIO_NANO": 2024,
        "MPIO_CRSLCION": "Ordenanza 30 de diciembre 13 de 1994",
        "areaName": 303.33588526,
        "creationYear": 2024,
        "creationResolution": "Ordenanza 30 de diciembre 13 de 1994",
        "resultType": "observed",
        "source": "dane-divipola-mgn-2025",
        "year": 2025
      }
    },
    {
      "type": "Feature",
      "id": 1753,
      "geometry": {
        "type": "Polygon",
        "coordinates": [
          [
            [
              -73.88046,
              8.47169
            ],
            [
              -73.95113,
              8.48579
            ],
            [
              -73.99392,
              8.46262
            ],
            [
              -74.00942,
              8.43576
            ],
            [
              -74.05579,
              8.42956
            ],
            [
              -74.09403,
              8.39222
            ],
            [
              -74.13155,
              8.39731
            ],
            [
              -74.17034,
              8.37048
            ],
            [
              -74.17643,
              8.34874
            ],
            [
              -74.23095,
              8.3286
            ],
            [
              -74.25691,
              8.28317
            ],
            [
              -74.31542,
              8.24339
            ],
            [
              -74.33346,
              8.20504
            ],
            [
              -74.32834,
              8.17834
            ],
            [
              -74.30644,
              8.1593
            ],
            [
              -74.26411,
              8.1597
            ],
            [
              -74.24285,
              8.21107
            ],
            [
              -74.19835,
              8.26494
            ],
            [
              -74.17643,
              8.26858
            ],
            [
              -74.16076,
              8.3087
            ],
            [
              -74.14164,
              8.30583
            ],
            [
              -74.01882,
              8.37824
            ],
            [
              -73.95791,
              8.3872
            ],
            [
              -73.92225,
              8.37131
            ],
            [
              -73.8941,
              8.38291
            ],
            [
              -73.87217,
              8.41033
            ],
            [
              -73.88046,
              8.47169
            ]
          ]
        ]
      },
      "properties": {
        "code": "13042",
        "departmentCode": "13",
        "name": "ARENAL",
        "originalCode": "042",
        "originalName": "ARENAL",
        "MPIO_TIPO": "MUNICIPIO",
        "type": "MUNICIPIO",
        "unitType": "municipio",
        "MPIO_NAREA": 461.41074019,
        "MPIO_NANO": 2024,
        "MPIO_CRSLCION": "ORD 18 DE MAYO 16 DE 1996",
        "areaName": 461.41074019,
        "creationYear": 2024,
        "creationResolution": "ORD 18 DE MAYO 16 DE 1996",
        "resultType": "observed",
        "source": "dane-divipola-mgn-2025",
        "year": 2025
      }
    },
    {
      "type": "Feature",
      "id": 1754,
      "geometry": {
        "type": "Polygon",
        "coordinates": [
          [
            [
              -75.30055,
              10.33871
            ],
            [
              -75.30667,
              10.32138
            ],
            [
              -75.32267,
              10.32828
            ],
            [
              -75.33742,
              10.30535
            ],
            [
              -75.38412,
              10.29159
            ],
            [
              -75.3863,
              10.23646
            ],
            [
              -75.43971,
              10.20857
            ],
            [
              -75.44243,
              10.16486
            ],
            [
              -75.49618,
              10.14793
            ],
            [
              -75.54259,
              10.03915
            ],
            [
              -75.51057,
              10.02511
            ],
            [
              -75.47029,
              10.04112
            ],
            [
              -75.43674,
              10.01742
            ],
            [
              -75.35969,
              10.09051
            ],
            [
              -75.24722,
              10.09298
            ],
            [
              -75.24312,
              10.13425
            ],
            [
              -75.26452,
              10.13632
            ],
            [
              -75.28029,
              10.16068
            ],
            [
              -75.24827,
              10.21014
            ],
            [
              -75.27972,
              10.23769
            ],
            [
              -75.23549,
              10.27761
            ],
            [
              -75.25819,
              10.29677
            ],
            [
              -75.25769,
              10.31887
            ],
            [
              -75.30055,
              10.33871
            ]
          ]
        ]
      },
      "properties": {
        "code": "13052",
        "departmentCode": "13",
        "name": "ARJONA",
        "originalCode": "052",
        "originalName": "ARJONA",
        "MPIO_TIPO": "MUNICIPIO",
        "type": "MUNICIPIO",
        "unitType": "municipio",
        "MPIO_NAREA": 587.17465022,
        "MPIO_NANO": 2024,
        "MPIO_CRSLCION": "1770",
        "areaName": 587.17465022,
        "creationYear": 2024,
        "creationResolution": "1770",
        "resultType": "observed",
        "source": "dane-divipola-mgn-2025",
        "year": 2025
      }
    },
    {
      "type": "Feature",
      "id": 1755,
      "geometry": {
        "type": "Polygon",
        "coordinates": [
          [
            [
              -75.10957,
              10.17106
            ],
            [
              -75.08147,
              10.15662
            ],
            [
              -75.03207,
              10.20372
            ],
            [
              -74.97082,
              10.20114
            ],
            [
              -74.95763,
              10.21304
            ],
            [
              -74.96728,
              10.26653
            ],
            [
              -74.95619,
              10.27154
            ],
            [
              -74.97943,
              10.29501
            ],
            [
              -74.97792,
              10.32517
            ],
            [
              -75.02478,
              10.31494
            ],
            [
              -75.01704,
              10.28742
            ],
            [
              -75.04805,
              10.26424
            ],
            [
              -75.08691,
              10.27256
            ],
            [
              -75.09859,
              10.2397
            ],
            [
              -75.07807,
              10.22679
            ],
            [
              -75.09448,
              10.21826
            ],
            [
              -75.10957,
              10.17106
            ]
          ]
        ]
      },
      "properties": {
        "code": "13062",
        "departmentCode": "13",
        "name": "ARROYOHONDO",
        "originalCode": "062",
        "originalName": "ARROYOHONDO",
        "MPIO_TIPO": "MUNICIPIO",
        "type": "MUNICIPIO",
        "unitType": "municipio",
        "MPIO_NAREA": 163.70340201,
        "MPIO_NANO": 2024,
        "MPIO_CRSLCION": "ORD 41 DE DICIEMBRE 02 DE 1997",
        "areaName": 163.70340201,
        "creationYear": 2024,
        "creationResolution": "ORD 41 DE DICIEMBRE 02 DE 1997",
        "resultType": "observed",
        "source": "dane-divipola-mgn-2025",
        "year": 2025
      }
    },
    {
      "type": "Feature",
      "id": 1756,
      "geometry": {
        "type": "Polygon",
        "coordinates": [
          [
            [
              -74.07182,
              8.94817
            ],
            [
              -74.22546,
              8.94714
            ],
            [
              -74.27485,
              8.86146
            ],
            [
              -74.36053,
              8.87928
            ],
            [
              -74.32276,
              8.85831
            ],
            [
              -74.29098,
              8.80714
            ],
            [
              -74.23735,
              8.7984
            ],
            [
              -74.19069,
              8.82528
            ],
            [
              -74.13929,
              8.82454
            ],
            [
              -74.11533,
              8.83934
            ],
            [
              -74.09614,
              8.81892
            ],
            [
              -74.07307,
              8.82129
            ],
            [
              -74.07997,
              8.77505
            ],
            [
              -74.11863,
              8.72833
            ],
            [
              -74.15347,
              8.70687
            ],
            [
              -74.20447,
              8.70865
            ],
            [
              -74.21328,
              8.68521
            ],
            [
              -74.16261,
              8.68663
            ],
            [
              -74.17723,
              8.65628
            ],
            [
              -74.13796,
              8.65455
            ],
            [
              -74.05103,
              8.7355
            ],
            [
              -74.06006,
              8.75406
            ],
            [
              -74.03696,
              8.79541
            ],
            [
              -74.07263,
              8.83203
            ],
            [
              -74.07182,
              8.94817
            ]
          ]
        ]
      },
      "properties": {
        "code": "13074",
        "departmentCode": "13",
        "name": "BARRANCO DE LOBA",
        "originalCode": "074",
        "originalName": "BARRANCO DE LOBA",
        "MPIO_TIPO": "MUNICIPIO",
        "type": "MUNICIPIO",
        "unitType": "municipio",
        "MPIO_NAREA": 430.26692062,
        "MPIO_NANO": 2024,
        "MPIO_CRSLCION": "Ordenanza 29 del 29 de Abril  de 1931",
        "areaName": 430.26692062,
        "creationYear": 2024,
        "creationResolution": "Ordenanza 29 del 29 de Abril  de 1931",
        "resultType": "observed",
        "source": "dane-divipola-mgn-2025",
        "year": 2025
      }
    },
    {
      "type": "Feature",
      "id": 1757,
      "geometry": {
        "type": "Polygon",
        "coordinates": [
          [
            [
              -75.01306,
              10.36227
            ],
            [
              -75.06993,
              10.3443
            ],
            [
              -75.06218,
              10.32473
            ],
            [
              -75.08672,
              10.30551
            ],
            [
              -75.08919,
              10.28009
            ],
            [
              -75.06165,
              10.29569
            ],
            [
              -75.06739,
              10.26945
            ],
            [
              -75.04805,
              10.26424
            ],
            [
              -75.01704,
              10.28742
            ],
            [
              -75.02481,
              10.31491
            ],
            [
              -74.98663,
              10.33013
            ],
            [
              -74.95619,
              10.27154
            ],
            [
              -74.96728,
              10.26653
            ],
            [
              -74.95705,
              10.21385
            ],
            [
              -75.05917,
              10.18735
            ],
            [
              -75.08823,
              10.12151
            ],
            [
              -75.0015,
              10.1039
            ],
            [
              -74.94543,
              10.12856
            ],
            [
              -74.91075,
              10.25445
            ],
            [
              -74.96462,
              10.3258
            ],
            [
              -75.01306,
              10.36227
            ]
          ]
        ]
      },
      "properties": {
        "code": "13140",
        "departmentCode": "13",
        "name": "CALAMAR",
        "originalCode": "140",
        "originalName": "CALAMAR",
        "MPIO_TIPO": "MUNICIPIO",
        "type": "MUNICIPIO",
        "unitType": "municipio",
        "MPIO_NAREA": 255.26445245,
        "MPIO_NANO": 2025,
        "MPIO_CRSLCION": "Ordenanza 42 del 27 de Abril de 1923",
        "areaName": 255.26445245,
        "creationYear": 2025,
        "creationResolution": "Ordenanza 42 del 27 de Abril de 1923",
        "resultType": "observed",
        "source": "dane-divipola-mgn-2025",
        "year": 2025
      }
    },
    {
      "type": "Feature",
      "id": 1758,
      "geometry": {
        "type": "Polygon",
        "coordinates": [
          [
            [
              -73.89542,
              7.43007
            ],
            [
              -73.95133,
              7.43054
            ],
            [
              -74.03549,
              7.37041
            ],
            [
              -74.08806,
              7.38474
            ],
            [
              -74.14846,
              7.32446
            ],
            [
              -74.13024,
              7.31684
            ],
            [
              -74.12493,
              7.29082
            ],
            [
              -74.17547,
              7.29108
            ],
            [
              -74.29124,
              7.24154
            ],
            [
              -74.2806,
              7.18835
            ],
            [
              -74.2253,
              7.1543
            ],
            [
              -74.23877,
              7.13498
            ],
            [
              -74.22269,
              7.10619
            ],
            [
              -74.29444,
              7.01653
            ],
            [
              -74.24577,
              7.00267
            ],
            [
              -73.94267,
              7.26563
            ],
            [
              -73.91444,
              7.29931
            ],
            [
              -73.89542,
              7.43007
            ]
          ]
        ]
      },
      "properties": {
        "code": "13160",
        "departmentCode": "13",
        "name": "CANTAGALLO",
        "originalCode": "160",
        "originalName": "CANTAGALLO",
        "MPIO_TIPO": "MUNICIPIO",
        "type": "MUNICIPIO",
        "unitType": "municipio",
        "MPIO_NAREA": 880.4222795,
        "MPIO_NANO": 2024,
        "MPIO_CRSLCION": "Ordenanza 30 de diciembre 13 de 1994",
        "areaName": 880.4222795,
        "creationYear": 2024,
        "creationResolution": "Ordenanza 30 de diciembre 13 de 1994",
        "resultType": "observed",
        "source": "dane-divipola-mgn-2025",
        "year": 2025
      }
    },
    {
      "type": "Feature",
      "id": 1759,
      "geometry": {
        "type": "Polygon",
        "coordinates": [
          [
            [
              -74.65075,
              9.19206
            ],
            [
              -74.65865,
              9.21068
            ],
            [
              -74.61888,
              9.26281
            ],
            [
              -74.62349,
              9.29183
            ],
            [
              -74.65945,
              9.28406
            ],
            [
              -74.67812,
              9.30575
            ],
            [
              -74.73355,
              9.26387
            ],
            [
              -74.76035,
              9.20929
            ],
            [
              -74.73286,
              9.19983
            ],
            [
              -74.72301,
              9.17684
            ],
            [
              -74.68378,
              9.16847
            ],
            [
              -74.66382,
              9.16822
            ],
            [
              -74.65075,
              9.19206
            ]
          ]
        ]
      },
      "properties": {
        "code": "13188",
        "departmentCode": "13",
        "name": "CICUCO",
        "originalCode": "188",
        "originalName": "CICUCO",
        "MPIO_TIPO": "MUNICIPIO",
        "type": "MUNICIPIO",
        "unitType": "municipio",
        "MPIO_NAREA": 133.0619409,
        "MPIO_NANO": 2024,
        "MPIO_CRSLCION": "Ordenanza 30 de diciembre 30 de 1994",
        "areaName": 133.0619409,
        "creationYear": 2024,
        "creationResolution": "Ordenanza 30 de diciembre 30 de 1994",
        "resultType": "observed",
        "source": "dane-divipola-mgn-2025",
        "year": 2025
      }
    },
    {
      "type": "Feature",
      "id": 1760,
      "geometry": {
        "type": "Polygon",
        "coordinates": [
          [
            [
              -74.96119,
              9.68082
            ],
            [
              -74.98103,
              9.67727
            ],
            [
              -74.95933,
              9.62548
            ],
            [
              -74.97863,
              9.61111
            ],
            [
              -74.99585,
              9.54083
            ],
            [
              -75.02061,
              9.52496
            ],
            [
              -75.03645,
              9.47621
            ],
            [
              -74.96913,
              9.43507
            ],
            [
              -74.93566,
              9.44817
            ],
            [
              -74.89095,
              9.43108
            ],
            [
              -74.92158,
              9.40078
            ],
            [
              -74.91051,
              9.38927
            ],
            [
              -74.80079,
              9.44209
            ],
            [
              -74.80835,
              9.4619
            ],
            [
              -74.77572,
              9.50159
            ],
            [
              -74.80675,
              9.55073
            ],
            [
              -74.77668,
              9.57956
            ],
            [
              -74.7726,
              9.60955
            ],
            [
              -74.79074,
              9.65264
            ],
            [
              -74.86436,
              9.6516
            ],
            [
              -74.96119,
              9.68082
            ]
          ]
        ]
      },
      "properties": {
        "code": "13212",
        "departmentCode": "13",
        "name": "CÓRDOBA",
        "originalCode": "212",
        "originalName": "CÓRDOBA",
        "MPIO_TIPO": "MUNICIPIO",
        "type": "MUNICIPIO",
        "unitType": "municipio",
        "MPIO_NAREA": 596.90712001,
        "MPIO_NANO": 2024,
        "MPIO_CRSLCION": "1909",
        "areaName": 596.90712001,
        "creationYear": 2024,
        "creationResolution": "1909",
        "resultType": "observed",
        "source": "dane-divipola-mgn-2025",
        "year": 2025
      }
    },
    {
      "type": "Feature",
      "id": 1761,
      "geometry": {
        "type": "Polygon",
        "coordinates": [
          [
            [
              -75.31877,
              10.60909
            ],
            [
              -75.342,
              10.61424
            ],
            [
              -75.34572,
              10.58464
            ],
            [
              -75.38845,
              10.544
            ],
            [
              -75.33856,
              10.52095
            ],
            [
              -75.31329,
              10.53692
            ],
            [
              -75.30737,
              10.51976
            ],
            [
              -75.27219,
              10.52769
            ],
            [
              -75.2453,
              10.50607
            ],
            [
              -75.25559,
              10.52484
            ],
            [
              -75.23655,
              10.5562
            ],
            [
              -75.29252,
              10.55526
            ],
            [
              -75.29433,
              10.59013
            ],
            [
              -75.31877,
              10.60909
            ]
          ]
        ]
      },
      "properties": {
        "code": "13222",
        "departmentCode": "13",
        "name": "CLEMENCIA",
        "originalCode": "222",
        "originalName": "CLEMENCIA",
        "MPIO_TIPO": "MUNICIPIO",
        "type": "MUNICIPIO",
        "unitType": "municipio",
        "MPIO_NAREA": 85.30840076,
        "MPIO_NANO": 2024,
        "MPIO_CRSLCION": "Ordenanza 017 del 3 de Agosto de 1995",
        "areaName": 85.30840076,
        "creationYear": 2024,
        "creationResolution": "Ordenanza 017 del 3 de Agosto de 1995",
        "resultType": "observed",
        "source": "dane-divipola-mgn-2025",
        "year": 2025
      }
    },
    {
      "type": "Feature",
      "id": 1762,
      "geometry": {
        "type": "Polygon",
        "coordinates": [
          [
            [
              -75.3143,
              9.87854
            ],
            [
              -75.35997,
              9.7375
            ],
            [
              -75.37796,
              9.72036
            ],
            [
              -75.37386,
              9.63008
            ],
            [
              -75.35625,
              9.64731
            ],
            [
              -75.32708,
              9.61671
            ],
            [
              -75.31473,
              9.65276
            ],
            [
              -75.26935,
              9.68477
            ],
            [
              -75.27056,
              9.67
            ],
            [
              -75.23268,
              9.64667
            ],
            [
              -75.16451,
              9.64647
            ],
            [
              -75.18933,
              9.62927
            ],
            [
              -75.18264,
              9.60365
            ],
            [
              -75.16594,
              9.61326
            ],
            [
              -75.13339,
              9.59643
            ],
            [
              -75.07785,
              9.53276
            ],
            [
              -75.00527,
              9.53096
            ],
            [
              -74.97863,
              9.61111
            ],
            [
              -74.95895,
              9.62671
            ],
            [
              -74.98103,
              9.67727
            ],
            [
              -74.95564,
              9.68992
            ],
            [
              -74.96633,
              9.72568
            ],
            [
              -74.95156,
              9.76634
            ],
            [
              -74.99181,
              9.75859
            ],
            [
              -75.02077,
              9.78602
            ],
            [
              -75.05081,
              9.78476
            ],
            [
              -75.07725,
              9.77435
            ],
            [
              -75.07473,
              9.76096
            ],
            [
              -75.11047,
              9.7588
            ],
            [
              -75.16688,
              9.78633
            ],
            [
              -75.23203,
              9.78218
            ],
            [
              -75.24447,
              9.80582
            ],
            [
              -75.23753,
              9.86241
            ],
            [
              -75.3143,
              9.87854
            ]
          ]
        ]
      },
      "properties": {
        "code": "13244",
        "departmentCode": "13",
        "name": "EL CARMEN DE BOLÍVAR",
        "originalCode": "244",
        "originalName": "EL CARMEN DE BOLÍVAR",
        "MPIO_TIPO": "MUNICIPIO",
        "type": "MUNICIPIO",
        "unitType": "municipio",
        "MPIO_NAREA": 945.7431882,
        "MPIO_NANO": 2024,
        "MPIO_CRSLCION": "Ley 13 de 1857",
        "areaName": 945.7431882,
        "creationYear": 2024,
        "creationResolution": "Ley 13 de 1857",
        "resultType": "observed",
        "source": "dane-divipola-mgn-2025",
        "year": 2025
      }
    },
    {
      "type": "Feature",
      "id": 1763,
      "geometry": {
        "type": "Polygon",
        "coordinates": [
          [
            [
              -74.83974,
              10.07866
            ],
            [
              -74.92678,
              10.10816
            ],
            [
              -74.94543,
              10.12856
            ],
            [
              -74.9962,
              10.10453
            ],
            [
              -75.02874,
              10.1114
            ],
            [
              -75.06006,
              10.02331
            ],
            [
              -75.00979,
              10.0081
            ],
            [
              -75.01775,
              9.96848
            ],
            [
              -74.99983,
              9.97613
            ],
            [
              -74.96872,
              9.95069
            ],
            [
              -74.90985,
              9.97856
            ],
            [
              -74.86482,
              9.94299
            ],
            [
              -74.78769,
              10.00717
            ],
            [
              -74.83974,
              10.07866
            ]
          ]
        ]
      },
      "properties": {
        "code": "13248",
        "departmentCode": "13",
        "name": "EL GUAMO",
        "originalCode": "248",
        "originalName": "EL GUAMO",
        "MPIO_TIPO": "MUNICIPIO",
        "type": "MUNICIPIO",
        "unitType": "municipio",
        "MPIO_NAREA": 382.96771281,
        "MPIO_NANO": 2024,
        "MPIO_CRSLCION": "1853",
        "areaName": 382.96771281,
        "creationYear": 2024,
        "creationResolution": "1853",
        "resultType": "observed",
        "source": "dane-divipola-mgn-2025",
        "year": 2025
      }
    },
    {
      "type": "Feature",
      "id": 1764,
      "geometry": {
        "type": "Polygon",
        "coordinates": [
          [
            [
              -73.95879,
              8.85826
            ],
            [
              -73.96603,
              8.81245
            ],
            [
              -73.94414,
              8.78783
            ],
            [
              -73.9326,
              8.73625
            ],
            [
              -73.89651,
              8.72606
            ],
            [
              -73.89072,
              8.74516
            ],
            [
              -73.87581,
              8.72336
            ],
            [
              -73.85663,
              8.73
            ],
            [
              -73.87308,
              8.79191
            ],
            [
              -73.81835,
              8.8352
            ],
            [
              -73.87021,
              8.89553
            ],
            [
              -73.87081,
              8.96096
            ],
            [
              -73.96257,
              8.99596
            ],
            [
              -73.98884,
              8.93996
            ],
            [
              -73.96619,
              8.89683
            ],
            [
              -73.97808,
              8.87293
            ],
            [
              -73.95879,
              8.85826
            ]
          ]
        ]
      },
      "properties": {
        "code": "13268",
        "departmentCode": "13",
        "name": "EL PEÑÓN",
        "originalCode": "268",
        "originalName": "EL PEÑÓN",
        "MPIO_TIPO": "MUNICIPIO",
        "type": "MUNICIPIO",
        "unitType": "municipio",
        "MPIO_NAREA": 318.49957513,
        "MPIO_NANO": 2024,
        "MPIO_CRSLCION": "Ordenanza 42 de Noviembre 1 de 1995",
        "areaName": 318.49957513,
        "creationYear": 2024,
        "creationResolution": "Ordenanza 42 de Noviembre 1 de 1995",
        "resultType": "observed",
        "source": "dane-divipola-mgn-2025",
        "year": 2025
      }
    },
    {
      "type": "Feature",
      "id": 1765,
      "geometry": {
        "type": "MultiPolygon",
        "coordinates": [
          [
            [
              [
                -74.03085,
                9.02909
              ],
              [
                -74.03667,
                9.04453
              ],
              [
                -74.05659,
                9.01862
              ],
              [
                -74.10031,
                9.0187
              ],
              [
                -74.10853,
                8.98617
              ],
              [
                -74.12804,
                9.00358
              ],
              [
                -74.19453,
                8.98699
              ],
              [
                -74.22673,
                8.94794
              ],
              [
                -74.15602,
                8.93935
              ],
              [
                -74.1077,
                8.95542
              ],
              [
                -74.0088,
                8.9534
              ],
              [
                -74.00284,
                8.97416
              ],
              [
                -73.97767,
                8.98393
              ],
              [
                -74.00468,
                9.00144
              ],
              [
                -73.98487,
                9.01022
              ],
              [
                -74.00676,
                9.03183
              ],
              [
                -74.03085,
                9.02909
              ]
            ]
          ],
          [
            [
              [
                -74.37865,
                9.01532
              ],
              [
                -74.43258,
                9.00927
              ],
              [
                -74.40156,
                9.00032
              ],
              [
                -74.37323,
                8.9664
              ],
              [
                -74.30943,
                8.97949
              ],
              [
                -74.28263,
                8.96795
              ],
              [
                -74.26381,
                8.9902
              ],
              [
                -74.31969,
                8.98272
              ],
              [
                -74.37865,
                9.01532
              ]
            ]
          ]
        ]
      },
      "properties": {
        "code": "13300",
        "departmentCode": "13",
        "name": "HATILLO DE LOBA",
        "originalCode": "300",
        "originalName": "HATILLO DE LOBA",
        "MPIO_TIPO": "MUNICIPIO",
        "type": "MUNICIPIO",
        "unitType": "municipio",
        "MPIO_NAREA": 194.04654491,
        "MPIO_NANO": 2024,
        "MPIO_CRSLCION": "Ordenanza 30 de diciembre 13 de 1994",
        "areaName": 194.04654491,
        "creationYear": 2024,
        "creationResolution": "Ordenanza 30 de diciembre 13 de 1994",
        "resultType": "observed",
        "source": "dane-divipola-mgn-2025",
        "year": 2025
      }
    },
    {
      "type": "Feature",
      "id": 1766,
      "geometry": {
        "type": "Polygon",
        "coordinates": [
          [
            [
              -74.73933,
              9.42698
            ],
            [
              -74.75143,
              9.45765
            ],
            [
              -74.77588,
              9.46328
            ],
            [
              -74.85935,
              9.40417
            ],
            [
              -74.87948,
              9.41028
            ],
            [
              -74.92135,
              9.3902
            ],
            [
              -74.95046,
              9.3483
            ],
            [
              -74.93287,
              9.3284
            ],
            [
              -74.94451,
              9.2958
            ],
            [
              -74.92572,
              9.27896
            ],
            [
              -74.931,
              9.25484
            ],
            [
              -74.90467,
              9.22961
            ],
            [
              -74.90303,
              9.16348
            ],
            [
              -74.86326,
              9.14848
            ],
            [
              -74.82376,
              9.05742
            ],
            [
              -74.78185,
              9.03766
            ],
            [
              -74.75049,
              9.04236
            ],
            [
              -74.73686,
              9.01583
            ],
            [
              -74.68383,
              9.01151
            ],
            [
              -74.63936,
              8.97746
            ],
            [
              -74.57944,
              8.87277
            ],
            [
              -74.58559,
              8.84068
            ],
            [
              -74.47388,
              8.81962
            ],
            [
              -74.46027,
              8.84079
            ],
            [
              -74.47648,
              8.86566
            ],
            [
              -74.46419,
              8.88289
            ],
            [
              -74.4933,
              8.93621
            ],
            [
              -74.52644,
              8.96054
            ],
            [
              -74.53488,
              8.99508
            ],
            [
              -74.58831,
              9.00028
            ],
            [
              -74.61777,
              9.02704
            ],
            [
              -74.63392,
              9.01917
            ],
            [
              -74.7304,
              9.12766
            ],
            [
              -74.7265,
              9.19182
            ],
            [
              -74.76021,
              9.21578
            ],
            [
              -74.73355,
              9.26387
            ],
            [
              -74.67801,
              9.30902
            ],
            [
              -74.68727,
              9.33617
            ],
            [
              -74.75275,
              9.37941
            ],
            [
              -74.73933,
              9.42698
            ]
          ]
        ]
      },
      "properties": {
        "code": "13430",
        "departmentCode": "13",
        "name": "MAGANGUÉ",
        "originalCode": "430",
        "originalName": "MAGANGUÉ",
        "MPIO_TIPO": "MUNICIPIO",
        "type": "MUNICIPIO",
        "unitType": "municipio",
        "MPIO_NAREA": 1129.10422508,
        "MPIO_NANO": 2024,
        "MPIO_CRSLCION": "1813",
        "areaName": 1129.10422508,
        "creationYear": 2024,
        "creationResolution": "1813",
        "resultType": "observed",
        "source": "dane-divipola-mgn-2025",
        "year": 2025
      }
    },
    {
      "type": "Feature",
      "id": 1767,
      "geometry": {
        "type": "Polygon",
        "coordinates": [
          [
            [
              -75.19718,
              10.28842
            ],
            [
              -75.2009,
              10.30055
            ],
            [
              -75.22534,
              10.28899
            ],
            [
              -75.27823,
              10.24249
            ],
            [
              -75.24827,
              10.21014
            ],
            [
              -75.28029,
              10.16068
            ],
            [
              -75.24304,
              10.13219
            ],
            [
              -75.2474,
              10.09279
            ],
            [
              -75.28477,
              10.08884
            ],
            [
              -75.24971,
              10.06635
            ],
            [
              -75.22213,
              10.07882
            ],
            [
              -75.2293,
              10.05273
            ],
            [
              -75.19273,
              10.03531
            ],
            [
              -75.18169,
              10.08011
            ],
            [
              -75.16375,
              10.06882
            ],
            [
              -75.13428,
              10.10882
            ],
            [
              -75.10327,
              10.09719
            ],
            [
              -75.08575,
              10.11908
            ],
            [
              -75.07297,
              10.16125
            ],
            [
              -75.11247,
              10.16768
            ],
            [
              -75.07807,
              10.22679
            ],
            [
              -75.09847,
              10.23927
            ],
            [
              -75.09137,
              10.26689
            ],
            [
              -75.0666,
              10.27555
            ],
            [
              -75.06165,
              10.29569
            ],
            [
              -75.11765,
              10.27081
            ],
            [
              -75.15432,
              10.2941
            ],
            [
              -75.19718,
              10.28842
            ]
          ]
        ]
      },
      "properties": {
        "code": "13433",
        "departmentCode": "13",
        "name": "MAHATES",
        "originalCode": "433",
        "originalName": "MAHATES",
        "MPIO_TIPO": "MUNICIPIO",
        "type": "MUNICIPIO",
        "unitType": "municipio",
        "MPIO_NAREA": 432.09398187,
        "MPIO_NANO": 2024,
        "MPIO_CRSLCION": "1610",
        "areaName": 432.09398187,
        "creationYear": 2024,
        "creationResolution": "1610",
        "resultType": "observed",
        "source": "dane-divipola-mgn-2025",
        "year": 2025
      }
    },
    {
      "type": "Feature",
      "id": 1768,
      "geometry": {
        "type": "Polygon",
        "coordinates": [
          [
            [
              -74.29747,
              9.17689
            ],
            [
              -74.30118,
              9.12452
            ],
            [
              -74.3179,
              9.13705
            ],
            [
              -74.32386,
              9.11508
            ],
            [
              -74.26481,
              9.04152
            ],
            [
              -74.28752,
              9.00463
            ],
            [
              -74.28091,
              8.9902
            ],
            [
              -74.26358,
              8.99547
            ],
            [
              -74.27763,
              8.97416
            ],
            [
              -74.26852,
              8.96022
            ],
            [
              -74.23459,
              8.9452
            ],
            [
              -74.17929,
              8.9924
            ],
            [
              -74.12804,
              9.00358
            ],
            [
              -74.10829,
              8.98639
            ],
            [
              -74.10031,
              9.0187
            ],
            [
              -74.11176,
              9.04024
            ],
            [
              -74.1423,
              9.03396
            ],
            [
              -74.11804,
              9.049
            ],
            [
              -74.13466,
              9.0644
            ],
            [
              -74.15729,
              9.05738
            ],
            [
              -74.17659,
              9.08929
            ],
            [
              -74.22844,
              9.12405
            ],
            [
              -74.22008,
              9.13613
            ],
            [
              -74.24925,
              9.16538
            ],
            [
              -74.29614,
              9.15885
            ],
            [
              -74.29747,
              9.17689
            ]
          ]
        ]
      },
      "properties": {
        "code": "13440",
        "departmentCode": "13",
        "name": "MARGARITA",
        "originalCode": "440",
        "originalName": "MARGARITA",
        "MPIO_TIPO": "MUNICIPIO",
        "type": "MUNICIPIO",
        "unitType": "municipio",
        "MPIO_NAREA": 293.28344396,
        "MPIO_NANO": 2024,
        "MPIO_CRSLCION": "Ley 66 de 1882",
        "areaName": 293.28344396,
        "creationYear": 2024,
        "creationResolution": "Ley 66 de 1882",
        "resultType": "observed",
        "source": "dane-divipola-mgn-2025",
        "year": 2025
      }
    },
    {
      "type": "Feature",
      "id": 1769,
      "geometry": {
        "type": "Polygon",
        "coordinates": [
          [
            [
              -75.28439,
              10.0916
            ],
            [
              -75.35969,
              10.09051
            ],
            [
              -75.43674,
              10.01742
            ],
            [
              -75.45506,
              10.03667
            ],
            [
              -75.48728,
              10.03676
            ],
            [
              -75.48442,
              10.00687
            ],
            [
              -75.47018,
              10.00401
            ],
            [
              -75.4801,
              9.97845
            ],
            [
              -75.46418,
              9.96138
            ],
            [
              -75.46919,
              9.92471
            ],
            [
              -75.48205,
              9.9299
            ],
            [
              -75.46551,
              9.89177
            ],
            [
              -75.43085,
              9.91273
            ],
            [
              -75.42759,
              9.89288
            ],
            [
              -75.3967,
              9.89383
            ],
            [
              -75.42178,
              9.88446
            ],
            [
              -75.39358,
              9.88081
            ],
            [
              -75.37677,
              9.8494
            ],
            [
              -75.33869,
              9.82843
            ],
            [
              -75.31459,
              9.88434
            ],
            [
              -75.23497,
              9.89971
            ],
            [
              -75.23567,
              9.91963
            ],
            [
              -75.25628,
              9.92142
            ],
            [
              -75.20925,
              9.99384
            ],
            [
              -75.22204,
              10.01074
            ],
            [
              -75.20504,
              10.03959
            ],
            [
              -75.22933,
              10.05278
            ],
            [
              -75.22213,
              10.07882
            ],
            [
              -75.24971,
              10.06635
            ],
            [
              -75.28439,
              10.0916
            ]
          ]
        ]
      },
      "properties": {
        "code": "13442",
        "departmentCode": "13",
        "name": "MARÍA LA BAJA",
        "originalCode": "442",
        "originalName": "MARÍA LA BAJA",
        "MPIO_TIPO": "MUNICIPIO",
        "type": "MUNICIPIO",
        "unitType": "municipio",
        "MPIO_NAREA": 561.06225383,
        "MPIO_NANO": 2024,
        "MPIO_CRSLCION": "Ley 119 del 14 de Septiembretiembre de 1936",
        "areaName": 561.06225383,
        "creationYear": 2024,
        "creationResolution": "Ley 119 del 14 de Septiembretiembre de 1936",
        "resultType": "observed",
        "source": "dane-divipola-mgn-2025",
        "year": 2025
      }
    },
    {
      "type": "Feature",
      "id": 1770,
      "geometry": {
        "type": "Polygon",
        "coordinates": [
          [
            [
              -74.44242,
              8.40796
            ],
            [
              -74.44641,
              8.43028
            ],
            [
              -74.4571,
              8.40777
            ],
            [
              -74.51218,
              8.40944
            ],
            [
              -74.52666,
              8.32491
            ],
            [
              -74.50164,
              8.29233
            ],
            [
              -74.52935,
              8.25496
            ],
            [
              -74.55661,
              8.26595
            ],
            [
              -74.62207,
              8.24656
            ],
            [
              -74.66428,
              8.22451
            ],
            [
              -74.68373,
              8.18813
            ],
            [
              -74.6166,
              8.08374
            ],
            [
              -74.61463,
              8.03182
            ],
            [
              -74.60257,
              8.03738
            ],
            [
              -74.57411,
              7.9794
            ],
            [
              -74.53892,
              7.94692
            ],
            [
              -74.5198,
              7.9008
            ],
            [
              -74.5253,
              7.78257
            ],
            [
              -74.51358,
              7.78103
            ],
            [
              -74.50704,
              7.72263
            ],
            [
              -74.47488,
              7.7043
            ],
            [
              -74.47666,
              7.68186
            ],
            [
              -74.53061,
              7.6712
            ],
            [
              -74.56413,
              7.64025
            ],
            [
              -74.56838,
              7.51811
            ],
            [
              -74.58976,
              7.51188
            ],
            [
              -74.59851,
              7.46566
            ],
            [
              -74.57222,
              7.43056
            ],
            [
              -74.5453,
              7.48945
            ],
            [
              -74.53325,
              7.4792
            ],
            [
              -74.5277,
              7.50072
            ],
            [
              -74.50655,
              7.48016
            ],
            [
              -74.48965,
              7.48893
            ],
            [
              -74.4988,
              7.54169
            ],
            [
              -74.46669,
              7.57874
            ],
            [
              -74.47583,
              7.61381
            ],
            [
              -74.4454,
              7.67926
            ],
            [
              -74.45967,
              7.71447
            ],
            [
              -74.45125,
              7.78859
            ],
            [
              -74.43987,
              7.80259
            ],
            [
              -74.37974,
              7.79547
            ],
            [
              -74.3579,
              7.82509
            ],
            [
              -74.37148,
              7.83492
            ],
            [
              -74.33993,
              7.86596
            ],
            [
              -74.34911,
              7.8896
            ],
            [
              -74.3316,
              7.92084
            ],
            [
              -74.29739,
              7.91975
            ],
            [
              -74.25646,
              7.94938
            ],
            [
              -74.26793,
              7.99959
            ],
            [
              -74.29838,
              8.03216
            ],
            [
              -74.26108,
              8.10474
            ],
            [
              -74.28498,
              8.15458
            ],
            [
              -74.37412,
              8.20964
            ],
            [
              -74.36983,
              8.26259
            ],
            [
              -74.34377,
              8.27325
            ],
            [
              -74.34562,
              8.29797
            ],
            [
              -74.42728,
              8.33216
            ],
            [
              -74.44242,
              8.40796
            ]
          ]
        ]
      },
      "properties": {
        "code": "13458",
        "departmentCode": "13",
        "name": "MONTECRISTO",
        "originalCode": "458",
        "originalName": "MONTECRISTO",
        "MPIO_TIPO": "MUNICIPIO",
        "type": "MUNICIPIO",
        "unitType": "municipio",
        "MPIO_NAREA": 2090.71878555,
        "MPIO_NANO": 2024,
        "MPIO_CRSLCION": "Ordenanza 30 de diciembre 13 de 1994",
        "areaName": 2090.71878555,
        "creationYear": 2024,
        "creationResolution": "Ordenanza 30 de diciembre 13 de 1994",
        "resultType": "observed",
        "source": "dane-divipola-mgn-2025",
        "year": 2025
      }
    },
    {
      "type": "Feature",
      "id": 1771,
      "geometry": {
        "type": "Polygon",
        "coordinates": [
          [
            [
              -74.43091,
              9.26906
            ],
            [
              -74.46383,
              9.27132
            ],
            [
              -74.51086,
              9.23405
            ],
            [
              -74.55649,
              9.2377
            ],
            [
              -74.57376,
              9.2089
            ],
            [
              -74.59293,
              9.21811
            ],
            [
              -74.61366,
              9.19652
            ],
            [
              -74.64418,
              9.20078
            ],
            [
              -74.6646,
              9.16772
            ],
            [
              -74.72545,
              9.17911
            ],
            [
              -74.7304,
              9.12766
            ],
            [
              -74.63392,
              9.01917
            ],
            [
              -74.58532,
              9.01743
            ],
            [
              -74.57826,
              9.04434
            ],
            [
              -74.48873,
              9.03641
            ],
            [
              -74.49664,
              9.06234
            ],
            [
              -74.46812,
              9.08764
            ],
            [
              -74.45506,
              9.08242
            ],
            [
              -74.41588,
              9.14119
            ],
            [
              -74.39771,
              9.14814
            ],
            [
              -74.38136,
              9.13298
            ],
            [
              -74.38245,
              9.1518
            ],
            [
              -74.35074,
              9.1538
            ],
            [
              -74.35443,
              9.18754
            ],
            [
              -74.40584,
              9.21627
            ],
            [
              -74.43091,
              9.26906
            ]
          ]
        ]
      },
      "properties": {
        "code": "13468",
        "departmentCode": "13",
        "name": "SANTA CRUZ DE MOMPOX",
        "originalCode": "468",
        "originalName": "SANTA CRUZ DE MOMPOX",
        "MPIO_TIPO": "MUNICIPIO",
        "type": "MUNICIPIO",
        "unitType": "municipio",
        "MPIO_NAREA": 651.52480768,
        "MPIO_NANO": 2024,
        "MPIO_CRSLCION": "Ley 10 del 10 de Octubre de 1852",
        "areaName": 651.52480768,
        "creationYear": 2024,
        "creationResolution": "Ley 10 del 10 de Octubre de 1852",
        "resultType": "observed",
        "source": "dane-divipola-mgn-2025",
        "year": 2025
      }
    },
    {
      "type": "Feature",
      "id": 1772,
      "geometry": {
        "type": "Polygon",
        "coordinates": [
          [
            [
              -73.87853,
              8.47404
            ],
            [
              -73.87217,
              8.41033
            ],
            [
              -73.8941,
              8.38291
            ],
            [
              -73.92225,
              8.37131
            ],
            [
              -73.95791,
              8.3872
            ],
            [
              -74.01882,
              8.37824
            ],
            [
              -74.14164,
              8.30583
            ],
            [
              -74.16076,
              8.3087
            ],
            [
              -74.17643,
              8.26858
            ],
            [
              -74.19835,
              8.26494
            ],
            [
              -74.24285,
              8.21107
            ],
            [
              -74.26411,
              8.1597
            ],
            [
              -74.28477,
              8.1551
            ],
            [
              -74.27169,
              8.11055
            ],
            [
              -74.17937,
              8.10565
            ],
            [
              -74.09454,
              8.16287
            ],
            [
              -73.96191,
              8.17476
            ],
            [
              -73.94007,
              8.14458
            ],
            [
              -73.88085,
              8.11939
            ],
            [
              -73.86755,
              8.06362
            ],
            [
              -73.80677,
              8.13039
            ],
            [
              -73.77824,
              8.13862
            ],
            [
              -73.77956,
              8.20813
            ],
            [
              -73.75027,
              8.27188
            ],
            [
              -73.76033,
              8.29987
            ],
            [
              -73.74675,
              8.31685
            ],
            [
              -73.75757,
              8.33148
            ],
            [
              -73.74953,
              8.40544
            ],
            [
              -73.76854,
              8.4022
            ],
            [
              -73.76908,
              8.42395
            ],
            [
              -73.78167,
              8.42608
            ],
            [
              -73.80572,
              8.41147
            ],
            [
              -73.85157,
              8.43868
            ],
            [
              -73.84683,
              8.46505
            ],
            [
              -73.87853,
              8.47404
            ]
          ]
        ]
      },
      "properties": {
        "code": "13473",
        "departmentCode": "13",
        "name": "MORALES",
        "originalCode": "473",
        "originalName": "MORALES",
        "MPIO_TIPO": "MUNICIPIO",
        "type": "MUNICIPIO",
        "unitType": "municipio",
        "MPIO_NAREA": 1345.82929727,
        "MPIO_NANO": 2024,
        "MPIO_CRSLCION": "Decreto 312 de Diciembre 4 de 1886",
        "areaName": 1345.82929727,
        "creationYear": 2024,
        "creationResolution": "Decreto 312 de Diciembre 4 de 1886",
        "resultType": "observed",
        "source": "dane-divipola-mgn-2025",
        "year": 2025
      }
    },
    {
      "type": "Feature",
      "id": 1773,
      "geometry": {
        "type": "Polygon",
        "coordinates": [
          [
            [
              -74.10775,
              8.61478
            ],
            [
              -74.15274,
              8.6024
            ],
            [
              -74.16693,
              8.57246
            ],
            [
              -74.1577,
              8.52072
            ],
            [
              -74.25629,
              8.44304
            ],
            [
              -74.23142,
              8.42859
            ],
            [
              -74.25403,
              8.37105
            ],
            [
              -74.18771,
              8.37304
            ],
            [
              -74.14657,
              8.42342
            ],
            [
              -74.1058,
              8.44571
            ],
            [
              -74.11074,
              8.46036
            ],
            [
              -74.07195,
              8.45525
            ],
            [
              -74.07763,
              8.43081
            ],
            [
              -74.05427,
              8.46985
            ],
            [
              -73.97925,
              8.5333
            ],
            [
              -73.99033,
              8.5564
            ],
            [
              -73.96524,
              8.56606
            ],
            [
              -73.99846,
              8.584
            ],
            [
              -73.99445,
              8.5998
            ],
            [
              -74.10775,
              8.61478
            ]
          ]
        ]
      },
      "properties": {
        "code": "13490",
        "departmentCode": "13",
        "name": "NOROSÍ",
        "originalCode": "490",
        "originalName": "NOROSÍ",
        "MPIO_TIPO": "MUNICIPIO",
        "type": "MUNICIPIO",
        "unitType": "municipio",
        "MPIO_NAREA": 415.87359028,
        "MPIO_NANO": 2024,
        "MPIO_CRSLCION": "Decreto 699 de Diciembre 20 de 2007",
        "areaName": 415.87359028,
        "creationYear": 2024,
        "creationResolution": "Decreto 699 de Diciembre 20 de 2007",
        "resultType": "observed",
        "source": "dane-divipola-mgn-2025",
        "year": 2025
      }
    },
    {
      "type": "Feature",
      "id": 1774,
      "geometry": {
        "type": "Polygon",
        "coordinates": [
          [
            [
              -74.47832,
              9.06473
            ],
            [
              -74.48012,
              9.0781
            ],
            [
              -74.49664,
              9.06234
            ],
            [
              -74.48798,
              9.04096
            ],
            [
              -74.50055,
              9.0319
            ],
            [
              -74.57826,
              9.04434
            ],
            [
              -74.57535,
              9.02494
            ],
            [
              -74.60617,
              9.02043
            ],
            [
              -74.58831,
              9.00028
            ],
            [
              -74.53488,
              8.99508
            ],
            [
              -74.52644,
              8.96054
            ],
            [
              -74.48832,
              8.92922
            ],
            [
              -74.46419,
              8.88289
            ],
            [
              -74.47648,
              8.86566
            ],
            [
              -74.46027,
              8.84079
            ],
            [
              -74.47319,
              8.82826
            ],
            [
              -74.45368,
              8.81195
            ],
            [
              -74.48381,
              8.78932
            ],
            [
              -74.41767,
              8.78847
            ],
            [
              -74.42089,
              8.7737
            ],
            [
              -74.37469,
              8.74849
            ],
            [
              -74.38909,
              8.716
            ],
            [
              -74.36957,
              8.69321
            ],
            [
              -74.37111,
              8.66032
            ],
            [
              -74.2116,
              8.6499
            ],
            [
              -74.28733,
              8.70372
            ],
            [
              -74.2749,
              8.71889
            ],
            [
              -74.29257,
              8.7261
            ],
            [
              -74.28952,
              8.77672
            ],
            [
              -74.31964,
              8.80213
            ],
            [
              -74.301,
              8.81719
            ],
            [
              -74.32276,
              8.85831
            ],
            [
              -74.36057,
              8.87425
            ],
            [
              -74.3106,
              8.87773
            ],
            [
              -74.30313,
              8.85931
            ],
            [
              -74.27434,
              8.86167
            ],
            [
              -74.22546,
              8.94714
            ],
            [
              -74.30858,
              8.97947
            ],
            [
              -74.37865,
              8.96791
            ],
            [
              -74.40156,
              9.00032
            ],
            [
              -74.43258,
              9.00927
            ],
            [
              -74.44916,
              9.06466
            ],
            [
              -74.47832,
              9.06473
            ]
          ]
        ]
      },
      "properties": {
        "code": "13549",
        "departmentCode": "13",
        "name": "PINILLOS",
        "originalCode": "549",
        "originalName": "PINILLOS",
        "MPIO_TIPO": "MUNICIPIO",
        "type": "MUNICIPIO",
        "unitType": "municipio",
        "MPIO_NAREA": 774.70290179,
        "MPIO_NANO": 2024,
        "MPIO_CRSLCION": "1900",
        "areaName": 774.70290179,
        "creationYear": 2024,
        "creationResolution": "1900",
        "resultType": "observed",
        "source": "dane-divipola-mgn-2025",
        "year": 2025
      }
    },
    {
      "type": "Feature",
      "id": 1775,
      "geometry": {
        "type": "Polygon",
        "coordinates": [
          [
            [
              -73.82012,
              8.83544
            ],
            [
              -73.87308,
              8.79191
            ],
            [
              -73.85663,
              8.73
            ],
            [
              -73.91681,
              8.6887
            ],
            [
              -73.93933,
              8.70391
            ],
            [
              -73.93905,
              8.67885
            ],
            [
              -73.95629,
              8.66438
            ],
            [
              -73.94374,
              8.6509
            ],
            [
              -73.92384,
              8.66085
            ],
            [
              -73.90243,
              8.64476
            ],
            [
              -73.90392,
              8.6561
            ],
            [
              -73.87837,
              8.66227
            ],
            [
              -73.8717,
              8.63267
            ],
            [
              -73.86072,
              8.65002
            ],
            [
              -73.84605,
              8.61545
            ],
            [
              -73.8311,
              8.62051
            ],
            [
              -73.809,
              8.69521
            ],
            [
              -73.81572,
              8.72149
            ],
            [
              -73.78916,
              8.75022
            ],
            [
              -73.79528,
              8.81677
            ],
            [
              -73.82012,
              8.83544
            ]
          ]
        ]
      },
      "properties": {
        "code": "13580",
        "departmentCode": "13",
        "name": "REGIDOR",
        "originalCode": "580",
        "originalName": "REGIDOR",
        "MPIO_TIPO": "MUNICIPIO",
        "type": "MUNICIPIO",
        "unitType": "municipio",
        "MPIO_NAREA": 183.19623049,
        "MPIO_NANO": 2024,
        "MPIO_CRSLCION": "Ordenanza 40 de diciembre 1 de 1995",
        "areaName": 183.19623049,
        "creationYear": 2024,
        "creationResolution": "Ordenanza 40 de diciembre 1 de 1995",
        "resultType": "observed",
        "source": "dane-divipola-mgn-2025",
        "year": 2025
      }
    },
    {
      "type": "Feature",
      "id": 1776,
      "geometry": {
        "type": "Polygon",
        "coordinates": [
          [
            [
              -73.99498,
              8.67376
            ],
            [
              -74.02935,
              8.65597
            ],
            [
              -74.07544,
              8.6636
            ],
            [
              -74.09181,
              8.63886
            ],
            [
              -74.13796,
              8.65455
            ],
            [
              -74.1517,
              8.60403
            ],
            [
              -74.11288,
              8.61906
            ],
            [
              -73.99536,
              8.60025
            ],
            [
              -73.99846,
              8.584
            ],
            [
              -73.96524,
              8.56606
            ],
            [
              -73.99033,
              8.5564
            ],
            [
              -73.97925,
              8.5333
            ],
            [
              -74.05427,
              8.46985
            ],
            [
              -74.07763,
              8.43081
            ],
            [
              -74.07195,
              8.45525
            ],
            [
              -74.11074,
              8.46036
            ],
            [
              -74.1058,
              8.44571
            ],
            [
              -74.14657,
              8.42342
            ],
            [
              -74.18804,
              8.37284
            ],
            [
              -74.23989,
              8.3672
            ],
            [
              -74.25753,
              8.38318
            ],
            [
              -74.28126,
              8.36505
            ],
            [
              -74.27687,
              8.35225
            ],
            [
              -74.33398,
              8.30862
            ],
            [
              -74.34377,
              8.27325
            ],
            [
              -74.3693,
              8.26371
            ],
            [
              -74.37305,
              8.20862
            ],
            [
              -74.33225,
              8.18904
            ],
            [
              -74.32242,
              8.23457
            ],
            [
              -74.25691,
              8.28317
            ],
            [
              -74.23095,
              8.3286
            ],
            [
              -74.17643,
              8.34874
            ],
            [
              -74.17034,
              8.37048
            ],
            [
              -74.13123,
              8.39751
            ],
            [
              -74.09425,
              8.39211
            ],
            [
              -74.05501,
              8.43
            ],
            [
              -74.00942,
              8.43576
            ],
            [
              -73.99392,
              8.46262
            ],
            [
              -73.95113,
              8.48579
            ],
            [
              -73.84683,
              8.46505
            ],
            [
              -73.84716,
              8.4349
            ],
            [
              -73.80572,
              8.41147
            ],
            [
              -73.76908,
              8.42395
            ],
            [
              -73.76854,
              8.4022
            ],
            [
              -73.74953,
              8.40544
            ],
            [
              -73.74688,
              8.46593
            ],
            [
              -73.77986,
              8.51185
            ],
            [
              -73.7749,
              8.56055
            ],
            [
              -73.82029,
              8.6619
            ],
            [
              -73.8311,
              8.62051
            ],
            [
              -73.84605,
              8.61545
            ],
            [
              -73.85099,
              8.64339
            ],
            [
              -73.86103,
              8.65009
            ],
            [
              -73.8717,
              8.63267
            ],
            [
              -73.87792,
              8.66214
            ],
            [
              -73.9034,
              8.65648
            ],
            [
              -73.90243,
              8.64476
            ],
            [
              -73.95629,
              8.66438
            ],
            [
              -73.96404,
              8.65062
            ],
            [
              -73.99498,
              8.67376
            ]
          ]
        ]
      },
      "properties": {
        "code": "13600",
        "departmentCode": "13",
        "name": "RÍO VIEJO",
        "originalCode": "600",
        "originalName": "RÍO VIEJO",
        "MPIO_TIPO": "MUNICIPIO",
        "type": "MUNICIPIO",
        "unitType": "municipio",
        "MPIO_NAREA": 844.08113208,
        "MPIO_NANO": 2024,
        "MPIO_CRSLCION": "Ordenanza 10 de Noviembre 26 de 1982",
        "areaName": 844.08113208,
        "creationYear": 2024,
        "creationResolution": "Ordenanza 10 de Noviembre 26 de 1982",
        "resultType": "observed",
        "source": "dane-divipola-mgn-2025",
        "year": 2025
      }
    },
    {
      "type": "Feature",
      "id": 1777,
      "geometry": {
        "type": "Polygon",
        "coordinates": [
          [
            [
              -75.07409,
              10.40906
            ],
            [
              -75.08938,
              10.41042
            ],
            [
              -75.0908,
              10.3861
            ],
            [
              -75.11172,
              10.37829
            ],
            [
              -75.10917,
              10.34532
            ],
            [
              -75.08124,
              10.33647
            ],
            [
              -75.02401,
              10.36111
            ],
            [
              -75.07409,
              10.40906
            ]
          ]
        ]
      },
      "properties": {
        "code": "13620",
        "departmentCode": "13",
        "name": "SAN CRISTÓBAL",
        "originalCode": "620",
        "originalName": "SAN CRISTÓBAL",
        "MPIO_TIPO": "MUNICIPIO",
        "type": "MUNICIPIO",
        "unitType": "municipio",
        "MPIO_NAREA": 42.2636635,
        "MPIO_NANO": 2025,
        "MPIO_CRSLCION": "ORD 36 DE FEBRERO DE 1996",
        "areaName": 42.2636635,
        "creationYear": 2025,
        "creationResolution": "ORD 36 DE FEBRERO DE 1996",
        "resultType": "observed",
        "source": "dane-divipola-mgn-2025",
        "year": 2025
      }
    },
    {
      "type": "Feature",
      "id": 1778,
      "geometry": {
        "type": "Polygon",
        "coordinates": [
          [
            [
              -75.13898,
              10.41067
            ],
            [
              -75.17481,
              10.45511
            ],
            [
              -75.24243,
              10.43237
            ],
            [
              -75.24465,
              10.3859
            ],
            [
              -75.26542,
              10.38216
            ],
            [
              -75.29617,
              10.3336
            ],
            [
              -75.25769,
              10.31887
            ],
            [
              -75.25819,
              10.29677
            ],
            [
              -75.23581,
              10.27767
            ],
            [
              -75.20167,
              10.30047
            ],
            [
              -75.19783,
              10.27974
            ],
            [
              -75.1878,
              10.29466
            ],
            [
              -75.17316,
              10.28639
            ],
            [
              -75.14921,
              10.32562
            ],
            [
              -75.14144,
              10.39
            ],
            [
              -75.12655,
              10.39854
            ],
            [
              -75.13898,
              10.41067
            ]
          ]
        ]
      },
      "properties": {
        "code": "13647",
        "departmentCode": "13",
        "name": "SAN ESTANISLAO",
        "originalCode": "647",
        "originalName": "SAN ESTANISLAO",
        "MPIO_TIPO": "MUNICIPIO",
        "type": "MUNICIPIO",
        "unitType": "municipio",
        "MPIO_NAREA": 211.57542165,
        "MPIO_NANO": 2025,
        "MPIO_CRSLCION": "1936",
        "areaName": 211.57542165,
        "creationYear": 2025,
        "creationResolution": "1936",
        "resultType": "observed",
        "source": "dane-divipola-mgn-2025",
        "year": 2025
      }
    },
    {
      "type": "Feature",
      "id": 1779,
      "geometry": {
        "type": "Polygon",
        "coordinates": [
          [
            [
              -74.31319,
              9.21154
            ],
            [
              -74.3489,
              9.23328
            ],
            [
              -74.39184,
              9.2152
            ],
            [
              -74.35443,
              9.18754
            ],
            [
              -74.35221,
              9.15111
            ],
            [
              -74.38245,
              9.1518
            ],
            [
              -74.38136,
              9.13298
            ],
            [
              -74.39771,
              9.14814
            ],
            [
              -74.41509,
              9.14183
            ],
            [
              -74.45506,
              9.08242
            ],
            [
              -74.48009,
              9.0791
            ],
            [
              -74.4781,
              9.06365
            ],
            [
              -74.44916,
              9.06466
            ],
            [
              -74.43258,
              9.00927
            ],
            [
              -74.38873,
              9.01779
            ],
            [
              -74.3159,
              8.98231
            ],
            [
              -74.26376,
              8.99159
            ],
            [
              -74.28723,
              8.99777
            ],
            [
              -74.26648,
              9.04521
            ],
            [
              -74.32373,
              9.11449
            ],
            [
              -74.3179,
              9.13705
            ],
            [
              -74.30118,
              9.12452
            ],
            [
              -74.291,
              9.19216
            ],
            [
              -74.31319,
              9.21154
            ]
          ]
        ]
      },
      "properties": {
        "code": "13650",
        "departmentCode": "13",
        "name": "SAN FERNANDO",
        "originalCode": "650",
        "originalName": "SAN FERNANDO",
        "MPIO_TIPO": "MUNICIPIO",
        "type": "MUNICIPIO",
        "unitType": "municipio",
        "MPIO_NAREA": 317.01040952,
        "MPIO_NANO": 2024,
        "MPIO_CRSLCION": "1832",
        "areaName": 317.01040952,
        "creationYear": 2024,
        "creationResolution": "1832",
        "resultType": "observed",
        "source": "dane-divipola-mgn-2025",
        "year": 2025
      }
    },
    {
      "type": "Feature",
      "id": 1780,
      "geometry": {
        "type": "Polygon",
        "coordinates": [
          [
            [
              -75.20899,
              9.92046
            ],
            [
              -75.23645,
              9.89838
            ],
            [
              -75.31953,
              9.87744
            ],
            [
              -75.23753,
              9.86241
            ],
            [
              -75.23408,
              9.7829
            ],
            [
              -75.18394,
              9.77526
            ],
            [
              -75.16688,
              9.78633
            ],
            [
              -75.10923,
              9.75878
            ],
            [
              -75.02077,
              9.78602
            ],
            [
              -74.98846,
              9.75866
            ],
            [
              -74.95178,
              9.76621
            ],
            [
              -74.91847,
              9.79795
            ],
            [
              -74.9504,
              9.84565
            ],
            [
              -74.94177,
              9.86604
            ],
            [
              -75.03946,
              9.86799
            ],
            [
              -75.05501,
              9.87353
            ],
            [
              -75.05002,
              9.88897
            ],
            [
              -75.1021,
              9.88129
            ],
            [
              -75.13001,
              9.91497
            ],
            [
              -75.17112,
              9.90588
            ],
            [
              -75.20899,
              9.92046
            ]
          ]
        ]
      },
      "properties": {
        "code": "13654",
        "departmentCode": "13",
        "name": "SAN JACINTO",
        "originalCode": "654",
        "originalName": "SAN JACINTO",
        "MPIO_TIPO": "MUNICIPIO",
        "type": "MUNICIPIO",
        "unitType": "municipio",
        "MPIO_NAREA": 442.65254304,
        "MPIO_NANO": 2024,
        "MPIO_CRSLCION": "1899",
        "areaName": 442.65254304,
        "creationYear": 2024,
        "creationResolution": "1899",
        "resultType": "observed",
        "source": "dane-divipola-mgn-2025",
        "year": 2025
      }
    },
    {
      "type": "Feature",
      "id": 1781,
      "geometry": {
        "type": "Polygon",
        "coordinates": [
          [
            [
              -74.52632,
              8.42093
            ],
            [
              -74.53902,
              8.42802
            ],
            [
              -74.56106,
              8.39007
            ],
            [
              -74.58558,
              8.38417
            ],
            [
              -74.61454,
              8.40654
            ],
            [
              -74.61401,
              8.347
            ],
            [
              -74.64925,
              8.31346
            ],
            [
              -74.65349,
              8.279
            ],
            [
              -74.71272,
              8.30406
            ],
            [
              -74.72747,
              8.28102
            ],
            [
              -74.73475,
              8.29818
            ],
            [
              -74.76435,
              8.29454
            ],
            [
              -74.77088,
              8.27941
            ],
            [
              -74.80877,
              8.27428
            ],
            [
              -74.79498,
              8.24641
            ],
            [
              -74.83388,
              8.22035
            ],
            [
              -74.77356,
              8.12178
            ],
            [
              -74.726,
              8.11696
            ],
            [
              -74.71808,
              8.09813
            ],
            [
              -74.67394,
              8.0779
            ],
            [
              -74.66768,
              8.06003
            ],
            [
              -74.63092,
              8.05465
            ],
            [
              -74.61463,
              8.03182
            ],
            [
              -74.6166,
              8.08374
            ],
            [
              -74.68373,
              8.18813
            ],
            [
              -74.66052,
              8.22692
            ],
            [
              -74.56636,
              8.26488
            ],
            [
              -74.53232,
              8.25259
            ],
            [
              -74.50271,
              8.29005
            ],
            [
              -74.52666,
              8.32491
            ],
            [
              -74.52632,
              8.42093
            ]
          ]
        ]
      },
      "properties": {
        "code": "13655",
        "departmentCode": "13",
        "name": "SAN JACINTO DEL CAUCA",
        "originalCode": "655",
        "originalName": "SAN JACINTO DEL CAUCA",
        "MPIO_TIPO": "MUNICIPIO",
        "type": "MUNICIPIO",
        "unitType": "municipio",
        "MPIO_NAREA": 569.45541598,
        "MPIO_NANO": 2024,
        "MPIO_CRSLCION": "ORD 13 DE MAYO 09 DE 1997",
        "areaName": 569.45541598,
        "creationYear": 2024,
        "creationResolution": "ORD 13 DE MAYO 09 DE 1997",
        "resultType": "observed",
        "source": "dane-divipola-mgn-2025",
        "year": 2025
      }
    },
    {
      "type": "Feature",
      "id": 1782,
      "geometry": {
        "type": "Polygon",
        "coordinates": [
          [
            [
              -75.05241,
              10.12103
            ],
            [
              -75.08575,
              10.11908
            ],
            [
              -75.10478,
              10.09695
            ],
            [
              -75.13089,
              10.11095
            ],
            [
              -75.16508,
              10.06835
            ],
            [
              -75.18169,
              10.08011
            ],
            [
              -75.1788,
              10.05642
            ],
            [
              -75.21629,
              10.02859
            ],
            [
              -75.20906,
              9.99435
            ],
            [
              -75.2563,
              9.92123
            ],
            [
              -75.23567,
              9.91963
            ],
            [
              -75.23497,
              9.89971
            ],
            [
              -75.21256,
              9.92156
            ],
            [
              -75.17112,
              9.90588
            ],
            [
              -75.14942,
              9.91906
            ],
            [
              -75.11049,
              9.90377
            ],
            [
              -75.10082,
              9.88085
            ],
            [
              -75.05002,
              9.88897
            ],
            [
              -75.05501,
              9.87353
            ],
            [
              -75.03946,
              9.86799
            ],
            [
              -74.88386,
              9.85812
            ],
            [
              -74.86259,
              9.94398
            ],
            [
              -74.9039,
              9.97754
            ],
            [
              -74.96872,
              9.95069
            ],
            [
              -74.99983,
              9.97613
            ],
            [
              -75.0249,
              9.97319
            ],
            [
              -75.00979,
              10.0081
            ],
            [
              -75.06006,
              10.02331
            ],
            [
              -75.0278,
              10.106
            ],
            [
              -75.05241,
              10.12103
            ]
          ]
        ]
      },
      "properties": {
        "code": "13657",
        "departmentCode": "13",
        "name": "SAN JUAN NEPOMUCENO",
        "originalCode": "657",
        "originalName": "SAN JUAN NEPOMUCENO",
        "MPIO_TIPO": "MUNICIPIO",
        "type": "MUNICIPIO",
        "unitType": "municipio",
        "MPIO_NAREA": 630.81566767,
        "MPIO_NANO": 2024,
        "MPIO_CRSLCION": "1780",
        "areaName": 630.81566767,
        "creationYear": 2024,
        "creationResolution": "1780",
        "resultType": "observed",
        "source": "dane-divipola-mgn-2025",
        "year": 2025
      }
    },
    {
      "type": "Feature",
      "id": 1783,
      "geometry": {
        "type": "Polygon",
        "coordinates": [
          [
            [
              -73.98069,
              8.97983
            ],
            [
              -74.00284,
              8.97416
            ],
            [
              -74.0088,
              8.9534
            ],
            [
              -74.07182,
              8.94817
            ],
            [
              -74.07263,
              8.83203
            ],
            [
              -74.03696,
              8.79541
            ],
            [
              -74.06006,
              8.75406
            ],
            [
              -74.05262,
              8.73312
            ],
            [
              -74.13954,
              8.65596
            ],
            [
              -74.12056,
              8.63846
            ],
            [
              -74.09127,
              8.63897
            ],
            [
              -74.07544,
              8.6636
            ],
            [
              -74.02935,
              8.65597
            ],
            [
              -73.99596,
              8.67397
            ],
            [
              -73.96404,
              8.65062
            ],
            [
              -73.93905,
              8.67885
            ],
            [
              -73.93933,
              8.70391
            ],
            [
              -73.91692,
              8.68867
            ],
            [
              -73.87246,
              8.71015
            ],
            [
              -73.89072,
              8.74516
            ],
            [
              -73.89651,
              8.72606
            ],
            [
              -73.9326,
              8.73625
            ],
            [
              -73.94414,
              8.78783
            ],
            [
              -73.96593,
              8.81209
            ],
            [
              -73.96889,
              8.83197
            ],
            [
              -73.95606,
              8.82796
            ],
            [
              -73.95055,
              8.84962
            ],
            [
              -73.97824,
              8.8734
            ],
            [
              -73.96617,
              8.89664
            ],
            [
              -73.97158,
              8.92784
            ],
            [
              -73.98856,
              8.9374
            ],
            [
              -73.98069,
              8.97983
            ]
          ]
        ]
      },
      "properties": {
        "code": "13667",
        "departmentCode": "13",
        "name": "SAN MARTÍN DE LOBA",
        "originalCode": "667",
        "originalName": "SAN MARTÍN DE LOBA",
        "MPIO_TIPO": "MUNICIPIO",
        "type": "MUNICIPIO",
        "unitType": "municipio",
        "MPIO_NAREA": 449.65188897,
        "MPIO_NANO": 2024,
        "MPIO_CRSLCION": "1690",
        "areaName": 449.65188897,
        "creationYear": 2024,
        "creationResolution": "1690",
        "resultType": "observed",
        "source": "dane-divipola-mgn-2025",
        "year": 2025
      }
    },
    {
      "type": "Feature",
      "id": 1784,
      "geometry": {
        "type": "Polygon",
        "coordinates": [
          [
            [
              -74.12678,
              7.64273
            ],
            [
              -74.14024,
              7.58372
            ],
            [
              -74.2002,
              7.54793
            ],
            [
              -74.20981,
              7.52401
            ],
            [
              -74.30669,
              7.45471
            ],
            [
              -74.35768,
              7.47291
            ],
            [
              -74.31937,
              7.43991
            ],
            [
              -74.39773,
              7.34791
            ],
            [
              -74.387,
              7.27887
            ],
            [
              -74.40983,
              7.20203
            ],
            [
              -74.37002,
              7.12521
            ],
            [
              -74.37205,
              7.09816
            ],
            [
              -74.35144,
              7.08159
            ],
            [
              -74.3557,
              7.0099
            ],
            [
              -74.32216,
              7.01886
            ],
            [
              -74.30803,
              7.00002
            ],
            [
              -74.28635,
              7.00188
            ],
            [
              -74.29353,
              7.02084
            ],
            [
              -74.2227,
              7.10589
            ],
            [
              -74.23877,
              7.13498
            ],
            [
              -74.2253,
              7.1543
            ],
            [
              -74.2806,
              7.18835
            ],
            [
              -74.29124,
              7.24154
            ],
            [
              -74.17547,
              7.29108
            ],
            [
              -74.12493,
              7.29082
            ],
            [
              -74.13024,
              7.31684
            ],
            [
              -74.14846,
              7.32446
            ],
            [
              -74.08806,
              7.38474
            ],
            [
              -74.03549,
              7.37041
            ],
            [
              -73.95133,
              7.43054
            ],
            [
              -73.89542,
              7.43007
            ],
            [
              -73.91308,
              7.4936
            ],
            [
              -73.84923,
              7.53467
            ],
            [
              -73.82871,
              7.60244
            ],
            [
              -73.81031,
              7.61657
            ],
            [
              -73.81843,
              7.64281
            ],
            [
              -73.79731,
              7.65439
            ],
            [
              -73.81881,
              7.69481
            ],
            [
              -73.83616,
              7.69212
            ],
            [
              -73.87815,
              7.72425
            ],
            [
              -73.89608,
              7.70403
            ],
            [
              -73.93622,
              7.69787
            ],
            [
              -73.97886,
              7.71673
            ],
            [
              -73.93405,
              7.67294
            ],
            [
              -74.02007,
              7.68609
            ],
            [
              -74.12678,
              7.64273
            ]
          ]
        ]
      },
      "properties": {
        "code": "13670",
        "departmentCode": "13",
        "name": "SAN PABLO",
        "originalCode": "670",
        "originalName": "SAN PABLO",
        "MPIO_TIPO": "MUNICIPIO",
        "type": "MUNICIPIO",
        "unitType": "municipio",
        "MPIO_NAREA": 2018.5682155,
        "MPIO_NANO": 2025,
        "MPIO_CRSLCION": "Ordenanza 2 de Octubre 30 de 1968",
        "areaName": 2018.5682155,
        "creationYear": 2025,
        "creationResolution": "Ordenanza 2 de Octubre 30 de 1968",
        "resultType": "observed",
        "source": "dane-divipola-mgn-2025",
        "year": 2025
      }
    },
    {
      "type": "Feature",
      "id": 1785,
      "geometry": {
        "type": "Polygon",
        "coordinates": [
          [
            [
              -75.24416,
              10.73316
            ],
            [
              -75.22725,
              10.77184
            ],
            [
              -75.26413,
              10.78188
            ],
            [
              -75.26582,
              10.73684
            ],
            [
              -75.29384,
              10.70298
            ],
            [
              -75.29124,
              10.66007
            ],
            [
              -75.3465,
              10.62157
            ],
            [
              -75.29647,
              10.59317
            ],
            [
              -75.29252,
              10.55526
            ],
            [
              -75.23655,
              10.5562
            ],
            [
              -75.25559,
              10.52484
            ],
            [
              -75.24202,
              10.50406
            ],
            [
              -75.22325,
              10.55294
            ],
            [
              -75.23696,
              10.56771
            ],
            [
              -75.22319,
              10.62268
            ],
            [
              -75.24679,
              10.67782
            ],
            [
              -75.24416,
              10.73316
            ]
          ]
        ]
      },
      "properties": {
        "code": "13673",
        "departmentCode": "13",
        "name": "SANTA CATALINA",
        "originalCode": "673",
        "originalName": "SANTA CATALINA",
        "MPIO_TIPO": "MUNICIPIO",
        "type": "MUNICIPIO",
        "unitType": "municipio",
        "MPIO_NAREA": 164.58470149,
        "MPIO_NANO": 2025,
        "MPIO_CRSLCION": "1772",
        "areaName": 164.58470149,
        "creationYear": 2025,
        "creationResolution": "1772",
        "resultType": "observed",
        "source": "dane-divipola-mgn-2025",
        "year": 2025
      }
    },
    {
      "type": "Feature",
      "id": 1786,
      "geometry": {
        "type": "Polygon",
        "coordinates": [
          [
            [
              -75.37037,
              10.5429
            ],
            [
              -75.40414,
              10.51099
            ],
            [
              -75.41596,
              10.4391
            ],
            [
              -75.44004,
              10.41481
            ],
            [
              -75.42303,
              10.40227
            ],
            [
              -75.36975,
              10.41108
            ],
            [
              -75.35969,
              10.42541
            ],
            [
              -75.33589,
              10.41425
            ],
            [
              -75.29905,
              10.44756
            ],
            [
              -75.29606,
              10.49739
            ],
            [
              -75.31203,
              10.53624
            ],
            [
              -75.33856,
              10.52095
            ],
            [
              -75.37037,
              10.5429
            ]
          ]
        ]
      },
      "properties": {
        "code": "13683",
        "departmentCode": "13",
        "name": "SANTA ROSA",
        "originalCode": "683",
        "originalName": "SANTA ROSA",
        "MPIO_TIPO": "MUNICIPIO",
        "type": "MUNICIPIO",
        "unitType": "municipio",
        "MPIO_NAREA": 154.60624893,
        "MPIO_NANO": 2024,
        "MPIO_CRSLCION": "1799",
        "areaName": 154.60624893,
        "creationYear": 2024,
        "creationResolution": "1799",
        "resultType": "observed",
        "source": "dane-divipola-mgn-2025",
        "year": 2025
      }
    },
    {
      "type": "Feature",
      "id": 1787,
      "geometry": {
        "type": "Polygon",
        "coordinates": [
          [
            [
              -74.15257,
              7.57625
            ],
            [
              -74.17388,
              7.59943
            ],
            [
              -74.22423,
              7.58568
            ],
            [
              -74.2363,
              7.62504
            ],
            [
              -74.21213,
              7.70158
            ],
            [
              -74.1472,
              7.71635
            ],
            [
              -74.1247,
              7.7403
            ],
            [
              -74.1775,
              7.74206
            ],
            [
              -74.13498,
              7.77373
            ],
            [
              -74.13509,
              7.81886
            ],
            [
              -74.10075,
              7.81673
            ],
            [
              -74.06813,
              7.83653
            ],
            [
              -74.04519,
              7.88519
            ],
            [
              -74.00401,
              7.9109
            ],
            [
              -73.99309,
              8.02533
            ],
            [
              -73.97901,
              8.03451
            ],
            [
              -74.00794,
              8.06106
            ],
            [
              -74.00374,
              8.07709
            ],
            [
              -74.04645,
              8.08603
            ],
            [
              -74.0277,
              8.17865
            ],
            [
              -74.05927,
              8.1567
            ],
            [
              -74.09454,
              8.16287
            ],
            [
              -74.17456,
              8.10689
            ],
            [
              -74.26108,
              8.10474
            ],
            [
              -74.29838,
              8.03216
            ],
            [
              -74.26793,
              7.99959
            ],
            [
              -74.25674,
              7.94829
            ],
            [
              -74.29739,
              7.91975
            ],
            [
              -74.3316,
              7.92084
            ],
            [
              -74.34911,
              7.8896
            ],
            [
              -74.33993,
              7.86596
            ],
            [
              -74.37148,
              7.83492
            ],
            [
              -74.3579,
              7.82509
            ],
            [
              -74.37974,
              7.79547
            ],
            [
              -74.43987,
              7.80259
            ],
            [
              -74.45125,
              7.78859
            ],
            [
              -74.45967,
              7.71447
            ],
            [
              -74.4454,
              7.67926
            ],
            [
              -74.47583,
              7.61381
            ],
            [
              -74.46669,
              7.57874
            ],
            [
              -74.4988,
              7.54169
            ],
            [
              -74.48965,
              7.48893
            ],
            [
              -74.50655,
              7.48016
            ],
            [
              -74.5277,
              7.50072
            ],
            [
              -74.53325,
              7.4792
            ],
            [
              -74.54558,
              7.48917
            ],
            [
              -74.57042,
              7.45686
            ],
            [
              -74.55902,
              7.41448
            ],
            [
              -74.4942,
              7.34446
            ],
            [
              -74.47376,
              7.34577
            ],
            [
              -74.41941,
              7.38859
            ],
            [
              -74.41245,
              7.46035
            ],
            [
              -74.37058,
              7.48001
            ],
            [
              -74.30669,
              7.45471
            ],
            [
              -74.15257,
              7.57625
            ]
          ]
        ]
      },
      "properties": {
        "code": "13688",
        "departmentCode": "13",
        "name": "SANTA ROSA DEL SUR",
        "originalCode": "688",
        "originalName": "SANTA ROSA DEL SUR",
        "MPIO_TIPO": "MUNICIPIO",
        "type": "MUNICIPIO",
        "unitType": "municipio",
        "MPIO_NAREA": 2380.09408499,
        "MPIO_NANO": 2024,
        "MPIO_CRSLCION": "Ordenanza 21 de Noviembre 23 de 1984",
        "areaName": 2380.09408499,
        "creationYear": 2024,
        "creationResolution": "Ordenanza 21 de Noviembre 23 de 1984",
        "resultType": "observed",
        "source": "dane-divipola-mgn-2025",
        "year": 2025
      }
    },
    {
      "type": "Feature",
      "id": 1788,
      "geometry": {
        "type": "Polygon",
        "coordinates": [
          [
            [
              -74.12678,
              7.64273
            ],
            [
              -74.02007,
              7.68609
            ],
            [
              -73.93405,
              7.67294
            ],
            [
              -73.97874,
              7.71679
            ],
            [
              -73.93622,
              7.69787
            ],
            [
              -73.89608,
              7.70403
            ],
            [
              -73.87815,
              7.72425
            ],
            [
              -73.83528,
              7.69173
            ],
            [
              -73.81095,
              7.70212
            ],
            [
              -73.83168,
              7.73156
            ],
            [
              -73.79814,
              7.77499
            ],
            [
              -73.82163,
              7.82303
            ],
            [
              -73.83159,
              7.93587
            ],
            [
              -73.86731,
              7.98189
            ],
            [
              -73.87481,
              8.10128
            ],
            [
              -73.96191,
              8.17476
            ],
            [
              -74.01931,
              8.17876
            ],
            [
              -74.05004,
              8.10605
            ],
            [
              -74.04645,
              8.08603
            ],
            [
              -74.00351,
              8.07692
            ],
            [
              -74.00794,
              8.06106
            ],
            [
              -73.97901,
              8.03451
            ],
            [
              -73.99309,
              8.02533
            ],
            [
              -74.00401,
              7.9109
            ],
            [
              -74.04519,
              7.88519
            ],
            [
              -74.06813,
              7.83653
            ],
            [
              -74.10075,
              7.81673
            ],
            [
              -74.13511,
              7.81884
            ],
            [
              -74.13498,
              7.77373
            ],
            [
              -74.1775,
              7.74206
            ],
            [
              -74.1247,
              7.7403
            ],
            [
              -74.1472,
              7.71635
            ],
            [
              -74.2123,
              7.70133
            ],
            [
              -74.2363,
              7.62504
            ],
            [
              -74.22675,
              7.58879
            ],
            [
              -74.17388,
              7.59943
            ],
            [
              -74.15104,
              7.57327
            ],
            [
              -74.12925,
              7.59956
            ],
            [
              -74.12678,
              7.64273
            ]
          ]
        ]
      },
      "properties": {
        "code": "13744",
        "departmentCode": "13",
        "name": "SIMITÍ",
        "originalCode": "744",
        "originalName": "SIMITÍ",
        "MPIO_TIPO": "MUNICIPIO",
        "type": "MUNICIPIO",
        "unitType": "municipio",
        "MPIO_NAREA": 1352.85883613,
        "MPIO_NANO": 2025,
        "MPIO_CRSLCION": "Ordenanza 02 del 25 de Octubre de 1968",
        "areaName": 1352.85883613,
        "creationYear": 2025,
        "creationResolution": "Ordenanza 02 del 25 de Octubre de 1968",
        "resultType": "observed",
        "source": "dane-divipola-mgn-2025",
        "year": 2025
      }
    },
    {
      "type": "Feature",
      "id": 1789,
      "geometry": {
        "type": "Polygon",
        "coordinates": [
          [
            [
              -75.06993,
              10.3443
            ],
            [
              -75.10917,
              10.34532
            ],
            [
              -75.11168,
              10.37843
            ],
            [
              -75.0908,
              10.3861
            ],
            [
              -75.08938,
              10.41042
            ],
            [
              -75.1378,
              10.39382
            ],
            [
              -75.14921,
              10.32562
            ],
            [
              -75.17316,
              10.28639
            ],
            [
              -75.15432,
              10.2941
            ],
            [
              -75.12671,
              10.2708
            ],
            [
              -75.08598,
              10.27992
            ],
            [
              -75.08672,
              10.30551
            ],
            [
              -75.06218,
              10.32473
            ],
            [
              -75.06993,
              10.3443
            ]
          ]
        ]
      },
      "properties": {
        "code": "13760",
        "departmentCode": "13",
        "name": "SOPLAVIENTO",
        "originalCode": "760",
        "originalName": "SOPLAVIENTO",
        "MPIO_TIPO": "MUNICIPIO",
        "type": "MUNICIPIO",
        "unitType": "municipio",
        "MPIO_NAREA": 92.53360995,
        "MPIO_NANO": 2025,
        "MPIO_CRSLCION": "1908",
        "areaName": 92.53360995,
        "creationYear": 2025,
        "creationResolution": "1908",
        "resultType": "observed",
        "source": "dane-divipola-mgn-2025",
        "year": 2025
      }
    },
    {
      "type": "Feature",
      "id": 1790,
      "geometry": {
        "type": "Polygon",
        "coordinates": [
          [
            [
              -74.65885,
              9.38525
            ],
            [
              -74.69889,
              9.42686
            ],
            [
              -74.73913,
              9.42601
            ],
            [
              -74.75615,
              9.39628
            ],
            [
              -74.74362,
              9.36643
            ],
            [
              -74.68485,
              9.33318
            ],
            [
              -74.67303,
              9.28795
            ],
            [
              -74.62349,
              9.29183
            ],
            [
              -74.61888,
              9.26281
            ],
            [
              -74.65865,
              9.21068
            ],
            [
              -74.65038,
              9.19152
            ],
            [
              -74.61366,
              9.19652
            ],
            [
              -74.59293,
              9.21811
            ],
            [
              -74.57287,
              9.2092
            ],
            [
              -74.56804,
              9.23052
            ],
            [
              -74.5306,
              9.24213
            ],
            [
              -74.53372,
              9.26099
            ],
            [
              -74.56592,
              9.31462
            ],
            [
              -74.61571,
              9.34145
            ],
            [
              -74.6211,
              9.37437
            ],
            [
              -74.65885,
              9.38525
            ]
          ]
        ]
      },
      "properties": {
        "code": "13780",
        "departmentCode": "13",
        "name": "TALAIGUA NUEVO",
        "originalCode": "780",
        "originalName": "TALAIGUA NUEVO",
        "MPIO_TIPO": "MUNICIPIO",
        "type": "MUNICIPIO",
        "unitType": "municipio",
        "MPIO_NAREA": 249.0816533,
        "MPIO_NANO": 2024,
        "MPIO_CRSLCION": "Ordenanza 10 de Noviembre 22 de 1984",
        "areaName": 249.0816533,
        "creationYear": 2024,
        "creationResolution": "Ordenanza 10 de Noviembre 22 de 1984",
        "resultType": "observed",
        "source": "dane-divipola-mgn-2025",
        "year": 2025
      }
    },
    {
      "type": "Feature",
      "id": 1791,
      "geometry": {
        "type": "Polygon",
        "coordinates": [
          [
            [
              -74.37057,
              8.66022
            ],
            [
              -74.35945,
              8.62106
            ],
            [
              -74.32225,
              8.60649
            ],
            [
              -74.34753,
              8.57999
            ],
            [
              -74.34591,
              8.53771
            ],
            [
              -74.39959,
              8.5183
            ],
            [
              -74.35246,
              8.49246
            ],
            [
              -74.38143,
              8.45897
            ],
            [
              -74.41361,
              8.46767
            ],
            [
              -74.44442,
              8.4342
            ],
            [
              -74.44709,
              8.40026
            ],
            [
              -74.42611,
              8.36622
            ],
            [
              -74.42728,
              8.33216
            ],
            [
              -74.3475,
              8.29941
            ],
            [
              -74.34229,
              8.27642
            ],
            [
              -74.33398,
              8.30862
            ],
            [
              -74.30801,
              8.31911
            ],
            [
              -74.2385,
              8.39975
            ],
            [
              -74.23147,
              8.42899
            ],
            [
              -74.25608,
              8.44335
            ],
            [
              -74.1577,
              8.52072
            ],
            [
              -74.16692,
              8.57254
            ],
            [
              -74.13384,
              8.63854
            ],
            [
              -74.13679,
              8.65434
            ],
            [
              -74.164,
              8.65803
            ],
            [
              -74.37057,
              8.66022
            ]
          ]
        ]
      },
      "properties": {
        "code": "13810",
        "departmentCode": "13",
        "name": "TIQUISIO",
        "originalCode": "810",
        "originalName": "TIQUISIO",
        "MPIO_TIPO": "MUNICIPIO",
        "type": "MUNICIPIO",
        "unitType": "municipio",
        "MPIO_NAREA": 761.99577421,
        "MPIO_NANO": 2024,
        "MPIO_CRSLCION": "Ordenanza 30 de diciembre 13 de 1994",
        "areaName": 761.99577421,
        "creationYear": 2024,
        "creationResolution": "Ordenanza 30 de diciembre 13 de 1994",
        "resultType": "observed",
        "source": "dane-divipola-mgn-2025",
        "year": 2025
      }
    },
    {
      "type": "Feature",
      "id": 1792,
      "geometry": {
        "type": "Polygon",
        "coordinates": [
          [
            [
              -75.35952,
              10.42529
            ],
            [
              -75.37001,
              10.41099
            ],
            [
              -75.45153,
              10.39536
            ],
            [
              -75.47605,
              10.36403
            ],
            [
              -75.43359,
              10.29658
            ],
            [
              -75.41981,
              10.30265
            ],
            [
              -75.3836,
              10.27168
            ],
            [
              -75.38412,
              10.29159
            ],
            [
              -75.33742,
              10.30535
            ],
            [
              -75.32267,
              10.32828
            ],
            [
              -75.30646,
              10.32151
            ],
            [
              -75.28109,
              10.35548
            ],
            [
              -75.31879,
              10.40342
            ],
            [
              -75.35952,
              10.42529
            ]
          ]
        ]
      },
      "properties": {
        "code": "13836",
        "departmentCode": "13",
        "name": "TURBACO",
        "originalCode": "836",
        "originalName": "TURBACO",
        "MPIO_TIPO": "MUNICIPIO",
        "type": "MUNICIPIO",
        "unitType": "municipio",
        "MPIO_NAREA": 202.49382518,
        "MPIO_NANO": 2024,
        "MPIO_CRSLCION": "1599",
        "areaName": 202.49382518,
        "creationYear": 2024,
        "creationResolution": "1599",
        "resultType": "observed",
        "source": "dane-divipola-mgn-2025",
        "year": 2025
      }
    },
    {
      "type": "Feature",
      "id": 1793,
      "geometry": {
        "type": "Polygon",
        "coordinates": [
          [
            [
              -75.46693,
              10.31948
            ],
            [
              -75.4826,
              10.31886
            ],
            [
              -75.47106,
              10.27374
            ],
            [
              -75.48618,
              10.28358
            ],
            [
              -75.48736,
              10.25458
            ],
            [
              -75.50046,
              10.25027
            ],
            [
              -75.48336,
              10.24
            ],
            [
              -75.48942,
              10.21496
            ],
            [
              -75.51729,
              10.2104
            ],
            [
              -75.50368,
              10.16247
            ],
            [
              -75.53614,
              10.17283
            ],
            [
              -75.53745,
              10.18751
            ],
            [
              -75.55449,
              10.17828
            ],
            [
              -75.54463,
              10.15968
            ],
            [
              -75.52949,
              10.16644
            ],
            [
              -75.56412,
              10.12359
            ],
            [
              -75.58074,
              10.12549
            ],
            [
              -75.57362,
              10.08643
            ],
            [
              -75.49411,
              10.14967
            ],
            [
              -75.44243,
              10.16486
            ],
            [
              -75.43971,
              10.20857
            ],
            [
              -75.3863,
              10.23646
            ],
            [
              -75.3836,
              10.27168
            ],
            [
              -75.46693,
              10.31948
            ]
          ]
        ]
      },
      "properties": {
        "code": "13838",
        "departmentCode": "13",
        "name": "TURBANA",
        "originalCode": "838",
        "originalName": "TURBANA",
        "MPIO_TIPO": "MUNICIPIO",
        "type": "MUNICIPIO",
        "unitType": "municipio",
        "MPIO_NAREA": 191.09522796,
        "MPIO_NANO": 2024,
        "MPIO_CRSLCION": "Ordenanza 41 de Julio 18 de 1894",
        "areaName": 191.09522796,
        "creationYear": 2024,
        "creationResolution": "Ordenanza 41 de Julio 18 de 1894",
        "resultType": "observed",
        "source": "dane-divipola-mgn-2025",
        "year": 2025
      }
    },
    {
      "type": "Feature",
      "id": 1794,
      "geometry": {
        "type": "Polygon",
        "coordinates": [
          [
            [
              -75.24802,
              10.50492
            ],
            [
              -75.27219,
              10.52769
            ],
            [
              -75.30966,
              10.521
            ],
            [
              -75.29606,
              10.49739
            ],
            [
              -75.29905,
              10.44756
            ],
            [
              -75.33597,
              10.4135
            ],
            [
              -75.29269,
              10.36214
            ],
            [
              -75.24465,
              10.3859
            ],
            [
              -75.24243,
              10.43237
            ],
            [
              -75.19244,
              10.45
            ],
            [
              -75.24802,
              10.50492
            ]
          ]
        ]
      },
      "properties": {
        "code": "13873",
        "departmentCode": "13",
        "name": "VILLANUEVA",
        "originalCode": "873",
        "originalName": "VILLANUEVA",
        "MPIO_TIPO": "MUNICIPIO",
        "type": "MUNICIPIO",
        "unitType": "municipio",
        "MPIO_NAREA": 133.02522617,
        "MPIO_NANO": 2025,
        "MPIO_CRSLCION": "1770",
        "areaName": 133.02522617,
        "creationYear": 2025,
        "creationResolution": "1770",
        "resultType": "observed",
        "source": "dane-divipola-mgn-2025",
        "year": 2025
      }
    },
    {
      "type": "Feature",
      "id": 1795,
      "geometry": {
        "type": "Polygon",
        "coordinates": [
          [
            [
              -74.87798,
              9.8581
            ],
            [
              -74.88235,
              9.87235
            ],
            [
              -74.88386,
              9.85812
            ],
            [
              -74.94722,
              9.85471
            ],
            [
              -74.93128,
              9.83246
            ],
            [
              -74.93941,
              9.8164
            ],
            [
              -74.91847,
              9.79795
            ],
            [
              -74.952,
              9.77373
            ],
            [
              -74.96119,
              9.68082
            ],
            [
              -74.86436,
              9.6516
            ],
            [
              -74.79074,
              9.65264
            ],
            [
              -74.80575,
              9.67553
            ],
            [
              -74.78765,
              9.69686
            ],
            [
              -74.81529,
              9.73117
            ],
            [
              -74.80523,
              9.76181
            ],
            [
              -74.8156,
              9.78989
            ],
            [
              -74.87798,
              9.8581
            ]
          ]
        ]
      },
      "properties": {
        "code": "13894",
        "departmentCode": "13",
        "name": "ZAMBRANO",
        "originalCode": "894",
        "originalName": "ZAMBRANO",
        "MPIO_TIPO": "MUNICIPIO",
        "type": "MUNICIPIO",
        "unitType": "municipio",
        "MPIO_NAREA": 308.95215102,
        "MPIO_NANO": 2024,
        "MPIO_CRSLCION": "1899",
        "areaName": 308.95215102,
        "creationYear": 2024,
        "creationResolution": "1899",
        "resultType": "observed",
        "source": "dane-divipola-mgn-2025",
        "year": 2025
      }
    }
  ]
}
