{
  "type": "FeatureCollection",
  "metadata": {
    "source": "DANE DIVIPOLA MGN 2025",
    "downloadedAt": "2026-07-27T01:49:40Z",
    "crs": "EPSG:4326",
    "simplification": "ArcGIS maxAllowableOffset=0.01 grados y geometryPrecision=5; solo visualización web"
  },
  "features": [
    {
      "type": "Feature",
      "id": 1796,
      "geometry": {
        "type": "Polygon",
        "coordinates": [
          [
            [
              -73.41186,
              5.56682
            ],
            [
              -73.42611,
              5.5569
            ],
            [
              -73.42515,
              5.52981
            ],
            [
              -73.4076,
              5.51041
            ],
            [
              -73.44727,
              5.46908
            ],
            [
              -73.42113,
              5.44637
            ],
            [
              -73.36119,
              5.47411
            ],
            [
              -73.34027,
              5.52656
            ],
            [
              -73.32266,
              5.52675
            ],
            [
              -73.30395,
              5.56135
            ],
            [
              -73.32152,
              5.58323
            ],
            [
              -73.34126,
              5.58409
            ],
            [
              -73.36199,
              5.55583
            ],
            [
              -73.41186,
              5.56682
            ]
          ]
        ]
      },
      "properties": {
        "code": "15001",
        "departmentCode": "15",
        "name": "TUNJA",
        "originalCode": "001",
        "originalName": "TUNJA",
        "type": "MUNICIPIO",
        "areaName": 119.48149214,
        "creationYear": 2025,
        "creationResolution": "1541",
        "resultType": "observed",
        "source": "dane-divipola-mgn-2025",
        "year": 2025,
        "MPIO_TIPO": "MUNICIPIO",
        "unitType": "municipio",
        "MPIO_NAREA": 119.48149214,
        "MPIO_NANO": 2025,
        "MPIO_CRSLCION": "1541"
      }
    },
    {
      "type": "Feature",
      "id": 1797,
      "geometry": {
        "type": "Polygon",
        "coordinates": [
          [
            [
              -73.36793,
              5.01349
            ],
            [
              -73.4392,
              4.90724
            ],
            [
              -73.40913,
              4.90578
            ],
            [
              -73.35831,
              4.94422
            ],
            [
              -73.34305,
              4.97681
            ],
            [
              -73.36793,
              5.01349
            ]
          ]
        ]
      },
      "properties": {
        "code": "15022",
        "departmentCode": "15",
        "name": "ALMEIDA",
        "originalCode": "022",
        "originalName": "ALMEIDA",
        "type": "MUNICIPIO",
        "areaName": 57.57419238,
        "creationYear": 2024,
        "creationResolution": "1908",
        "resultType": "observed",
        "source": "dane-divipola-mgn-2025",
        "year": 2025,
        "MPIO_TIPO": "MUNICIPIO",
        "unitType": "municipio",
        "MPIO_NAREA": 57.57419238,
        "MPIO_NANO": 2024,
        "MPIO_CRSLCION": "1908"
      }
    },
    {
      "type": "Feature",
      "id": 1798,
      "geometry": {
        "type": "Polygon",
        "coordinates": [
          [
            [
              -72.76309,
              5.64322
            ],
            [
              -72.78803,
              5.62907
            ],
            [
              -72.81106,
              5.5837
            ],
            [
              -72.89629,
              5.61401
            ],
            [
              -72.90172,
              5.58008
            ],
            [
              -72.92576,
              5.56724
            ],
            [
              -72.92374,
              5.53759
            ],
            [
              -72.96882,
              5.47037
            ],
            [
              -72.99145,
              5.45983
            ],
            [
              -73.00966,
              5.38688
            ],
            [
              -73.04642,
              5.35382
            ],
            [
              -73.04202,
              5.31075
            ],
            [
              -72.99524,
              5.25443
            ],
            [
              -73.01006,
              5.21452
            ],
            [
              -72.98283,
              5.19627
            ],
            [
              -72.92326,
              5.21534
            ],
            [
              -72.89502,
              5.26531
            ],
            [
              -72.88271,
              5.36323
            ],
            [
              -72.8554,
              5.34191
            ],
            [
              -72.7978,
              5.39581
            ],
            [
              -72.78495,
              5.43706
            ],
            [
              -72.72717,
              5.48674
            ],
            [
              -72.70754,
              5.47901
            ],
            [
              -72.69525,
              5.43928
            ],
            [
              -72.65243,
              5.44931
            ],
            [
              -72.6827,
              5.49069
            ],
            [
              -72.65633,
              5.50075
            ],
            [
              -72.66253,
              5.53878
            ],
            [
              -72.68953,
              5.55967
            ],
            [
              -72.745,
              5.56474
            ],
            [
              -72.70811,
              5.61624
            ],
            [
              -72.71656,
              5.62499
            ],
            [
              -72.74322,
              5.6096
            ],
            [
              -72.76309,
              5.64322
            ]
          ]
        ]
      },
      "properties": {
        "code": "15047",
        "departmentCode": "15",
        "name": "AQUITANIA",
        "originalCode": "047",
        "originalName": "AQUITANIA",
        "type": "MUNICIPIO",
        "areaName": 940.35452314,
        "creationYear": 2024,
        "creationResolution": "1789",
        "resultType": "observed",
        "source": "dane-divipola-mgn-2025",
        "year": 2025,
        "MPIO_TIPO": "MUNICIPIO",
        "unitType": "municipio",
        "MPIO_NAREA": 940.35452314,
        "MPIO_NANO": 2024,
        "MPIO_CRSLCION": "1789"
      }
    },
    {
      "type": "Feature",
      "id": 1799,
      "geometry": {
        "type": "Polygon",
        "coordinates": [
          [
            [
              -73.47156,
              5.8216
            ],
            [
              -73.5131,
              5.84695
            ],
            [
              -73.48651,
              5.80328
            ],
            [
              -73.50879,
              5.75731
            ],
            [
              -73.49388,
              5.74539
            ],
            [
              -73.50439,
              5.71723
            ],
            [
              -73.45942,
              5.72692
            ],
            [
              -73.42934,
              5.70448
            ],
            [
              -73.40077,
              5.71445
            ],
            [
              -73.3818,
              5.67256
            ],
            [
              -73.3475,
              5.67023
            ],
            [
              -73.35037,
              5.69724
            ],
            [
              -73.37909,
              5.72363
            ],
            [
              -73.38173,
              5.76053
            ],
            [
              -73.39048,
              5.75107
            ],
            [
              -73.43003,
              5.7665
            ],
            [
              -73.43146,
              5.793
            ],
            [
              -73.47156,
              5.8216
            ]
          ]
        ]
      },
      "properties": {
        "code": "15051",
        "departmentCode": "15",
        "name": "ARCABUCO",
        "originalCode": "051",
        "originalName": "ARCABUCO",
        "type": "MUNICIPIO",
        "areaName": 137.66904953,
        "creationYear": 2025,
        "creationResolution": "1856",
        "resultType": "observed",
        "source": "dane-divipola-mgn-2025",
        "year": 2025,
        "MPIO_TIPO": "MUNICIPIO",
        "unitType": "municipio",
        "MPIO_NAREA": 137.66904953,
        "MPIO_NANO": 2025,
        "MPIO_CRSLCION": "1856"
      }
    },
    {
      "type": "Feature",
      "id": 1800,
      "geometry": {
        "type": "Polygon",
        "coordinates": [
          [
            [
              -72.81735,
              6.01592
            ],
            [
              -72.86206,
              6.01304
            ],
            [
              -72.92337,
              6.09835
            ],
            [
              -72.9704,
              6.02212
            ],
            [
              -72.91273,
              5.94308
            ],
            [
              -72.89042,
              5.93514
            ],
            [
              -72.79671,
              5.99424
            ],
            [
              -72.7958,
              6.01904
            ],
            [
              -72.81735,
              6.01592
            ]
          ]
        ]
      },
      "properties": {
        "code": "15087",
        "departmentCode": "15",
        "name": "BELÉN",
        "originalCode": "087",
        "originalName": "BELÉN",
        "type": "MUNICIPIO",
        "areaName": 162.77417939,
        "creationYear": 2024,
        "creationResolution": "1756",
        "resultType": "observed",
        "source": "dane-divipola-mgn-2025",
        "year": 2025,
        "MPIO_TIPO": "MUNICIPIO",
        "unitType": "municipio",
        "MPIO_NAREA": 162.77417939,
        "MPIO_NANO": 2024,
        "MPIO_CRSLCION": "1756"
      }
    },
    {
      "type": "Feature",
      "id": 1801,
      "geometry": {
        "type": "Polygon",
        "coordinates": [
          [
            [
              -73.0677,
              5.27048
            ],
            [
              -73.06388,
              5.30057
            ],
            [
              -73.11654,
              5.27053
            ],
            [
              -73.14845,
              5.2302
            ],
            [
              -73.08905,
              5.16072
            ],
            [
              -73.06647,
              5.18582
            ],
            [
              -73.10594,
              5.22224
            ],
            [
              -73.0677,
              5.27048
            ]
          ]
        ]
      },
      "properties": {
        "code": "15090",
        "departmentCode": "15",
        "name": "BERBEO",
        "originalCode": "090",
        "originalName": "BERBEO",
        "type": "MUNICIPIO",
        "areaName": 57.90362494,
        "creationYear": 2024,
        "creationResolution": "Ordenanza 28 de Abril 9 de 1913",
        "resultType": "observed",
        "source": "dane-divipola-mgn-2025",
        "year": 2025,
        "MPIO_TIPO": "MUNICIPIO",
        "unitType": "municipio",
        "MPIO_NAREA": 57.90362494,
        "MPIO_NANO": 2024,
        "MPIO_CRSLCION": "Ordenanza 28 de Abril 9 de 1913"
      }
    },
    {
      "type": "Feature",
      "id": 1802,
      "geometry": {
        "type": "Polygon",
        "coordinates": [
          [
            [
              -72.77921,
              5.95449
            ],
            [
              -72.81919,
              5.97681
            ],
            [
              -72.86841,
              5.94024
            ],
            [
              -72.91413,
              5.94488
            ],
            [
              -72.92529,
              5.92853
            ],
            [
              -72.85758,
              5.86618
            ],
            [
              -72.80191,
              5.89924
            ],
            [
              -72.80185,
              5.92949
            ],
            [
              -72.77921,
              5.95449
            ]
          ]
        ]
      },
      "properties": {
        "code": "15092",
        "departmentCode": "15",
        "name": "BETÉITIVA",
        "originalCode": "092",
        "originalName": "BETÉITIVA",
        "type": "MUNICIPIO",
        "areaName": 101.66571259,
        "creationYear": 2024,
        "creationResolution": "1754",
        "resultType": "observed",
        "source": "dane-divipola-mgn-2025",
        "year": 2025,
        "MPIO_TIPO": "MUNICIPIO",
        "unitType": "municipio",
        "MPIO_NAREA": 101.66571259,
        "MPIO_NANO": 2024,
        "MPIO_CRSLCION": "1754"
      }
    },
    {
      "type": "Feature",
      "id": 1803,
      "geometry": {
        "type": "Polygon",
        "coordinates": [
          [
            [
              -72.64907,
              6.4364
            ],
            [
              -72.66581,
              6.43263
            ],
            [
              -72.63558,
              6.21992
            ],
            [
              -72.61857,
              6.22642
            ],
            [
              -72.60217,
              6.27881
            ],
            [
              -72.58736,
              6.26615
            ],
            [
              -72.5861,
              6.30962
            ],
            [
              -72.56434,
              6.32688
            ],
            [
              -72.60262,
              6.41079
            ],
            [
              -72.62235,
              6.41391
            ],
            [
              -72.62343,
              6.4407
            ],
            [
              -72.64907,
              6.4364
            ]
          ]
        ]
      },
      "properties": {
        "code": "15097",
        "departmentCode": "15",
        "name": "BOAVITA",
        "originalCode": "097",
        "originalName": "BOAVITA",
        "type": "MUNICIPIO",
        "areaName": 144.98592609,
        "creationYear": 2024,
        "creationResolution": "1613",
        "resultType": "observed",
        "source": "dane-divipola-mgn-2025",
        "year": 2025,
        "MPIO_TIPO": "MUNICIPIO",
        "unitType": "municipio",
        "MPIO_NAREA": 144.98592609,
        "MPIO_NANO": 2024,
        "MPIO_CRSLCION": "1613"
      }
    },
    {
      "type": "Feature",
      "id": 1804,
      "geometry": {
        "type": "Polygon",
        "coordinates": [
          [
            [
              -73.34806,
              5.47412
            ],
            [
              -73.41151,
              5.45233
            ],
            [
              -73.44092,
              5.41515
            ],
            [
              -73.36812,
              5.41437
            ],
            [
              -73.33462,
              5.44136
            ],
            [
              -73.34806,
              5.47412
            ]
          ]
        ]
      },
      "properties": {
        "code": "15104",
        "departmentCode": "15",
        "name": "BOYACÁ",
        "originalCode": "104",
        "originalName": "BOYACÁ",
        "type": "MUNICIPIO",
        "areaName": 47.94112036,
        "creationYear": 2024,
        "creationResolution": "1537",
        "resultType": "observed",
        "source": "dane-divipola-mgn-2025",
        "year": 2025,
        "MPIO_TIPO": "MUNICIPIO",
        "unitType": "municipio",
        "MPIO_NAREA": 47.94112036,
        "MPIO_NANO": 2024,
        "MPIO_CRSLCION": "1537"
      }
    },
    {
      "type": "Feature",
      "id": 1805,
      "geometry": {
        "type": "Polygon",
        "coordinates": [
          [
            [
              -73.89118,
              5.73749
            ],
            [
              -73.94984,
              5.68867
            ],
            [
              -73.93685,
              5.6328
            ],
            [
              -73.92251,
              5.63905
            ],
            [
              -73.89774,
              5.61961
            ],
            [
              -73.8568,
              5.65147
            ],
            [
              -73.88341,
              5.645
            ],
            [
              -73.8998,
              5.66426
            ],
            [
              -73.87307,
              5.72446
            ],
            [
              -73.89118,
              5.73749
            ]
          ]
        ]
      },
      "properties": {
        "code": "15106",
        "departmentCode": "15",
        "name": "BRICEÑO",
        "originalCode": "106",
        "originalName": "BRICEÑO",
        "type": "MUNICIPIO",
        "areaName": 64.51202733,
        "creationYear": 2024,
        "creationResolution": "Ordenanza 14 del 25 de Julio de 1890",
        "resultType": "observed",
        "source": "dane-divipola-mgn-2025",
        "year": 2025,
        "MPIO_TIPO": "MUNICIPIO",
        "unitType": "municipio",
        "MPIO_NAREA": 64.51202733,
        "MPIO_NANO": 2024,
        "MPIO_CRSLCION": "Ordenanza 14 del 25 de Julio de 1890"
      }
    },
    {
      "type": "Feature",
      "id": 1806,
      "geometry": {
        "type": "Polygon",
        "coordinates": [
          [
            [
              -73.91026,
              5.54931
            ],
            [
              -73.99005,
              5.52538
            ],
            [
              -74.01813,
              5.46994
            ],
            [
              -73.95095,
              5.44997
            ],
            [
              -73.94708,
              5.42408
            ],
            [
              -73.92843,
              5.43998
            ],
            [
              -73.91252,
              5.43223
            ],
            [
              -73.90109,
              5.4482
            ],
            [
              -73.91026,
              5.54931
            ]
          ]
        ]
      },
      "properties": {
        "code": "15109",
        "departmentCode": "15",
        "name": "BUENAVISTA",
        "originalCode": "109",
        "originalName": "BUENAVISTA",
        "type": "MUNICIPIO",
        "areaName": 110.01024496,
        "creationYear": 2024,
        "creationResolution": "1822",
        "resultType": "observed",
        "source": "dane-divipola-mgn-2025",
        "year": 2025,
        "MPIO_TIPO": "MUNICIPIO",
        "unitType": "municipio",
        "MPIO_NAREA": 110.01024496,
        "MPIO_NANO": 2024,
        "MPIO_CRSLCION": "1822"
      }
    },
    {
      "type": "Feature",
      "id": 1807,
      "geometry": {
        "type": "Polygon",
        "coordinates": [
          [
            [
              -72.86615,
              5.86874
            ],
            [
              -72.89184,
              5.86576
            ],
            [
              -72.89629,
              5.81209
            ],
            [
              -72.85872,
              5.82629
            ],
            [
              -72.84813,
              5.85955
            ],
            [
              -72.86615,
              5.86874
            ]
          ]
        ]
      },
      "properties": {
        "code": "15114",
        "departmentCode": "15",
        "name": "BUSBANZÁ",
        "originalCode": "114",
        "originalName": "BUSBANZÁ",
        "type": "MUNICIPIO",
        "areaName": 25.30119285,
        "creationYear": 2024,
        "creationResolution": "1851",
        "resultType": "observed",
        "source": "dane-divipola-mgn-2025",
        "year": 2025,
        "MPIO_TIPO": "MUNICIPIO",
        "unitType": "municipio",
        "MPIO_NAREA": 25.30119285,
        "MPIO_NANO": 2024,
        "MPIO_CRSLCION": "1851"
      }
    },
    {
      "type": "Feature",
      "id": 1808,
      "geometry": {
        "type": "Polygon",
        "coordinates": [
          [
            [
              -73.86808,
              5.63763
            ],
            [
              -73.89621,
              5.62291
            ],
            [
              -73.92589,
              5.57395
            ],
            [
              -73.91064,
              5.52374
            ],
            [
              -73.8977,
              5.52836
            ],
            [
              -73.88987,
              5.51242
            ],
            [
              -73.85727,
              5.53092
            ],
            [
              -73.84276,
              5.56653
            ],
            [
              -73.85251,
              5.6265
            ],
            [
              -73.86808,
              5.63763
            ]
          ]
        ]
      },
      "properties": {
        "code": "15131",
        "departmentCode": "15",
        "name": "CALDAS",
        "originalCode": "131",
        "originalName": "CALDAS",
        "type": "MUNICIPIO",
        "areaName": 78.85692332,
        "creationYear": 2024,
        "creationResolution": "1837",
        "resultType": "observed",
        "source": "dane-divipola-mgn-2025",
        "year": 2025,
        "MPIO_TIPO": "MUNICIPIO",
        "unitType": "municipio",
        "MPIO_NAREA": 78.85692332,
        "MPIO_NANO": 2024,
        "MPIO_CRSLCION": "1837"
      }
    },
    {
      "type": "Feature",
      "id": 1809,
      "geometry": {
        "type": "Polygon",
        "coordinates": [
          [
            [
              -73.10244,
              5.10221
            ],
            [
              -73.11275,
              5.11191
            ],
            [
              -73.1515,
              5.07409
            ],
            [
              -73.18873,
              5.06308
            ],
            [
              -73.2281,
              5.07752
            ],
            [
              -73.24849,
              5.06898
            ],
            [
              -73.21422,
              5.01511
            ],
            [
              -73.21309,
              4.90565
            ],
            [
              -73.19739,
              4.91301
            ],
            [
              -73.17055,
              4.89616
            ],
            [
              -73.05656,
              4.99753
            ],
            [
              -73.02737,
              4.99474
            ],
            [
              -73.02731,
              5.02498
            ],
            [
              -73.06533,
              5.01077
            ],
            [
              -73.08618,
              5.03965
            ],
            [
              -73.0675,
              5.08249
            ],
            [
              -73.07124,
              5.09619
            ],
            [
              -73.10244,
              5.10221
            ]
          ]
        ]
      },
      "properties": {
        "code": "15135",
        "departmentCode": "15",
        "name": "CAMPOHERMOSO",
        "originalCode": "135",
        "originalName": "CAMPOHERMOSO",
        "type": "MUNICIPIO",
        "areaName": 298.17353055,
        "creationYear": 2024,
        "creationResolution": "1823",
        "resultType": "observed",
        "source": "dane-divipola-mgn-2025",
        "year": 2025,
        "MPIO_TIPO": "MUNICIPIO",
        "unitType": "municipio",
        "MPIO_NAREA": 298.17353055,
        "MPIO_NANO": 2024,
        "MPIO_CRSLCION": "1823"
      }
    },
    {
      "type": "Feature",
      "id": 1810,
      "geometry": {
        "type": "Polygon",
        "coordinates": [
          [
            [
              -72.96767,
              6.01097
            ],
            [
              -72.98297,
              6.01002
            ],
            [
              -73.01124,
              5.96311
            ],
            [
              -73.00451,
              5.94413
            ],
            [
              -72.9277,
              5.92442
            ],
            [
              -72.91651,
              5.95569
            ],
            [
              -72.96767,
              6.01097
            ]
          ]
        ]
      },
      "properties": {
        "code": "15162",
        "departmentCode": "15",
        "name": "CERINZA",
        "originalCode": "162",
        "originalName": "CERINZA",
        "type": "MUNICIPIO",
        "areaName": 63.45306993,
        "creationYear": 2024,
        "creationResolution": "1782",
        "resultType": "observed",
        "source": "dane-divipola-mgn-2025",
        "year": 2025,
        "MPIO_TIPO": "MUNICIPIO",
        "unitType": "municipio",
        "MPIO_NAREA": 63.45306993,
        "MPIO_NANO": 2024,
        "MPIO_CRSLCION": "1782"
      }
    },
    {
      "type": "Feature",
      "id": 1811,
      "geometry": {
        "type": "Polygon",
        "coordinates": [
          [
            [
              -73.34046,
              5.2805
            ],
            [
              -73.40269,
              5.24029
            ],
            [
              -73.38081,
              5.197
            ],
            [
              -73.3857,
              5.16302
            ],
            [
              -73.36404,
              5.13676
            ],
            [
              -73.26058,
              5.15677
            ],
            [
              -73.25806,
              5.17252
            ],
            [
              -73.2958,
              5.19842
            ],
            [
              -73.28346,
              5.20671
            ],
            [
              -73.32007,
              5.23143
            ],
            [
              -73.34046,
              5.2805
            ]
          ]
        ]
      },
      "properties": {
        "code": "15172",
        "departmentCode": "15",
        "name": "CHINAVITA",
        "originalCode": "172",
        "originalName": "CHINAVITA",
        "type": "MUNICIPIO",
        "areaName": 136.13765324,
        "creationYear": 2024,
        "creationResolution": "1826",
        "resultType": "observed",
        "source": "dane-divipola-mgn-2025",
        "year": 2025,
        "MPIO_TIPO": "MUNICIPIO",
        "unitType": "municipio",
        "MPIO_NAREA": 136.13765324,
        "MPIO_NANO": 2024,
        "MPIO_CRSLCION": "1826"
      }
    },
    {
      "type": "Feature",
      "id": 1812,
      "geometry": {
        "type": "Polygon",
        "coordinates": [
          [
            [
              -73.84811,
              5.70877
            ],
            [
              -73.90139,
              5.67126
            ],
            [
              -73.88369,
              5.64508
            ],
            [
              -73.8568,
              5.65161
            ],
            [
              -73.86616,
              5.63529
            ],
            [
              -73.84374,
              5.60134
            ],
            [
              -73.84786,
              5.54565
            ],
            [
              -73.80467,
              5.5714
            ],
            [
              -73.78947,
              5.55299
            ],
            [
              -73.77969,
              5.59512
            ],
            [
              -73.7233,
              5.57111
            ],
            [
              -73.68605,
              5.62958
            ],
            [
              -73.75208,
              5.64649
            ],
            [
              -73.80591,
              5.64111
            ],
            [
              -73.83488,
              5.66691
            ],
            [
              -73.8299,
              5.70263
            ],
            [
              -73.84811,
              5.70877
            ]
          ]
        ]
      },
      "properties": {
        "code": "15176",
        "departmentCode": "15",
        "name": "CHIQUINQUIRÁ",
        "originalCode": "176",
        "originalName": "CHIQUINQUIRÁ",
        "type": "MUNICIPIO",
        "areaName": 164.77838452,
        "creationYear": 2024,
        "creationResolution": "1776",
        "resultType": "observed",
        "source": "dane-divipola-mgn-2025",
        "year": 2025,
        "MPIO_TIPO": "MUNICIPIO",
        "unitType": "municipio",
        "MPIO_NAREA": 164.77838452,
        "MPIO_NANO": 2024,
        "MPIO_CRSLCION": "1776"
      }
    },
    {
      "type": "Feature",
      "id": 1813,
      "geometry": {
        "type": "Polygon",
        "coordinates": [
          [
            [
              -72.44104,
              6.84872
            ],
            [
              -72.47614,
              6.84352
            ],
            [
              -72.49851,
              6.7984
            ],
            [
              -72.48554,
              6.6571
            ],
            [
              -72.54267,
              6.58281
            ],
            [
              -72.53632,
              6.54042
            ],
            [
              -72.54947,
              6.52147
            ],
            [
              -72.53439,
              6.49605
            ],
            [
              -72.48234,
              6.54967
            ],
            [
              -72.4045,
              6.51363
            ],
            [
              -72.38423,
              6.52759
            ],
            [
              -72.38273,
              6.55225
            ],
            [
              -72.35587,
              6.55399
            ],
            [
              -72.38655,
              6.61391
            ],
            [
              -72.34642,
              6.63392
            ],
            [
              -72.33794,
              6.66868
            ],
            [
              -72.30228,
              6.69758
            ],
            [
              -72.29551,
              6.78112
            ],
            [
              -72.33818,
              6.82449
            ],
            [
              -72.34048,
              6.84625
            ],
            [
              -72.44104,
              6.84872
            ]
          ]
        ]
      },
      "properties": {
        "code": "15180",
        "departmentCode": "15",
        "name": "CHISCAS",
        "originalCode": "180",
        "originalName": "CHISCAS",
        "type": "MUNICIPIO",
        "areaName": 657.28076511,
        "creationYear": 2024,
        "creationResolution": "1761",
        "resultType": "observed",
        "source": "dane-divipola-mgn-2025",
        "year": 2025,
        "MPIO_TIPO": "MUNICIPIO",
        "unitType": "municipio",
        "MPIO_NAREA": 657.28076511,
        "MPIO_NANO": 2024,
        "MPIO_CRSLCION": "1761"
      }
    },
    {
      "type": "Feature",
      "id": 1814,
      "geometry": {
        "type": "Polygon",
        "coordinates": [
          [
            [
              -72.46477,
              6.30429
            ],
            [
              -72.49573,
              6.291
            ],
            [
              -72.49837,
              6.25331
            ],
            [
              -72.55253,
              6.17699
            ],
            [
              -72.51432,
              6.13339
            ],
            [
              -72.54231,
              6.06984
            ],
            [
              -72.53053,
              6.05174
            ],
            [
              -72.53909,
              6.03206
            ],
            [
              -72.44845,
              5.95615
            ],
            [
              -72.41662,
              5.90405
            ],
            [
              -72.33501,
              5.88964
            ],
            [
              -72.32506,
              5.93504
            ],
            [
              -72.36551,
              6.0367
            ],
            [
              -72.32154,
              6.06784
            ],
            [
              -72.3212,
              6.0882
            ],
            [
              -72.37114,
              6.08284
            ],
            [
              -72.36408,
              6.09933
            ],
            [
              -72.38918,
              6.12374
            ],
            [
              -72.37435,
              6.14973
            ],
            [
              -72.3931,
              6.16157
            ],
            [
              -72.39253,
              6.18833
            ],
            [
              -72.41895,
              6.18669
            ],
            [
              -72.38722,
              6.26128
            ],
            [
              -72.46477,
              6.30429
            ]
          ]
        ]
      },
      "properties": {
        "code": "15183",
        "departmentCode": "15",
        "name": "CHITA",
        "originalCode": "183",
        "originalName": "CHITA",
        "type": "MUNICIPIO",
        "areaName": 675.8077813,
        "creationYear": 2024,
        "creationResolution": "1769",
        "resultType": "observed",
        "source": "dane-divipola-mgn-2025",
        "year": 2025,
        "MPIO_TIPO": "MUNICIPIO",
        "unitType": "municipio",
        "MPIO_NAREA": 675.8077813,
        "MPIO_NANO": 2024,
        "MPIO_CRSLCION": "1769"
      }
    },
    {
      "type": "Feature",
      "id": 1815,
      "geometry": {
        "type": "Polygon",
        "coordinates": [
          [
            [
              -73.45172,
              6.07785
            ],
            [
              -73.45078,
              6.04644
            ],
            [
              -73.49604,
              5.98692
            ],
            [
              -73.46592,
              5.97031
            ],
            [
              -73.46089,
              5.93254
            ],
            [
              -73.43276,
              5.89703
            ],
            [
              -73.40808,
              5.8891
            ],
            [
              -73.37071,
              6.00523
            ],
            [
              -73.41483,
              6.07309
            ],
            [
              -73.45172,
              6.07785
            ]
          ]
        ]
      },
      "properties": {
        "code": "15185",
        "departmentCode": "15",
        "name": "CHITARAQUE",
        "originalCode": "185",
        "originalName": "CHITARAQUE",
        "type": "MUNICIPIO",
        "areaName": 158.26948365,
        "creationYear": 2024,
        "creationResolution": "1621",
        "resultType": "observed",
        "source": "dane-divipola-mgn-2025",
        "year": 2025,
        "MPIO_TIPO": "MUNICIPIO",
        "unitType": "municipio",
        "MPIO_NAREA": 158.26948365,
        "MPIO_NANO": 2024,
        "MPIO_CRSLCION": "1621"
      }
    },
    {
      "type": "Feature",
      "id": 1816,
      "geometry": {
        "type": "Polygon",
        "coordinates": [
          [
            [
              -73.22832,
              5.63479
            ],
            [
              -73.2529,
              5.58033
            ],
            [
              -73.30691,
              5.56966
            ],
            [
              -73.29543,
              5.52508
            ],
            [
              -73.23144,
              5.54185
            ],
            [
              -73.23102,
              5.56374
            ],
            [
              -73.24862,
              5.5697
            ],
            [
              -73.21437,
              5.62214
            ],
            [
              -73.22832,
              5.63479
            ]
          ]
        ]
      },
      "properties": {
        "code": "15187",
        "departmentCode": "15",
        "name": "CHIVATÁ",
        "originalCode": "187",
        "originalName": "CHIVATÁ",
        "type": "MUNICIPIO",
        "areaName": 49.44420388,
        "creationYear": 2024,
        "creationResolution": "Ordenanza 41 de Diciembre 14 de 1978",
        "resultType": "observed",
        "source": "dane-divipola-mgn-2025",
        "year": 2025,
        "MPIO_TIPO": "MUNICIPIO",
        "unitType": "municipio",
        "MPIO_NAREA": 49.44420388,
        "MPIO_NANO": 2024,
        "MPIO_CRSLCION": "Ordenanza 41 de Diciembre 14 de 1978"
      }
    },
    {
      "type": "Feature",
      "id": 1817,
      "geometry": {
        "type": "Polygon",
        "coordinates": [
          [
            [
              -73.30704,
              5.43985
            ],
            [
              -73.31436,
              5.44998
            ],
            [
              -73.33007,
              5.41441
            ],
            [
              -73.28561,
              5.3497
            ],
            [
              -73.22199,
              5.40691
            ],
            [
              -73.31488,
              5.42223
            ],
            [
              -73.30704,
              5.43985
            ]
          ]
        ]
      },
      "properties": {
        "code": "15189",
        "departmentCode": "15",
        "name": "CIÉNEGA",
        "originalCode": "189",
        "originalName": "CIÉNEGA",
        "type": "MUNICIPIO",
        "areaName": 53.89700594,
        "creationYear": 2024,
        "creationResolution": "1817",
        "resultType": "observed",
        "source": "dane-divipola-mgn-2025",
        "year": 2025,
        "MPIO_TIPO": "MUNICIPIO",
        "unitType": "municipio",
        "MPIO_NAREA": 53.89700594,
        "MPIO_NANO": 2024,
        "MPIO_CRSLCION": "1817"
      }
    },
    {
      "type": "Feature",
      "id": 1818,
      "geometry": {
        "type": "Polygon",
        "coordinates": [
          [
            [
              -73.26393,
              5.70365
            ],
            [
              -73.29413,
              5.69656
            ],
            [
              -73.33624,
              5.76634
            ],
            [
              -73.35522,
              5.76224
            ],
            [
              -73.3715,
              5.78644
            ],
            [
              -73.37909,
              5.72363
            ],
            [
              -73.34184,
              5.67973
            ],
            [
              -73.36313,
              5.66453
            ],
            [
              -73.36483,
              5.63741
            ],
            [
              -73.33219,
              5.57597
            ],
            [
              -73.31794,
              5.61541
            ],
            [
              -73.26861,
              5.66058
            ],
            [
              -73.26393,
              5.70365
            ]
          ]
        ]
      },
      "properties": {
        "code": "15204",
        "departmentCode": "15",
        "name": "CÓMBITA",
        "originalCode": "204",
        "originalName": "CÓMBITA",
        "type": "MUNICIPIO",
        "areaName": 138.0443172,
        "creationYear": 2025,
        "creationResolution": "1777",
        "resultType": "observed",
        "source": "dane-divipola-mgn-2025",
        "year": 2025,
        "MPIO_TIPO": "MUNICIPIO",
        "unitType": "municipio",
        "MPIO_NAREA": 138.0443172,
        "MPIO_NANO": 2025,
        "MPIO_CRSLCION": "1777"
      }
    },
    {
      "type": "Feature",
      "id": 1819,
      "geometry": {
        "type": "Polygon",
        "coordinates": [
          [
            [
              -73.9999,
              5.52834
            ],
            [
              -74.03373,
              5.49677
            ],
            [
              -74.05913,
              5.50156
            ],
            [
              -74.09675,
              5.47605
            ],
            [
              -74.09275,
              5.42895
            ],
            [
              -74.02228,
              5.38689
            ],
            [
              -74.01997,
              5.36614
            ],
            [
              -73.99139,
              5.37465
            ],
            [
              -73.97297,
              5.41936
            ],
            [
              -73.94738,
              5.41893
            ],
            [
              -73.95032,
              5.44953
            ],
            [
              -74.01947,
              5.472
            ],
            [
              -73.99393,
              5.5131
            ],
            [
              -73.9999,
              5.52834
            ]
          ]
        ]
      },
      "properties": {
        "code": "15212",
        "departmentCode": "15",
        "name": "COPER",
        "originalCode": "212",
        "originalName": "COPER",
        "type": "MUNICIPIO",
        "areaName": 149.67796662,
        "creationYear": 2024,
        "creationResolution": "1784",
        "resultType": "observed",
        "source": "dane-divipola-mgn-2025",
        "year": 2025,
        "MPIO_TIPO": "MUNICIPIO",
        "unitType": "municipio",
        "MPIO_NAREA": 149.67796662,
        "MPIO_NANO": 2024,
        "MPIO_CRSLCION": "1784"
      }
    },
    {
      "type": "Feature",
      "id": 1820,
      "geometry": {
        "type": "Polygon",
        "coordinates": [
          [
            [
              -72.82616,
              5.87828
            ],
            [
              -72.85583,
              5.86997
            ],
            [
              -72.86688,
              5.81697
            ],
            [
              -72.89708,
              5.81119
            ],
            [
              -72.87515,
              5.77052
            ],
            [
              -72.8398,
              5.78405
            ],
            [
              -72.83575,
              5.80692
            ],
            [
              -72.80375,
              5.83296
            ],
            [
              -72.79812,
              5.85391
            ],
            [
              -72.82616,
              5.87828
            ]
          ]
        ]
      },
      "properties": {
        "code": "15215",
        "departmentCode": "15",
        "name": "CORRALES",
        "originalCode": "215",
        "originalName": "CORRALES",
        "type": "MUNICIPIO",
        "areaName": 60.72656429,
        "creationYear": 2024,
        "creationResolution": "1789",
        "resultType": "observed",
        "source": "dane-divipola-mgn-2025",
        "year": 2025,
        "MPIO_TIPO": "MUNICIPIO",
        "unitType": "municipio",
        "MPIO_NAREA": 60.72656429,
        "MPIO_NANO": 2024,
        "MPIO_CRSLCION": "1789"
      }
    },
    {
      "type": "Feature",
      "id": 1821,
      "geometry": {
        "type": "Polygon",
        "coordinates": [
          [
            [
              -72.75917,
              6.57985
            ],
            [
              -72.78187,
              6.57975
            ],
            [
              -72.81095,
              6.54238
            ],
            [
              -72.73592,
              6.49069
            ],
            [
              -72.72488,
              6.4567
            ],
            [
              -72.73798,
              6.44027
            ],
            [
              -72.71699,
              6.44222
            ],
            [
              -72.67947,
              6.49111
            ],
            [
              -72.70358,
              6.53923
            ],
            [
              -72.75917,
              6.57985
            ]
          ]
        ]
      },
      "properties": {
        "code": "15218",
        "departmentCode": "15",
        "name": "COVARACHÍA",
        "originalCode": "218",
        "originalName": "COVARACHÍA",
        "type": "MUNICIPIO",
        "areaName": 102.21423575,
        "creationYear": 2024,
        "creationResolution": "1822",
        "resultType": "observed",
        "source": "dane-divipola-mgn-2025",
        "year": 2025,
        "MPIO_TIPO": "MUNICIPIO",
        "unitType": "municipio",
        "MPIO_NAREA": 102.21423575,
        "MPIO_NANO": 2024,
        "MPIO_CRSLCION": "1822"
      }
    },
    {
      "type": "Feature",
      "id": 1822,
      "geometry": {
        "type": "Polygon",
        "coordinates": [
          [
            [
              -72.08498,
              7.04271
            ],
            [
              -72.11351,
              6.9971
            ],
            [
              -72.14714,
              7.0153
            ],
            [
              -72.16231,
              7.04707
            ],
            [
              -72.18393,
              7.02893
            ],
            [
              -72.19645,
              7.04493
            ],
            [
              -72.20097,
              7.00669
            ],
            [
              -72.23447,
              6.97915
            ],
            [
              -72.25542,
              6.98398
            ],
            [
              -72.25167,
              7.00688
            ],
            [
              -72.27652,
              7.01279
            ],
            [
              -72.31343,
              6.93222
            ],
            [
              -72.39233,
              6.87221
            ],
            [
              -72.49226,
              6.92432
            ],
            [
              -72.50062,
              6.87124
            ],
            [
              -72.47706,
              6.8422
            ],
            [
              -72.34077,
              6.84655
            ],
            [
              -72.33818,
              6.82449
            ],
            [
              -72.29655,
              6.78506
            ],
            [
              -72.29239,
              6.7621
            ],
            [
              -72.30698,
              6.75885
            ],
            [
              -72.28773,
              6.69572
            ],
            [
              -72.26001,
              6.70745
            ],
            [
              -72.23193,
              6.69623
            ],
            [
              -72.21188,
              6.73859
            ],
            [
              -72.14039,
              6.7633
            ],
            [
              -72.11321,
              6.73945
            ],
            [
              -72.07693,
              6.7509
            ],
            [
              -72.0506,
              6.7689
            ],
            [
              -71.94885,
              7.01132
            ],
            [
              -72.08498,
              7.04271
            ]
          ]
        ]
      },
      "properties": {
        "code": "15223",
        "departmentCode": "15",
        "name": "CUBARÁ",
        "originalCode": "223",
        "originalName": "CUBARÁ",
        "type": "MUNICIPIO",
        "areaName": 1153.68528779,
        "creationYear": 2024,
        "creationResolution": "Ordenanza 8 de Diciembre 4 de 1965",
        "resultType": "observed",
        "source": "dane-divipola-mgn-2025",
        "year": 2025,
        "MPIO_TIPO": "MUNICIPIO",
        "unitType": "municipio",
        "MPIO_NAREA": 1153.68528779,
        "MPIO_NANO": 2024,
        "MPIO_CRSLCION": "Ordenanza 8 de Diciembre 4 de 1965"
      }
    },
    {
      "type": "Feature",
      "id": 1823,
      "geometry": {
        "type": "Polygon",
        "coordinates": [
          [
            [
              -73.42774,
              5.5637
            ],
            [
              -73.49072,
              5.54898
            ],
            [
              -73.43232,
              5.48587
            ],
            [
              -73.4076,
              5.51041
            ],
            [
              -73.42774,
              5.5637
            ]
          ]
        ]
      },
      "properties": {
        "code": "15224",
        "departmentCode": "15",
        "name": "CUCAITA",
        "originalCode": "224",
        "originalName": "CUCAITA",
        "type": "MUNICIPIO",
        "areaName": 42.05813397,
        "creationYear": 2024,
        "creationResolution": "Ordenanza 41 de Diciembre 14 de 1978",
        "resultType": "observed",
        "source": "dane-divipola-mgn-2025",
        "year": 2025,
        "MPIO_TIPO": "MUNICIPIO",
        "unitType": "municipio",
        "MPIO_NAREA": 42.05813397,
        "MPIO_NANO": 2024,
        "MPIO_CRSLCION": "Ordenanza 41 de Diciembre 14 de 1978"
      }
    },
    {
      "type": "Feature",
      "id": 1824,
      "geometry": {
        "type": "Polygon",
        "coordinates": [
          [
            [
              -72.90555,
              5.61801
            ],
            [
              -73.00364,
              5.59284
            ],
            [
              -72.94963,
              5.55427
            ],
            [
              -72.90172,
              5.58008
            ],
            [
              -72.90555,
              5.61801
            ]
          ]
        ]
      },
      "properties": {
        "code": "15226",
        "departmentCode": "15",
        "name": "CUÍTIVA",
        "originalCode": "226",
        "originalName": "CUÍTIVA",
        "type": "MUNICIPIO",
        "areaName": 44.03840245,
        "creationYear": 2024,
        "creationResolution": "1700",
        "resultType": "observed",
        "source": "dane-divipola-mgn-2025",
        "year": 2025,
        "MPIO_TIPO": "MUNICIPIO",
        "unitType": "municipio",
        "MPIO_NAREA": 44.03840245,
        "MPIO_NANO": 2024,
        "MPIO_CRSLCION": "1700"
      }
    },
    {
      "type": "Feature",
      "id": 1825,
      "geometry": {
        "type": "Polygon",
        "coordinates": [
          [
            [
              -73.3818,
              5.67256
            ],
            [
              -73.40077,
              5.71445
            ],
            [
              -73.45277,
              5.67806
            ],
            [
              -73.47915,
              5.67777
            ],
            [
              -73.48378,
              5.63446
            ],
            [
              -73.51625,
              5.60104
            ],
            [
              -73.4989,
              5.5595
            ],
            [
              -73.47243,
              5.58963
            ],
            [
              -73.41072,
              5.61705
            ],
            [
              -73.3818,
              5.67256
            ]
          ]
        ]
      },
      "properties": {
        "code": "15232",
        "departmentCode": "15",
        "name": "CHÍQUIZA",
        "originalCode": "232",
        "originalName": "CHÍQUIZA",
        "type": "MUNICIPIO",
        "areaName": 116.31838499,
        "creationYear": 2025,
        "creationResolution": "Ordenanza 19 de Diciembre 26 de 1982",
        "resultType": "observed",
        "source": "dane-divipola-mgn-2025",
        "year": 2025,
        "MPIO_TIPO": "MUNICIPIO",
        "unitType": "municipio",
        "MPIO_NAREA": 116.31838499,
        "MPIO_NANO": 2025,
        "MPIO_CRSLCION": "Ordenanza 19 de Diciembre 26 de 1982"
      }
    },
    {
      "type": "Feature",
      "id": 1826,
      "geometry": {
        "type": "Polygon",
        "coordinates": [
          [
            [
              -73.36786,
              4.92083
            ],
            [
              -73.43754,
              4.90627
            ],
            [
              -73.44642,
              4.8898
            ],
            [
              -73.402,
              4.87993
            ],
            [
              -73.36516,
              4.82477
            ],
            [
              -73.37184,
              4.80082
            ],
            [
              -73.34097,
              4.79132
            ],
            [
              -73.33245,
              4.84118
            ],
            [
              -73.29807,
              4.88022
            ],
            [
              -73.30005,
              4.9083
            ],
            [
              -73.31311,
              4.9194
            ],
            [
              -73.35305,
              4.89326
            ],
            [
              -73.36786,
              4.92083
            ]
          ]
        ]
      },
      "properties": {
        "code": "15236",
        "departmentCode": "15",
        "name": "CHIVOR",
        "originalCode": "236",
        "originalName": "CHIVOR",
        "type": "MUNICIPIO",
        "areaName": 108.49319932,
        "creationYear": 2024,
        "creationResolution": "Ordenanza 23 de Diciembre 12 de 1990",
        "resultType": "observed",
        "source": "dane-divipola-mgn-2025",
        "year": 2025,
        "MPIO_TIPO": "MUNICIPIO",
        "unitType": "municipio",
        "MPIO_NAREA": 108.49319932,
        "MPIO_NANO": 2024,
        "MPIO_CRSLCION": "Ordenanza 23 de Diciembre 12 de 1990"
      }
    },
    {
      "type": "Feature",
      "id": 1827,
      "geometry": {
        "type": "Polygon",
        "coordinates": [
          [
            [
              -73.03123,
              6.02117
            ],
            [
              -73.0622,
              6.01105
            ],
            [
              -73.06782,
              5.98204
            ],
            [
              -73.10078,
              5.96226
            ],
            [
              -73.14264,
              5.96108
            ],
            [
              -73.17551,
              5.99454
            ],
            [
              -73.16029,
              5.9496
            ],
            [
              -73.12916,
              5.93254
            ],
            [
              -73.13574,
              5.90763
            ],
            [
              -73.10912,
              5.89097
            ],
            [
              -73.11933,
              5.87062
            ],
            [
              -73.08231,
              5.83487
            ],
            [
              -73.08133,
              5.77644
            ],
            [
              -73.06504,
              5.77038
            ],
            [
              -73.02285,
              5.7818
            ],
            [
              -73.01328,
              5.80899
            ],
            [
              -72.99221,
              5.8052
            ],
            [
              -72.9972,
              5.82898
            ],
            [
              -73.01304,
              5.82943
            ],
            [
              -73.0215,
              5.92805
            ],
            [
              -73.04871,
              5.97352
            ],
            [
              -73.03123,
              6.02117
            ]
          ]
        ]
      },
      "properties": {
        "code": "15238",
        "departmentCode": "15",
        "name": "DUITAMA",
        "originalCode": "238",
        "originalName": "DUITAMA",
        "type": "MUNICIPIO",
        "areaName": 233.57798327,
        "creationYear": 2025,
        "creationResolution": "1790",
        "resultType": "observed",
        "source": "dane-divipola-mgn-2025",
        "year": 2025,
        "MPIO_TIPO": "MUNICIPIO",
        "unitType": "municipio",
        "MPIO_NAREA": 233.57798327,
        "MPIO_NANO": 2025,
        "MPIO_CRSLCION": "1790"
      }
    },
    {
      "type": "Feature",
      "id": 1828,
      "geometry": {
        "type": "Polygon",
        "coordinates": [
          [
            [
              -72.42849,
              6.43286
            ],
            [
              -72.48403,
              6.39315
            ],
            [
              -72.47795,
              6.37405
            ],
            [
              -72.50867,
              6.36987
            ],
            [
              -72.51129,
              6.31223
            ],
            [
              -72.49602,
              6.28711
            ],
            [
              -72.4822,
              6.3034
            ],
            [
              -72.45242,
              6.30397
            ],
            [
              -72.44017,
              6.28297
            ],
            [
              -72.39981,
              6.27038
            ],
            [
              -72.35402,
              6.34354
            ],
            [
              -72.32165,
              6.33184
            ],
            [
              -72.31494,
              6.36001
            ],
            [
              -72.33299,
              6.4043
            ],
            [
              -72.37264,
              6.40382
            ],
            [
              -72.42849,
              6.43286
            ]
          ]
        ]
      },
      "properties": {
        "code": "15244",
        "departmentCode": "15",
        "name": "EL COCUY",
        "originalCode": "244",
        "originalName": "EL COCUY",
        "type": "MUNICIPIO",
        "areaName": 237.78956668,
        "creationYear": 2024,
        "creationResolution": "1725",
        "resultType": "observed",
        "source": "dane-divipola-mgn-2025",
        "year": 2025,
        "MPIO_TIPO": "MUNICIPIO",
        "unitType": "municipio",
        "MPIO_NAREA": 237.78956668,
        "MPIO_NANO": 2024,
        "MPIO_CRSLCION": "1725"
      }
    },
    {
      "type": "Feature",
      "id": 1829,
      "geometry": {
        "type": "Polygon",
        "coordinates": [
          [
            [
              -72.47521,
              6.54913
            ],
            [
              -72.50224,
              6.53882
            ],
            [
              -72.53924,
              6.48797
            ],
            [
              -72.48571,
              6.46415
            ],
            [
              -72.43684,
              6.4945
            ],
            [
              -72.42141,
              6.51974
            ],
            [
              -72.47521,
              6.54913
            ]
          ]
        ]
      },
      "properties": {
        "code": "15248",
        "departmentCode": "15",
        "name": "EL ESPINO",
        "originalCode": "248",
        "originalName": "EL ESPINO",
        "type": "MUNICIPIO",
        "areaName": 69.24184627,
        "creationYear": 2024,
        "creationResolution": "1792",
        "resultType": "observed",
        "source": "dane-divipola-mgn-2025",
        "year": 2025,
        "MPIO_TIPO": "MUNICIPIO",
        "unitType": "municipio",
        "MPIO_NAREA": 69.24184627,
        "MPIO_NANO": 2024,
        "MPIO_CRSLCION": "1792"
      }
    },
    {
      "type": "Feature",
      "id": 1830,
      "geometry": {
        "type": "Polygon",
        "coordinates": [
          [
            [
              -72.96803,
              5.71304
            ],
            [
              -73.02425,
              5.72445
            ],
            [
              -73.10411,
              5.65616
            ],
            [
              -73.07605,
              5.62845
            ],
            [
              -73.06331,
              5.64556
            ],
            [
              -73.05574,
              5.6318
            ],
            [
              -73.02944,
              5.6271
            ],
            [
              -73.00895,
              5.64342
            ],
            [
              -72.99848,
              5.62954
            ],
            [
              -72.96342,
              5.64914
            ],
            [
              -72.97112,
              5.66457
            ],
            [
              -72.94695,
              5.714
            ],
            [
              -72.96803,
              5.71304
            ]
          ]
        ]
      },
      "properties": {
        "code": "15272",
        "departmentCode": "15",
        "name": "FIRAVITOBA",
        "originalCode": "272",
        "originalName": "FIRAVITOBA",
        "type": "MUNICIPIO",
        "areaName": 109.1316392,
        "creationYear": 2025,
        "creationResolution": "1718",
        "resultType": "observed",
        "source": "dane-divipola-mgn-2025",
        "year": 2025,
        "MPIO_TIPO": "MUNICIPIO",
        "unitType": "municipio",
        "MPIO_NAREA": 109.1316392,
        "MPIO_NANO": 2025,
        "MPIO_CRSLCION": "1718"
      }
    },
    {
      "type": "Feature",
      "id": 1831,
      "geometry": {
        "type": "Polygon",
        "coordinates": [
          [
            [
              -72.87265,
              5.87475
            ],
            [
              -72.92529,
              5.92853
            ],
            [
              -72.97576,
              5.85849
            ],
            [
              -72.94298,
              5.80423
            ],
            [
              -72.89623,
              5.79528
            ],
            [
              -72.89184,
              5.86576
            ],
            [
              -72.87265,
              5.87475
            ]
          ]
        ]
      },
      "properties": {
        "code": "15276",
        "departmentCode": "15",
        "name": "FLORESTA",
        "originalCode": "276",
        "originalName": "FLORESTA",
        "type": "MUNICIPIO",
        "areaName": 87.95789522,
        "creationYear": 2024,
        "creationResolution": "1818",
        "resultType": "observed",
        "source": "dane-divipola-mgn-2025",
        "year": 2025,
        "MPIO_TIPO": "MUNICIPIO",
        "unitType": "municipio",
        "MPIO_NAREA": 87.95789522,
        "MPIO_NANO": 2024,
        "MPIO_CRSLCION": "1818"
      }
    },
    {
      "type": "Feature",
      "id": 1832,
      "geometry": {
        "type": "Polygon",
        "coordinates": [
          [
            [
              -73.56936,
              5.80208
            ],
            [
              -73.58291,
              5.79492
            ],
            [
              -73.56725,
              5.7753
            ],
            [
              -73.58204,
              5.77174
            ],
            [
              -73.56473,
              5.71038
            ],
            [
              -73.57406,
              5.68953
            ],
            [
              -73.54232,
              5.67797
            ],
            [
              -73.49388,
              5.74539
            ],
            [
              -73.50858,
              5.75499
            ],
            [
              -73.49924,
              5.77428
            ],
            [
              -73.52017,
              5.79893
            ],
            [
              -73.5426,
              5.78671
            ],
            [
              -73.56936,
              5.80208
            ]
          ]
        ]
      },
      "properties": {
        "code": "15293",
        "departmentCode": "15",
        "name": "GACHANTIVÁ",
        "originalCode": "293",
        "originalName": "GACHANTIVÁ",
        "type": "MUNICIPIO",
        "areaName": 88.02564212,
        "creationYear": 2024,
        "creationResolution": "1794",
        "resultType": "observed",
        "source": "dane-divipola-mgn-2025",
        "year": 2025,
        "MPIO_TIPO": "MUNICIPIO",
        "unitType": "municipio",
        "MPIO_NAREA": 88.02564212,
        "MPIO_NANO": 2024,
        "MPIO_CRSLCION": "1794"
      }
    },
    {
      "type": "Feature",
      "id": 1833,
      "geometry": {
        "type": "Polygon",
        "coordinates": [
          [
            [
              -72.7962,
              5.85311
            ],
            [
              -72.83575,
              5.80692
            ],
            [
              -72.79553,
              5.77184
            ],
            [
              -72.70821,
              5.7714
            ],
            [
              -72.65518,
              5.78783
            ],
            [
              -72.62599,
              5.77694
            ],
            [
              -72.63172,
              5.8291
            ],
            [
              -72.66451,
              5.80851
            ],
            [
              -72.70164,
              5.83578
            ],
            [
              -72.74917,
              5.8151
            ],
            [
              -72.7962,
              5.85311
            ]
          ]
        ]
      },
      "properties": {
        "code": "15296",
        "departmentCode": "15",
        "name": "GÁMEZA",
        "originalCode": "296",
        "originalName": "GÁMEZA",
        "type": "MUNICIPIO",
        "areaName": 123.41893934,
        "creationYear": 2024,
        "creationResolution": "1776",
        "resultType": "observed",
        "source": "dane-divipola-mgn-2025",
        "year": 2025,
        "MPIO_TIPO": "MUNICIPIO",
        "unitType": "municipio",
        "MPIO_NAREA": 123.41893934,
        "MPIO_NANO": 2024,
        "MPIO_CRSLCION": "1776"
      }
    },
    {
      "type": "Feature",
      "id": 1834,
      "geometry": {
        "type": "Polygon",
        "coordinates": [
          [
            [
              -73.26632,
              5.15475
            ],
            [
              -73.28532,
              5.16197
            ],
            [
              -73.3639,
              5.13701
            ],
            [
              -73.3902,
              5.06876
            ],
            [
              -73.3886,
              5.01525
            ],
            [
              -73.2969,
              5.0479
            ],
            [
              -73.28203,
              5.01863
            ],
            [
              -73.25575,
              5.04566
            ],
            [
              -73.25629,
              5.0961
            ],
            [
              -73.23059,
              5.14311
            ],
            [
              -73.26632,
              5.15475
            ]
          ]
        ]
      },
      "properties": {
        "code": "15299",
        "departmentCode": "15",
        "name": "GARAGOA",
        "originalCode": "299",
        "originalName": "GARAGOA",
        "type": "MUNICIPIO",
        "areaName": 193.17456459,
        "creationYear": 2024,
        "creationResolution": "1754",
        "resultType": "observed",
        "source": "dane-divipola-mgn-2025",
        "year": 2025,
        "MPIO_TIPO": "MUNICIPIO",
        "unitType": "municipio",
        "MPIO_NAREA": 193.17456459,
        "MPIO_NANO": 2024,
        "MPIO_CRSLCION": "1754"
      }
    },
    {
      "type": "Feature",
      "id": 1835,
      "geometry": {
        "type": "Polygon",
        "coordinates": [
          [
            [
              -72.53869,
              6.48777
            ],
            [
              -72.55641,
              6.4447
            ],
            [
              -72.501,
              6.39808
            ],
            [
              -72.47149,
              6.45281
            ],
            [
              -72.53869,
              6.48777
            ]
          ]
        ]
      },
      "properties": {
        "code": "15317",
        "departmentCode": "15",
        "name": "GUACAMAYAS",
        "originalCode": "317",
        "originalName": "GUACAMAYAS",
        "type": "MUNICIPIO",
        "areaName": 57.52173164,
        "creationYear": 2024,
        "creationResolution": "1763",
        "resultType": "observed",
        "source": "dane-divipola-mgn-2025",
        "year": 2025,
        "MPIO_TIPO": "MUNICIPIO",
        "unitType": "municipio",
        "MPIO_NAREA": 57.52173164,
        "MPIO_NANO": 2024,
        "MPIO_CRSLCION": "1763"
      }
    },
    {
      "type": "Feature",
      "id": 1836,
      "geometry": {
        "type": "Polygon",
        "coordinates": [
          [
            [
              -73.47964,
              5.06165
            ],
            [
              -73.52194,
              5.01755
            ],
            [
              -73.49867,
              4.98798
            ],
            [
              -73.46676,
              4.98265
            ],
            [
              -73.44697,
              4.99709
            ],
            [
              -73.48316,
              5.0358
            ],
            [
              -73.47964,
              5.06165
            ]
          ]
        ]
      },
      "properties": {
        "code": "15322",
        "departmentCode": "15",
        "name": "GUATEQUE",
        "originalCode": "322",
        "originalName": "GUATEQUE",
        "type": "MUNICIPIO",
        "areaName": 36.07196653,
        "creationYear": 2024,
        "creationResolution": "1754",
        "resultType": "observed",
        "source": "dane-divipola-mgn-2025",
        "year": 2025,
        "MPIO_TIPO": "MUNICIPIO",
        "unitType": "municipio",
        "MPIO_NAREA": 36.07196653,
        "MPIO_NANO": 2024,
        "MPIO_CRSLCION": "1754"
      }
    },
    {
      "type": "Feature",
      "id": 1837,
      "geometry": {
        "type": "Polygon",
        "coordinates": [
          [
            [
              -73.50061,
              4.99086
            ],
            [
              -73.51726,
              4.99032
            ],
            [
              -73.54447,
              4.94476
            ],
            [
              -73.53904,
              4.89724
            ],
            [
              -73.52087,
              4.87896
            ],
            [
              -73.46962,
              4.89272
            ],
            [
              -73.4515,
              4.88302
            ],
            [
              -73.43754,
              4.90627
            ],
            [
              -73.46694,
              4.94415
            ],
            [
              -73.46593,
              4.98289
            ],
            [
              -73.50061,
              4.99086
            ]
          ]
        ]
      },
      "properties": {
        "code": "15325",
        "departmentCode": "15",
        "name": "GUAYATÁ",
        "originalCode": "325",
        "originalName": "GUAYATÁ",
        "type": "MUNICIPIO",
        "areaName": 99.80419798,
        "creationYear": 2024,
        "creationResolution": "1820",
        "resultType": "observed",
        "source": "dane-divipola-mgn-2025",
        "year": 2025,
        "MPIO_TIPO": "MUNICIPIO",
        "unitType": "municipio",
        "MPIO_NAREA": 99.80419798,
        "MPIO_NANO": 2024,
        "MPIO_CRSLCION": "1820"
      }
    },
    {
      "type": "Feature",
      "id": 1838,
      "geometry": {
        "type": "Polygon",
        "coordinates": [
          [
            [
              -72.1294,
              6.74969
            ],
            [
              -72.14039,
              6.7633
            ],
            [
              -72.21188,
              6.73859
            ],
            [
              -72.23205,
              6.69619
            ],
            [
              -72.26001,
              6.70745
            ],
            [
              -72.28773,
              6.69572
            ],
            [
              -72.29949,
              6.7165
            ],
            [
              -72.34642,
              6.63392
            ],
            [
              -72.38655,
              6.61391
            ],
            [
              -72.35587,
              6.55399
            ],
            [
              -72.38244,
              6.55251
            ],
            [
              -72.38423,
              6.52759
            ],
            [
              -72.43248,
              6.50539
            ],
            [
              -72.44356,
              6.46209
            ],
            [
              -72.42471,
              6.42526
            ],
            [
              -72.33299,
              6.4043
            ],
            [
              -72.32093,
              6.3654
            ],
            [
              -72.30305,
              6.35883
            ],
            [
              -72.28113,
              6.38292
            ],
            [
              -72.26787,
              6.44158
            ],
            [
              -72.23594,
              6.42163
            ],
            [
              -72.21336,
              6.46577
            ],
            [
              -72.17475,
              6.46301
            ],
            [
              -72.17788,
              6.49676
            ],
            [
              -72.1309,
              6.52059
            ],
            [
              -72.11282,
              6.61212
            ],
            [
              -72.09143,
              6.64596
            ],
            [
              -72.09905,
              6.74466
            ],
            [
              -72.1294,
              6.74969
            ]
          ]
        ]
      },
      "properties": {
        "code": "15332",
        "departmentCode": "15",
        "name": "GÜICÁN DE LA SIERRA",
        "originalCode": "332",
        "originalName": "GÜICÁN DE LA SIERRA",
        "type": "MUNICIPIO",
        "areaName": 949.89979069,
        "creationYear": 2024,
        "creationResolution": "1799",
        "resultType": "observed",
        "source": "dane-divipola-mgn-2025",
        "year": 2025,
        "MPIO_TIPO": "MUNICIPIO",
        "unitType": "municipio",
        "MPIO_NAREA": 949.89979069,
        "MPIO_NANO": 2024,
        "MPIO_CRSLCION": "1799"
      }
    },
    {
      "type": "Feature",
      "id": 1839,
      "geometry": {
        "type": "Polygon",
        "coordinates": [
          [
            [
              -72.96183,
              5.64431
            ],
            [
              -72.99885,
              5.63558
            ],
            [
              -73.00364,
              5.59284
            ],
            [
              -72.92571,
              5.61268
            ],
            [
              -72.92805,
              5.63032
            ],
            [
              -72.96183,
              5.64431
            ]
          ]
        ]
      },
      "properties": {
        "code": "15362",
        "departmentCode": "15",
        "name": "IZA",
        "originalCode": "362",
        "originalName": "IZA",
        "type": "MUNICIPIO",
        "areaName": 34.18027836,
        "creationYear": 2024,
        "creationResolution": "1779",
        "resultType": "observed",
        "source": "dane-divipola-mgn-2025",
        "year": 2025,
        "MPIO_TIPO": "MUNICIPIO",
        "unitType": "municipio",
        "MPIO_NAREA": 34.18027836,
        "MPIO_NANO": 2024,
        "MPIO_CRSLCION": "1779"
      }
    },
    {
      "type": "Feature",
      "id": 1840,
      "geometry": {
        "type": "Polygon",
        "coordinates": [
          [
            [
              -73.35283,
              5.40461
            ],
            [
              -73.35202,
              5.43212
            ],
            [
              -73.38431,
              5.40465
            ],
            [
              -73.39253,
              5.42172
            ],
            [
              -73.42634,
              5.40842
            ],
            [
              -73.41848,
              5.37148
            ],
            [
              -73.33641,
              5.31449
            ],
            [
              -73.32447,
              5.32526
            ],
            [
              -73.33105,
              5.34898
            ],
            [
              -73.366,
              5.36247
            ],
            [
              -73.35283,
              5.40461
            ]
          ]
        ]
      },
      "properties": {
        "code": "15367",
        "departmentCode": "15",
        "name": "JENESANO",
        "originalCode": "367",
        "originalName": "JENESANO",
        "type": "MUNICIPIO",
        "areaName": 58.907671,
        "creationYear": 2024,
        "creationResolution": "1829",
        "resultType": "observed",
        "source": "dane-divipola-mgn-2025",
        "year": 2025,
        "MPIO_TIPO": "MUNICIPIO",
        "unitType": "municipio",
        "MPIO_NAREA": 58.907671,
        "MPIO_NANO": 2024,
        "MPIO_CRSLCION": "1829"
      }
    },
    {
      "type": "Feature",
      "id": 1841,
      "geometry": {
        "type": "Polygon",
        "coordinates": [
          [
            [
              -72.55253,
              6.17699
            ],
            [
              -72.59655,
              6.20453
            ],
            [
              -72.63292,
              6.20459
            ],
            [
              -72.65631,
              6.11661
            ],
            [
              -72.61625,
              6.10244
            ],
            [
              -72.56574,
              6.11889
            ],
            [
              -72.54231,
              6.06984
            ],
            [
              -72.51432,
              6.13339
            ],
            [
              -72.55253,
              6.17699
            ]
          ]
        ]
      },
      "properties": {
        "code": "15368",
        "departmentCode": "15",
        "name": "JERICÓ",
        "originalCode": "368",
        "originalName": "JERICÓ",
        "type": "MUNICIPIO",
        "areaName": 131.36451093,
        "creationYear": 2024,
        "creationResolution": "1721",
        "resultType": "observed",
        "source": "dane-divipola-mgn-2025",
        "year": 2025,
        "MPIO_TIPO": "MUNICIPIO",
        "unitType": "municipio",
        "MPIO_NAREA": 131.36451093,
        "MPIO_NANO": 2024,
        "MPIO_CRSLCION": "1721"
      }
    },
    {
      "type": "Feature",
      "id": 1842,
      "geometry": {
        "type": "Polygon",
        "coordinates": [
          [
            [
              -72.55769,
              5.69341
            ],
            [
              -72.57026,
              5.70935
            ],
            [
              -72.60264,
              5.62012
            ],
            [
              -72.66052,
              5.6668
            ],
            [
              -72.69916,
              5.67656
            ],
            [
              -72.70811,
              5.61624
            ],
            [
              -72.74491,
              5.5694
            ],
            [
              -72.68953,
              5.55967
            ],
            [
              -72.66253,
              5.53878
            ],
            [
              -72.65633,
              5.50075
            ],
            [
              -72.6827,
              5.49069
            ],
            [
              -72.65243,
              5.44931
            ],
            [
              -72.66709,
              5.43596
            ],
            [
              -72.59121,
              5.42381
            ],
            [
              -72.59974,
              5.39807
            ],
            [
              -72.58398,
              5.38199
            ],
            [
              -72.50734,
              5.4387
            ],
            [
              -72.48986,
              5.48183
            ],
            [
              -72.44216,
              5.51956
            ],
            [
              -72.46312,
              5.54298
            ],
            [
              -72.45931,
              5.56294
            ],
            [
              -72.54547,
              5.62394
            ],
            [
              -72.53949,
              5.67669
            ],
            [
              -72.55769,
              5.69341
            ]
          ]
        ]
      },
      "properties": {
        "code": "15377",
        "departmentCode": "15",
        "name": "LABRANZAGRANDE",
        "originalCode": "377",
        "originalName": "LABRANZAGRANDE",
        "type": "MUNICIPIO",
        "areaName": 579.9868421,
        "creationYear": 2024,
        "creationResolution": "1754",
        "resultType": "observed",
        "source": "dane-divipola-mgn-2025",
        "year": 2025,
        "MPIO_TIPO": "MUNICIPIO",
        "unitType": "municipio",
        "MPIO_NAREA": 579.9868421,
        "MPIO_NANO": 2024,
        "MPIO_CRSLCION": "1754"
      }
    },
    {
      "type": "Feature",
      "id": 1843,
      "geometry": {
        "type": "Polygon",
        "coordinates": [
          [
            [
              -73.43833,
              5.15777
            ],
            [
              -73.48846,
              5.13751
            ],
            [
              -73.47964,
              5.06165
            ],
            [
              -73.42317,
              5.10707
            ],
            [
              -73.43833,
              5.15777
            ]
          ]
        ]
      },
      "properties": {
        "code": "15380",
        "departmentCode": "15",
        "name": "LA CAPILLA",
        "originalCode": "380",
        "originalName": "LA CAPILLA",
        "type": "MUNICIPIO",
        "areaName": 56.83715262,
        "creationYear": 2024,
        "creationResolution": "1793",
        "resultType": "observed",
        "source": "dane-divipola-mgn-2025",
        "year": 2025,
        "MPIO_TIPO": "MUNICIPIO",
        "unitType": "municipio",
        "MPIO_NAREA": 56.83715262,
        "MPIO_NANO": 2024,
        "MPIO_CRSLCION": "1793"
      }
    },
    {
      "type": "Feature",
      "id": 1844,
      "geometry": {
        "type": "Polygon",
        "coordinates": [
          [
            [
              -74.21021,
              5.5535
            ],
            [
              -74.24597,
              5.5322
            ],
            [
              -74.25642,
              5.49984
            ],
            [
              -74.24452,
              5.4763
            ],
            [
              -74.21542,
              5.49769
            ],
            [
              -74.22278,
              5.51834
            ],
            [
              -74.19725,
              5.5185
            ],
            [
              -74.19779,
              5.55112
            ],
            [
              -74.21021,
              5.5535
            ]
          ]
        ]
      },
      "properties": {
        "code": "15401",
        "departmentCode": "15",
        "name": "LA VICTORIA",
        "originalCode": "401",
        "originalName": "LA VICTORIA",
        "type": "MUNICIPIO",
        "areaName": 27.97306227,
        "creationYear": 2024,
        "creationResolution": "Ordenanza 5 de Diciembre 3 de 1965",
        "resultType": "observed",
        "source": "dane-divipola-mgn-2025",
        "year": 2025,
        "MPIO_TIPO": "MUNICIPIO",
        "unitType": "municipio",
        "MPIO_NAREA": 27.97306227,
        "MPIO_NANO": 2024,
        "MPIO_CRSLCION": "Ordenanza 5 de Diciembre 3 de 1965"
      }
    },
    {
      "type": "Feature",
      "id": 1845,
      "geometry": {
        "type": "Polygon",
        "coordinates": [
          [
            [
              -72.53767,
              6.35221
            ],
            [
              -72.57576,
              6.35062
            ],
            [
              -72.56434,
              6.32688
            ],
            [
              -72.58752,
              6.30581
            ],
            [
              -72.57968,
              6.27881
            ],
            [
              -72.59063,
              6.26456
            ],
            [
              -72.60217,
              6.27881
            ],
            [
              -72.63308,
              6.20449
            ],
            [
              -72.59655,
              6.20453
            ],
            [
              -72.55253,
              6.17699
            ],
            [
              -72.49868,
              6.25272
            ],
            [
              -72.51052,
              6.33268
            ],
            [
              -72.53767,
              6.35221
            ]
          ]
        ]
      },
      "properties": {
        "code": "15403",
        "departmentCode": "15",
        "name": "LA UVITA",
        "originalCode": "403",
        "originalName": "LA UVITA",
        "type": "MUNICIPIO",
        "areaName": 161.20124892,
        "creationYear": 2024,
        "creationResolution": "1766",
        "resultType": "observed",
        "source": "dane-divipola-mgn-2025",
        "year": 2025,
        "MPIO_TIPO": "MUNICIPIO",
        "unitType": "municipio",
        "MPIO_NAREA": 161.20124892,
        "MPIO_NANO": 2024,
        "MPIO_CRSLCION": "1766"
      }
    },
    {
      "type": "Feature",
      "id": 1846,
      "geometry": {
        "type": "Polygon",
        "coordinates": [
          [
            [
              -73.45629,
              5.72554
            ],
            [
              -73.5216,
              5.72236
            ],
            [
              -73.54232,
              5.67797
            ],
            [
              -73.57615,
              5.6925
            ],
            [
              -73.58968,
              5.63257
            ],
            [
              -73.5617,
              5.63215
            ],
            [
              -73.54737,
              5.5985
            ],
            [
              -73.51526,
              5.60171
            ],
            [
              -73.48378,
              5.63446
            ],
            [
              -73.47915,
              5.67777
            ],
            [
              -73.44269,
              5.68299
            ],
            [
              -73.42424,
              5.70572
            ],
            [
              -73.45629,
              5.72554
            ]
          ]
        ]
      },
      "properties": {
        "code": "15407",
        "departmentCode": "15",
        "name": "VILLA DE LEYVA",
        "originalCode": "407",
        "originalName": "VILLA DE LEYVA",
        "type": "MUNICIPIO",
        "areaName": 126.38398371,
        "creationYear": 2024,
        "creationResolution": "1785",
        "resultType": "observed",
        "source": "dane-divipola-mgn-2025",
        "year": 2025,
        "MPIO_TIPO": "MUNICIPIO",
        "unitType": "municipio",
        "MPIO_NAREA": 126.38398371,
        "MPIO_NANO": 2024,
        "MPIO_CRSLCION": "1785"
      }
    },
    {
      "type": "Feature",
      "id": 1847,
      "geometry": {
        "type": "Polygon",
        "coordinates": [
          [
            [
              -73.24798,
              5.0687
            ],
            [
              -73.28203,
              5.01863
            ],
            [
              -73.28897,
              5.04789
            ],
            [
              -73.36303,
              5.02036
            ],
            [
              -73.34305,
              4.97681
            ],
            [
              -73.3755,
              4.92863
            ],
            [
              -73.35417,
              4.89348
            ],
            [
              -73.31232,
              4.91959
            ],
            [
              -73.29882,
              4.90311
            ],
            [
              -73.22796,
              4.96354
            ],
            [
              -73.21422,
              5.01511
            ],
            [
              -73.24798,
              5.0687
            ]
          ]
        ]
      },
      "properties": {
        "code": "15425",
        "departmentCode": "15",
        "name": "MACANAL",
        "originalCode": "425",
        "originalName": "MACANAL",
        "type": "MUNICIPIO",
        "areaName": 199.61415924,
        "creationYear": 2024,
        "creationResolution": "1808",
        "resultType": "observed",
        "source": "dane-divipola-mgn-2025",
        "year": 2025,
        "MPIO_TIPO": "MUNICIPIO",
        "unitType": "municipio",
        "MPIO_NAREA": 199.61415924,
        "MPIO_NANO": 2024,
        "MPIO_CRSLCION": "1808"
      }
    },
    {
      "type": "Feature",
      "id": 1848,
      "geometry": {
        "type": "Polygon",
        "coordinates": [
          [
            [
              -74.05661,
              5.64941
            ],
            [
              -74.0953,
              5.58339
            ],
            [
              -74.04969,
              5.5015
            ],
            [
              -74.03373,
              5.49677
            ],
            [
              -74.01376,
              5.52664
            ],
            [
              -73.9104,
              5.55045
            ],
            [
              -73.92589,
              5.57395
            ],
            [
              -73.94892,
              5.56585
            ],
            [
              -73.95869,
              5.5941
            ],
            [
              -73.99836,
              5.61156
            ],
            [
              -74.02634,
              5.60147
            ],
            [
              -74.02884,
              5.63527
            ],
            [
              -74.05661,
              5.64941
            ]
          ]
        ]
      },
      "properties": {
        "code": "15442",
        "departmentCode": "15",
        "name": "MARIPÍ",
        "originalCode": "442",
        "originalName": "MARIPÍ",
        "type": "MUNICIPIO",
        "areaName": 160.47834989,
        "creationYear": 2024,
        "creationResolution": "1777",
        "resultType": "observed",
        "source": "dane-divipola-mgn-2025",
        "year": 2025,
        "MPIO_TIPO": "MUNICIPIO",
        "unitType": "municipio",
        "MPIO_NAREA": 160.47834989,
        "MPIO_NANO": 2024,
        "MPIO_CRSLCION": "1777"
      }
    },
    {
      "type": "Feature",
      "id": 1849,
      "geometry": {
        "type": "Polygon",
        "coordinates": [
          [
            [
              -73.16797,
              5.24001
            ],
            [
              -73.21538,
              5.23174
            ],
            [
              -73.2405,
              5.18912
            ],
            [
              -73.29568,
              5.19832
            ],
            [
              -73.25806,
              5.17252
            ],
            [
              -73.26777,
              5.1554
            ],
            [
              -73.23063,
              5.14332
            ],
            [
              -73.25629,
              5.0961
            ],
            [
              -73.24849,
              5.06898
            ],
            [
              -73.1515,
              5.07409
            ],
            [
              -73.08942,
              5.14957
            ],
            [
              -73.10391,
              5.19297
            ],
            [
              -73.16797,
              5.24001
            ]
          ]
        ]
      },
      "properties": {
        "code": "15455",
        "departmentCode": "15",
        "name": "MIRAFLORES",
        "originalCode": "455",
        "originalName": "MIRAFLORES",
        "type": "MUNICIPIO",
        "areaName": 258.23948915,
        "creationYear": 2024,
        "creationResolution": "1777",
        "resultType": "observed",
        "source": "dane-divipola-mgn-2025",
        "year": 2025,
        "MPIO_TIPO": "MUNICIPIO",
        "unitType": "municipio",
        "MPIO_NAREA": 258.23948915,
        "MPIO_NANO": 2024,
        "MPIO_CRSLCION": "1777"
      }
    },
    {
      "type": "Feature",
      "id": 1850,
      "geometry": {
        "type": "Polygon",
        "coordinates": [
          [
            [
              -72.6478,
              5.78348
            ],
            [
              -72.79244,
              5.77335
            ],
            [
              -72.82075,
              5.75116
            ],
            [
              -72.82252,
              5.72368
            ],
            [
              -72.79743,
              5.71162
            ],
            [
              -72.78954,
              5.68749
            ],
            [
              -72.7945,
              5.66104
            ],
            [
              -72.7536,
              5.63838
            ],
            [
              -72.74322,
              5.6096
            ],
            [
              -72.70065,
              5.63827
            ],
            [
              -72.69896,
              5.6766
            ],
            [
              -72.59998,
              5.62228
            ],
            [
              -72.57026,
              5.70825
            ],
            [
              -72.58125,
              5.70855
            ],
            [
              -72.58162,
              5.76565
            ],
            [
              -72.60447,
              5.77582
            ],
            [
              -72.62948,
              5.76451
            ],
            [
              -72.62599,
              5.77694
            ],
            [
              -72.6478,
              5.78348
            ]
          ]
        ]
      },
      "properties": {
        "code": "15464",
        "departmentCode": "15",
        "name": "MONGUA",
        "originalCode": "464",
        "originalName": "MONGUA",
        "type": "MUNICIPIO",
        "areaName": 360.04046118,
        "creationYear": 2024,
        "creationResolution": "1799",
        "resultType": "observed",
        "source": "dane-divipola-mgn-2025",
        "year": 2025,
        "MPIO_TIPO": "MUNICIPIO",
        "unitType": "municipio",
        "MPIO_NAREA": 360.04046118,
        "MPIO_NANO": 2024,
        "MPIO_CRSLCION": "1799"
      }
    },
    {
      "type": "Feature",
      "id": 1851,
      "geometry": {
        "type": "Polygon",
        "coordinates": [
          [
            [
              -72.82535,
              5.73672
            ],
            [
              -72.85948,
              5.75117
            ],
            [
              -72.87854,
              5.72622
            ],
            [
              -72.87199,
              5.69046
            ],
            [
              -72.81775,
              5.64311
            ],
            [
              -72.7913,
              5.65934
            ],
            [
              -72.78954,
              5.68749
            ],
            [
              -72.82535,
              5.73672
            ]
          ]
        ]
      },
      "properties": {
        "code": "15466",
        "departmentCode": "15",
        "name": "MONGUÍ",
        "originalCode": "466",
        "originalName": "MONGUÍ",
        "type": "MUNICIPIO",
        "areaName": 68.67387963,
        "creationYear": 2024,
        "creationResolution": "1621",
        "resultType": "observed",
        "source": "dane-divipola-mgn-2025",
        "year": 2025,
        "MPIO_TIPO": "MUNICIPIO",
        "unitType": "municipio",
        "MPIO_NAREA": 68.67387963,
        "MPIO_NANO": 2024,
        "MPIO_CRSLCION": "1621"
      }
    },
    {
      "type": "Feature",
      "id": 1852,
      "geometry": {
        "type": "Polygon",
        "coordinates": [
          [
            [
              -73.58955,
              5.9593
            ],
            [
              -73.6359,
              5.91116
            ],
            [
              -73.60016,
              5.86942
            ],
            [
              -73.62623,
              5.77857
            ],
            [
              -73.58283,
              5.78944
            ],
            [
              -73.57628,
              5.80596
            ],
            [
              -73.5426,
              5.78671
            ],
            [
              -73.52017,
              5.79893
            ],
            [
              -73.50026,
              5.77887
            ],
            [
              -73.48651,
              5.80328
            ],
            [
              -73.5131,
              5.84695
            ],
            [
              -73.47156,
              5.8216
            ],
            [
              -73.46309,
              5.84747
            ],
            [
              -73.54222,
              5.91189
            ],
            [
              -73.52799,
              5.94097
            ],
            [
              -73.58955,
              5.9593
            ]
          ]
        ]
      },
      "properties": {
        "code": "15469",
        "departmentCode": "15",
        "name": "MONIQUIRÁ",
        "originalCode": "469",
        "originalName": "MONIQUIRÁ",
        "type": "MUNICIPIO",
        "areaName": 217.88234947,
        "creationYear": 2024,
        "creationResolution": "1790",
        "resultType": "observed",
        "source": "dane-divipola-mgn-2025",
        "year": 2025,
        "MPIO_TIPO": "MUNICIPIO",
        "unitType": "municipio",
        "MPIO_NAREA": 217.88234947,
        "MPIO_NANO": 2024,
        "MPIO_CRSLCION": "1790"
      }
    },
    {
      "type": "Feature",
      "id": 1853,
      "geometry": {
        "type": "Polygon",
        "coordinates": [
          [
            [
              -73.38232,
              5.66974
            ],
            [
              -73.41114,
              5.617
            ],
            [
              -73.39527,
              5.58825
            ],
            [
              -73.41198,
              5.5669
            ],
            [
              -73.36199,
              5.55583
            ],
            [
              -73.33901,
              5.58707
            ],
            [
              -73.36311,
              5.62927
            ],
            [
              -73.36074,
              5.66044
            ],
            [
              -73.38232,
              5.66974
            ]
          ]
        ]
      },
      "properties": {
        "code": "15476",
        "departmentCode": "15",
        "name": "MOTAVITA",
        "originalCode": "476",
        "originalName": "MOTAVITA",
        "type": "MUNICIPIO",
        "areaName": 59.94246377,
        "creationYear": 2025,
        "creationResolution": "Ordenanza 41 de Diciembre 14 de 1978",
        "resultType": "observed",
        "source": "dane-divipola-mgn-2025",
        "year": 2025,
        "MPIO_TIPO": "MUNICIPIO",
        "unitType": "municipio",
        "MPIO_NAREA": 59.94246377,
        "MPIO_NANO": 2025,
        "MPIO_CRSLCION": "Ordenanza 41 de Diciembre 14 de 1978"
      }
    },
    {
      "type": "Feature",
      "id": 1854,
      "geometry": {
        "type": "Polygon",
        "coordinates": [
          [
            [
              -74.11808,
              5.60839
            ],
            [
              -74.16163,
              5.59793
            ],
            [
              -74.16136,
              5.54842
            ],
            [
              -74.12917,
              5.52681
            ],
            [
              -74.17656,
              5.46343
            ],
            [
              -74.12547,
              5.42897
            ],
            [
              -74.11641,
              5.47409
            ],
            [
              -74.09792,
              5.46985
            ],
            [
              -74.04699,
              5.49972
            ],
            [
              -74.09302,
              5.57132
            ],
            [
              -74.08864,
              5.60316
            ],
            [
              -74.11808,
              5.60839
            ]
          ]
        ]
      },
      "properties": {
        "code": "15480",
        "departmentCode": "15",
        "name": "MUZO",
        "originalCode": "480",
        "originalName": "MUZO",
        "type": "MUNICIPIO",
        "areaName": 137.70570551,
        "creationYear": 2024,
        "creationResolution": "1558",
        "resultType": "observed",
        "source": "dane-divipola-mgn-2025",
        "year": 2025,
        "MPIO_TIPO": "MUNICIPIO",
        "unitType": "municipio",
        "MPIO_NAREA": 137.70570551,
        "MPIO_NANO": 2024,
        "MPIO_CRSLCION": "1558"
      }
    },
    {
      "type": "Feature",
      "id": 1855,
      "geometry": {
        "type": "Polygon",
        "coordinates": [
          [
            [
              -72.94325,
              5.80659
            ],
            [
              -72.9824,
              5.80056
            ],
            [
              -72.98645,
              5.78613
            ],
            [
              -72.95915,
              5.74416
            ],
            [
              -72.87267,
              5.77337
            ],
            [
              -72.87883,
              5.79521
            ],
            [
              -72.94325,
              5.80659
            ]
          ]
        ]
      },
      "properties": {
        "code": "15491",
        "departmentCode": "15",
        "name": "NOBSA",
        "originalCode": "491",
        "originalName": "NOBSA",
        "type": "MUNICIPIO",
        "areaName": 55.38787899,
        "creationYear": 2025,
        "creationResolution": "1796",
        "resultType": "observed",
        "source": "dane-divipola-mgn-2025",
        "year": 2025,
        "MPIO_TIPO": "MUNICIPIO",
        "unitType": "municipio",
        "MPIO_NAREA": 55.38787899,
        "MPIO_NANO": 2025,
        "MPIO_CRSLCION": "1796"
      }
    },
    {
      "type": "Feature",
      "id": 1856,
      "geometry": {
        "type": "Polygon",
        "coordinates": [
          [
            [
              -73.4359,
              5.41526
            ],
            [
              -73.44753,
              5.38679
            ],
            [
              -73.47765,
              5.3701
            ],
            [
              -73.478,
              5.28944
            ],
            [
              -73.45826,
              5.29542
            ],
            [
              -73.41872,
              5.35538
            ],
            [
              -73.42168,
              5.40387
            ],
            [
              -73.4359,
              5.41526
            ]
          ]
        ]
      },
      "properties": {
        "code": "15494",
        "departmentCode": "15",
        "name": "NUEVO COLÓN",
        "originalCode": "494",
        "originalName": "NUEVO COLÓN",
        "type": "MUNICIPIO",
        "areaName": 51.31156933,
        "creationYear": 2024,
        "creationResolution": "1783",
        "resultType": "observed",
        "source": "dane-divipola-mgn-2025",
        "year": 2025,
        "MPIO_TIPO": "MUNICIPIO",
        "unitType": "municipio",
        "MPIO_NAREA": 51.31156933,
        "MPIO_NANO": 2024,
        "MPIO_CRSLCION": "1783"
      }
    },
    {
      "type": "Feature",
      "id": 1857,
      "geometry": {
        "type": "Polygon",
        "coordinates": [
          [
            [
              -73.28941,
              5.64215
            ],
            [
              -73.32613,
              5.58948
            ],
            [
              -73.30683,
              5.56964
            ],
            [
              -73.2529,
              5.58033
            ],
            [
              -73.23304,
              5.62106
            ],
            [
              -73.26728,
              5.66453
            ],
            [
              -73.28941,
              5.64215
            ]
          ]
        ]
      },
      "properties": {
        "code": "15500",
        "departmentCode": "15",
        "name": "OICATÁ",
        "originalCode": "500",
        "originalName": "OICATÁ",
        "type": "MUNICIPIO",
        "areaName": 60.19554259,
        "creationYear": 2025,
        "creationResolution": "Ordenanza 41 de Diciembre 14 de 1978",
        "resultType": "observed",
        "source": "dane-divipola-mgn-2025",
        "year": 2025,
        "MPIO_TIPO": "MUNICIPIO",
        "unitType": "municipio",
        "MPIO_NAREA": 60.19554259,
        "MPIO_NANO": 2025,
        "MPIO_CRSLCION": "Ordenanza 41 de Diciembre 14 de 1978"
      }
    },
    {
      "type": "Feature",
      "id": 1858,
      "geometry": {
        "type": "Polygon",
        "coordinates": [
          [
            [
              -74.17964,
              5.91068
            ],
            [
              -74.1973,
              5.85294
            ],
            [
              -74.26608,
              5.83459
            ],
            [
              -74.30424,
              5.71151
            ],
            [
              -74.27598,
              5.69219
            ],
            [
              -74.30864,
              5.64708
            ],
            [
              -74.26903,
              5.62879
            ],
            [
              -74.25648,
              5.63874
            ],
            [
              -74.2066,
              5.60755
            ],
            [
              -74.195,
              5.57673
            ],
            [
              -74.15886,
              5.59609
            ],
            [
              -74.16437,
              5.63689
            ],
            [
              -74.1845,
              5.63998
            ],
            [
              -74.17225,
              5.71796
            ],
            [
              -74.14812,
              5.74844
            ],
            [
              -74.09265,
              5.75971
            ],
            [
              -74.07893,
              5.81448
            ],
            [
              -74.10308,
              5.877
            ],
            [
              -74.13333,
              5.87592
            ],
            [
              -74.17964,
              5.91068
            ]
          ]
        ]
      },
      "properties": {
        "code": "15507",
        "departmentCode": "15",
        "name": "OTANCHE",
        "originalCode": "507",
        "originalName": "OTANCHE",
        "type": "MUNICIPIO",
        "areaName": 474.48466422,
        "creationYear": 2024,
        "creationResolution": "Ordenanza 40 del 29 de Noviembre de 1960",
        "resultType": "observed",
        "source": "dane-divipola-mgn-2025",
        "year": 2025,
        "MPIO_TIPO": "MUNICIPIO",
        "unitType": "municipio",
        "MPIO_NAREA": 474.48466422,
        "MPIO_NANO": 2024,
        "MPIO_CRSLCION": "Ordenanza 40 del 29 de Noviembre de 1960"
      }
    },
    {
      "type": "Feature",
      "id": 1859,
      "geometry": {
        "type": "Polygon",
        "coordinates": [
          [
            [
              -73.38706,
              5.21289
            ],
            [
              -73.43986,
              5.15272
            ],
            [
              -73.38389,
              5.08484
            ],
            [
              -73.36301,
              5.13454
            ],
            [
              -73.3857,
              5.16302
            ],
            [
              -73.38706,
              5.21289
            ]
          ]
        ]
      },
      "properties": {
        "code": "15511",
        "departmentCode": "15",
        "name": "PACHAVITA",
        "originalCode": "511",
        "originalName": "PACHAVITA",
        "type": "MUNICIPIO",
        "areaName": 66.57743036,
        "creationYear": 2024,
        "creationResolution": "1796",
        "resultType": "observed",
        "source": "dane-divipola-mgn-2025",
        "year": 2025,
        "MPIO_TIPO": "MUNICIPIO",
        "unitType": "municipio",
        "MPIO_NAREA": 66.57743036,
        "MPIO_NANO": 2024,
        "MPIO_CRSLCION": "1796"
      }
    },
    {
      "type": "Feature",
      "id": 1860,
      "geometry": {
        "type": "Polygon",
        "coordinates": [
          [
            [
              -73.00363,
              5.21145
            ],
            [
              -73.04508,
              5.16712
            ],
            [
              -73.08905,
              5.16072
            ],
            [
              -73.11275,
              5.11191
            ],
            [
              -73.07117,
              5.09608
            ],
            [
              -73.08713,
              5.04287
            ],
            [
              -73.06601,
              5.01141
            ],
            [
              -73.02833,
              5.02559
            ],
            [
              -73.03051,
              4.98231
            ],
            [
              -73.01654,
              5.00266
            ],
            [
              -72.97528,
              4.97476
            ],
            [
              -72.90382,
              5.06793
            ],
            [
              -72.90582,
              5.09511
            ],
            [
              -72.92859,
              5.09967
            ],
            [
              -72.9735,
              5.14649
            ],
            [
              -72.93499,
              5.21298
            ],
            [
              -72.98235,
              5.19605
            ],
            [
              -73.00363,
              5.21145
            ]
          ]
        ]
      },
      "properties": {
        "code": "15514",
        "departmentCode": "15",
        "name": "PÁEZ",
        "originalCode": "514",
        "originalName": "PÁEZ",
        "type": "MUNICIPIO",
        "areaName": 338.40819488,
        "creationYear": 2024,
        "creationResolution": "Ordenanza 38 Noviembre. 30 de 1962",
        "resultType": "observed",
        "source": "dane-divipola-mgn-2025",
        "year": 2025,
        "MPIO_TIPO": "MUNICIPIO",
        "unitType": "municipio",
        "MPIO_NAREA": 338.40819488,
        "MPIO_NANO": 2024,
        "MPIO_CRSLCION": "Ordenanza 38 Noviembre. 30 de 1962"
      }
    },
    {
      "type": "Feature",
      "id": 1861,
      "geometry": {
        "type": "Polygon",
        "coordinates": [
          [
            [
              -73.17551,
              5.99454
            ],
            [
              -73.19931,
              6.00313
            ],
            [
              -73.21844,
              5.9813
            ],
            [
              -73.22474,
              5.94114
            ],
            [
              -73.20831,
              5.9215
            ],
            [
              -73.22123,
              5.89143
            ],
            [
              -73.18331,
              5.85013
            ],
            [
              -73.12995,
              5.85481
            ],
            [
              -73.17432,
              5.75988
            ],
            [
              -73.15842,
              5.71978
            ],
            [
              -73.10196,
              5.65888
            ],
            [
              -73.05945,
              5.68697
            ],
            [
              -73.06783,
              5.74674
            ],
            [
              -73.05081,
              5.77388
            ],
            [
              -73.08124,
              5.77614
            ],
            [
              -73.08205,
              5.83438
            ],
            [
              -73.1172,
              5.86651
            ],
            [
              -73.10912,
              5.89097
            ],
            [
              -73.13574,
              5.90763
            ],
            [
              -73.12916,
              5.93254
            ],
            [
              -73.16029,
              5.9496
            ],
            [
              -73.17551,
              5.99454
            ]
          ]
        ]
      },
      "properties": {
        "code": "15516",
        "departmentCode": "15",
        "name": "PAIPA",
        "originalCode": "516",
        "originalName": "PAIPA",
        "type": "MUNICIPIO",
        "areaName": 304.54117293,
        "creationYear": 2025,
        "creationResolution": "1602",
        "resultType": "observed",
        "source": "dane-divipola-mgn-2025",
        "year": 2025,
        "MPIO_TIPO": "MUNICIPIO",
        "unitType": "municipio",
        "MPIO_NAREA": 304.54117293,
        "MPIO_NANO": 2025,
        "MPIO_CRSLCION": "1602"
      }
    },
    {
      "type": "Feature",
      "id": 1862,
      "geometry": {
        "type": "Polygon",
        "coordinates": [
          [
            [
              -72.7258,
              5.48648
            ],
            [
              -72.78495,
              5.43706
            ],
            [
              -72.81506,
              5.38121
            ],
            [
              -72.72558,
              5.31802
            ],
            [
              -72.70057,
              5.27328
            ],
            [
              -72.65384,
              5.30535
            ],
            [
              -72.63336,
              5.34209
            ],
            [
              -72.57975,
              5.35033
            ],
            [
              -72.56724,
              5.37337
            ],
            [
              -72.59971,
              5.39795
            ],
            [
              -72.59121,
              5.42381
            ],
            [
              -72.64196,
              5.42494
            ],
            [
              -72.6785,
              5.45121
            ],
            [
              -72.69525,
              5.43928
            ],
            [
              -72.70754,
              5.47901
            ],
            [
              -72.7258,
              5.48648
            ]
          ]
        ]
      },
      "properties": {
        "code": "15518",
        "departmentCode": "15",
        "name": "PAJARITO",
        "originalCode": "518",
        "originalName": "PAJARITO",
        "type": "MUNICIPIO",
        "areaName": 313.00817763,
        "creationYear": 2024,
        "creationResolution": "1853",
        "resultType": "observed",
        "source": "dane-divipola-mgn-2025",
        "year": 2025,
        "MPIO_TIPO": "MUNICIPIO",
        "unitType": "municipio",
        "MPIO_NAREA": 313.00817763,
        "MPIO_NANO": 2024,
        "MPIO_CRSLCION": "1853"
      }
    },
    {
      "type": "Feature",
      "id": 1863,
      "geometry": {
        "type": "Polygon",
        "coordinates": [
          [
            [
              -72.43656,
              6.49232
            ],
            [
              -72.48571,
              6.46415
            ],
            [
              -72.47145,
              6.45266
            ],
            [
              -72.49679,
              6.40082
            ],
            [
              -72.48598,
              6.39096
            ],
            [
              -72.4309,
              6.44001
            ],
            [
              -72.44356,
              6.46209
            ],
            [
              -72.43656,
              6.49232
            ]
          ]
        ]
      },
      "properties": {
        "code": "15522",
        "departmentCode": "15",
        "name": "PANQUEBA",
        "originalCode": "522",
        "originalName": "PANQUEBA",
        "type": "MUNICIPIO",
        "areaName": 39.62387223,
        "creationYear": 2024,
        "creationResolution": "1800",
        "resultType": "observed",
        "source": "dane-divipola-mgn-2025",
        "year": 2025,
        "MPIO_TIPO": "MUNICIPIO",
        "unitType": "municipio",
        "MPIO_NAREA": 39.62387223,
        "MPIO_NANO": 2024,
        "MPIO_CRSLCION": "1800"
      }
    },
    {
      "type": "Feature",
      "id": 1864,
      "geometry": {
        "type": "Polygon",
        "coordinates": [
          [
            [
              -74.05801,
              5.81986
            ],
            [
              -74.07926,
              5.8185
            ],
            [
              -74.09328,
              5.75655
            ],
            [
              -74.03852,
              5.7063
            ],
            [
              -74.06065,
              5.6492
            ],
            [
              -74.03013,
              5.63721
            ],
            [
              -74.02634,
              5.60147
            ],
            [
              -73.99836,
              5.61156
            ],
            [
              -73.95585,
              5.5923
            ],
            [
              -73.94117,
              5.56516
            ],
            [
              -73.89774,
              5.61961
            ],
            [
              -73.92251,
              5.63905
            ],
            [
              -73.93685,
              5.6328
            ],
            [
              -73.94632,
              5.69493
            ],
            [
              -73.99155,
              5.7291
            ],
            [
              -74.02574,
              5.80651
            ],
            [
              -74.05801,
              5.81986
            ]
          ]
        ]
      },
      "properties": {
        "code": "15531",
        "departmentCode": "15",
        "name": "PAUNA",
        "originalCode": "531",
        "originalName": "PAUNA",
        "type": "MUNICIPIO",
        "areaName": 252.30164914,
        "creationYear": 2024,
        "creationResolution": "1842",
        "resultType": "observed",
        "source": "dane-divipola-mgn-2025",
        "year": 2025,
        "MPIO_TIPO": "MUNICIPIO",
        "unitType": "municipio",
        "MPIO_NAREA": 252.30164914,
        "MPIO_NANO": 2024,
        "MPIO_CRSLCION": "1842"
      }
    },
    {
      "type": "Feature",
      "id": 1865,
      "geometry": {
        "type": "Polygon",
        "coordinates": [
          [
            [
              -72.2955,
              5.75424
            ],
            [
              -72.32604,
              5.68892
            ],
            [
              -72.35706,
              5.69732
            ],
            [
              -72.36999,
              5.68286
            ],
            [
              -72.4024,
              5.69267
            ],
            [
              -72.448,
              5.6801
            ],
            [
              -72.45952,
              5.70206
            ],
            [
              -72.47476,
              5.66495
            ],
            [
              -72.48879,
              5.66393
            ],
            [
              -72.51792,
              5.59848
            ],
            [
              -72.45931,
              5.56294
            ],
            [
              -72.46312,
              5.54298
            ],
            [
              -72.44444,
              5.52067
            ],
            [
              -72.4209,
              5.56324
            ],
            [
              -72.39683,
              5.57033
            ],
            [
              -72.3381,
              5.5008
            ],
            [
              -72.3009,
              5.50597
            ],
            [
              -72.28747,
              5.60564
            ],
            [
              -72.26269,
              5.63354
            ],
            [
              -72.27214,
              5.66222
            ],
            [
              -72.22133,
              5.67536
            ],
            [
              -72.24951,
              5.68505
            ],
            [
              -72.2955,
              5.75424
            ]
          ]
        ]
      },
      "properties": {
        "code": "15533",
        "departmentCode": "15",
        "name": "PAYA",
        "originalCode": "533",
        "originalName": "PAYA",
        "type": "MUNICIPIO",
        "areaName": 442.76156587,
        "creationYear": 2024,
        "creationResolution": "1799",
        "resultType": "observed",
        "source": "dane-divipola-mgn-2025",
        "year": 2025,
        "MPIO_TIPO": "MUNICIPIO",
        "unitType": "municipio",
        "MPIO_NAREA": 442.76156587,
        "MPIO_NANO": 2024,
        "MPIO_CRSLCION": "1799"
      }
    },
    {
      "type": "Feature",
      "id": 1866,
      "geometry": {
        "type": "Polygon",
        "coordinates": [
          [
            [
              -72.70179,
              6.01805
            ],
            [
              -72.71965,
              6.02774
            ],
            [
              -72.71906,
              6.06563
            ],
            [
              -72.81052,
              6.09508
            ],
            [
              -72.81404,
              6.02621
            ],
            [
              -72.79084,
              6.00655
            ],
            [
              -72.81539,
              5.96536
            ],
            [
              -72.77921,
              5.95449
            ],
            [
              -72.70179,
              6.01805
            ]
          ]
        ]
      },
      "properties": {
        "code": "15537",
        "departmentCode": "15",
        "name": "PAZ DE RÍO",
        "originalCode": "537",
        "originalName": "PAZ DE RÍO",
        "type": "MUNICIPIO",
        "areaName": 122.44290801,
        "creationYear": 2024,
        "creationResolution": "1683",
        "resultType": "observed",
        "source": "dane-divipola-mgn-2025",
        "year": 2025,
        "MPIO_TIPO": "MUNICIPIO",
        "unitType": "municipio",
        "MPIO_NAREA": 122.44290801,
        "MPIO_NANO": 2024,
        "MPIO_CRSLCION": "1683"
      }
    },
    {
      "type": "Feature",
      "id": 1867,
      "geometry": {
        "type": "Polygon",
        "coordinates": [
          [
            [
              -73.05574,
              5.6318
            ],
            [
              -73.07031,
              5.63885
            ],
            [
              -73.14729,
              5.48205
            ],
            [
              -73.12409,
              5.45633
            ],
            [
              -73.14173,
              5.41296
            ],
            [
              -73.11475,
              5.34872
            ],
            [
              -73.04214,
              5.38411
            ],
            [
              -73.05499,
              5.40446
            ],
            [
              -73.0399,
              5.43223
            ],
            [
              -73.06138,
              5.42319
            ],
            [
              -73.07192,
              5.43634
            ],
            [
              -72.99512,
              5.62849
            ],
            [
              -73.00853,
              5.6434
            ],
            [
              -73.02944,
              5.6271
            ],
            [
              -73.05574,
              5.6318
            ]
          ]
        ]
      },
      "properties": {
        "code": "15542",
        "departmentCode": "15",
        "name": "PESCA",
        "originalCode": "542",
        "originalName": "PESCA",
        "type": "MUNICIPIO",
        "areaName": 262.59263389,
        "creationYear": 2024,
        "creationResolution": "1754",
        "resultType": "observed",
        "source": "dane-divipola-mgn-2025",
        "year": 2025,
        "MPIO_TIPO": "MUNICIPIO",
        "unitType": "municipio",
        "MPIO_NAREA": 262.59263389,
        "MPIO_NANO": 2024,
        "MPIO_CRSLCION": "1754"
      }
    },
    {
      "type": "Feature",
      "id": 1868,
      "geometry": {
        "type": "Polygon",
        "coordinates": [
          [
            [
              -72.45472,
              5.85084
            ],
            [
              -72.51222,
              5.79153
            ],
            [
              -72.58359,
              5.77113
            ],
            [
              -72.58125,
              5.70855
            ],
            [
              -72.53949,
              5.67669
            ],
            [
              -72.54568,
              5.62435
            ],
            [
              -72.51454,
              5.60862
            ],
            [
              -72.45952,
              5.70206
            ],
            [
              -72.448,
              5.6801
            ],
            [
              -72.4024,
              5.69267
            ],
            [
              -72.36999,
              5.68286
            ],
            [
              -72.35706,
              5.69732
            ],
            [
              -72.32722,
              5.68846
            ],
            [
              -72.29777,
              5.74409
            ],
            [
              -72.3076,
              5.7928
            ],
            [
              -72.45472,
              5.85084
            ]
          ]
        ]
      },
      "properties": {
        "code": "15550",
        "departmentCode": "15",
        "name": "PISBA",
        "originalCode": "550",
        "originalName": "PISBA",
        "type": "MUNICIPIO",
        "areaName": 463.87526777,
        "creationYear": 2024,
        "creationResolution": "1799",
        "resultType": "observed",
        "source": "dane-divipola-mgn-2025",
        "year": 2025,
        "MPIO_TIPO": "MUNICIPIO",
        "unitType": "municipio",
        "MPIO_NAREA": 463.87526777,
        "MPIO_NANO": 2024,
        "MPIO_CRSLCION": "1799"
      }
    },
    {
      "type": "Feature",
      "id": 1869,
      "geometry": {
        "type": "Polygon",
        "coordinates": [
          [
            [
              -74.26608,
              5.83459
            ],
            [
              -74.27498,
              5.86848
            ],
            [
              -74.23114,
              5.90501
            ],
            [
              -74.22449,
              5.92324
            ],
            [
              -74.2389,
              5.94369
            ],
            [
              -74.22222,
              5.96791
            ],
            [
              -74.26008,
              6.01248
            ],
            [
              -74.25872,
              6.06552
            ],
            [
              -74.29807,
              6.08411
            ],
            [
              -74.33733,
              6.06498
            ],
            [
              -74.34755,
              6.03852
            ],
            [
              -74.38306,
              6.04028
            ],
            [
              -74.40799,
              6.08646
            ],
            [
              -74.45169,
              6.09929
            ],
            [
              -74.45263,
              6.13568
            ],
            [
              -74.47948,
              6.15964
            ],
            [
              -74.46963,
              6.20139
            ],
            [
              -74.50842,
              6.21647
            ],
            [
              -74.53379,
              6.26975
            ],
            [
              -74.61069,
              6.1332
            ],
            [
              -74.58451,
              6.08821
            ],
            [
              -74.56175,
              6.0783
            ],
            [
              -74.56272,
              6.00189
            ],
            [
              -74.61238,
              5.96988
            ],
            [
              -74.58539,
              5.90306
            ],
            [
              -74.63804,
              5.86637
            ],
            [
              -74.66102,
              5.75238
            ],
            [
              -74.64292,
              5.73541
            ],
            [
              -74.62708,
              5.76246
            ],
            [
              -74.59737,
              5.7434
            ],
            [
              -74.51639,
              5.79142
            ],
            [
              -74.43091,
              5.75801
            ],
            [
              -74.33497,
              5.83724
            ],
            [
              -74.29213,
              5.76303
            ],
            [
              -74.26452,
              5.80852
            ],
            [
              -74.26608,
              5.83459
            ]
          ]
        ]
      },
      "properties": {
        "code": "15572",
        "departmentCode": "15",
        "name": "PUERTO BOYACÁ",
        "originalCode": "572",
        "originalName": "PUERTO BOYACÁ",
        "type": "MUNICIPIO",
        "areaName": 1512.0836513,
        "creationYear": 2024,
        "creationResolution": "Decreto 615 del 14 de Diciembre de 1957",
        "resultType": "observed",
        "source": "dane-divipola-mgn-2025",
        "year": 2025,
        "MPIO_TIPO": "MUNICIPIO",
        "unitType": "municipio",
        "MPIO_NAREA": 1512.0836513,
        "MPIO_NANO": 2024,
        "MPIO_CRSLCION": "Decreto 615 del 14 de Diciembre de 1957"
      }
    },
    {
      "type": "Feature",
      "id": 1870,
      "geometry": {
        "type": "Polygon",
        "coordinates": [
          [
            [
              -74.30095,
              5.63857
            ],
            [
              -74.31496,
              5.62051
            ],
            [
              -74.29145,
              5.56893
            ],
            [
              -74.23863,
              5.53876
            ],
            [
              -74.19844,
              5.55271
            ],
            [
              -74.19725,
              5.5185
            ],
            [
              -74.22406,
              5.51585
            ],
            [
              -74.17632,
              5.4595
            ],
            [
              -74.12917,
              5.52681
            ],
            [
              -74.16136,
              5.54842
            ],
            [
              -74.16163,
              5.59793
            ],
            [
              -74.19712,
              5.57717
            ],
            [
              -74.2066,
              5.60755
            ],
            [
              -74.25648,
              5.63874
            ],
            [
              -74.30095,
              5.63857
            ]
          ]
        ]
      },
      "properties": {
        "code": "15580",
        "departmentCode": "15",
        "name": "QUÍPAMA",
        "originalCode": "580",
        "originalName": "QUÍPAMA",
        "type": "MUNICIPIO",
        "areaName": 167.13354121,
        "creationYear": 2024,
        "creationResolution": "Ordenanza 28 de Diciembre 2 de 1986",
        "resultType": "observed",
        "source": "dane-divipola-mgn-2025",
        "year": 2025,
        "MPIO_TIPO": "MUNICIPIO",
        "unitType": "municipio",
        "MPIO_NAREA": 167.13354121,
        "MPIO_NANO": 2024,
        "MPIO_CRSLCION": "Ordenanza 28 de Diciembre 2 de 1986"
      }
    },
    {
      "type": "Feature",
      "id": 1871,
      "geometry": {
        "type": "Polygon",
        "coordinates": [
          [
            [
              -73.31967,
              5.44951
            ],
            [
              -73.35202,
              5.43212
            ],
            [
              -73.366,
              5.36247
            ],
            [
              -73.33105,
              5.34898
            ],
            [
              -73.32447,
              5.32526
            ],
            [
              -73.33641,
              5.31449
            ],
            [
              -73.30816,
              5.2773
            ],
            [
              -73.32957,
              5.26166
            ],
            [
              -73.32475,
              5.23877
            ],
            [
              -73.28346,
              5.20671
            ],
            [
              -73.24723,
              5.23007
            ],
            [
              -73.27975,
              5.24598
            ],
            [
              -73.28759,
              5.27977
            ],
            [
              -73.26316,
              5.32223
            ],
            [
              -73.28235,
              5.32468
            ],
            [
              -73.28867,
              5.35619
            ],
            [
              -73.32258,
              5.39204
            ],
            [
              -73.31967,
              5.44951
            ]
          ]
        ]
      },
      "properties": {
        "code": "15599",
        "departmentCode": "15",
        "name": "RAMIRIQUÍ",
        "originalCode": "599",
        "originalName": "RAMIRIQUÍ",
        "type": "MUNICIPIO",
        "areaName": 125.46404681,
        "creationYear": 2024,
        "creationResolution": "1754",
        "resultType": "observed",
        "source": "dane-divipola-mgn-2025",
        "year": 2025,
        "MPIO_TIPO": "MUNICIPIO",
        "unitType": "municipio",
        "MPIO_NAREA": 125.46404681,
        "MPIO_NANO": 2024,
        "MPIO_CRSLCION": "1754"
      }
    },
    {
      "type": "Feature",
      "id": 1872,
      "geometry": {
        "type": "Polygon",
        "coordinates": [
          [
            [
              -73.58096,
              5.58955
            ],
            [
              -73.66458,
              5.53844
            ],
            [
              -73.67834,
              5.5456
            ],
            [
              -73.69647,
              5.50339
            ],
            [
              -73.74329,
              5.46868
            ],
            [
              -73.72025,
              5.47807
            ],
            [
              -73.71953,
              5.45881
            ],
            [
              -73.69468,
              5.44632
            ],
            [
              -73.67672,
              5.45946
            ],
            [
              -73.67941,
              5.43529
            ],
            [
              -73.65054,
              5.41512
            ],
            [
              -73.6185,
              5.40475
            ],
            [
              -73.597,
              5.41663
            ],
            [
              -73.60069,
              5.46002
            ],
            [
              -73.53613,
              5.50027
            ],
            [
              -73.55847,
              5.50915
            ],
            [
              -73.54994,
              5.52188
            ],
            [
              -73.58096,
              5.58955
            ]
          ]
        ]
      },
      "properties": {
        "code": "15600",
        "departmentCode": "15",
        "name": "RÁQUIRA",
        "originalCode": "600",
        "originalName": "RÁQUIRA",
        "type": "MUNICIPIO",
        "areaName": 220.32645649,
        "creationYear": 2024,
        "creationResolution": "1780",
        "resultType": "observed",
        "source": "dane-divipola-mgn-2025",
        "year": 2025,
        "MPIO_TIPO": "MUNICIPIO",
        "unitType": "municipio",
        "MPIO_NAREA": 220.32645649,
        "MPIO_NANO": 2024,
        "MPIO_CRSLCION": "1780"
      }
    },
    {
      "type": "Feature",
      "id": 1873,
      "geometry": {
        "type": "Polygon",
        "coordinates": [
          [
            [
              -73.14707,
              5.48084
            ],
            [
              -73.20828,
              5.45333
            ],
            [
              -73.243,
              5.37667
            ],
            [
              -73.28673,
              5.34854
            ],
            [
              -73.28235,
              5.32468
            ],
            [
              -73.26316,
              5.32223
            ],
            [
              -73.27605,
              5.30411
            ],
            [
              -73.26562,
              5.28728
            ],
            [
              -73.23363,
              5.28512
            ],
            [
              -73.17676,
              5.33915
            ],
            [
              -73.12633,
              5.35734
            ],
            [
              -73.12127,
              5.38506
            ],
            [
              -73.14173,
              5.41296
            ],
            [
              -73.12395,
              5.45572
            ],
            [
              -73.14707,
              5.48084
            ]
          ]
        ]
      },
      "properties": {
        "code": "15621",
        "departmentCode": "15",
        "name": "RONDÓN",
        "originalCode": "621",
        "originalName": "RONDÓN",
        "type": "MUNICIPIO",
        "areaName": 205.98719584,
        "creationYear": 2024,
        "creationResolution": "1904",
        "resultType": "observed",
        "source": "dane-divipola-mgn-2025",
        "year": 2025,
        "MPIO_TIPO": "MUNICIPIO",
        "unitType": "municipio",
        "MPIO_NAREA": 205.98719584,
        "MPIO_NANO": 2024,
        "MPIO_CRSLCION": "1904"
      }
    },
    {
      "type": "Feature",
      "id": 1874,
      "geometry": {
        "type": "Polygon",
        "coordinates": [
          [
            [
              -73.71438,
              5.7817
            ],
            [
              -73.76361,
              5.77292
            ],
            [
              -73.81253,
              5.71497
            ],
            [
              -73.81921,
              5.73748
            ],
            [
              -73.83972,
              5.73837
            ],
            [
              -73.88626,
              5.69002
            ],
            [
              -73.83335,
              5.70456
            ],
            [
              -73.83488,
              5.66691
            ],
            [
              -73.80591,
              5.64111
            ],
            [
              -73.75208,
              5.64649
            ],
            [
              -73.68827,
              5.62755
            ],
            [
              -73.65131,
              5.71394
            ],
            [
              -73.71438,
              5.7817
            ]
          ]
        ]
      },
      "properties": {
        "code": "15632",
        "departmentCode": "15",
        "name": "SABOYÁ",
        "originalCode": "632",
        "originalName": "SABOYÁ",
        "type": "MUNICIPIO",
        "areaName": 248.28826877,
        "creationYear": 2024,
        "creationResolution": "1784",
        "resultType": "observed",
        "source": "dane-divipola-mgn-2025",
        "year": 2025,
        "MPIO_TIPO": "MUNICIPIO",
        "unitType": "municipio",
        "MPIO_NAREA": 248.28826877,
        "MPIO_NANO": 2024,
        "MPIO_CRSLCION": "1784"
      }
    },
    {
      "type": "Feature",
      "id": 1875,
      "geometry": {
        "type": "Polygon",
        "coordinates": [
          [
            [
              -73.56396,
              5.63211
            ],
            [
              -73.58198,
              5.62795
            ],
            [
              -73.57677,
              5.56068
            ],
            [
              -73.54994,
              5.52188
            ],
            [
              -73.51728,
              5.53353
            ],
            [
              -73.49842,
              5.5642
            ],
            [
              -73.5113,
              5.59982
            ],
            [
              -73.54737,
              5.5985
            ],
            [
              -73.56396,
              5.63211
            ]
          ]
        ]
      },
      "properties": {
        "code": "15638",
        "departmentCode": "15",
        "name": "SÁCHICA",
        "originalCode": "638",
        "originalName": "SÁCHICA",
        "type": "MUNICIPIO",
        "areaName": 63.82519724,
        "creationYear": 2024,
        "creationResolution": "1809",
        "resultType": "observed",
        "source": "dane-divipola-mgn-2025",
        "year": 2025,
        "MPIO_TIPO": "MUNICIPIO",
        "unitType": "municipio",
        "MPIO_NAREA": 63.82519724,
        "MPIO_NANO": 2024,
        "MPIO_CRSLCION": "1809"
      }
    },
    {
      "type": "Feature",
      "id": 1876,
      "geometry": {
        "type": "Polygon",
        "coordinates": [
          [
            [
              -73.49335,
              5.55313
            ],
            [
              -73.55842,
              5.5181
            ],
            [
              -73.53705,
              5.49798
            ],
            [
              -73.60069,
              5.46002
            ],
            [
              -73.59309,
              5.42161
            ],
            [
              -73.6185,
              5.40475
            ],
            [
              -73.55777,
              5.40535
            ],
            [
              -73.49672,
              5.43866
            ],
            [
              -73.47721,
              5.42698
            ],
            [
              -73.45841,
              5.4468
            ],
            [
              -73.43232,
              5.48587
            ],
            [
              -73.49136,
              5.53519
            ],
            [
              -73.49335,
              5.55313
            ]
          ]
        ]
      },
      "properties": {
        "code": "15646",
        "departmentCode": "15",
        "name": "SAMACÁ",
        "originalCode": "646",
        "originalName": "SAMACÁ",
        "type": "MUNICIPIO",
        "areaName": 167.3162805,
        "creationYear": 2024,
        "creationResolution": "1556",
        "resultType": "observed",
        "source": "dane-divipola-mgn-2025",
        "year": 2025,
        "MPIO_TIPO": "MUNICIPIO",
        "unitType": "municipio",
        "MPIO_NAREA": 167.3162805,
        "MPIO_NANO": 2024,
        "MPIO_CRSLCION": "1556"
      }
    },
    {
      "type": "Feature",
      "id": 1877,
      "geometry": {
        "type": "Polygon",
        "coordinates": [
          [
            [
              -73.03849,
              5.30757
            ],
            [
              -73.05882,
              5.30754
            ],
            [
              -73.07101,
              5.26357
            ],
            [
              -73.10594,
              5.22224
            ],
            [
              -73.07267,
              5.19639
            ],
            [
              -73.0725,
              5.16894
            ],
            [
              -73.05779,
              5.1614
            ],
            [
              -73.03327,
              5.17524
            ],
            [
              -72.99522,
              5.24525
            ],
            [
              -73.03849,
              5.30757
            ]
          ]
        ]
      },
      "properties": {
        "code": "15660",
        "departmentCode": "15",
        "name": "SAN EDUARDO",
        "originalCode": "660",
        "originalName": "SAN EDUARDO",
        "type": "MUNICIPIO",
        "areaName": 109.25945512,
        "creationYear": 2024,
        "creationResolution": "Ordenanza 13 de  Diciembre de 1965",
        "resultType": "observed",
        "source": "dane-divipola-mgn-2025",
        "year": 2025,
        "MPIO_TIPO": "MUNICIPIO",
        "unitType": "municipio",
        "MPIO_NAREA": 109.25945512,
        "MPIO_NANO": 2024,
        "MPIO_CRSLCION": "Ordenanza 13 de  Diciembre de 1965"
      }
    },
    {
      "type": "Feature",
      "id": 1878,
      "geometry": {
        "type": "Polygon",
        "coordinates": [
          [
            [
              -73.53223,
              6.04915
            ],
            [
              -73.58599,
              6.00633
            ],
            [
              -73.5888,
              5.9525
            ],
            [
              -73.54987,
              5.95069
            ],
            [
              -73.48825,
              5.99703
            ],
            [
              -73.53223,
              6.04915
            ]
          ]
        ]
      },
      "properties": {
        "code": "15664",
        "departmentCode": "15",
        "name": "SAN JOSÉ DE PARE",
        "originalCode": "664",
        "originalName": "SAN JOSÉ DE PARE",
        "type": "MUNICIPIO",
        "areaName": 74.28480047,
        "creationYear": 2024,
        "creationResolution": "1776",
        "resultType": "observed",
        "source": "dane-divipola-mgn-2025",
        "year": 2025,
        "MPIO_TIPO": "MUNICIPIO",
        "unitType": "municipio",
        "MPIO_NAREA": 74.28480047,
        "MPIO_NANO": 2024,
        "MPIO_CRSLCION": "1776"
      }
    },
    {
      "type": "Feature",
      "id": 1879,
      "geometry": {
        "type": "Polygon",
        "coordinates": [
          [
            [
              -73.04646,
              4.98963
            ],
            [
              -73.05656,
              4.99753
            ],
            [
              -73.17459,
              4.89609
            ],
            [
              -73.18482,
              4.87172
            ],
            [
              -73.22839,
              4.85066
            ],
            [
              -73.19919,
              4.81497
            ],
            [
              -73.24037,
              4.78304
            ],
            [
              -73.20091,
              4.77762
            ],
            [
              -73.17018,
              4.7353
            ],
            [
              -73.20886,
              4.68552
            ],
            [
              -73.19434,
              4.67249
            ],
            [
              -73.14903,
              4.65524
            ],
            [
              -73.12169,
              4.67156
            ],
            [
              -73.10421,
              4.66049
            ],
            [
              -73.07185,
              4.73919
            ],
            [
              -73.04685,
              4.74427
            ],
            [
              -73.07777,
              4.80973
            ],
            [
              -73.04148,
              4.87833
            ],
            [
              -73.04913,
              4.92226
            ],
            [
              -73.02747,
              4.9898
            ],
            [
              -73.04646,
              4.98963
            ]
          ]
        ]
      },
      "properties": {
        "code": "15667",
        "departmentCode": "15",
        "name": "SAN LUIS DE GACENO",
        "originalCode": "667",
        "originalName": "SAN LUIS DE GACENO",
        "type": "MUNICIPIO",
        "areaName": 468.96632254,
        "creationYear": 2024,
        "creationResolution": "Ordenanza 28 de Diciembre de 1961",
        "resultType": "observed",
        "source": "dane-divipola-mgn-2025",
        "year": 2025,
        "MPIO_TIPO": "MUNICIPIO",
        "unitType": "municipio",
        "MPIO_NAREA": 468.96632254,
        "MPIO_NANO": 2024,
        "MPIO_CRSLCION": "Ordenanza 28 de Diciembre de 1961"
      }
    },
    {
      "type": "Feature",
      "id": 1880,
      "geometry": {
        "type": "Polygon",
        "coordinates": [
          [
            [
              -72.54832,
              6.48637
            ],
            [
              -72.58295,
              6.47641
            ],
            [
              -72.62451,
              6.43701
            ],
            [
              -72.62145,
              6.41247
            ],
            [
              -72.60262,
              6.41079
            ],
            [
              -72.58796,
              6.36072
            ],
            [
              -72.56489,
              6.34367
            ],
            [
              -72.51775,
              6.34925
            ],
            [
              -72.50867,
              6.36987
            ],
            [
              -72.47795,
              6.37405
            ],
            [
              -72.4967,
              6.40267
            ],
            [
              -72.54787,
              6.42563
            ],
            [
              -72.54832,
              6.48637
            ]
          ]
        ]
      },
      "properties": {
        "code": "15673",
        "departmentCode": "15",
        "name": "SAN MATEO",
        "originalCode": "673",
        "originalName": "SAN MATEO",
        "type": "MUNICIPIO",
        "areaName": 123.60232996,
        "creationYear": 2024,
        "creationResolution": "1777",
        "resultType": "observed",
        "source": "dane-divipola-mgn-2025",
        "year": 2025,
        "MPIO_TIPO": "MUNICIPIO",
        "unitType": "municipio",
        "MPIO_NAREA": 123.60232996,
        "MPIO_NANO": 2024,
        "MPIO_CRSLCION": "1777"
      }
    },
    {
      "type": "Feature",
      "id": 1881,
      "geometry": {
        "type": "Polygon",
        "coordinates": [
          [
            [
              -73.76021,
              5.58411
            ],
            [
              -73.77969,
              5.59512
            ],
            [
              -73.7916,
              5.53146
            ],
            [
              -73.78219,
              5.49914
            ],
            [
              -73.74708,
              5.48963
            ],
            [
              -73.74348,
              5.47095
            ],
            [
              -73.68616,
              5.51732
            ],
            [
              -73.71995,
              5.53713
            ],
            [
              -73.71606,
              5.59021
            ],
            [
              -73.7233,
              5.57111
            ],
            [
              -73.76021,
              5.58411
            ]
          ]
        ]
      },
      "properties": {
        "code": "15676",
        "departmentCode": "15",
        "name": "SAN MIGUEL DE SEMA",
        "originalCode": "676",
        "originalName": "SAN MIGUEL DE SEMA",
        "type": "MUNICIPIO",
        "areaName": 93.8605391,
        "creationYear": 2024,
        "creationResolution": "Ordenanza 24 de Diciembre 9 de 1959",
        "resultType": "observed",
        "source": "dane-divipola-mgn-2025",
        "year": 2025,
        "MPIO_TIPO": "MUNICIPIO",
        "unitType": "municipio",
        "MPIO_NAREA": 93.8605391,
        "MPIO_NANO": 2024,
        "MPIO_CRSLCION": "Ordenanza 24 de Diciembre 9 de 1959"
      }
    },
    {
      "type": "Feature",
      "id": 1882,
      "geometry": {
        "type": "Polygon",
        "coordinates": [
          [
            [
              -74.09302,
              5.75852
            ],
            [
              -74.14812,
              5.74844
            ],
            [
              -74.17225,
              5.71796
            ],
            [
              -74.1845,
              5.63998
            ],
            [
              -74.16437,
              5.63689
            ],
            [
              -74.15764,
              5.59535
            ],
            [
              -74.11841,
              5.60944
            ],
            [
              -74.09022,
              5.60012
            ],
            [
              -74.03987,
              5.69032
            ],
            [
              -74.04193,
              5.71422
            ],
            [
              -74.09302,
              5.75852
            ]
          ]
        ]
      },
      "properties": {
        "code": "15681",
        "departmentCode": "15",
        "name": "SAN PABLO DE BORBUR",
        "originalCode": "681",
        "originalName": "SAN PABLO DE BORBUR",
        "type": "MUNICIPIO",
        "areaName": 195.66468356,
        "creationYear": 2024,
        "creationResolution": "Ordenanza 24 de Diciembre 9 de 1959",
        "resultType": "observed",
        "source": "dane-divipola-mgn-2025",
        "year": 2025,
        "MPIO_TIPO": "MUNICIPIO",
        "unitType": "municipio",
        "MPIO_NAREA": 195.66468356,
        "MPIO_NANO": 2024,
        "MPIO_CRSLCION": "Ordenanza 24 de Diciembre 9 de 1959"
      }
    },
    {
      "type": "Feature",
      "id": 1883,
      "geometry": {
        "type": "Polygon",
        "coordinates": [
          [
            [
              -73.49566,
              6.10611
            ],
            [
              -73.5152,
              6.09908
            ],
            [
              -73.53195,
              6.0481
            ],
            [
              -73.48621,
              6.00158
            ],
            [
              -73.44723,
              6.06485
            ],
            [
              -73.49566,
              6.10611
            ]
          ]
        ]
      },
      "properties": {
        "code": "15686",
        "departmentCode": "15",
        "name": "SANTANA",
        "originalCode": "686",
        "originalName": "SANTANA",
        "type": "MUNICIPIO",
        "areaName": 67.85295191,
        "creationYear": 2024,
        "creationResolution": "1780",
        "resultType": "observed",
        "source": "dane-divipola-mgn-2025",
        "year": 2025,
        "MPIO_TIPO": "MUNICIPIO",
        "unitType": "municipio",
        "MPIO_NAREA": 67.85295191,
        "MPIO_NANO": 2024,
        "MPIO_CRSLCION": "1780"
      }
    },
    {
      "type": "Feature",
      "id": 1884,
      "geometry": {
        "type": "Polygon",
        "coordinates": [
          [
            [
              -73.21824,
              4.96246
            ],
            [
              -73.22296,
              4.97304
            ],
            [
              -73.29157,
              4.91415
            ],
            [
              -73.29807,
              4.88022
            ],
            [
              -73.33692,
              4.83123
            ],
            [
              -73.34097,
              4.79132
            ],
            [
              -73.31298,
              4.76964
            ],
            [
              -73.30302,
              4.72892
            ],
            [
              -73.22304,
              4.73329
            ],
            [
              -73.23466,
              4.69515
            ],
            [
              -73.21787,
              4.67636
            ],
            [
              -73.17018,
              4.7353
            ],
            [
              -73.20091,
              4.77762
            ],
            [
              -73.24037,
              4.78304
            ],
            [
              -73.19919,
              4.81497
            ],
            [
              -73.22839,
              4.85066
            ],
            [
              -73.18482,
              4.87172
            ],
            [
              -73.17484,
              4.89344
            ],
            [
              -73.19739,
              4.91301
            ],
            [
              -73.21309,
              4.90565
            ],
            [
              -73.21824,
              4.96246
            ]
          ]
        ]
      },
      "properties": {
        "code": "15690",
        "departmentCode": "15",
        "name": "SANTA MARÍA",
        "originalCode": "690",
        "originalName": "SANTA MARÍA",
        "type": "MUNICIPIO",
        "areaName": 309.1066065,
        "creationYear": 2024,
        "creationResolution": "Ordenanza 28 de Diciembre 1 de 1961",
        "resultType": "observed",
        "source": "dane-divipola-mgn-2025",
        "year": 2025,
        "MPIO_TIPO": "MUNICIPIO",
        "unitType": "municipio",
        "MPIO_NAREA": 309.1066065,
        "MPIO_NANO": 2024,
        "MPIO_CRSLCION": "Ordenanza 28 de Diciembre 1 de 1961"
      }
    },
    {
      "type": "Feature",
      "id": 1885,
      "geometry": {
        "type": "Polygon",
        "coordinates": [
          [
            [
              -73.01124,
              5.96311
            ],
            [
              -73.03123,
              6.02117
            ],
            [
              -73.04871,
              5.97352
            ],
            [
              -73.0215,
              5.92805
            ],
            [
              -73.01304,
              5.82943
            ],
            [
              -72.99703,
              5.82875
            ],
            [
              -72.98578,
              5.78619
            ],
            [
              -72.9824,
              5.80056
            ],
            [
              -72.94268,
              5.80762
            ],
            [
              -72.97576,
              5.85849
            ],
            [
              -72.9277,
              5.92442
            ],
            [
              -72.9918,
              5.93244
            ],
            [
              -73.01124,
              5.96311
            ]
          ]
        ]
      },
      "properties": {
        "code": "15693",
        "departmentCode": "15",
        "name": "SANTA ROSA DE VITERBO",
        "originalCode": "693",
        "originalName": "SANTA ROSA DE VITERBO",
        "type": "MUNICIPIO",
        "areaName": 116.47802818,
        "creationYear": 2025,
        "creationResolution": "1754",
        "resultType": "observed",
        "source": "dane-divipola-mgn-2025",
        "year": 2025,
        "MPIO_TIPO": "MUNICIPIO",
        "unitType": "municipio",
        "MPIO_NAREA": 116.47802818,
        "MPIO_NANO": 2025,
        "MPIO_CRSLCION": "1754"
      }
    },
    {
      "type": "Feature",
      "id": 1886,
      "geometry": {
        "type": "Polygon",
        "coordinates": [
          [
            [
              -73.59273,
              5.79517
            ],
            [
              -73.62623,
              5.77857
            ],
            [
              -73.65322,
              5.70252
            ],
            [
              -73.57776,
              5.67517
            ],
            [
              -73.56473,
              5.71038
            ],
            [
              -73.58204,
              5.77174
            ],
            [
              -73.56725,
              5.7753
            ],
            [
              -73.59273,
              5.79517
            ]
          ]
        ]
      },
      "properties": {
        "code": "15696",
        "departmentCode": "15",
        "name": "SANTA SOFÍA",
        "originalCode": "696",
        "originalName": "SANTA SOFÍA",
        "type": "MUNICIPIO",
        "areaName": 77.44205425,
        "creationYear": 2024,
        "creationResolution": "1899",
        "resultType": "observed",
        "source": "dane-divipola-mgn-2025",
        "year": 2025,
        "MPIO_TIPO": "MUNICIPIO",
        "unitType": "municipio",
        "MPIO_NAREA": 77.44205425,
        "MPIO_NANO": 2024,
        "MPIO_CRSLCION": "1899"
      }
    },
    {
      "type": "Feature",
      "id": 1887,
      "geometry": {
        "type": "Polygon",
        "coordinates": [
          [
            [
              -72.63538,
              6.18057
            ],
            [
              -72.68069,
              6.183
            ],
            [
              -72.71666,
              6.15652
            ],
            [
              -72.76806,
              6.14993
            ],
            [
              -72.76147,
              6.17374
            ],
            [
              -72.78507,
              6.17985
            ],
            [
              -72.82541,
              6.15805
            ],
            [
              -72.83754,
              6.13062
            ],
            [
              -72.80405,
              6.0908
            ],
            [
              -72.76317,
              6.10734
            ],
            [
              -72.71248,
              6.10196
            ],
            [
              -72.70147,
              6.07583
            ],
            [
              -72.67346,
              6.06879
            ],
            [
              -72.65296,
              6.08459
            ],
            [
              -72.63538,
              6.18057
            ]
          ]
        ]
      },
      "properties": {
        "code": "15720",
        "departmentCode": "15",
        "name": "SATIVANORTE",
        "originalCode": "720",
        "originalName": "SATIVANORTE",
        "type": "MUNICIPIO",
        "areaName": 161.07008221,
        "creationYear": 2024,
        "creationResolution": "1754",
        "resultType": "observed",
        "source": "dane-divipola-mgn-2025",
        "year": 2025,
        "MPIO_TIPO": "MUNICIPIO",
        "unitType": "municipio",
        "MPIO_NAREA": 161.07008221,
        "MPIO_NANO": 2024,
        "MPIO_CRSLCION": "1754"
      }
    },
    {
      "type": "Feature",
      "id": 1888,
      "geometry": {
        "type": "Polygon",
        "coordinates": [
          [
            [
              -72.69804,
              6.08093
            ],
            [
              -72.71224,
              6.10191
            ],
            [
              -72.7949,
              6.10016
            ],
            [
              -72.71906,
              6.06563
            ],
            [
              -72.71965,
              6.02774
            ],
            [
              -72.70305,
              6.01779
            ],
            [
              -72.6533,
              6.07633
            ],
            [
              -72.6761,
              6.06854
            ],
            [
              -72.69804,
              6.08093
            ]
          ]
        ]
      },
      "properties": {
        "code": "15723",
        "departmentCode": "15",
        "name": "SATIVASUR",
        "originalCode": "723",
        "originalName": "SATIVASUR",
        "type": "MUNICIPIO",
        "areaName": 54.6258375,
        "creationYear": 2024,
        "creationResolution": "1878",
        "resultType": "observed",
        "source": "dane-divipola-mgn-2025",
        "year": 2025,
        "MPIO_TIPO": "MUNICIPIO",
        "unitType": "municipio",
        "MPIO_NAREA": 54.6258375,
        "MPIO_NANO": 2024,
        "MPIO_CRSLCION": "1878"
      }
    },
    {
      "type": "Feature",
      "id": 1889,
      "geometry": {
        "type": "Polygon",
        "coordinates": [
          [
            [
              -73.22723,
              5.55384
            ],
            [
              -73.2378,
              5.53389
            ],
            [
              -73.28476,
              5.52417
            ],
            [
              -73.28751,
              5.4887
            ],
            [
              -73.21567,
              5.44021
            ],
            [
              -73.14492,
              5.47976
            ],
            [
              -73.135,
              5.50562
            ],
            [
              -73.22723,
              5.55384
            ]
          ]
        ]
      },
      "properties": {
        "code": "15740",
        "departmentCode": "15",
        "name": "SIACHOQUE",
        "originalCode": "740",
        "originalName": "SIACHOQUE",
        "type": "MUNICIPIO",
        "areaName": 119.00719675,
        "creationYear": 2024,
        "creationResolution": "Decreto 2871 de 1982",
        "resultType": "observed",
        "source": "dane-divipola-mgn-2025",
        "year": 2025,
        "MPIO_TIPO": "MUNICIPIO",
        "unitType": "municipio",
        "MPIO_NAREA": 119.00719675,
        "MPIO_NANO": 2024,
        "MPIO_CRSLCION": "Decreto 2871 de 1982"
      }
    },
    {
      "type": "Feature",
      "id": 1890,
      "geometry": {
        "type": "Polygon",
        "coordinates": [
          [
            [
              -72.68321,
              6.38535
            ],
            [
              -72.71422,
              6.38365
            ],
            [
              -72.74838,
              6.34763
            ],
            [
              -72.75399,
              6.27887
            ],
            [
              -72.72288,
              6.29757
            ],
            [
              -72.68678,
              6.25756
            ],
            [
              -72.64123,
              6.27909
            ],
            [
              -72.65503,
              6.3779
            ],
            [
              -72.68321,
              6.38535
            ]
          ]
        ]
      },
      "properties": {
        "code": "15753",
        "departmentCode": "15",
        "name": "SOATÁ",
        "originalCode": "753",
        "originalName": "SOATÁ",
        "type": "MUNICIPIO",
        "areaName": 122.83096514,
        "creationYear": 2024,
        "creationResolution": "1729",
        "resultType": "observed",
        "source": "dane-divipola-mgn-2025",
        "year": 2025,
        "MPIO_TIPO": "MUNICIPIO",
        "unitType": "municipio",
        "MPIO_NAREA": 122.83096514,
        "MPIO_NANO": 2024,
        "MPIO_CRSLCION": "1729"
      }
    },
    {
      "type": "Feature",
      "id": 1891,
      "geometry": {
        "type": "Polygon",
        "coordinates": [
          [
            [
              -72.54231,
              6.06984
            ],
            [
              -72.56574,
              6.11889
            ],
            [
              -72.61625,
              6.10244
            ],
            [
              -72.65631,
              6.11661
            ],
            [
              -72.65752,
              6.06292
            ],
            [
              -72.64116,
              6.03537
            ],
            [
              -72.65705,
              5.9981
            ],
            [
              -72.6326,
              5.97388
            ],
            [
              -72.65243,
              5.9131
            ],
            [
              -72.61624,
              5.90405
            ],
            [
              -72.62948,
              5.76451
            ],
            [
              -72.51222,
              5.79153
            ],
            [
              -72.45089,
              5.87837
            ],
            [
              -72.41555,
              5.90401
            ],
            [
              -72.45009,
              5.95777
            ],
            [
              -72.52747,
              6.00946
            ],
            [
              -72.54231,
              6.06984
            ]
          ]
        ]
      },
      "properties": {
        "code": "15755",
        "departmentCode": "15",
        "name": "SOCOTÁ",
        "originalCode": "755",
        "originalName": "SOCOTÁ",
        "type": "MUNICIPIO",
        "areaName": 602.30379457,
        "creationYear": 2024,
        "creationResolution": "1827",
        "resultType": "observed",
        "source": "dane-divipola-mgn-2025",
        "year": 2025,
        "MPIO_TIPO": "MUNICIPIO",
        "unitType": "municipio",
        "MPIO_NAREA": 602.30379457,
        "MPIO_NANO": 2024,
        "MPIO_CRSLCION": "1827"
      }
    },
    {
      "type": "Feature",
      "id": 1892,
      "geometry": {
        "type": "Polygon",
        "coordinates": [
          [
            [
              -72.64581,
              5.99061
            ],
            [
              -72.65738,
              6.00343
            ],
            [
              -72.64116,
              6.03537
            ],
            [
              -72.65743,
              6.06264
            ],
            [
              -72.71681,
              5.99736
            ],
            [
              -72.74307,
              5.98788
            ],
            [
              -72.73362,
              5.95137
            ],
            [
              -72.71261,
              5.94165
            ],
            [
              -72.72662,
              5.9296
            ],
            [
              -72.71021,
              5.89096
            ],
            [
              -72.68505,
              5.86629
            ],
            [
              -72.65321,
              5.88282
            ],
            [
              -72.63261,
              5.97359
            ],
            [
              -72.64581,
              5.99061
            ]
          ]
        ]
      },
      "properties": {
        "code": "15757",
        "departmentCode": "15",
        "name": "SOCHA",
        "originalCode": "757",
        "originalName": "SOCHA",
        "type": "MUNICIPIO",
        "areaName": 149.88023358,
        "creationYear": 2024,
        "creationResolution": "1788",
        "resultType": "observed",
        "source": "dane-divipola-mgn-2025",
        "year": 2025,
        "MPIO_TIPO": "MUNICIPIO",
        "unitType": "municipio",
        "MPIO_NAREA": 149.88023358,
        "MPIO_NANO": 2024,
        "MPIO_CRSLCION": "1788"
      }
    },
    {
      "type": "Feature",
      "id": 1893,
      "geometry": {
        "type": "Polygon",
        "coordinates": [
          [
            [
              -72.88206,
              5.76745
            ],
            [
              -72.94534,
              5.74751
            ],
            [
              -72.96716,
              5.65325
            ],
            [
              -72.94147,
              5.62755
            ],
            [
              -72.81106,
              5.5837
            ],
            [
              -72.77081,
              5.64339
            ],
            [
              -72.7913,
              5.65934
            ],
            [
              -72.8249,
              5.64639
            ],
            [
              -72.87169,
              5.69009
            ],
            [
              -72.88206,
              5.76745
            ]
          ]
        ]
      },
      "properties": {
        "code": "15759",
        "departmentCode": "15",
        "name": "SOGAMOSO",
        "originalCode": "759",
        "originalName": "SOGAMOSO",
        "type": "MUNICIPIO",
        "areaName": 207.28392531,
        "creationYear": 2025,
        "creationResolution": "1552",
        "resultType": "observed",
        "source": "dane-divipola-mgn-2025",
        "year": 2025,
        "MPIO_TIPO": "MUNICIPIO",
        "unitType": "municipio",
        "MPIO_NAREA": 207.28392531,
        "MPIO_NANO": 2025,
        "MPIO_CRSLCION": "1552"
      }
    },
    {
      "type": "Feature",
      "id": 1894,
      "geometry": {
        "type": "Polygon",
        "coordinates": [
          [
            [
              -73.37998,
              5.01649
            ],
            [
              -73.42999,
              5.0083
            ],
            [
              -73.46991,
              4.9804
            ],
            [
              -73.45051,
              4.90924
            ],
            [
              -73.40175,
              4.96166
            ],
            [
              -73.37998,
              5.01649
            ]
          ]
        ]
      },
      "properties": {
        "code": "15761",
        "departmentCode": "15",
        "name": "SOMONDOCO",
        "originalCode": "761",
        "originalName": "SOMONDOCO",
        "type": "MUNICIPIO",
        "areaName": 58.69678192,
        "creationYear": 2024,
        "creationResolution": "1756",
        "resultType": "observed",
        "source": "dane-divipola-mgn-2025",
        "year": 2025,
        "MPIO_TIPO": "MUNICIPIO",
        "unitType": "municipio",
        "MPIO_NAREA": 58.69678192,
        "MPIO_NANO": 2024,
        "MPIO_CRSLCION": "1756"
      }
    },
    {
      "type": "Feature",
      "id": 1895,
      "geometry": {
        "type": "Polygon",
        "coordinates": [
          [
            [
              -73.41031,
              5.61586
            ],
            [
              -73.47243,
              5.58963
            ],
            [
              -73.4989,
              5.5595
            ],
            [
              -73.48559,
              5.54804
            ],
            [
              -73.41416,
              5.56454
            ],
            [
              -73.39534,
              5.5868
            ],
            [
              -73.41031,
              5.61586
            ]
          ]
        ]
      },
      "properties": {
        "code": "15762",
        "departmentCode": "15",
        "name": "SORA",
        "originalCode": "762",
        "originalName": "SORA",
        "type": "MUNICIPIO",
        "areaName": 47.76553111,
        "creationYear": 2025,
        "creationResolution": "Ordenanza 41 de Diciembre 14 de 1978",
        "resultType": "observed",
        "source": "dane-divipola-mgn-2025",
        "year": 2025,
        "MPIO_TIPO": "MUNICIPIO",
        "unitType": "municipio",
        "MPIO_NAREA": 47.76553111,
        "MPIO_NANO": 2025,
        "MPIO_CRSLCION": "Ordenanza 41 de Diciembre 14 de 1978"
      }
    },
    {
      "type": "Feature",
      "id": 1896,
      "geometry": {
        "type": "Polygon",
        "coordinates": [
          [
            [
              -73.22331,
              5.72496
            ],
            [
              -73.19945,
              5.74156
            ],
            [
              -73.18064,
              5.7163
            ],
            [
              -73.15584,
              5.72737
            ],
            [
              -73.17432,
              5.75988
            ],
            [
              -73.17073,
              5.78841
            ],
            [
              -73.13744,
              5.82111
            ],
            [
              -73.12995,
              5.85481
            ],
            [
              -73.18398,
              5.85045
            ],
            [
              -73.20495,
              5.82658
            ],
            [
              -73.24689,
              5.81596
            ],
            [
              -73.27048,
              5.85355
            ],
            [
              -73.32924,
              5.85154
            ],
            [
              -73.35147,
              5.87257
            ],
            [
              -73.34575,
              5.84225
            ],
            [
              -73.36965,
              5.788
            ],
            [
              -73.35645,
              5.76353
            ],
            [
              -73.33624,
              5.76634
            ],
            [
              -73.2941,
              5.69655
            ],
            [
              -73.22331,
              5.72496
            ]
          ]
        ]
      },
      "properties": {
        "code": "15763",
        "departmentCode": "15",
        "name": "SOTAQUIRÁ",
        "originalCode": "763",
        "originalName": "SOTAQUIRÁ",
        "type": "MUNICIPIO",
        "areaName": 291.56505079,
        "creationYear": 2024,
        "creationResolution": "1794",
        "resultType": "observed",
        "source": "dane-divipola-mgn-2025",
        "year": 2025,
        "MPIO_TIPO": "MUNICIPIO",
        "unitType": "municipio",
        "MPIO_NAREA": 291.56505079,
        "MPIO_NANO": 2024,
        "MPIO_CRSLCION": "1794"
      }
    },
    {
      "type": "Feature",
      "id": 1897,
      "geometry": {
        "type": "Polygon",
        "coordinates": [
          [
            [
              -73.31361,
              5.54311
            ],
            [
              -73.35761,
              5.49822
            ],
            [
              -73.36119,
              5.47411
            ],
            [
              -73.33851,
              5.46837
            ],
            [
              -73.33203,
              5.44035
            ],
            [
              -73.31476,
              5.44356
            ],
            [
              -73.27846,
              5.50627
            ],
            [
              -73.31361,
              5.54311
            ]
          ]
        ]
      },
      "properties": {
        "code": "15764",
        "departmentCode": "15",
        "name": "SORACÁ",
        "originalCode": "764",
        "originalName": "SORACÁ",
        "type": "MUNICIPIO",
        "areaName": 55.66056649,
        "creationYear": 2024,
        "creationResolution": "Ordenanza 41 de Diciembre 14 de 1978",
        "resultType": "observed",
        "source": "dane-divipola-mgn-2025",
        "year": 2025,
        "MPIO_TIPO": "MUNICIPIO",
        "unitType": "municipio",
        "MPIO_NAREA": 55.66056649,
        "MPIO_NANO": 2024,
        "MPIO_CRSLCION": "Ordenanza 41 de Diciembre 14 de 1978"
      }
    },
    {
      "type": "Feature",
      "id": 1898,
      "geometry": {
        "type": "Polygon",
        "coordinates": [
          [
            [
              -72.72769,
              6.29744
            ],
            [
              -72.74586,
              6.27488
            ],
            [
              -72.74468,
              6.22918
            ],
            [
              -72.77502,
              6.21048
            ],
            [
              -72.80374,
              6.21597
            ],
            [
              -72.82541,
              6.15805
            ],
            [
              -72.7827,
              6.18025
            ],
            [
              -72.76147,
              6.17374
            ],
            [
              -72.76806,
              6.14993
            ],
            [
              -72.71666,
              6.15652
            ],
            [
              -72.68069,
              6.183
            ],
            [
              -72.63538,
              6.18057
            ],
            [
              -72.64123,
              6.27909
            ],
            [
              -72.6875,
              6.25763
            ],
            [
              -72.72769,
              6.29744
            ]
          ]
        ]
      },
      "properties": {
        "code": "15774",
        "departmentCode": "15",
        "name": "SUSACÓN",
        "originalCode": "774",
        "originalName": "SUSACÓN",
        "type": "MUNICIPIO",
        "areaName": 182.31290294,
        "creationYear": 2024,
        "creationResolution": "1809",
        "resultType": "observed",
        "source": "dane-divipola-mgn-2025",
        "year": 2025,
        "MPIO_TIPO": "MUNICIPIO",
        "unitType": "municipio",
        "MPIO_NAREA": 182.31290294,
        "MPIO_NANO": 2024,
        "MPIO_CRSLCION": "1809"
      }
    },
    {
      "type": "Feature",
      "id": 1899,
      "geometry": {
        "type": "Polygon",
        "coordinates": [
          [
            [
              -73.64719,
              5.70004
            ],
            [
              -73.68075,
              5.63657
            ],
            [
              -73.67026,
              5.61128
            ],
            [
              -73.63254,
              5.61424
            ],
            [
              -73.62224,
              5.56986
            ],
            [
              -73.57992,
              5.59072
            ],
            [
              -73.59115,
              5.64883
            ],
            [
              -73.5768,
              5.67093
            ],
            [
              -73.64719,
              5.70004
            ]
          ]
        ]
      },
      "properties": {
        "code": "15776",
        "departmentCode": "15",
        "name": "SUTAMARCHÁN",
        "originalCode": "776",
        "originalName": "SUTAMARCHÁN",
        "type": "MUNICIPIO",
        "areaName": 103.34569381,
        "creationYear": 2024,
        "creationResolution": "1556",
        "resultType": "observed",
        "source": "dane-divipola-mgn-2025",
        "year": 2025,
        "MPIO_TIPO": "MUNICIPIO",
        "unitType": "municipio",
        "MPIO_NAREA": 103.34569381,
        "MPIO_NANO": 2024,
        "MPIO_CRSLCION": "1556"
      }
    },
    {
      "type": "Feature",
      "id": 1900,
      "geometry": {
        "type": "Polygon",
        "coordinates": [
          [
            [
              -73.39379,
              5.04803
            ],
            [
              -73.41902,
              5.05634
            ],
            [
              -73.436,
              5.037
            ],
            [
              -73.47361,
              5.05151
            ],
            [
              -73.48316,
              5.0358
            ],
            [
              -73.44506,
              4.99424
            ],
            [
              -73.38912,
              5.01403
            ],
            [
              -73.39379,
              5.04803
            ]
          ]
        ]
      },
      "properties": {
        "code": "15778",
        "departmentCode": "15",
        "name": "SUTATENZA",
        "originalCode": "778",
        "originalName": "SUTATENZA",
        "type": "MUNICIPIO",
        "areaName": 41.0667208,
        "creationYear": 2024,
        "creationResolution": "1754",
        "resultType": "observed",
        "source": "dane-divipola-mgn-2025",
        "year": 2025,
        "MPIO_TIPO": "MUNICIPIO",
        "unitType": "municipio",
        "MPIO_NAREA": 41.0667208,
        "MPIO_NANO": 2024,
        "MPIO_CRSLCION": "1754"
      }
    },
    {
      "type": "Feature",
      "id": 1901,
      "geometry": {
        "type": "Polygon",
        "coordinates": [
          [
            [
              -72.74301,
              5.98571
            ],
            [
              -72.80185,
              5.92949
            ],
            [
              -72.79766,
              5.90676
            ],
            [
              -72.82656,
              5.87859
            ],
            [
              -72.74917,
              5.8151
            ],
            [
              -72.70164,
              5.83578
            ],
            [
              -72.67027,
              5.809
            ],
            [
              -72.63934,
              5.81663
            ],
            [
              -72.61999,
              5.91263
            ],
            [
              -72.65069,
              5.90687
            ],
            [
              -72.67336,
              5.86817
            ],
            [
              -72.69467,
              5.87069
            ],
            [
              -72.72662,
              5.9296
            ],
            [
              -72.71261,
              5.94165
            ],
            [
              -72.73344,
              5.9511
            ],
            [
              -72.74301,
              5.98571
            ]
          ]
        ]
      },
      "properties": {
        "code": "15790",
        "departmentCode": "15",
        "name": "TASCO",
        "originalCode": "790",
        "originalName": "TASCO",
        "type": "MUNICIPIO",
        "areaName": 209.25151716,
        "creationYear": 2024,
        "creationResolution": "1778",
        "resultType": "observed",
        "source": "dane-divipola-mgn-2025",
        "year": 2025,
        "MPIO_TIPO": "MUNICIPIO",
        "unitType": "municipio",
        "MPIO_NAREA": 209.25151716,
        "MPIO_NANO": 2024,
        "MPIO_CRSLCION": "1778"
      }
    },
    {
      "type": "Feature",
      "id": 1902,
      "geometry": {
        "type": "Polygon",
        "coordinates": [
          [
            [
              -73.41786,
              5.11285
            ],
            [
              -73.43285,
              5.08732
            ],
            [
              -73.47817,
              5.06411
            ],
            [
              -73.47481,
              5.05226
            ],
            [
              -73.436,
              5.037
            ],
            [
              -73.41902,
              5.05634
            ],
            [
              -73.39379,
              5.04803
            ],
            [
              -73.38389,
              5.08484
            ],
            [
              -73.41786,
              5.11285
            ]
          ]
        ]
      },
      "properties": {
        "code": "15798",
        "departmentCode": "15",
        "name": "TENZA",
        "originalCode": "798",
        "originalName": "TENZA",
        "type": "MUNICIPIO",
        "areaName": 45.78730793,
        "creationYear": 2024,
        "creationResolution": "1754",
        "resultType": "observed",
        "source": "dane-divipola-mgn-2025",
        "year": 2025,
        "MPIO_TIPO": "MUNICIPIO",
        "unitType": "municipio",
        "MPIO_NAREA": 45.78730793,
        "MPIO_NANO": 2024,
        "MPIO_CRSLCION": "1754"
      }
    },
    {
      "type": "Feature",
      "id": 1903,
      "geometry": {
        "type": "Polygon",
        "coordinates": [
          [
            [
              -73.40797,
              5.37143
            ],
            [
              -73.45458,
              5.31001
            ],
            [
              -73.42943,
              5.3005
            ],
            [
              -73.44943,
              5.24671
            ],
            [
              -73.40795,
              5.25511
            ],
            [
              -73.40134,
              5.24274
            ],
            [
              -73.34735,
              5.2825
            ],
            [
              -73.32957,
              5.26166
            ],
            [
              -73.30899,
              5.27189
            ],
            [
              -73.3293,
              5.31079
            ],
            [
              -73.40797,
              5.37143
            ]
          ]
        ]
      },
      "properties": {
        "code": "15804",
        "departmentCode": "15",
        "name": "TIBANÁ",
        "originalCode": "804",
        "originalName": "TIBANÁ",
        "type": "MUNICIPIO",
        "areaName": 121.6262047,
        "creationYear": 2024,
        "creationResolution": "1777",
        "resultType": "observed",
        "source": "dane-divipola-mgn-2025",
        "year": 2025,
        "MPIO_TIPO": "MUNICIPIO",
        "unitType": "municipio",
        "MPIO_NAREA": 121.6262047,
        "MPIO_NANO": 2024,
        "MPIO_CRSLCION": "1777"
      }
    },
    {
      "type": "Feature",
      "id": 1904,
      "geometry": {
        "type": "Polygon",
        "coordinates": [
          [
            [
              -72.99221,
              5.8052
            ],
            [
              -73.01328,
              5.80899
            ],
            [
              -73.02234,
              5.78226
            ],
            [
              -73.05081,
              5.77388
            ],
            [
              -73.06636,
              5.74969
            ],
            [
              -73.05984,
              5.68707
            ],
            [
              -73.02425,
              5.72445
            ],
            [
              -72.94684,
              5.71475
            ],
            [
              -72.94449,
              5.74603
            ],
            [
              -72.97138,
              5.75605
            ],
            [
              -72.99221,
              5.8052
            ]
          ]
        ]
      },
      "properties": {
        "code": "15806",
        "departmentCode": "15",
        "name": "TIBASOSA",
        "originalCode": "806",
        "originalName": "TIBASOSA",
        "type": "MUNICIPIO",
        "areaName": 93.57969813,
        "creationYear": 2025,
        "creationResolution": "1708",
        "resultType": "observed",
        "source": "dane-divipola-mgn-2025",
        "year": 2025,
        "MPIO_TIPO": "MUNICIPIO",
        "unitType": "municipio",
        "MPIO_NAREA": 93.57969813,
        "MPIO_NANO": 2025,
        "MPIO_CRSLCION": "1708"
      }
    },
    {
      "type": "Feature",
      "id": 1905,
      "geometry": {
        "type": "Polygon",
        "coordinates": [
          [
            [
              -73.66858,
              5.61067
            ],
            [
              -73.68075,
              5.63657
            ],
            [
              -73.71908,
              5.59603
            ],
            [
              -73.72005,
              5.53737
            ],
            [
              -73.69985,
              5.52515
            ],
            [
              -73.62461,
              5.56978
            ],
            [
              -73.63258,
              5.61428
            ],
            [
              -73.66858,
              5.61067
            ]
          ]
        ]
      },
      "properties": {
        "code": "15808",
        "departmentCode": "15",
        "name": "TINJACÁ",
        "originalCode": "808",
        "originalName": "TINJACÁ",
        "type": "MUNICIPIO",
        "areaName": 79.63101216,
        "creationYear": 2024,
        "creationResolution": "1660",
        "resultType": "observed",
        "source": "dane-divipola-mgn-2025",
        "year": 2025,
        "MPIO_TIPO": "MUNICIPIO",
        "unitType": "municipio",
        "MPIO_NAREA": 79.63101216,
        "MPIO_NANO": 2024,
        "MPIO_CRSLCION": "1660"
      }
    },
    {
      "type": "Feature",
      "id": 1906,
      "geometry": {
        "type": "Polygon",
        "coordinates": [
          [
            [
              -72.66064,
              6.442
            ],
            [
              -72.68166,
              6.48309
            ],
            [
              -72.71674,
              6.44231
            ],
            [
              -72.73798,
              6.44027
            ],
            [
              -72.72577,
              6.37163
            ],
            [
              -72.7011,
              6.38484
            ],
            [
              -72.65503,
              6.3779
            ],
            [
              -72.66064,
              6.442
            ]
          ]
        ]
      },
      "properties": {
        "code": "15810",
        "departmentCode": "15",
        "name": "TIPACOQUE",
        "originalCode": "810",
        "originalName": "TIPACOQUE",
        "type": "MUNICIPIO",
        "areaName": 71.79303975,
        "creationYear": 2024,
        "creationResolution": "Ordenanza 17 Noviembre 28 de 1968",
        "resultType": "observed",
        "source": "dane-divipola-mgn-2025",
        "year": 2025,
        "MPIO_TIPO": "MUNICIPIO",
        "unitType": "municipio",
        "MPIO_NAREA": 71.79303975,
        "MPIO_NANO": 2024,
        "MPIO_CRSLCION": "Ordenanza 17 Noviembre 28 de 1968"
      }
    },
    {
      "type": "Feature",
      "id": 1907,
      "geometry": {
        "type": "Polygon",
        "coordinates": [
          [
            [
              -73.17657,
              5.63553
            ],
            [
              -73.1893,
              5.65185
            ],
            [
              -73.24862,
              5.5697
            ],
            [
              -73.135,
              5.50562
            ],
            [
              -73.07944,
              5.61809
            ],
            [
              -73.17657,
              5.63553
            ]
          ]
        ]
      },
      "properties": {
        "code": "15814",
        "departmentCode": "15",
        "name": "TOCA",
        "originalCode": "814",
        "originalName": "TOCA",
        "type": "MUNICIPIO",
        "areaName": 167.94119983,
        "creationYear": 2024,
        "creationResolution": "1767",
        "resultType": "observed",
        "source": "dane-divipola-mgn-2025",
        "year": 2025,
        "MPIO_TIPO": "MUNICIPIO",
        "unitType": "municipio",
        "MPIO_NAREA": 167.94119983,
        "MPIO_NANO": 2024,
        "MPIO_CRSLCION": "1767"
      }
    },
    {
      "type": "Feature",
      "id": 1908,
      "geometry": {
        "type": "Polygon",
        "coordinates": [
          [
            [
              -73.48291,
              5.98112
            ],
            [
              -73.49604,
              5.98692
            ],
            [
              -73.54987,
              5.95069
            ],
            [
              -73.52792,
              5.94087
            ],
            [
              -73.54222,
              5.91189
            ],
            [
              -73.46382,
              5.84836
            ],
            [
              -73.4569,
              5.89036
            ],
            [
              -73.43291,
              5.89881
            ],
            [
              -73.48291,
              5.98112
            ]
          ]
        ]
      },
      "properties": {
        "code": "15816",
        "departmentCode": "15",
        "name": "TOGÜÍ",
        "originalCode": "816",
        "originalName": "TOGÜÍ",
        "type": "MUNICIPIO",
        "areaName": 101.27760027,
        "creationYear": 2024,
        "creationResolution": "1857",
        "resultType": "observed",
        "source": "dane-divipola-mgn-2025",
        "year": 2025,
        "MPIO_TIPO": "MUNICIPIO",
        "unitType": "municipio",
        "MPIO_NAREA": 101.27760027,
        "MPIO_NANO": 2024,
        "MPIO_CRSLCION": "1857"
      }
    },
    {
      "type": "Feature",
      "id": 1909,
      "geometry": {
        "type": "Polygon",
        "coordinates": [
          [
            [
              -72.79631,
              5.77238
            ],
            [
              -72.83212,
              5.7977
            ],
            [
              -72.88327,
              5.7695
            ],
            [
              -72.87109,
              5.74197
            ],
            [
              -72.85268,
              5.75191
            ],
            [
              -72.82535,
              5.73672
            ],
            [
              -72.79631,
              5.77238
            ]
          ]
        ]
      },
      "properties": {
        "code": "15820",
        "departmentCode": "15",
        "name": "TÓPAGA",
        "originalCode": "820",
        "originalName": "TÓPAGA",
        "type": "MUNICIPIO",
        "areaName": 33.56032452,
        "creationYear": 2024,
        "creationResolution": "1794",
        "resultType": "observed",
        "source": "dane-divipola-mgn-2025",
        "year": 2025,
        "MPIO_TIPO": "MUNICIPIO",
        "unitType": "municipio",
        "MPIO_NAREA": 33.56032452,
        "MPIO_NANO": 2024,
        "MPIO_CRSLCION": "1794"
      }
    },
    {
      "type": "Feature",
      "id": 1910,
      "geometry": {
        "type": "Polygon",
        "coordinates": [
          [
            [
              -73.00477,
              5.5929
            ],
            [
              -73.07192,
              5.43634
            ],
            [
              -73.06138,
              5.42319
            ],
            [
              -73.03979,
              5.43196
            ],
            [
              -73.05499,
              5.40446
            ],
            [
              -73.04526,
              5.35952
            ],
            [
              -73.00966,
              5.38688
            ],
            [
              -72.99145,
              5.45983
            ],
            [
              -72.96882,
              5.47037
            ],
            [
              -72.92104,
              5.5465
            ],
            [
              -72.92576,
              5.56724
            ],
            [
              -72.95,
              5.55427
            ],
            [
              -73.00477,
              5.5929
            ]
          ]
        ]
      },
      "properties": {
        "code": "15822",
        "departmentCode": "15",
        "name": "TOTA",
        "originalCode": "822",
        "originalName": "TOTA",
        "type": "MUNICIPIO",
        "areaName": 195.66415882,
        "creationYear": 2024,
        "creationResolution": "1796",
        "resultType": "observed",
        "source": "dane-divipola-mgn-2025",
        "year": 2025,
        "MPIO_TIPO": "MUNICIPIO",
        "unitType": "municipio",
        "MPIO_NAREA": 195.66415882,
        "MPIO_NANO": 2024,
        "MPIO_CRSLCION": "1796"
      }
    },
    {
      "type": "Feature",
      "id": 1911,
      "geometry": {
        "type": "Polygon",
        "coordinates": [
          [
            [
              -73.92332,
              5.74185
            ],
            [
              -73.96607,
              5.73751
            ],
            [
              -73.9814,
              5.72073
            ],
            [
              -73.97145,
              5.70284
            ],
            [
              -73.93994,
              5.68896
            ],
            [
              -73.89982,
              5.73748
            ],
            [
              -73.92332,
              5.74185
            ]
          ]
        ]
      },
      "properties": {
        "code": "15832",
        "departmentCode": "15",
        "name": "TUNUNGUÁ",
        "originalCode": "832",
        "originalName": "TUNUNGUÁ",
        "type": "MUNICIPIO",
        "areaName": 29.18229623,
        "creationYear": 2024,
        "creationResolution": "Ordenanza 37 Noviembre 30 de 1962",
        "resultType": "observed",
        "source": "dane-divipola-mgn-2025",
        "year": 2025,
        "MPIO_TIPO": "MUNICIPIO",
        "unitType": "municipio",
        "MPIO_NAREA": 29.18229623,
        "MPIO_NANO": 2024,
        "MPIO_CRSLCION": "Ordenanza 37 Noviembre 30 de 1962"
      }
    },
    {
      "type": "Feature",
      "id": 1912,
      "geometry": {
        "type": "Polygon",
        "coordinates": [
          [
            [
              -73.4777,
              5.3694
            ],
            [
              -73.55142,
              5.32924
            ],
            [
              -73.51479,
              5.23269
            ],
            [
              -73.46864,
              5.31742
            ],
            [
              -73.4777,
              5.3694
            ]
          ]
        ]
      },
      "properties": {
        "code": "15835",
        "departmentCode": "15",
        "name": "TURMEQUÉ",
        "originalCode": "835",
        "originalName": "TURMEQUÉ",
        "type": "MUNICIPIO",
        "areaName": 79.57757792,
        "creationYear": 2024,
        "creationResolution": "1537",
        "resultType": "observed",
        "source": "dane-divipola-mgn-2025",
        "year": 2025,
        "MPIO_TIPO": "MUNICIPIO",
        "unitType": "municipio",
        "MPIO_NAREA": 79.57757792,
        "MPIO_NANO": 2024,
        "MPIO_CRSLCION": "1537"
      }
    },
    {
      "type": "Feature",
      "id": 1913,
      "geometry": {
        "type": "Polygon",
        "coordinates": [
          [
            [
              -73.22331,
              5.72496
            ],
            [
              -73.2703,
              5.68996
            ],
            [
              -73.24703,
              5.62892
            ],
            [
              -73.22863,
              5.63685
            ],
            [
              -73.2164,
              5.62503
            ],
            [
              -73.1893,
              5.65185
            ],
            [
              -73.16555,
              5.62405
            ],
            [
              -73.13005,
              5.63374
            ],
            [
              -73.07694,
              5.61856
            ],
            [
              -73.15584,
              5.72737
            ],
            [
              -73.18064,
              5.7163
            ],
            [
              -73.19945,
              5.74156
            ],
            [
              -73.22331,
              5.72496
            ]
          ]
        ]
      },
      "properties": {
        "code": "15837",
        "departmentCode": "15",
        "name": "TUTA",
        "originalCode": "837",
        "originalName": "TUTA",
        "type": "MUNICIPIO",
        "areaName": 165.2288456,
        "creationYear": 2024,
        "creationResolution": "1725",
        "resultType": "observed",
        "source": "dane-divipola-mgn-2025",
        "year": 2025,
        "MPIO_TIPO": "MUNICIPIO",
        "unitType": "municipio",
        "MPIO_NAREA": 165.2288456,
        "MPIO_NANO": 2024,
        "MPIO_CRSLCION": "1725"
      }
    },
    {
      "type": "Feature",
      "id": 1914,
      "geometry": {
        "type": "Polygon",
        "coordinates": [
          [
            [
              -72.81041,
              6.0952
            ],
            [
              -72.83754,
              6.13062
            ],
            [
              -72.82853,
              6.15288
            ],
            [
              -72.86843,
              6.14452
            ],
            [
              -72.87252,
              6.12512
            ],
            [
              -72.92337,
              6.09835
            ],
            [
              -72.84647,
              6.00713
            ],
            [
              -72.81241,
              6.02322
            ],
            [
              -72.81041,
              6.0952
            ]
          ]
        ]
      },
      "properties": {
        "code": "15839",
        "departmentCode": "15",
        "name": "TUTAZÁ",
        "originalCode": "839",
        "originalName": "TUTAZÁ",
        "type": "MUNICIPIO",
        "areaName": 121.76010562,
        "creationYear": 2024,
        "creationResolution": "1849",
        "resultType": "observed",
        "source": "dane-divipola-mgn-2025",
        "year": 2025,
        "MPIO_TIPO": "MUNICIPIO",
        "unitType": "municipio",
        "MPIO_NAREA": 121.76010562,
        "MPIO_NANO": 2024,
        "MPIO_CRSLCION": "1849"
      }
    },
    {
      "type": "Feature",
      "id": 1915,
      "geometry": {
        "type": "Polygon",
        "coordinates": [
          [
            [
              -73.44172,
              5.2989
            ],
            [
              -73.478,
              5.28944
            ],
            [
              -73.52345,
              5.22045
            ],
            [
              -73.50502,
              5.15192
            ],
            [
              -73.43739,
              5.15896
            ],
            [
              -73.39238,
              5.21685
            ],
            [
              -73.4054,
              5.25488
            ],
            [
              -73.44943,
              5.24671
            ],
            [
              -73.42943,
              5.3005
            ],
            [
              -73.44172,
              5.2989
            ]
          ]
        ]
      },
      "properties": {
        "code": "15842",
        "departmentCode": "15",
        "name": "ÚMBITA",
        "originalCode": "842",
        "originalName": "ÚMBITA",
        "type": "MUNICIPIO",
        "areaName": 145.84450242,
        "creationYear": 2024,
        "creationResolution": "1780",
        "resultType": "observed",
        "source": "dane-divipola-mgn-2025",
        "year": 2025,
        "MPIO_TIPO": "MUNICIPIO",
        "unitType": "municipio",
        "MPIO_NAREA": 145.84450242,
        "MPIO_NANO": 2024,
        "MPIO_CRSLCION": "1780"
      }
    },
    {
      "type": "Feature",
      "id": 1916,
      "geometry": {
        "type": "Polygon",
        "coordinates": [
          [
            [
              -73.44304,
              5.46228
            ],
            [
              -73.47721,
              5.42698
            ],
            [
              -73.49636,
              5.43875
            ],
            [
              -73.59256,
              5.39844
            ],
            [
              -73.59955,
              5.3194
            ],
            [
              -73.58784,
              5.30615
            ],
            [
              -73.54977,
              5.29778
            ],
            [
              -73.54275,
              5.33881
            ],
            [
              -73.51289,
              5.33959
            ],
            [
              -73.44753,
              5.38679
            ],
            [
              -73.41576,
              5.44845
            ],
            [
              -73.44304,
              5.46228
            ]
          ]
        ]
      },
      "properties": {
        "code": "15861",
        "departmentCode": "15",
        "name": "VENTAQUEMADA",
        "originalCode": "861",
        "originalName": "VENTAQUEMADA",
        "type": "MUNICIPIO",
        "areaName": 159.75372903,
        "creationYear": 2024,
        "creationResolution": "1777",
        "resultType": "observed",
        "source": "dane-divipola-mgn-2025",
        "year": 2025,
        "MPIO_TIPO": "MUNICIPIO",
        "unitType": "municipio",
        "MPIO_NAREA": 159.75372903,
        "MPIO_NANO": 2024,
        "MPIO_CRSLCION": "1777"
      }
    },
    {
      "type": "Feature",
      "id": 1917,
      "geometry": {
        "type": "Polygon",
        "coordinates": [
          [
            [
              -73.27575,
              5.47445
            ],
            [
              -73.28314,
              5.48776
            ],
            [
              -73.30991,
              5.46594
            ],
            [
              -73.31821,
              5.42523
            ],
            [
              -73.22199,
              5.40691
            ],
            [
              -73.21838,
              5.44461
            ],
            [
              -73.27575,
              5.47445
            ]
          ]
        ]
      },
      "properties": {
        "code": "15879",
        "departmentCode": "15",
        "name": "VIRACACHÁ",
        "originalCode": "879",
        "originalName": "VIRACACHÁ",
        "type": "MUNICIPIO",
        "areaName": 62.46990588,
        "creationYear": 2024,
        "creationResolution": "1787",
        "resultType": "observed",
        "source": "dane-divipola-mgn-2025",
        "year": 2025,
        "MPIO_TIPO": "MUNICIPIO",
        "unitType": "municipio",
        "MPIO_NAREA": 62.46990588,
        "MPIO_NANO": 2024,
        "MPIO_CRSLCION": "1787"
      }
    },
    {
      "type": "Feature",
      "id": 1918,
      "geometry": {
        "type": "Polygon",
        "coordinates": [
          [
            [
              -73.05217,
              5.37369
            ],
            [
              -73.10989,
              5.34821
            ],
            [
              -73.15786,
              5.35078
            ],
            [
              -73.23363,
              5.28512
            ],
            [
              -73.27354,
              5.2986
            ],
            [
              -73.28798,
              5.27707
            ],
            [
              -73.27975,
              5.24598
            ],
            [
              -73.24718,
              5.22965
            ],
            [
              -73.2958,
              5.19842
            ],
            [
              -73.25758,
              5.18496
            ],
            [
              -73.22568,
              5.20079
            ],
            [
              -73.20726,
              5.23594
            ],
            [
              -73.14821,
              5.22902
            ],
            [
              -73.11654,
              5.27053
            ],
            [
              -73.04161,
              5.31244
            ],
            [
              -73.05217,
              5.37369
            ]
          ]
        ]
      },
      "properties": {
        "code": "15897",
        "departmentCode": "15",
        "name": "ZETAQUIRA",
        "originalCode": "897",
        "originalName": "ZETAQUIRA",
        "type": "MUNICIPIO",
        "areaName": 251.04176276,
        "creationYear": 2024,
        "creationResolution": "1765",
        "resultType": "observed",
        "source": "dane-divipola-mgn-2025",
        "year": 2025,
        "MPIO_TIPO": "MUNICIPIO",
        "unitType": "municipio",
        "MPIO_NAREA": 251.04176276,
        "MPIO_NANO": 2024,
        "MPIO_CRSLCION": "1765"
      }
    }
  ]
}
