{
  "type": "FeatureCollection",
  "metadata": {
    "source": "DANE DIVIPOLA MGN 2025",
    "downloadedAt": "2026-07-27T01:49:40Z",
    "crs": "EPSG:4326",
    "simplification": "ArcGIS maxAllowableOffset=0.01 grados y geometryPrecision=5; solo visualización web"
  },
  "features": [
    {
      "type": "Feature",
      "id": 1962,
      "geometry": {
        "type": "Polygon",
        "coordinates": [
          [
            [
              -76.74145,
              2.5723
            ],
            [
              -76.76758,
              2.56713
            ],
            [
              -76.76191,
              2.51242
            ],
            [
              -76.67609,
              2.43778
            ],
            [
              -76.55897,
              2.39896
            ],
            [
              -76.53463,
              2.31139
            ],
            [
              -76.49724,
              2.36869
            ],
            [
              -76.50847,
              2.41573
            ],
            [
              -76.41743,
              2.40657
            ],
            [
              -76.38534,
              2.42354
            ],
            [
              -76.57873,
              2.54996
            ],
            [
              -76.66227,
              2.56673
            ],
            [
              -76.7226,
              2.5581
            ],
            [
              -76.74145,
              2.5723
            ]
          ]
        ]
      },
      "properties": {
        "code": "19001",
        "departmentCode": "19",
        "name": "POPAYÁN",
        "originalCode": "001",
        "originalName": "POPAYÁN",
        "type": "MUNICIPIO",
        "areaName": 480.38140993,
        "creationYear": 2024,
        "creationResolution": "1537",
        "resultType": "observed",
        "source": "dane-divipola-mgn-2025",
        "year": 2025,
        "MPIO_TIPO": "MUNICIPIO",
        "unitType": "municipio",
        "MPIO_NAREA": 480.38140993,
        "MPIO_NANO": 2024,
        "MPIO_CRSLCION": "1537"
      }
    },
    {
      "type": "Feature",
      "id": 1963,
      "geometry": {
        "type": "Polygon",
        "coordinates": [
          [
            [
              -76.80864,
              1.98675
            ],
            [
              -76.88273,
              1.97596
            ],
            [
              -76.93538,
              1.92195
            ],
            [
              -76.88372,
              1.84782
            ],
            [
              -76.80498,
              1.83796
            ],
            [
              -76.74814,
              1.89401
            ],
            [
              -76.72415,
              1.97973
            ],
            [
              -76.73346,
              1.94818
            ],
            [
              -76.75267,
              1.93889
            ],
            [
              -76.79253,
              1.95233
            ],
            [
              -76.80864,
              1.98675
            ]
          ]
        ]
      },
      "properties": {
        "code": "19022",
        "departmentCode": "19",
        "name": "ALMAGUER",
        "originalCode": "022",
        "originalName": "ALMAGUER",
        "type": "MUNICIPIO",
        "areaName": 236.85164778,
        "creationYear": 2024,
        "creationResolution": "1799",
        "resultType": "observed",
        "source": "dane-divipola-mgn-2025",
        "year": 2025,
        "MPIO_TIPO": "MUNICIPIO",
        "unitType": "municipio",
        "MPIO_NAREA": 236.85164778,
        "MPIO_NANO": 2024,
        "MPIO_CRSLCION": "1799"
      }
    },
    {
      "type": "Feature",
      "id": 1964,
      "geometry": {
        "type": "Polygon",
        "coordinates": [
          [
            [
              -77.3107,
              2.50833
            ],
            [
              -77.32958,
              2.48812
            ],
            [
              -77.32155,
              2.44851
            ],
            [
              -77.40154,
              2.38927
            ],
            [
              -77.37971,
              2.29689
            ],
            [
              -77.3918,
              2.28168
            ],
            [
              -77.32308,
              2.222
            ],
            [
              -77.30535,
              2.14561
            ],
            [
              -77.25575,
              2.15118
            ],
            [
              -77.24333,
              2.18252
            ],
            [
              -77.21232,
              2.1569
            ],
            [
              -77.18244,
              2.18848
            ],
            [
              -77.16572,
              2.2967
            ],
            [
              -77.13377,
              2.31618
            ],
            [
              -77.14821,
              2.3372
            ],
            [
              -77.13273,
              2.42176
            ],
            [
              -77.14347,
              2.43985
            ],
            [
              -77.19724,
              2.44825
            ],
            [
              -77.3107,
              2.50833
            ]
          ]
        ]
      },
      "properties": {
        "code": "19050",
        "departmentCode": "19",
        "name": "ARGELIA",
        "originalCode": "050",
        "originalName": "ARGELIA",
        "type": "MUNICIPIO",
        "areaName": 776.45547675,
        "creationYear": 2024,
        "creationResolution": "Ordenanza 2 de Noviembre 8 de 1967",
        "resultType": "observed",
        "source": "dane-divipola-mgn-2025",
        "year": 2025,
        "MPIO_TIPO": "MUNICIPIO",
        "unitType": "municipio",
        "MPIO_NAREA": 776.45547675,
        "MPIO_NANO": 2024,
        "MPIO_CRSLCION": "Ordenanza 2 de Noviembre 8 de 1967"
      }
    },
    {
      "type": "Feature",
      "id": 1965,
      "geometry": {
        "type": "Polygon",
        "coordinates": [
          [
            [
              -77.1431,
              2.15695
            ],
            [
              -77.15275,
              2.18706
            ],
            [
              -77.17808,
              2.20191
            ],
            [
              -77.21232,
              2.1569
            ],
            [
              -77.24955,
              2.18078
            ],
            [
              -77.25575,
              2.15118
            ],
            [
              -77.31107,
              2.14196
            ],
            [
              -77.30794,
              2.10596
            ],
            [
              -77.33353,
              2.05136
            ],
            [
              -77.25931,
              1.9941
            ],
            [
              -77.22057,
              1.98819
            ],
            [
              -77.20312,
              1.95204
            ],
            [
              -77.17663,
              2.01176
            ],
            [
              -77.15921,
              2.02762
            ],
            [
              -77.11858,
              2.02962
            ],
            [
              -77.11783,
              2.05336
            ],
            [
              -77.08414,
              2.08307
            ],
            [
              -77.08467,
              2.11598
            ],
            [
              -77.1431,
              2.15695
            ]
          ]
        ]
      },
      "properties": {
        "code": "19075",
        "departmentCode": "19",
        "name": "BALBOA",
        "originalCode": "075",
        "originalName": "BALBOA",
        "type": "MUNICIPIO",
        "areaName": 413.55225644,
        "creationYear": 2024,
        "creationResolution": "Ordenanza 1 de Octubre 20 de 1967",
        "resultType": "observed",
        "source": "dane-divipola-mgn-2025",
        "year": 2025,
        "MPIO_TIPO": "MUNICIPIO",
        "unitType": "municipio",
        "MPIO_NAREA": 413.55225644,
        "MPIO_NANO": 2024,
        "MPIO_CRSLCION": "Ordenanza 1 de Octubre 20 de 1967"
      }
    },
    {
      "type": "Feature",
      "id": 1966,
      "geometry": {
        "type": "Polygon",
        "coordinates": [
          [
            [
              -76.92984,
              2.11059
            ],
            [
              -76.96648,
              2.08887
            ],
            [
              -77.02187,
              2.0111
            ],
            [
              -77.05239,
              2.00305
            ],
            [
              -77.07575,
              1.96919
            ],
            [
              -77.11721,
              1.96354
            ],
            [
              -77.13013,
              1.92962
            ],
            [
              -77.08917,
              1.9058
            ],
            [
              -77.0791,
              1.82039
            ],
            [
              -77.01856,
              1.81626
            ],
            [
              -77.01843,
              1.77382
            ],
            [
              -77.05166,
              1.74012
            ],
            [
              -77.03019,
              1.71541
            ],
            [
              -76.99833,
              1.70733
            ],
            [
              -76.93608,
              1.729
            ],
            [
              -76.90209,
              1.66237
            ],
            [
              -76.853,
              1.63592
            ],
            [
              -76.84776,
              1.66898
            ],
            [
              -76.80788,
              1.70243
            ],
            [
              -76.8681,
              1.84685
            ],
            [
              -76.89153,
              1.85434
            ],
            [
              -76.93714,
              1.91768
            ],
            [
              -76.86623,
              1.98215
            ],
            [
              -76.92082,
              1.99882
            ],
            [
              -76.93063,
              2.0167
            ],
            [
              -76.96415,
              2.00926
            ],
            [
              -76.98301,
              2.03675
            ],
            [
              -76.94442,
              2.06264
            ],
            [
              -76.92984,
              2.11059
            ]
          ]
        ]
      },
      "properties": {
        "code": "19100",
        "departmentCode": "19",
        "name": "BOLÍVAR",
        "originalCode": "100",
        "originalName": "BOLÍVAR",
        "type": "MUNICIPIO",
        "areaName": 798.34942179,
        "creationYear": 2024,
        "creationResolution": "1793",
        "resultType": "observed",
        "source": "dane-divipola-mgn-2025",
        "year": 2025,
        "MPIO_TIPO": "MUNICIPIO",
        "unitType": "municipio",
        "MPIO_NAREA": 798.34942179,
        "MPIO_NANO": 2024,
        "MPIO_CRSLCION": "1793"
      }
    },
    {
      "type": "Feature",
      "id": 1967,
      "geometry": {
        "type": "Polygon",
        "coordinates": [
          [
            [
              -76.76916,
              3.23128
            ],
            [
              -76.79028,
              3.21515
            ],
            [
              -76.78258,
              3.17491
            ],
            [
              -76.81706,
              3.11385
            ],
            [
              -76.8094,
              3.05908
            ],
            [
              -76.75157,
              3.02327
            ],
            [
              -76.72394,
              3.0637
            ],
            [
              -76.69832,
              3.06904
            ],
            [
              -76.67041,
              3.0381
            ],
            [
              -76.68725,
              2.982
            ],
            [
              -76.66896,
              2.95591
            ],
            [
              -76.67785,
              2.92891
            ],
            [
              -76.64181,
              2.87333
            ],
            [
              -76.6108,
              2.87528
            ],
            [
              -76.57142,
              2.9213
            ],
            [
              -76.60323,
              2.96746
            ],
            [
              -76.55658,
              3.10718
            ],
            [
              -76.57241,
              3.12882
            ],
            [
              -76.59809,
              3.09209
            ],
            [
              -76.62404,
              3.10176
            ],
            [
              -76.62979,
              3.12841
            ],
            [
              -76.66633,
              3.09798
            ],
            [
              -76.72274,
              3.11765
            ],
            [
              -76.74951,
              3.14513
            ],
            [
              -76.73921,
              3.18614
            ],
            [
              -76.76916,
              3.23128
            ]
          ]
        ]
      },
      "properties": {
        "code": "19110",
        "departmentCode": "19",
        "name": "BUENOS AIRES",
        "originalCode": "110",
        "originalName": "BUENOS AIRES",
        "type": "MUNICIPIO",
        "areaName": 435.11899884,
        "creationYear": 2024,
        "creationResolution": "1851",
        "resultType": "observed",
        "source": "dane-divipola-mgn-2025",
        "year": 2025,
        "MPIO_TIPO": "MUNICIPIO",
        "unitType": "municipio",
        "MPIO_NAREA": 435.11899884,
        "MPIO_NANO": 2024,
        "MPIO_CRSLCION": "1851"
      }
    },
    {
      "type": "Feature",
      "id": 1968,
      "geometry": {
        "type": "Polygon",
        "coordinates": [
          [
            [
              -76.83997,
              2.76374
            ],
            [
              -76.87904,
              2.68838
            ],
            [
              -76.83311,
              2.6194
            ],
            [
              -76.79894,
              2.59769
            ],
            [
              -76.77303,
              2.60209
            ],
            [
              -76.76936,
              2.56737
            ],
            [
              -76.7426,
              2.57347
            ],
            [
              -76.69446,
              2.55497
            ],
            [
              -76.66227,
              2.56673
            ],
            [
              -76.60796,
              2.54813
            ],
            [
              -76.56042,
              2.55483
            ],
            [
              -76.52775,
              2.58862
            ],
            [
              -76.4932,
              2.57196
            ],
            [
              -76.51238,
              2.59722
            ],
            [
              -76.50011,
              2.61475
            ],
            [
              -76.58031,
              2.65968
            ],
            [
              -76.61409,
              2.66073
            ],
            [
              -76.64951,
              2.71286
            ],
            [
              -76.70805,
              2.73742
            ],
            [
              -76.73296,
              2.72623
            ],
            [
              -76.76591,
              2.73772
            ],
            [
              -76.79853,
              2.71527
            ],
            [
              -76.8324,
              2.7347
            ],
            [
              -76.83997,
              2.76374
            ]
          ]
        ]
      },
      "properties": {
        "code": "19130",
        "departmentCode": "19",
        "name": "CAJIBÍO",
        "originalCode": "130",
        "originalName": "CAJIBÍO",
        "type": "MUNICIPIO",
        "areaName": 552.55135728,
        "creationYear": 2024,
        "creationResolution": "1824",
        "resultType": "observed",
        "source": "dane-divipola-mgn-2025",
        "year": 2025,
        "MPIO_TIPO": "MUNICIPIO",
        "unitType": "municipio",
        "MPIO_NAREA": 552.55135728,
        "MPIO_NANO": 2024,
        "MPIO_CRSLCION": "1824"
      }
    },
    {
      "type": "Feature",
      "id": 1969,
      "geometry": {
        "type": "Polygon",
        "coordinates": [
          [
            [
              -76.36326,
              2.90734
            ],
            [
              -76.36257,
              2.91797
            ],
            [
              -76.44705,
              2.87664
            ],
            [
              -76.47552,
              2.84483
            ],
            [
              -76.55225,
              2.88652
            ],
            [
              -76.58291,
              2.8627
            ],
            [
              -76.63041,
              2.87189
            ],
            [
              -76.57209,
              2.827
            ],
            [
              -76.52964,
              2.73144
            ],
            [
              -76.49824,
              2.7043
            ],
            [
              -76.48432,
              2.75019
            ],
            [
              -76.41261,
              2.72096
            ],
            [
              -76.36092,
              2.7713
            ],
            [
              -76.37325,
              2.86151
            ],
            [
              -76.36326,
              2.90734
            ]
          ]
        ]
      },
      "properties": {
        "code": "19137",
        "departmentCode": "19",
        "name": "CALDONO",
        "originalCode": "137",
        "originalName": "CALDONO",
        "type": "MUNICIPIO",
        "areaName": 354.8557436,
        "creationYear": 2024,
        "creationResolution": "1746",
        "resultType": "observed",
        "source": "dane-divipola-mgn-2025",
        "year": 2025,
        "MPIO_TIPO": "MUNICIPIO",
        "unitType": "municipio",
        "MPIO_NAREA": 354.8557436,
        "MPIO_NANO": 2024,
        "MPIO_CRSLCION": "1746"
      }
    },
    {
      "type": "Feature",
      "id": 1970,
      "geometry": {
        "type": "Polygon",
        "coordinates": [
          [
            [
              -76.42046,
              3.20755
            ],
            [
              -76.43903,
              3.20044
            ],
            [
              -76.44242,
              3.15628
            ],
            [
              -76.45791,
              3.16376
            ],
            [
              -76.41843,
              3.07982
            ],
            [
              -76.45048,
              3.04567
            ],
            [
              -76.43105,
              3.02913
            ],
            [
              -76.44055,
              3.01216
            ],
            [
              -76.42542,
              2.97814
            ],
            [
              -76.36677,
              2.9203
            ],
            [
              -76.33871,
              2.98054
            ],
            [
              -76.28974,
              3.01754
            ],
            [
              -76.27567,
              3.07058
            ],
            [
              -76.2991,
              3.09106
            ],
            [
              -76.30937,
              3.13205
            ],
            [
              -76.34191,
              3.13065
            ],
            [
              -76.3548,
              3.15436
            ],
            [
              -76.36594,
              3.1349
            ],
            [
              -76.35626,
              3.07084
            ],
            [
              -76.37743,
              3.07441
            ],
            [
              -76.3813,
              3.09418
            ],
            [
              -76.40581,
              3.07639
            ],
            [
              -76.42792,
              3.12827
            ],
            [
              -76.40845,
              3.13959
            ],
            [
              -76.41965,
              3.16378
            ],
            [
              -76.4349,
              3.16306
            ],
            [
              -76.43585,
              3.19365
            ],
            [
              -76.42679,
              3.20646
            ],
            [
              -76.41405,
              3.19794
            ],
            [
              -76.42046,
              3.20755
            ]
          ]
        ]
      },
      "properties": {
        "code": "19142",
        "departmentCode": "19",
        "name": "CALOTO",
        "originalCode": "142",
        "originalName": "CALOTO",
        "type": "MUNICIPIO",
        "areaName": 264.87140729,
        "creationYear": 2024,
        "creationResolution": "1543",
        "resultType": "observed",
        "source": "dane-divipola-mgn-2025",
        "year": 2025,
        "MPIO_TIPO": "MUNICIPIO",
        "unitType": "municipio",
        "MPIO_NAREA": 264.87140729,
        "MPIO_NANO": 2024,
        "MPIO_CRSLCION": "1543"
      }
    },
    {
      "type": "Feature",
      "id": 1971,
      "geometry": {
        "type": "Polygon",
        "coordinates": [
          [
            [
              -76.22371,
              3.06859
            ],
            [
              -76.20953,
              3.05906
            ],
            [
              -76.14144,
              3.07918
            ],
            [
              -76.12457,
              3.06897
            ],
            [
              -76.07268,
              3.14028
            ],
            [
              -76.08579,
              3.1702
            ],
            [
              -76.12819,
              3.15626
            ],
            [
              -76.16275,
              3.18379
            ],
            [
              -76.21079,
              3.19204
            ],
            [
              -76.24045,
              3.2275
            ],
            [
              -76.28333,
              3.22995
            ],
            [
              -76.3317,
              3.13135
            ],
            [
              -76.30928,
              3.13195
            ],
            [
              -76.2991,
              3.09106
            ],
            [
              -76.27571,
              3.06992
            ],
            [
              -76.22371,
              3.06859
            ]
          ]
        ]
      },
      "properties": {
        "code": "19212",
        "departmentCode": "19",
        "name": "CORINTO",
        "originalCode": "212",
        "originalName": "CORINTO",
        "type": "MUNICIPIO",
        "areaName": 325.97543375,
        "creationYear": 2024,
        "creationResolution": "1868",
        "resultType": "observed",
        "source": "dane-divipola-mgn-2025",
        "year": 2025,
        "MPIO_TIPO": "MUNICIPIO",
        "unitType": "municipio",
        "MPIO_NAREA": 325.97543375,
        "MPIO_NANO": 2024,
        "MPIO_CRSLCION": "1868"
      }
    },
    {
      "type": "Feature",
      "id": 1972,
      "geometry": {
        "type": "Polygon",
        "coordinates": [
          [
            [
              -77.00914,
              2.20836
            ],
            [
              -76.98408,
              2.20989
            ],
            [
              -76.94071,
              2.26459
            ],
            [
              -76.92882,
              2.25409
            ],
            [
              -76.91025,
              2.2652
            ],
            [
              -76.88855,
              2.22953
            ],
            [
              -76.83994,
              2.22641
            ],
            [
              -76.8369,
              2.29448
            ],
            [
              -76.80783,
              2.28613
            ],
            [
              -76.79772,
              2.31967
            ],
            [
              -76.75955,
              2.30599
            ],
            [
              -76.74494,
              2.32254
            ],
            [
              -76.83125,
              2.36915
            ],
            [
              -76.8161,
              2.38624
            ],
            [
              -76.7417,
              2.38224
            ],
            [
              -76.73787,
              2.41259
            ],
            [
              -76.71864,
              2.41133
            ],
            [
              -76.70862,
              2.43733
            ],
            [
              -76.72929,
              2.46007
            ],
            [
              -76.72483,
              2.47788
            ],
            [
              -76.76635,
              2.5182
            ],
            [
              -76.77211,
              2.60054
            ],
            [
              -76.79894,
              2.59769
            ],
            [
              -76.83311,
              2.6194
            ],
            [
              -76.87388,
              2.67845
            ],
            [
              -76.87343,
              2.71744
            ],
            [
              -76.8507,
              2.7605
            ],
            [
              -76.88397,
              2.81432
            ],
            [
              -76.91672,
              2.81538
            ],
            [
              -76.94965,
              2.76949
            ],
            [
              -77.00676,
              2.81823
            ],
            [
              -77.06852,
              2.82715
            ],
            [
              -77.07205,
              2.79713
            ],
            [
              -77.12967,
              2.79453
            ],
            [
              -77.17618,
              2.76213
            ],
            [
              -77.21854,
              2.76923
            ],
            [
              -77.21784,
              2.78537
            ],
            [
              -77.25826,
              2.81474
            ],
            [
              -77.27576,
              2.72702
            ],
            [
              -77.25097,
              2.70276
            ],
            [
              -77.21036,
              2.693
            ],
            [
              -77.20064,
              2.65908
            ],
            [
              -77.21428,
              2.64315
            ],
            [
              -77.26278,
              2.63644
            ],
            [
              -77.2598,
              2.60448
            ],
            [
              -77.31137,
              2.5563
            ],
            [
              -77.30943,
              2.50826
            ],
            [
              -77.19724,
              2.44825
            ],
            [
              -77.13668,
              2.43538
            ],
            [
              -77.14802,
              2.33641
            ],
            [
              -77.13377,
              2.31618
            ],
            [
              -77.10607,
              2.32977
            ],
            [
              -77.05816,
              2.30896
            ],
            [
              -77.0288,
              2.31671
            ],
            [
              -77.00914,
              2.20836
            ]
          ]
        ]
      },
      "properties": {
        "code": "19256",
        "departmentCode": "19",
        "name": "EL TAMBO",
        "originalCode": "256",
        "originalName": "EL TAMBO",
        "type": "MUNICIPIO",
        "areaName": 2741.48348416,
        "creationYear": 2024,
        "creationResolution": "Ordenanza 45 de 1914",
        "resultType": "observed",
        "source": "dane-divipola-mgn-2025",
        "year": 2025,
        "MPIO_TIPO": "MUNICIPIO",
        "unitType": "municipio",
        "MPIO_NAREA": 2741.48348416,
        "MPIO_NANO": 2024,
        "MPIO_CRSLCION": "Ordenanza 45 de 1914"
      }
    },
    {
      "type": "Feature",
      "id": 1973,
      "geometry": {
        "type": "Polygon",
        "coordinates": [
          [
            [
              -77.05261,
              1.74043
            ],
            [
              -77.12023,
              1.70622
            ],
            [
              -77.14369,
              1.67783
            ],
            [
              -77.13756,
              1.65493
            ],
            [
              -77.07233,
              1.66896
            ],
            [
              -77.05685,
              1.69905
            ],
            [
              -77.02708,
              1.71271
            ],
            [
              -77.05261,
              1.74043
            ]
          ]
        ]
      },
      "properties": {
        "code": "19290",
        "departmentCode": "19",
        "name": "FLORENCIA",
        "originalCode": "290",
        "originalName": "FLORENCIA",
        "type": "MUNICIPIO",
        "areaName": 56.69489339,
        "creationYear": 2024,
        "creationResolution": "Ordenanza 1 de Ene 4 de 1993",
        "resultType": "observed",
        "source": "dane-divipola-mgn-2025",
        "year": 2025,
        "MPIO_TIPO": "MUNICIPIO",
        "unitType": "municipio",
        "MPIO_NAREA": 56.69489339,
        "MPIO_NANO": 2024,
        "MPIO_CRSLCION": "Ordenanza 1 de Ene 4 de 1993"
      }
    },
    {
      "type": "Feature",
      "id": 1974,
      "geometry": {
        "type": "Polygon",
        "coordinates": [
          [
            [
              -76.39763,
              3.21902
            ],
            [
              -76.43585,
              3.19365
            ],
            [
              -76.4349,
              3.16306
            ],
            [
              -76.4195,
              3.16365
            ],
            [
              -76.40822,
              3.13841
            ],
            [
              -76.42687,
              3.11771
            ],
            [
              -76.40581,
              3.07639
            ],
            [
              -76.3813,
              3.09418
            ],
            [
              -76.3629,
              3.06799
            ],
            [
              -76.35046,
              3.09486
            ],
            [
              -76.36594,
              3.1349
            ],
            [
              -76.35183,
              3.17025
            ],
            [
              -76.39763,
              3.21902
            ]
          ]
        ]
      },
      "properties": {
        "code": "19300",
        "departmentCode": "19",
        "name": "GUACHENÉ",
        "originalCode": "300",
        "originalName": "GUACHENÉ",
        "type": "MUNICIPIO",
        "areaName": 100.68760159,
        "creationYear": 2024,
        "creationResolution": "Decreto 0653 de Diciembre 19 de 2006",
        "resultType": "observed",
        "source": "dane-divipola-mgn-2025",
        "year": 2025,
        "MPIO_TIPO": "MUNICIPIO",
        "unitType": "municipio",
        "MPIO_NAREA": 100.68760159,
        "MPIO_NANO": 2024,
        "MPIO_CRSLCION": "Decreto 0653 de Diciembre 19 de 2006"
      }
    },
    {
      "type": "Feature",
      "id": 1975,
      "geometry": {
        "type": "Polygon",
        "coordinates": [
          [
            [
              -77.74648,
              2.69978
            ],
            [
              -77.8078,
              2.685
            ],
            [
              -77.83671,
              2.70429
            ],
            [
              -77.84565,
              2.69151
            ],
            [
              -77.87311,
              2.69754
            ],
            [
              -77.90711,
              2.68106
            ],
            [
              -77.90643,
              2.64577
            ],
            [
              -77.92834,
              2.6404
            ],
            [
              -77.91552,
              2.59368
            ],
            [
              -77.91879,
              2.4167
            ],
            [
              -77.84792,
              2.26059
            ],
            [
              -77.84108,
              2.18023
            ],
            [
              -77.73377,
              2.13404
            ],
            [
              -77.64562,
              2.16854
            ],
            [
              -77.60363,
              2.16471
            ],
            [
              -77.55621,
              2.20252
            ],
            [
              -77.48794,
              2.19525
            ],
            [
              -77.47227,
              2.24132
            ],
            [
              -77.47902,
              2.27369
            ],
            [
              -77.46032,
              2.28588
            ],
            [
              -77.38114,
              2.25656
            ],
            [
              -77.40063,
              2.37893
            ],
            [
              -77.42596,
              2.3846
            ],
            [
              -77.4246,
              2.41086
            ],
            [
              -77.45678,
              2.42188
            ],
            [
              -77.45202,
              2.49117
            ],
            [
              -77.46672,
              2.50769
            ],
            [
              -77.48554,
              2.49622
            ],
            [
              -77.54988,
              2.52558
            ],
            [
              -77.57836,
              2.55284
            ],
            [
              -77.59123,
              2.60974
            ],
            [
              -77.61374,
              2.61897
            ],
            [
              -77.61402,
              2.63524
            ],
            [
              -77.72784,
              2.69327
            ],
            [
              -77.74921,
              2.68354
            ],
            [
              -77.74648,
              2.69978
            ]
          ]
        ]
      },
      "properties": {
        "code": "19318",
        "departmentCode": "19",
        "name": "GUAPI",
        "originalCode": "318",
        "originalName": "GUAPI",
        "type": "MUNICIPIO",
        "areaName": 2570.88669406,
        "creationYear": 2024,
        "creationResolution": "1915",
        "resultType": "observed",
        "source": "dane-divipola-mgn-2025",
        "year": 2025,
        "MPIO_TIPO": "MUNICIPIO",
        "unitType": "municipio",
        "MPIO_NAREA": 2570.88669406,
        "MPIO_NANO": 2024,
        "MPIO_CRSLCION": "1915"
      }
    },
    {
      "type": "Feature",
      "id": 1976,
      "geometry": {
        "type": "Polygon",
        "coordinates": [
          [
            [
              -76.05692,
              2.66752
            ],
            [
              -76.06404,
              2.67848
            ],
            [
              -76.10167,
              2.64949
            ],
            [
              -76.11354,
              2.66595
            ],
            [
              -76.13456,
              2.65358
            ],
            [
              -76.16381,
              2.66829
            ],
            [
              -76.18276,
              2.6259
            ],
            [
              -76.22303,
              2.62645
            ],
            [
              -76.22886,
              2.5532
            ],
            [
              -76.20546,
              2.52376
            ],
            [
              -76.2159,
              2.496
            ],
            [
              -76.28794,
              2.46441
            ],
            [
              -76.28993,
              2.44022
            ],
            [
              -76.30172,
              2.44706
            ],
            [
              -76.3284,
              2.42484
            ],
            [
              -76.32359,
              2.39307
            ],
            [
              -76.29072,
              2.39712
            ],
            [
              -76.29591,
              2.35335
            ],
            [
              -76.25753,
              2.35333
            ],
            [
              -76.21719,
              2.31912
            ],
            [
              -76.08925,
              2.41592
            ],
            [
              -76.03217,
              2.40307
            ],
            [
              -75.97958,
              2.50343
            ],
            [
              -75.96236,
              2.4983
            ],
            [
              -75.95605,
              2.53235
            ],
            [
              -75.97359,
              2.56278
            ],
            [
              -76.02507,
              2.58651
            ],
            [
              -76.04209,
              2.61237
            ],
            [
              -76.0093,
              2.63396
            ],
            [
              -76.03098,
              2.63561
            ],
            [
              -76.03793,
              2.66924
            ],
            [
              -76.05692,
              2.66752
            ]
          ]
        ]
      },
      "properties": {
        "code": "19355",
        "departmentCode": "19",
        "name": "INZÁ",
        "originalCode": "355",
        "originalName": "INZÁ",
        "type": "MUNICIPIO",
        "areaName": 866.41158692,
        "creationYear": 2024,
        "creationResolution": "1885",
        "resultType": "observed",
        "source": "dane-divipola-mgn-2025",
        "year": 2025,
        "MPIO_TIPO": "MUNICIPIO",
        "unitType": "municipio",
        "MPIO_NAREA": 866.41158692,
        "MPIO_NANO": 2024,
        "MPIO_CRSLCION": "1885"
      }
    },
    {
      "type": "Feature",
      "id": 1977,
      "geometry": {
        "type": "Polygon",
        "coordinates": [
          [
            [
              -76.3148,
              2.99164
            ],
            [
              -76.36612,
              2.93641
            ],
            [
              -76.36495,
              2.76742
            ],
            [
              -76.34861,
              2.74862
            ],
            [
              -76.33568,
              2.74844
            ],
            [
              -76.32899,
              2.77973
            ],
            [
              -76.30902,
              2.76142
            ],
            [
              -76.27957,
              2.78357
            ],
            [
              -76.2667,
              2.76601
            ],
            [
              -76.24681,
              2.77307
            ],
            [
              -76.21505,
              2.81597
            ],
            [
              -76.22671,
              2.86363
            ],
            [
              -76.26712,
              2.84742
            ],
            [
              -76.3052,
              2.87443
            ],
            [
              -76.3148,
              2.99164
            ]
          ]
        ]
      },
      "properties": {
        "code": "19364",
        "departmentCode": "19",
        "name": "JAMBALÓ",
        "originalCode": "364",
        "originalName": "JAMBALÓ",
        "type": "MUNICIPIO",
        "areaName": 234.48711138,
        "creationYear": 2024,
        "creationResolution": "1915",
        "resultType": "observed",
        "source": "dane-divipola-mgn-2025",
        "year": 2025,
        "MPIO_TIPO": "MUNICIPIO",
        "unitType": "municipio",
        "MPIO_NAREA": 234.48711138,
        "MPIO_NANO": 2024,
        "MPIO_CRSLCION": "1915"
      }
    },
    {
      "type": "Feature",
      "id": 1978,
      "geometry": {
        "type": "Polygon",
        "coordinates": [
          [
            [
              -76.91616,
              2.26487
            ],
            [
              -76.9353,
              2.25322
            ],
            [
              -76.91398,
              2.23957
            ],
            [
              -76.88339,
              2.15829
            ],
            [
              -76.83852,
              2.16696
            ],
            [
              -76.64027,
              2.13378
            ],
            [
              -76.64961,
              2.18827
            ],
            [
              -76.68032,
              2.18744
            ],
            [
              -76.72608,
              2.2284
            ],
            [
              -76.80248,
              2.20318
            ],
            [
              -76.83531,
              2.22539
            ],
            [
              -76.89457,
              2.23233
            ],
            [
              -76.91616,
              2.26487
            ]
          ]
        ]
      },
      "properties": {
        "code": "19392",
        "departmentCode": "19",
        "name": "LA SIERRA",
        "originalCode": "392",
        "originalName": "LA SIERRA",
        "type": "MUNICIPIO",
        "areaName": 208.46741933,
        "creationYear": 2024,
        "creationResolution": "1915",
        "resultType": "observed",
        "source": "dane-divipola-mgn-2025",
        "year": 2025,
        "MPIO_TIPO": "MUNICIPIO",
        "unitType": "municipio",
        "MPIO_NAREA": 208.46741933,
        "MPIO_NANO": 2024,
        "MPIO_CRSLCION": "1915"
      }
    },
    {
      "type": "Feature",
      "id": 1979,
      "geometry": {
        "type": "Polygon",
        "coordinates": [
          [
            [
              -76.83818,
              2.16676
            ],
            [
              -76.85922,
              2.15436
            ],
            [
              -76.88757,
              2.16284
            ],
            [
              -76.88652,
              2.02575
            ],
            [
              -76.85232,
              2.01668
            ],
            [
              -76.83714,
              1.98489
            ],
            [
              -76.80931,
              1.98753
            ],
            [
              -76.79068,
              1.95093
            ],
            [
              -76.75194,
              1.93883
            ],
            [
              -76.73346,
              1.94818
            ],
            [
              -76.72466,
              1.98001
            ],
            [
              -76.70852,
              1.96135
            ],
            [
              -76.66351,
              1.96308
            ],
            [
              -76.57876,
              2.00223
            ],
            [
              -76.57385,
              2.02988
            ],
            [
              -76.66967,
              2.04713
            ],
            [
              -76.69122,
              2.12678
            ],
            [
              -76.71049,
              2.14417
            ],
            [
              -76.83818,
              2.16676
            ]
          ]
        ]
      },
      "properties": {
        "code": "19397",
        "departmentCode": "19",
        "name": "LA VEGA",
        "originalCode": "397",
        "originalName": "LA VEGA",
        "type": "MUNICIPIO",
        "areaName": 516.346935,
        "creationYear": 2024,
        "creationResolution": "1915",
        "resultType": "observed",
        "source": "dane-divipola-mgn-2025",
        "year": 2025,
        "MPIO_TIPO": "MUNICIPIO",
        "unitType": "municipio",
        "MPIO_NAREA": 516.346935,
        "MPIO_NANO": 2024,
        "MPIO_CRSLCION": "1915"
      }
    },
    {
      "type": "Feature",
      "id": 1980,
      "geometry": {
        "type": "Polygon",
        "coordinates": [
          [
            [
              -76.92695,
              3.13555
            ],
            [
              -76.93834,
              3.114
            ],
            [
              -76.97161,
              3.11868
            ],
            [
              -76.99675,
              3.15481
            ],
            [
              -77.09839,
              3.18597
            ],
            [
              -77.1301,
              3.16107
            ],
            [
              -77.1593,
              3.17431
            ],
            [
              -77.2345,
              3.10808
            ],
            [
              -77.2447,
              3.12631
            ],
            [
              -77.25232,
              3.11516
            ],
            [
              -77.26159,
              3.13514
            ],
            [
              -77.28832,
              3.13862
            ],
            [
              -77.27987,
              3.15937
            ],
            [
              -77.31718,
              3.17422
            ],
            [
              -77.3462,
              3.14015
            ],
            [
              -77.36584,
              3.14651
            ],
            [
              -77.38208,
              3.20339
            ],
            [
              -77.43134,
              3.25393
            ],
            [
              -77.47071,
              3.23696
            ],
            [
              -77.47201,
              3.21153
            ],
            [
              -77.49771,
              3.21645
            ],
            [
              -77.50494,
              3.18722
            ],
            [
              -77.5435,
              3.21296
            ],
            [
              -77.5732,
              3.14444
            ],
            [
              -77.62612,
              3.07763
            ],
            [
              -77.65343,
              3.06482
            ],
            [
              -77.70203,
              2.97251
            ],
            [
              -77.68158,
              2.99161
            ],
            [
              -77.66665,
              2.98425
            ],
            [
              -77.67034,
              2.94779
            ],
            [
              -77.62409,
              2.89449
            ],
            [
              -77.59362,
              2.92252
            ],
            [
              -77.50554,
              2.92006
            ],
            [
              -77.38992,
              2.89437
            ],
            [
              -77.352,
              2.86711
            ],
            [
              -77.35165,
              2.84959
            ],
            [
              -77.32207,
              2.84718
            ],
            [
              -77.30863,
              2.8238
            ],
            [
              -77.3229,
              2.7913
            ],
            [
              -77.31707,
              2.72828
            ],
            [
              -77.28138,
              2.66922
            ],
            [
              -77.25097,
              2.70276
            ],
            [
              -77.27576,
              2.72702
            ],
            [
              -77.25826,
              2.81474
            ],
            [
              -77.21784,
              2.78537
            ],
            [
              -77.21854,
              2.76923
            ],
            [
              -77.17618,
              2.76213
            ],
            [
              -77.12967,
              2.79453
            ],
            [
              -77.07205,
              2.79713
            ],
            [
              -77.06852,
              2.82715
            ],
            [
              -77.00676,
              2.81823
            ],
            [
              -76.94965,
              2.76949
            ],
            [
              -76.91904,
              2.79593
            ],
            [
              -76.91163,
              2.83725
            ],
            [
              -76.89191,
              2.84804
            ],
            [
              -76.90238,
              2.86847
            ],
            [
              -76.87958,
              2.89482
            ],
            [
              -76.87918,
              2.93976
            ],
            [
              -76.80471,
              3.04859
            ],
            [
              -76.81706,
              3.11385
            ],
            [
              -76.78258,
              3.17491
            ],
            [
              -76.78846,
              3.2182
            ],
            [
              -76.90805,
              3.20137
            ],
            [
              -76.92695,
              3.13555
            ]
          ]
        ]
      },
      "properties": {
        "code": "19418",
        "departmentCode": "19",
        "name": "LÓPEZ DE MICAY",
        "originalCode": "418",
        "originalName": "LÓPEZ DE MICAY",
        "type": "MUNICIPIO",
        "areaName": 3370.43107408,
        "creationYear": 2025,
        "creationResolution": "1911",
        "resultType": "observed",
        "source": "dane-divipola-mgn-2025",
        "year": 2025,
        "MPIO_TIPO": "MUNICIPIO",
        "unitType": "municipio",
        "MPIO_NAREA": 3370.43107408,
        "MPIO_NANO": 2025,
        "MPIO_CRSLCION": "1911"
      }
    },
    {
      "type": "Feature",
      "id": 1981,
      "geometry": {
        "type": "Polygon",
        "coordinates": [
          [
            [
              -77.19964,
              1.9521
            ],
            [
              -77.21838,
              1.91697
            ],
            [
              -77.24496,
              1.91213
            ],
            [
              -77.25575,
              1.8697
            ],
            [
              -77.28919,
              1.84905
            ],
            [
              -77.31007,
              1.8042
            ],
            [
              -77.29469,
              1.766
            ],
            [
              -77.33088,
              1.68151
            ],
            [
              -77.24332,
              1.65734
            ],
            [
              -77.15103,
              1.68564
            ],
            [
              -77.13434,
              1.6774
            ],
            [
              -77.12023,
              1.70622
            ],
            [
              -77.04247,
              1.73918
            ],
            [
              -77.01843,
              1.77382
            ],
            [
              -77.01856,
              1.81626
            ],
            [
              -77.07931,
              1.82066
            ],
            [
              -77.08206,
              1.88377
            ],
            [
              -77.09957,
              1.91698
            ],
            [
              -77.13434,
              1.94228
            ],
            [
              -77.17862,
              1.93645
            ],
            [
              -77.19964,
              1.9521
            ]
          ]
        ]
      },
      "properties": {
        "code": "19450",
        "departmentCode": "19",
        "name": "MERCADERES",
        "originalCode": "450",
        "originalName": "MERCADERES",
        "type": "MUNICIPIO",
        "areaName": 698.54501595,
        "creationYear": 2024,
        "creationResolution": "1915",
        "resultType": "observed",
        "source": "dane-divipola-mgn-2025",
        "year": 2025,
        "MPIO_TIPO": "MUNICIPIO",
        "unitType": "municipio",
        "MPIO_NAREA": 698.54501595,
        "MPIO_NANO": 2024,
        "MPIO_CRSLCION": "1915"
      }
    },
    {
      "type": "Feature",
      "id": 1982,
      "geometry": {
        "type": "Polygon",
        "coordinates": [
          [
            [
              -76.29237,
              3.28619
            ],
            [
              -76.35121,
              3.28625
            ],
            [
              -76.36996,
              3.24008
            ],
            [
              -76.30456,
              3.2232
            ],
            [
              -76.24102,
              3.22773
            ],
            [
              -76.21079,
              3.19204
            ],
            [
              -76.16275,
              3.18379
            ],
            [
              -76.12793,
              3.1562
            ],
            [
              -76.08781,
              3.17068
            ],
            [
              -76.08425,
              3.15749
            ],
            [
              -76.09154,
              3.1983
            ],
            [
              -76.0686,
              3.19544
            ],
            [
              -76.05202,
              3.21815
            ],
            [
              -76.14587,
              3.22263
            ],
            [
              -76.15636,
              3.23603
            ],
            [
              -76.19134,
              3.22709
            ],
            [
              -76.22926,
              3.27683
            ],
            [
              -76.29237,
              3.28619
            ]
          ]
        ]
      },
      "properties": {
        "code": "19455",
        "departmentCode": "19",
        "name": "MIRANDA",
        "originalCode": "455",
        "originalName": "MIRANDA",
        "type": "MUNICIPIO",
        "areaName": 189.71392179,
        "creationYear": 2024,
        "creationResolution": "1899",
        "resultType": "observed",
        "source": "dane-divipola-mgn-2025",
        "year": 2025,
        "MPIO_TIPO": "MUNICIPIO",
        "unitType": "municipio",
        "MPIO_NAREA": 189.71392179,
        "MPIO_NANO": 2024,
        "MPIO_CRSLCION": "1899"
      }
    },
    {
      "type": "Feature",
      "id": 1983,
      "geometry": {
        "type": "Polygon",
        "coordinates": [
          [
            [
              -76.57854,
              2.71584
            ],
            [
              -76.59678,
              2.83312
            ],
            [
              -76.64472,
              2.88861
            ],
            [
              -76.68689,
              2.87023
            ],
            [
              -76.70746,
              2.81241
            ],
            [
              -76.75907,
              2.81602
            ],
            [
              -76.83294,
              2.8599
            ],
            [
              -76.82846,
              2.88313
            ],
            [
              -76.80205,
              2.90173
            ],
            [
              -76.79564,
              2.94152
            ],
            [
              -76.81148,
              2.96408
            ],
            [
              -76.85815,
              2.97625
            ],
            [
              -76.87943,
              2.93896
            ],
            [
              -76.87958,
              2.89482
            ],
            [
              -76.90224,
              2.86915
            ],
            [
              -76.89191,
              2.84804
            ],
            [
              -76.91672,
              2.81538
            ],
            [
              -76.87956,
              2.81178
            ],
            [
              -76.85397,
              2.76213
            ],
            [
              -76.83472,
              2.76097
            ],
            [
              -76.83229,
              2.7346
            ],
            [
              -76.7983,
              2.71523
            ],
            [
              -76.76567,
              2.73774
            ],
            [
              -76.57854,
              2.71584
            ]
          ]
        ]
      },
      "properties": {
        "code": "19473",
        "departmentCode": "19",
        "name": "MORALES",
        "originalCode": "473",
        "originalName": "MORALES",
        "type": "MUNICIPIO",
        "areaName": 511.74106646,
        "creationYear": 2025,
        "creationResolution": "1915",
        "resultType": "observed",
        "source": "dane-divipola-mgn-2025",
        "year": 2025,
        "MPIO_TIPO": "MUNICIPIO",
        "unitType": "municipio",
        "MPIO_NAREA": 511.74106646,
        "MPIO_NANO": 2025,
        "MPIO_CRSLCION": "1915"
      }
    },
    {
      "type": "Feature",
      "id": 1984,
      "geometry": {
        "type": "Polygon",
        "coordinates": [
          [
            [
              -76.34808,
              3.24189
            ],
            [
              -76.37241,
              3.23704
            ],
            [
              -76.37764,
              3.2016
            ],
            [
              -76.35183,
              3.17025
            ],
            [
              -76.35129,
              3.13938
            ],
            [
              -76.332,
              3.13064
            ],
            [
              -76.2869,
              3.22827
            ],
            [
              -76.34808,
              3.24189
            ]
          ]
        ]
      },
      "properties": {
        "code": "19513",
        "departmentCode": "19",
        "name": "PADILLA",
        "originalCode": "513",
        "originalName": "PADILLA",
        "type": "MUNICIPIO",
        "areaName": 69.70042686,
        "creationYear": 2024,
        "creationResolution": "Ordenanza 4 de Diciembre 14 de 1967",
        "resultType": "observed",
        "source": "dane-divipola-mgn-2025",
        "year": 2025,
        "MPIO_TIPO": "MUNICIPIO",
        "unitType": "municipio",
        "MPIO_NAREA": 69.70042686,
        "MPIO_NANO": 2024,
        "MPIO_CRSLCION": "Ordenanza 4 de Diciembre 14 de 1967"
      }
    },
    {
      "type": "Feature",
      "id": 1985,
      "geometry": {
        "type": "Polygon",
        "coordinates": [
          [
            [
              -76.06386,
              3.04613
            ],
            [
              -76.12071,
              2.96357
            ],
            [
              -76.11714,
              2.92258
            ],
            [
              -76.22425,
              2.85445
            ],
            [
              -76.21532,
              2.81505
            ],
            [
              -76.24581,
              2.78241
            ],
            [
              -76.17418,
              2.77702
            ],
            [
              -76.22006,
              2.76962
            ],
            [
              -76.25456,
              2.65906
            ],
            [
              -76.1879,
              2.62382
            ],
            [
              -76.16438,
              2.66813
            ],
            [
              -76.13456,
              2.65358
            ],
            [
              -76.11354,
              2.66595
            ],
            [
              -76.10167,
              2.64949
            ],
            [
              -76.06358,
              2.67862
            ],
            [
              -76.03793,
              2.66924
            ],
            [
              -76.03098,
              2.63561
            ],
            [
              -76.0093,
              2.63396
            ],
            [
              -76.042,
              2.61152
            ],
            [
              -75.96075,
              2.54487
            ],
            [
              -75.95835,
              2.4904
            ],
            [
              -75.924,
              2.48123
            ],
            [
              -75.8875,
              2.42511
            ],
            [
              -75.8638,
              2.42616
            ],
            [
              -75.85324,
              2.45479
            ],
            [
              -75.81412,
              2.48362
            ],
            [
              -75.83991,
              2.55947
            ],
            [
              -75.79102,
              2.6304
            ],
            [
              -75.78909,
              2.6582
            ],
            [
              -75.75734,
              2.68191
            ],
            [
              -75.75103,
              2.74218
            ],
            [
              -75.80581,
              2.76829
            ],
            [
              -75.80555,
              2.81913
            ],
            [
              -75.82543,
              2.83824
            ],
            [
              -75.87918,
              2.83377
            ],
            [
              -76.02899,
              2.94049
            ],
            [
              -76.0208,
              3.00389
            ],
            [
              -76.0413,
              3.01588
            ],
            [
              -76.0449,
              3.04312
            ],
            [
              -76.06386,
              3.04613
            ]
          ]
        ]
      },
      "properties": {
        "code": "19517",
        "departmentCode": "19",
        "name": "PÁEZ",
        "originalCode": "517",
        "originalName": "PÁEZ",
        "type": "MUNICIPIO",
        "areaName": 1793.1781932,
        "creationYear": 2024,
        "creationResolution": "1907",
        "resultType": "observed",
        "source": "dane-divipola-mgn-2025",
        "year": 2025,
        "MPIO_TIPO": "MUNICIPIO",
        "unitType": "municipio",
        "MPIO_NAREA": 1793.1781932,
        "MPIO_NANO": 2024,
        "MPIO_CRSLCION": "1907"
      }
    },
    {
      "type": "Feature",
      "id": 1986,
      "geometry": {
        "type": "Polygon",
        "coordinates": [
          [
            [
              -77.00914,
              2.20836
            ],
            [
              -77.00416,
              2.22679
            ],
            [
              -77.02563,
              2.24892
            ],
            [
              -77.01666,
              2.29831
            ],
            [
              -77.03459,
              2.32024
            ],
            [
              -77.05816,
              2.30896
            ],
            [
              -77.11888,
              2.32965
            ],
            [
              -77.16572,
              2.2967
            ],
            [
              -77.17808,
              2.20191
            ],
            [
              -77.15275,
              2.18706
            ],
            [
              -77.12633,
              2.13869
            ],
            [
              -77.08467,
              2.11598
            ],
            [
              -77.0841,
              2.08325
            ],
            [
              -77.11783,
              2.05336
            ],
            [
              -77.11858,
              2.02962
            ],
            [
              -77.15921,
              2.02762
            ],
            [
              -77.1768,
              2.01155
            ],
            [
              -77.20142,
              1.95429
            ],
            [
              -77.19166,
              1.93967
            ],
            [
              -77.13049,
              1.93837
            ],
            [
              -77.11721,
              1.96354
            ],
            [
              -77.07575,
              1.96919
            ],
            [
              -77.05239,
              2.00305
            ],
            [
              -77.02156,
              2.01138
            ],
            [
              -76.89429,
              2.15909
            ],
            [
              -76.91398,
              2.23957
            ],
            [
              -76.94,
              2.26439
            ],
            [
              -76.98408,
              2.20989
            ],
            [
              -77.00914,
              2.20836
            ]
          ]
        ]
      },
      "properties": {
        "code": "19532",
        "departmentCode": "19",
        "name": "PATÍA",
        "originalCode": "532",
        "originalName": "PATÍA",
        "type": "MUNICIPIO",
        "areaName": 755.84135545,
        "creationYear": 2024,
        "creationResolution": "CAMBIO DE CATEGORIA",
        "resultType": "observed",
        "source": "dane-divipola-mgn-2025",
        "year": 2025,
        "MPIO_TIPO": "MUNICIPIO",
        "unitType": "municipio",
        "MPIO_NAREA": 755.84135545,
        "MPIO_NANO": 2024,
        "MPIO_CRSLCION": "CAMBIO DE CATEGORIA"
      }
    },
    {
      "type": "Feature",
      "id": 1987,
      "geometry": {
        "type": "Polygon",
        "coordinates": [
          [
            [
              -76.16975,
              1.58798
            ],
            [
              -76.21655,
              1.55822
            ],
            [
              -76.20966,
              1.49902
            ],
            [
              -76.25645,
              1.45418
            ],
            [
              -76.23882,
              1.42383
            ],
            [
              -76.24678,
              1.3865
            ],
            [
              -76.32544,
              1.31865
            ],
            [
              -76.32282,
              1.28997
            ],
            [
              -76.37561,
              1.23837
            ],
            [
              -76.39073,
              1.18474
            ],
            [
              -76.41935,
              1.18685
            ],
            [
              -76.45115,
              1.15701
            ],
            [
              -76.44274,
              1.14179
            ],
            [
              -76.46923,
              1.09579
            ],
            [
              -76.51365,
              1.07566
            ],
            [
              -76.56666,
              1.08431
            ],
            [
              -76.54497,
              1.03767
            ],
            [
              -76.49346,
              1.02818
            ],
            [
              -76.42635,
              0.96057
            ],
            [
              -76.37066,
              0.9839
            ],
            [
              -76.33513,
              0.98059
            ],
            [
              -76.32877,
              0.95803
            ],
            [
              -76.29486,
              0.96145
            ],
            [
              -76.27602,
              0.98369
            ],
            [
              -76.2357,
              0.96453
            ],
            [
              -76.23642,
              0.98204
            ],
            [
              -76.19059,
              0.99343
            ],
            [
              -76.20882,
              1.00536
            ],
            [
              -76.20329,
              1.01777
            ],
            [
              -76.18308,
              1.01322
            ],
            [
              -76.1837,
              1.02613
            ],
            [
              -76.1253,
              1.0066
            ],
            [
              -76.07491,
              1.02839
            ],
            [
              -76.09347,
              1.05024
            ],
            [
              -76.08085,
              1.0651
            ],
            [
              -76.10129,
              1.06846
            ],
            [
              -76.12357,
              1.10076
            ],
            [
              -76.26009,
              1.12249
            ],
            [
              -76.28046,
              1.13791
            ],
            [
              -76.28508,
              1.17123
            ],
            [
              -76.30272,
              1.17672
            ],
            [
              -76.28945,
              1.20602
            ],
            [
              -76.30315,
              1.23624
            ],
            [
              -76.21411,
              1.32056
            ],
            [
              -76.22301,
              1.33789
            ],
            [
              -76.20345,
              1.35413
            ],
            [
              -76.20117,
              1.42227
            ],
            [
              -76.17583,
              1.45106
            ],
            [
              -76.18379,
              1.4882
            ],
            [
              -76.14917,
              1.53686
            ],
            [
              -76.16975,
              1.58798
            ]
          ]
        ]
      },
      "properties": {
        "code": "19533",
        "departmentCode": "19",
        "name": "PIAMONTE",
        "originalCode": "533",
        "originalName": "PIAMONTE",
        "type": "MUNICIPIO",
        "areaName": 1105.00523529,
        "creationYear": 2024,
        "creationResolution": "ORD 24 DE NOVIEMBRE 18 DE 1996",
        "resultType": "observed",
        "source": "dane-divipola-mgn-2025",
        "year": 2025,
        "MPIO_TIPO": "MUNICIPIO",
        "unitType": "municipio",
        "MPIO_NAREA": 1105.00523529,
        "MPIO_NANO": 2024,
        "MPIO_CRSLCION": "ORD 24 DE NOVIEMBRE 18 DE 1996"
      }
    },
    {
      "type": "Feature",
      "id": 1988,
      "geometry": {
        "type": "Polygon",
        "coordinates": [
          [
            [
              -76.57854,
              2.71584
            ],
            [
              -76.59386,
              2.70793
            ],
            [
              -76.64508,
              2.7292
            ],
            [
              -76.66895,
              2.71943
            ],
            [
              -76.63044,
              2.69578
            ],
            [
              -76.61409,
              2.66073
            ],
            [
              -76.58031,
              2.65968
            ],
            [
              -76.50146,
              2.61499
            ],
            [
              -76.49396,
              2.65082
            ],
            [
              -76.51626,
              2.69754
            ],
            [
              -76.50182,
              2.70269
            ],
            [
              -76.52964,
              2.73144
            ],
            [
              -76.57209,
              2.827
            ],
            [
              -76.61089,
              2.85567
            ],
            [
              -76.57854,
              2.71584
            ]
          ]
        ]
      },
      "properties": {
        "code": "19548",
        "departmentCode": "19",
        "name": "PIENDAMÓ - TUNÍA",
        "originalCode": "548",
        "originalName": "PIENDAMÓ - TUNÍA",
        "type": "MUNICIPIO",
        "areaName": 181.34033649,
        "creationYear": 2025,
        "creationResolution": "1907",
        "resultType": "observed",
        "source": "dane-divipola-mgn-2025",
        "year": 2025,
        "MPIO_TIPO": "MUNICIPIO",
        "unitType": "municipio",
        "MPIO_NAREA": 181.34033649,
        "MPIO_NANO": 2025,
        "MPIO_CRSLCION": "1907"
      }
    },
    {
      "type": "Feature",
      "id": 1989,
      "geometry": {
        "type": "Polygon",
        "coordinates": [
          [
            [
              -76.45775,
              3.25863
            ],
            [
              -76.4421,
              3.23082
            ],
            [
              -76.42438,
              3.22826
            ],
            [
              -76.42533,
              3.20479
            ],
            [
              -76.39918,
              3.21911
            ],
            [
              -76.3732,
              3.20456
            ],
            [
              -76.35121,
              3.28625
            ],
            [
              -76.46042,
              3.32894
            ],
            [
              -76.46847,
              3.31069
            ],
            [
              -76.47835,
              3.31925
            ],
            [
              -76.47744,
              3.29403
            ],
            [
              -76.48914,
              3.30496
            ],
            [
              -76.49423,
              3.29213
            ],
            [
              -76.45775,
              3.25863
            ]
          ]
        ]
      },
      "properties": {
        "code": "19573",
        "departmentCode": "19",
        "name": "PUERTO TEJADA",
        "originalCode": "573",
        "originalName": "PUERTO TEJADA",
        "type": "MUNICIPIO",
        "areaName": 109.21638333,
        "creationYear": 2025,
        "creationResolution": "Ordenanza 15 de Abril 2 de 1912",
        "resultType": "observed",
        "source": "dane-divipola-mgn-2025",
        "year": 2025,
        "MPIO_TIPO": "MUNICIPIO",
        "unitType": "municipio",
        "MPIO_NAREA": 109.21638333,
        "MPIO_NANO": 2025,
        "MPIO_CRSLCION": "Ordenanza 15 de Abril 2 de 1912"
      }
    },
    {
      "type": "Feature",
      "id": 1990,
      "geometry": {
        "type": "Polygon",
        "coordinates": [
          [
            [
              -76.37551,
              2.41424
            ],
            [
              -76.38534,
              2.42354
            ],
            [
              -76.4656,
              2.40412
            ],
            [
              -76.50847,
              2.41573
            ],
            [
              -76.49432,
              2.3804
            ],
            [
              -76.54455,
              2.27004
            ],
            [
              -76.53157,
              2.22541
            ],
            [
              -76.55578,
              2.19491
            ],
            [
              -76.55421,
              2.13919
            ],
            [
              -76.48742,
              2.12906
            ],
            [
              -76.46743,
              2.10001
            ],
            [
              -76.43092,
              2.12039
            ],
            [
              -76.43426,
              2.18729
            ],
            [
              -76.40473,
              2.20054
            ],
            [
              -76.37377,
              2.27909
            ],
            [
              -76.29906,
              2.28249
            ],
            [
              -76.19703,
              2.19549
            ],
            [
              -76.15355,
              2.1988
            ],
            [
              -76.12114,
              2.22481
            ],
            [
              -76.14645,
              2.29402
            ],
            [
              -76.12614,
              2.38001
            ],
            [
              -76.21992,
              2.31912
            ],
            [
              -76.25753,
              2.35333
            ],
            [
              -76.30035,
              2.35762
            ],
            [
              -76.29072,
              2.39712
            ],
            [
              -76.33536,
              2.38741
            ],
            [
              -76.37551,
              2.41424
            ]
          ]
        ]
      },
      "properties": {
        "code": "19585",
        "departmentCode": "19",
        "name": "PURACÉ",
        "originalCode": "585",
        "originalName": "PURACÉ",
        "type": "MUNICIPIO",
        "areaName": 848.55229442,
        "creationYear": 2024,
        "creationResolution": "1915",
        "resultType": "observed",
        "source": "dane-divipola-mgn-2025",
        "year": 2025,
        "MPIO_TIPO": "MUNICIPIO",
        "unitType": "municipio",
        "MPIO_NAREA": 848.55229442,
        "MPIO_NANO": 2024,
        "MPIO_CRSLCION": "1915"
      }
    },
    {
      "type": "Feature",
      "id": 1991,
      "geometry": {
        "type": "Polygon",
        "coordinates": [
          [
            [
              -76.79744,
              2.31893
            ],
            [
              -76.80783,
              2.28613
            ],
            [
              -76.8369,
              2.29448
            ],
            [
              -76.838,
              2.22253
            ],
            [
              -76.80237,
              2.20318
            ],
            [
              -76.7272,
              2.2289
            ],
            [
              -76.68032,
              2.18744
            ],
            [
              -76.64961,
              2.18827
            ],
            [
              -76.66198,
              2.24714
            ],
            [
              -76.72372,
              2.29276
            ],
            [
              -76.79744,
              2.31893
            ]
          ]
        ]
      },
      "properties": {
        "code": "19622",
        "departmentCode": "19",
        "name": "ROSAS",
        "originalCode": "622",
        "originalName": "ROSAS",
        "type": "MUNICIPIO",
        "areaName": 169.1801302,
        "creationYear": 2024,
        "creationResolution": "1844",
        "resultType": "observed",
        "source": "dane-divipola-mgn-2025",
        "year": 2025,
        "MPIO_TIPO": "MUNICIPIO",
        "unitType": "municipio",
        "MPIO_NAREA": 169.1801302,
        "MPIO_NANO": 2024,
        "MPIO_CRSLCION": "1844"
      }
    },
    {
      "type": "Feature",
      "id": 1992,
      "geometry": {
        "type": "Polygon",
        "coordinates": [
          [
            [
              -76.71639,
              1.97358
            ],
            [
              -76.72437,
              1.9799
            ],
            [
              -76.72947,
              1.94284
            ],
            [
              -76.74541,
              1.93285
            ],
            [
              -76.74814,
              1.89401
            ],
            [
              -76.79361,
              1.84344
            ],
            [
              -76.8681,
              1.84685
            ],
            [
              -76.80788,
              1.70243
            ],
            [
              -76.76831,
              1.75159
            ],
            [
              -76.76696,
              1.77743
            ],
            [
              -76.75043,
              1.7696
            ],
            [
              -76.69599,
              1.81612
            ],
            [
              -76.65345,
              1.79881
            ],
            [
              -76.6289,
              1.81117
            ],
            [
              -76.5788,
              1.89808
            ],
            [
              -76.61928,
              1.92654
            ],
            [
              -76.61046,
              1.94673
            ],
            [
              -76.62307,
              1.97482
            ],
            [
              -76.70818,
              1.96131
            ],
            [
              -76.71639,
              1.97358
            ]
          ]
        ]
      },
      "properties": {
        "code": "19693",
        "departmentCode": "19",
        "name": "SAN SEBASTIÁN",
        "originalCode": "693",
        "originalName": "SAN SEBASTIÁN",
        "type": "MUNICIPIO",
        "areaName": 419.24427683,
        "creationYear": 2024,
        "creationResolution": "1915",
        "resultType": "observed",
        "source": "dane-divipola-mgn-2025",
        "year": 2025,
        "MPIO_TIPO": "MUNICIPIO",
        "unitType": "municipio",
        "MPIO_NAREA": 419.24427683,
        "MPIO_NANO": 2024,
        "MPIO_CRSLCION": "1915"
      }
    },
    {
      "type": "Feature",
      "id": 1993,
      "geometry": {
        "type": "Polygon",
        "coordinates": [
          [
            [
              -76.5031,
              3.14408
            ],
            [
              -76.52162,
              3.14883
            ],
            [
              -76.51776,
              3.13449
            ],
            [
              -76.53246,
              3.13219
            ],
            [
              -76.51361,
              3.12035
            ],
            [
              -76.53086,
              3.12356
            ],
            [
              -76.57423,
              3.07614
            ],
            [
              -76.60319,
              2.96239
            ],
            [
              -76.57142,
              2.9213
            ],
            [
              -76.6108,
              2.87528
            ],
            [
              -76.58291,
              2.8627
            ],
            [
              -76.55927,
              2.88495
            ],
            [
              -76.53381,
              2.8828
            ],
            [
              -76.47715,
              2.84463
            ],
            [
              -76.44705,
              2.87664
            ],
            [
              -76.36257,
              2.91797
            ],
            [
              -76.39165,
              2.93369
            ],
            [
              -76.44035,
              3.01135
            ],
            [
              -76.43105,
              3.02913
            ],
            [
              -76.45048,
              3.04567
            ],
            [
              -76.41843,
              3.07982
            ],
            [
              -76.43242,
              3.10709
            ],
            [
              -76.5031,
              3.14408
            ]
          ]
        ]
      },
      "properties": {
        "code": "19698",
        "departmentCode": "19",
        "name": "SANTANDER DE QUILICHAO",
        "originalCode": "698",
        "originalName": "SANTANDER DE QUILICHAO",
        "type": "MUNICIPIO",
        "areaName": 518.3268192,
        "creationYear": 2024,
        "creationResolution": "1863",
        "resultType": "observed",
        "source": "dane-divipola-mgn-2025",
        "year": 2025,
        "MPIO_TIPO": "MUNICIPIO",
        "unitType": "municipio",
        "MPIO_NAREA": 518.3268192,
        "MPIO_NANO": 2024,
        "MPIO_CRSLCION": "1863"
      }
    },
    {
      "type": "Feature",
      "id": 1994,
      "geometry": {
        "type": "Polygon",
        "coordinates": [
          [
            [
              -76.57574,
              1.85832
            ],
            [
              -76.59265,
              1.86678
            ],
            [
              -76.64465,
              1.80147
            ],
            [
              -76.69599,
              1.81612
            ],
            [
              -76.75043,
              1.7696
            ],
            [
              -76.76962,
              1.77504
            ],
            [
              -76.76831,
              1.75159
            ],
            [
              -76.81014,
              1.6922
            ],
            [
              -76.84798,
              1.6685
            ],
            [
              -76.85249,
              1.63191
            ],
            [
              -76.83368,
              1.60974
            ],
            [
              -76.85753,
              1.56404
            ],
            [
              -76.85141,
              1.53453
            ],
            [
              -76.92893,
              1.50049
            ],
            [
              -76.91825,
              1.42966
            ],
            [
              -76.9318,
              1.3858
            ],
            [
              -76.91459,
              1.34179
            ],
            [
              -76.88681,
              1.37184
            ],
            [
              -76.69722,
              1.44399
            ],
            [
              -76.67662,
              1.46618
            ],
            [
              -76.64574,
              1.4554
            ],
            [
              -76.57402,
              1.38576
            ],
            [
              -76.58431,
              1.34355
            ],
            [
              -76.57097,
              1.328
            ],
            [
              -76.58602,
              1.30063
            ],
            [
              -76.56571,
              1.23855
            ],
            [
              -76.53741,
              1.21034
            ],
            [
              -76.56816,
              1.08267
            ],
            [
              -76.51365,
              1.07566
            ],
            [
              -76.46789,
              1.09681
            ],
            [
              -76.44274,
              1.14179
            ],
            [
              -76.4515,
              1.15655
            ],
            [
              -76.42373,
              1.18423
            ],
            [
              -76.39073,
              1.18474
            ],
            [
              -76.37561,
              1.23837
            ],
            [
              -76.32282,
              1.28997
            ],
            [
              -76.32544,
              1.31865
            ],
            [
              -76.24729,
              1.38566
            ],
            [
              -76.23882,
              1.42383
            ],
            [
              -76.25742,
              1.45099
            ],
            [
              -76.20985,
              1.49853
            ],
            [
              -76.21691,
              1.55708
            ],
            [
              -76.19964,
              1.58672
            ],
            [
              -76.21156,
              1.64072
            ],
            [
              -76.24225,
              1.68309
            ],
            [
              -76.27234,
              1.6745
            ],
            [
              -76.30498,
              1.69002
            ],
            [
              -76.3256,
              1.66309
            ],
            [
              -76.37669,
              1.66394
            ],
            [
              -76.37191,
              1.74252
            ],
            [
              -76.41846,
              1.7171
            ],
            [
              -76.43513,
              1.7918
            ],
            [
              -76.51128,
              1.8335
            ],
            [
              -76.53045,
              1.82354
            ],
            [
              -76.57574,
              1.85832
            ]
          ]
        ]
      },
      "properties": {
        "code": "19701",
        "departmentCode": "19",
        "name": "SANTA ROSA",
        "originalCode": "701",
        "originalName": "SANTA ROSA",
        "type": "MUNICIPIO",
        "areaName": 3620.7558342,
        "creationYear": 2024,
        "creationResolution": "1915",
        "resultType": "observed",
        "source": "dane-divipola-mgn-2025",
        "year": 2025,
        "MPIO_TIPO": "MUNICIPIO",
        "unitType": "municipio",
        "MPIO_NAREA": 3620.7558342,
        "MPIO_NANO": 2024,
        "MPIO_CRSLCION": "1915"
      }
    },
    {
      "type": "Feature",
      "id": 1995,
      "geometry": {
        "type": "Polygon",
        "coordinates": [
          [
            [
              -76.21888,
              2.7888
            ],
            [
              -76.26193,
              2.76625
            ],
            [
              -76.2811,
              2.78319
            ],
            [
              -76.29363,
              2.76119
            ],
            [
              -76.32899,
              2.77973
            ],
            [
              -76.33649,
              2.74747
            ],
            [
              -76.36495,
              2.76742
            ],
            [
              -76.41261,
              2.72096
            ],
            [
              -76.48432,
              2.75019
            ],
            [
              -76.49932,
              2.69479
            ],
            [
              -76.51626,
              2.69754
            ],
            [
              -76.49396,
              2.65082
            ],
            [
              -76.4986,
              2.60753
            ],
            [
              -76.44337,
              2.59288
            ],
            [
              -76.43236,
              2.54752
            ],
            [
              -76.3926,
              2.52054
            ],
            [
              -76.35181,
              2.5428
            ],
            [
              -76.34422,
              2.51734
            ],
            [
              -76.22561,
              2.54804
            ],
            [
              -76.23111,
              2.60712
            ],
            [
              -76.21156,
              2.63168
            ],
            [
              -76.25191,
              2.65389
            ],
            [
              -76.25071,
              2.67884
            ],
            [
              -76.21577,
              2.77524
            ],
            [
              -76.17418,
              2.77702
            ],
            [
              -76.21888,
              2.7888
            ]
          ]
        ]
      },
      "properties": {
        "code": "19743",
        "departmentCode": "19",
        "name": "SILVIA",
        "originalCode": "743",
        "originalName": "SILVIA",
        "type": "MUNICIPIO",
        "areaName": 681.16538102,
        "creationYear": 2024,
        "creationResolution": "1908",
        "resultType": "observed",
        "source": "dane-divipola-mgn-2025",
        "year": 2025,
        "MPIO_TIPO": "MUNICIPIO",
        "unitType": "municipio",
        "MPIO_NAREA": 681.16538102,
        "MPIO_NANO": 2024,
        "MPIO_CRSLCION": "1908"
      }
    },
    {
      "type": "Feature",
      "id": 1996,
      "geometry": {
        "type": "Polygon",
        "coordinates": [
          [
            [
              -76.62309,
              2.41657
            ],
            [
              -76.6493,
              2.41257
            ],
            [
              -76.64594,
              2.37255
            ],
            [
              -76.6606,
              2.36432
            ],
            [
              -76.64891,
              2.3101
            ],
            [
              -76.66412,
              2.29565
            ],
            [
              -76.7008,
              2.30566
            ],
            [
              -76.71576,
              2.28649
            ],
            [
              -76.65545,
              2.23963
            ],
            [
              -76.64027,
              2.13378
            ],
            [
              -76.7097,
              2.14218
            ],
            [
              -76.69122,
              2.12678
            ],
            [
              -76.66967,
              2.04713
            ],
            [
              -76.58334,
              2.02848
            ],
            [
              -76.59062,
              2.10698
            ],
            [
              -76.55421,
              2.13919
            ],
            [
              -76.55578,
              2.19491
            ],
            [
              -76.53157,
              2.22541
            ],
            [
              -76.54455,
              2.27004
            ],
            [
              -76.52655,
              2.30331
            ],
            [
              -76.54224,
              2.31603
            ],
            [
              -76.53441,
              2.33148
            ],
            [
              -76.55717,
              2.39736
            ],
            [
              -76.62309,
              2.41657
            ]
          ]
        ]
      },
      "properties": {
        "code": "19760",
        "departmentCode": "19",
        "name": "SOTARÁ PAISPAMBA",
        "originalCode": "760",
        "originalName": "SOTARÁ PAISPAMBA",
        "type": "MUNICIPIO",
        "areaName": 516.12706281,
        "creationYear": 2024,
        "creationResolution": "Ordenanza 002 del 12 de Marzo de 1936",
        "resultType": "observed",
        "source": "dane-divipola-mgn-2025",
        "year": 2025,
        "MPIO_TIPO": "MUNICIPIO",
        "unitType": "municipio",
        "MPIO_NAREA": 516.12706281,
        "MPIO_NANO": 2024,
        "MPIO_CRSLCION": "Ordenanza 002 del 12 de Marzo de 1936"
      }
    },
    {
      "type": "Feature",
      "id": 1997,
      "geometry": {
        "type": "Polygon",
        "coordinates": [
          [
            [
              -76.70353,
              3.07026
            ],
            [
              -76.75142,
              3.02329
            ],
            [
              -76.77566,
              3.04778
            ],
            [
              -76.80529,
              3.05066
            ],
            [
              -76.85815,
              2.97625
            ],
            [
              -76.81148,
              2.96408
            ],
            [
              -76.79564,
              2.94152
            ],
            [
              -76.80215,
              2.90153
            ],
            [
              -76.83431,
              2.87271
            ],
            [
              -76.82751,
              2.85272
            ],
            [
              -76.71969,
              2.80576
            ],
            [
              -76.69379,
              2.82571
            ],
            [
              -76.68689,
              2.87023
            ],
            [
              -76.64472,
              2.88861
            ],
            [
              -76.67785,
              2.92891
            ],
            [
              -76.66896,
              2.95591
            ],
            [
              -76.68615,
              2.96748
            ],
            [
              -76.67041,
              3.0381
            ],
            [
              -76.70353,
              3.07026
            ]
          ]
        ]
      },
      "properties": {
        "code": "19780",
        "departmentCode": "19",
        "name": "SUÁREZ",
        "originalCode": "780",
        "originalName": "SUÁREZ",
        "type": "MUNICIPIO",
        "areaName": 392.58805417,
        "creationYear": 2024,
        "creationResolution": "Ordenanza 13 de Diciembre 1 de 1989",
        "resultType": "observed",
        "source": "dane-divipola-mgn-2025",
        "year": 2025,
        "MPIO_TIPO": "MUNICIPIO",
        "unitType": "municipio",
        "MPIO_NAREA": 392.58805417,
        "MPIO_NANO": 2024,
        "MPIO_CRSLCION": "Ordenanza 13 de Diciembre 1 de 1989"
      }
    },
    {
      "type": "Feature",
      "id": 1998,
      "geometry": {
        "type": "Polygon",
        "coordinates": [
          [
            [
              -76.88978,
              2.16537
            ],
            [
              -76.94785,
              2.1067
            ],
            [
              -76.95159,
              2.0963
            ],
            [
              -76.93582,
              2.11102
            ],
            [
              -76.92395,
              2.10243
            ],
            [
              -76.94442,
              2.06264
            ],
            [
              -76.98301,
              2.03675
            ],
            [
              -76.96415,
              2.00926
            ],
            [
              -76.93063,
              2.0167
            ],
            [
              -76.92082,
              1.99882
            ],
            [
              -76.85183,
              1.97582
            ],
            [
              -76.83695,
              1.98483
            ],
            [
              -76.85143,
              2.01576
            ],
            [
              -76.88652,
              2.02575
            ],
            [
              -76.88272,
              2.08397
            ],
            [
              -76.89663,
              2.0984
            ],
            [
              -76.87874,
              2.14393
            ],
            [
              -76.88978,
              2.16537
            ]
          ]
        ]
      },
      "properties": {
        "code": "19785",
        "departmentCode": "19",
        "name": "SUCRE",
        "originalCode": "785",
        "originalName": "SUCRE",
        "type": "MUNICIPIO",
        "areaName": 135.95852851,
        "creationYear": 2024,
        "creationResolution": "Ordenanza 009 del 10 de diciembre de 1999",
        "resultType": "observed",
        "source": "dane-divipola-mgn-2025",
        "year": 2025,
        "MPIO_TIPO": "MUNICIPIO",
        "unitType": "municipio",
        "MPIO_NAREA": 135.95852851,
        "MPIO_NANO": 2024,
        "MPIO_CRSLCION": "Ordenanza 009 del 10 de diciembre de 1999"
      }
    },
    {
      "type": "Feature",
      "id": 1999,
      "geometry": {
        "type": "Polygon",
        "coordinates": [
          [
            [
              -76.72156,
              2.47704
            ],
            [
              -76.7294,
              2.46035
            ],
            [
              -76.70855,
              2.4376
            ],
            [
              -76.71864,
              2.41133
            ],
            [
              -76.73787,
              2.41259
            ],
            [
              -76.73344,
              2.38863
            ],
            [
              -76.75443,
              2.37562
            ],
            [
              -76.8161,
              2.38624
            ],
            [
              -76.83125,
              2.36915
            ],
            [
              -76.7443,
              2.32915
            ],
            [
              -76.75982,
              2.30599
            ],
            [
              -76.71576,
              2.28649
            ],
            [
              -76.69292,
              2.30825
            ],
            [
              -76.6642,
              2.29564
            ],
            [
              -76.65096,
              2.3073
            ],
            [
              -76.6606,
              2.36432
            ],
            [
              -76.64594,
              2.37255
            ],
            [
              -76.6493,
              2.41257
            ],
            [
              -76.61869,
              2.41665
            ],
            [
              -76.67609,
              2.43778
            ],
            [
              -76.72156,
              2.47704
            ]
          ]
        ]
      },
      "properties": {
        "code": "19807",
        "departmentCode": "19",
        "name": "TIMBÍO",
        "originalCode": "807",
        "originalName": "TIMBÍO",
        "type": "MUNICIPIO",
        "areaName": 201.41943598,
        "creationYear": 2024,
        "creationResolution": "1535",
        "resultType": "observed",
        "source": "dane-divipola-mgn-2025",
        "year": 2025,
        "MPIO_TIPO": "MUNICIPIO",
        "unitType": "municipio",
        "MPIO_NAREA": 201.41943598,
        "MPIO_NANO": 2024,
        "MPIO_CRSLCION": "1535"
      }
    },
    {
      "type": "Feature",
      "id": 2000,
      "geometry": {
        "type": "Polygon",
        "coordinates": [
          [
            [
              -77.65036,
              2.93427
            ],
            [
              -77.67034,
              2.94779
            ],
            [
              -77.71601,
              2.83123
            ],
            [
              -77.76393,
              2.79665
            ],
            [
              -77.73596,
              2.78755
            ],
            [
              -77.75063,
              2.7641
            ],
            [
              -77.79382,
              2.7567
            ],
            [
              -77.79413,
              2.70095
            ],
            [
              -77.77888,
              2.68878
            ],
            [
              -77.74921,
              2.70498
            ],
            [
              -77.74921,
              2.68354
            ],
            [
              -77.72784,
              2.69327
            ],
            [
              -77.61402,
              2.63524
            ],
            [
              -77.55473,
              2.5291
            ],
            [
              -77.48554,
              2.49622
            ],
            [
              -77.46672,
              2.50769
            ],
            [
              -77.45202,
              2.49117
            ],
            [
              -77.45669,
              2.42159
            ],
            [
              -77.4246,
              2.41086
            ],
            [
              -77.42596,
              2.3846
            ],
            [
              -77.40364,
              2.38256
            ],
            [
              -77.32155,
              2.44851
            ],
            [
              -77.32958,
              2.48812
            ],
            [
              -77.30464,
              2.51704
            ],
            [
              -77.3108,
              2.55786
            ],
            [
              -77.2598,
              2.60448
            ],
            [
              -77.26278,
              2.63644
            ],
            [
              -77.20527,
              2.64753
            ],
            [
              -77.20563,
              2.68735
            ],
            [
              -77.24707,
              2.7038
            ],
            [
              -77.28138,
              2.66922
            ],
            [
              -77.29516,
              2.67344
            ],
            [
              -77.32279,
              2.78896
            ],
            [
              -77.30896,
              2.82476
            ],
            [
              -77.38992,
              2.89437
            ],
            [
              -77.5721,
              2.92509
            ],
            [
              -77.61616,
              2.91119
            ],
            [
              -77.62409,
              2.89449
            ],
            [
              -77.65036,
              2.93427
            ]
          ]
        ]
      },
      "properties": {
        "code": "19809",
        "departmentCode": "19",
        "name": "TIMBIQUÍ",
        "originalCode": "809",
        "originalName": "TIMBIQUÍ",
        "type": "MUNICIPIO",
        "areaName": 2059.78549577,
        "creationYear": 2024,
        "creationResolution": "1915",
        "resultType": "observed",
        "source": "dane-divipola-mgn-2025",
        "year": 2025,
        "MPIO_TIPO": "MUNICIPIO",
        "unitType": "municipio",
        "MPIO_NAREA": 2059.78549577,
        "MPIO_NANO": 2024,
        "MPIO_CRSLCION": "1915"
      }
    },
    {
      "type": "Feature",
      "id": 2001,
      "geometry": {
        "type": "Polygon",
        "coordinates": [
          [
            [
              -76.22371,
              3.06859
            ],
            [
              -76.27571,
              3.06992
            ],
            [
              -76.28974,
              3.01754
            ],
            [
              -76.31422,
              2.99181
            ],
            [
              -76.3052,
              2.87443
            ],
            [
              -76.26712,
              2.84742
            ],
            [
              -76.24711,
              2.84532
            ],
            [
              -76.23514,
              2.86446
            ],
            [
              -76.20669,
              2.85851
            ],
            [
              -76.19272,
              2.87865
            ],
            [
              -76.15186,
              2.88902
            ],
            [
              -76.14355,
              2.91568
            ],
            [
              -76.12287,
              2.91654
            ],
            [
              -76.12071,
              2.96357
            ],
            [
              -76.06724,
              3.04588
            ],
            [
              -76.09442,
              3.09727
            ],
            [
              -76.12457,
              3.06897
            ],
            [
              -76.14144,
              3.07918
            ],
            [
              -76.20953,
              3.05906
            ],
            [
              -76.22371,
              3.06859
            ]
          ]
        ]
      },
      "properties": {
        "code": "19821",
        "departmentCode": "19",
        "name": "TORIBÍO",
        "originalCode": "821",
        "originalName": "TORIBÍO",
        "type": "MUNICIPIO",
        "areaName": 492.22488979,
        "creationYear": 2024,
        "creationResolution": "1815",
        "resultType": "observed",
        "source": "dane-divipola-mgn-2025",
        "year": 2025,
        "MPIO_TIPO": "MUNICIPIO",
        "unitType": "municipio",
        "MPIO_NAREA": 492.22488979,
        "MPIO_NANO": 2024,
        "MPIO_CRSLCION": "1815"
      }
    },
    {
      "type": "Feature",
      "id": 2002,
      "geometry": {
        "type": "Polygon",
        "coordinates": [
          [
            [
              -76.49704,
              2.60574
            ],
            [
              -76.51264,
              2.59945
            ],
            [
              -76.4932,
              2.57196
            ],
            [
              -76.52775,
              2.58862
            ],
            [
              -76.56036,
              2.55487
            ],
            [
              -76.58723,
              2.55122
            ],
            [
              -76.33536,
              2.38741
            ],
            [
              -76.32359,
              2.39307
            ],
            [
              -76.32711,
              2.4265
            ],
            [
              -76.30172,
              2.44706
            ],
            [
              -76.28993,
              2.44022
            ],
            [
              -76.28794,
              2.46441
            ],
            [
              -76.22691,
              2.48105
            ],
            [
              -76.20549,
              2.52343
            ],
            [
              -76.22561,
              2.54804
            ],
            [
              -76.34422,
              2.51734
            ],
            [
              -76.35181,
              2.5428
            ],
            [
              -76.39277,
              2.52059
            ],
            [
              -76.43236,
              2.54752
            ],
            [
              -76.44337,
              2.59288
            ],
            [
              -76.49704,
              2.60574
            ]
          ]
        ]
      },
      "properties": {
        "code": "19824",
        "departmentCode": "19",
        "name": "TOTORÓ",
        "originalCode": "824",
        "originalName": "TOTORÓ",
        "type": "MUNICIPIO",
        "areaName": 404.59363904,
        "creationYear": 2024,
        "creationResolution": "1915",
        "resultType": "observed",
        "source": "dane-divipola-mgn-2025",
        "year": 2025,
        "MPIO_TIPO": "MUNICIPIO",
        "unitType": "municipio",
        "MPIO_NAREA": 404.59363904,
        "MPIO_NANO": 2024,
        "MPIO_CRSLCION": "1915"
      }
    },
    {
      "type": "Feature",
      "id": 2003,
      "geometry": {
        "type": "Polygon",
        "coordinates": [
          [
            [
              -76.45775,
              3.25863
            ],
            [
              -76.47558,
              3.25771
            ],
            [
              -76.46205,
              3.24922
            ],
            [
              -76.47734,
              3.23258
            ],
            [
              -76.46544,
              3.2275
            ],
            [
              -76.49141,
              3.21682
            ],
            [
              -76.4872,
              3.17302
            ],
            [
              -76.50797,
              3.15638
            ],
            [
              -76.50335,
              3.13684
            ],
            [
              -76.4311,
              3.1041
            ],
            [
              -76.45845,
              3.15987
            ],
            [
              -76.44069,
              3.15857
            ],
            [
              -76.42438,
              3.22826
            ],
            [
              -76.4421,
              3.23082
            ],
            [
              -76.45775,
              3.25863
            ]
          ]
        ]
      },
      "properties": {
        "code": "19845",
        "departmentCode": "19",
        "name": "VILLA RICA",
        "originalCode": "845",
        "originalName": "VILLA RICA",
        "type": "MUNICIPIO",
        "areaName": 81.60825159,
        "creationYear": 2025,
        "creationResolution": "Ordenanza 021 de Noviembre 11 de 1998",
        "resultType": "observed",
        "source": "dane-divipola-mgn-2025",
        "year": 2025,
        "MPIO_TIPO": "MUNICIPIO",
        "unitType": "municipio",
        "MPIO_NAREA": 81.60825159,
        "MPIO_NANO": 2025,
        "MPIO_CRSLCION": "Ordenanza 021 de Noviembre 11 de 1998"
      }
    }
  ]
}
