{
  "type": "FeatureCollection",
  "metadata": {
    "source": "DANE DIVIPOLA MGN 2025",
    "downloadedAt": "2026-07-25T07:50:10Z",
    "crs": "EPSG:4326",
    "simplification": "ArcGIS maxAllowableOffset=0.01 grados y geometryPrecision=5; solo visualización web"
  },
  "features": [
    {
      "type": "Feature",
      "id": 2059,
      "geometry": {
        "type": "Polygon",
        "coordinates": [
          [
            [
              -74.67275,
              4.41331
            ],
            [
              -74.73732,
              4.38399
            ],
            [
              -74.72758,
              4.34941
            ],
            [
              -74.68383,
              4.32819
            ],
            [
              -74.65078,
              4.35373
            ],
            [
              -74.63214,
              4.34195
            ],
            [
              -74.59625,
              4.35939
            ],
            [
              -74.60879,
              4.38453
            ],
            [
              -74.67275,
              4.41331
            ]
          ]
        ]
      },
      "properties": {
        "code": "25001",
        "departmentCode": "25",
        "name": "AGUA DE DIOS",
        "resultType": "observed",
        "source": "dane-divipola-mgn-2025",
        "year": 2025
      }
    },
    {
      "type": "Feature",
      "id": 2060,
      "geometry": {
        "type": "Polygon",
        "coordinates": [
          [
            [
              -74.47852,
              4.95232
            ],
            [
              -74.47537,
              4.89143
            ],
            [
              -74.4574,
              4.89996
            ],
            [
              -74.43999,
              4.85256
            ],
            [
              -74.45859,
              4.83283
            ],
            [
              -74.43099,
              4.84848
            ],
            [
              -74.41369,
              4.84144
            ],
            [
              -74.41985,
              4.87465
            ],
            [
              -74.40296,
              4.88049
            ],
            [
              -74.41775,
              4.91095
            ],
            [
              -74.44601,
              4.93751
            ],
            [
              -74.46906,
              4.92769
            ],
            [
              -74.47852,
              4.95232
            ]
          ]
        ]
      },
      "properties": {
        "code": "25019",
        "departmentCode": "25",
        "name": "ALBÁN",
        "resultType": "observed",
        "source": "dane-divipola-mgn-2025",
        "year": 2025
      }
    },
    {
      "type": "Feature",
      "id": 2061,
      "geometry": {
        "type": "Polygon",
        "coordinates": [
          [
            [
              -74.55201,
              4.64758
            ],
            [
              -74.57106,
              4.62228
            ],
            [
              -74.5974,
              4.62705
            ],
            [
              -74.58338,
              4.6237
            ],
            [
              -74.55102,
              4.55317
            ],
            [
              -74.56446,
              4.53108
            ],
            [
              -74.54118,
              4.52079
            ],
            [
              -74.55741,
              4.50163
            ],
            [
              -74.50212,
              4.48394
            ],
            [
              -74.47148,
              4.4936
            ],
            [
              -74.46332,
              4.52794
            ],
            [
              -74.49753,
              4.54136
            ],
            [
              -74.47762,
              4.57553
            ],
            [
              -74.55201,
              4.64758
            ]
          ]
        ]
      },
      "properties": {
        "code": "25035",
        "departmentCode": "25",
        "name": "ANAPOIMA",
        "resultType": "observed",
        "source": "dane-divipola-mgn-2025",
        "year": 2025
      }
    },
    {
      "type": "Feature",
      "id": 2062,
      "geometry": {
        "type": "Polygon",
        "coordinates": [
          [
            [
              -74.43043,
              4.84847
            ],
            [
              -74.47717,
              4.82576
            ],
            [
              -74.51933,
              4.83211
            ],
            [
              -74.50747,
              4.80725
            ],
            [
              -74.50743,
              4.79253
            ],
            [
              -74.52485,
              4.7928
            ],
            [
              -74.50584,
              4.76304
            ],
            [
              -74.51201,
              4.72846
            ],
            [
              -74.46304,
              4.73298
            ],
            [
              -74.44817,
              4.7591
            ],
            [
              -74.40998,
              4.77347
            ],
            [
              -74.39508,
              4.81373
            ],
            [
              -74.43043,
              4.84847
            ]
          ]
        ]
      },
      "properties": {
        "code": "25040",
        "departmentCode": "25",
        "name": "ANOLAIMA",
        "resultType": "observed",
        "source": "dane-divipola-mgn-2025",
        "year": 2025
      }
    },
    {
      "type": "Feature",
      "id": 2063,
      "geometry": {
        "type": "Polygon",
        "coordinates": [
          [
            [
              -74.42848,
              4.2927
            ],
            [
              -74.50137,
              4.25298
            ],
            [
              -74.54118,
              4.25159
            ],
            [
              -74.48319,
              4.24087
            ],
            [
              -74.4661,
              4.21699
            ],
            [
              -74.4335,
              4.22678
            ],
            [
              -74.41197,
              4.19936
            ],
            [
              -74.34833,
              4.18276
            ],
            [
              -74.24055,
              4.18566
            ],
            [
              -74.24965,
              4.2017
            ],
            [
              -74.31243,
              4.1964
            ],
            [
              -74.37037,
              4.26637
            ],
            [
              -74.42848,
              4.2927
            ]
          ]
        ]
      },
      "properties": {
        "code": "25053",
        "departmentCode": "25",
        "name": "ARBELÁEZ",
        "resultType": "observed",
        "source": "dane-divipola-mgn-2025",
        "year": 2025
      }
    },
    {
      "type": "Feature",
      "id": 2064,
      "geometry": {
        "type": "Polygon",
        "coordinates": [
          [
            [
              -74.76139,
              4.84169
            ],
            [
              -74.74306,
              4.79029
            ],
            [
              -74.81843,
              4.72829
            ],
            [
              -74.80143,
              4.70172
            ],
            [
              -74.8072,
              4.66945
            ],
            [
              -74.78581,
              4.65274
            ],
            [
              -74.81631,
              4.61125
            ],
            [
              -74.79378,
              4.59208
            ],
            [
              -74.7517,
              4.58772
            ],
            [
              -74.73321,
              4.62096
            ],
            [
              -74.75843,
              4.65173
            ],
            [
              -74.76164,
              4.69014
            ],
            [
              -74.73546,
              4.75417
            ],
            [
              -74.68496,
              4.75714
            ],
            [
              -74.69737,
              4.77092
            ],
            [
              -74.68018,
              4.82255
            ],
            [
              -74.76139,
              4.84169
            ]
          ]
        ]
      },
      "properties": {
        "code": "25086",
        "departmentCode": "25",
        "name": "BELTRÁN",
        "resultType": "observed",
        "source": "dane-divipola-mgn-2025",
        "year": 2025
      }
    },
    {
      "type": "Feature",
      "id": 2065,
      "geometry": {
        "type": "Polygon",
        "coordinates": [
          [
            [
              -74.51062,
              4.9453
            ],
            [
              -74.52035,
              4.8977
            ],
            [
              -74.5399,
              4.89973
            ],
            [
              -74.55328,
              4.85779
            ],
            [
              -74.55842,
              4.78866
            ],
            [
              -74.50743,
              4.79253
            ],
            [
              -74.5194,
              4.82888
            ],
            [
              -74.50437,
              4.8335
            ],
            [
              -74.49898,
              4.86889
            ],
            [
              -74.51062,
              4.9453
            ]
          ]
        ]
      },
      "properties": {
        "code": "25095",
        "departmentCode": "25",
        "name": "BITUIMA",
        "resultType": "observed",
        "source": "dane-divipola-mgn-2025",
        "year": 2025
      }
    },
    {
      "type": "Feature",
      "id": 2066,
      "geometry": {
        "type": "Polygon",
        "coordinates": [
          [
            [
              -74.32819,
              4.76303
            ],
            [
              -74.34803,
              4.76309
            ],
            [
              -74.3643,
              4.73291
            ],
            [
              -74.39814,
              4.71775
            ],
            [
              -74.39331,
              4.69933
            ],
            [
              -74.36354,
              4.69324
            ],
            [
              -74.34324,
              4.65011
            ],
            [
              -74.28028,
              4.60945
            ],
            [
              -74.28695,
              4.67712
            ],
            [
              -74.32819,
              4.76303
            ]
          ]
        ]
      },
      "properties": {
        "code": "25099",
        "departmentCode": "25",
        "name": "BOJACÁ",
        "resultType": "observed",
        "source": "dane-divipola-mgn-2025",
        "year": 2025
      }
    },
    {
      "type": "Feature",
      "id": 2067,
      "geometry": {
        "type": "Polygon",
        "coordinates": [
          [
            [
              -74.46463,
              4.03711
            ],
            [
              -74.52496,
              4.02003
            ],
            [
              -74.53111,
              3.9676
            ],
            [
              -74.51126,
              3.94608
            ],
            [
              -74.53946,
              3.84477
            ],
            [
              -74.4902,
              3.81761
            ],
            [
              -74.45023,
              3.81899
            ],
            [
              -74.46345,
              3.7409
            ],
            [
              -74.44071,
              3.73032
            ],
            [
              -74.45067,
              3.74986
            ],
            [
              -74.39518,
              3.82397
            ],
            [
              -74.35956,
              3.91374
            ],
            [
              -74.3559,
              3.96381
            ],
            [
              -74.37458,
              3.98587
            ],
            [
              -74.36558,
              4.03473
            ],
            [
              -74.38378,
              4.0199
            ],
            [
              -74.46463,
              4.03711
            ]
          ]
        ]
      },
      "properties": {
        "code": "25120",
        "departmentCode": "25",
        "name": "CABRERA",
        "resultType": "observed",
        "source": "dane-divipola-mgn-2025",
        "year": 2025
      }
    },
    {
      "type": "Feature",
      "id": 2068,
      "geometry": {
        "type": "Polygon",
        "coordinates": [
          [
            [
              -74.40513,
              4.77414
            ],
            [
              -74.44817,
              4.7591
            ],
            [
              -74.46304,
              4.73298
            ],
            [
              -74.51167,
              4.72753
            ],
            [
              -74.49849,
              4.70234
            ],
            [
              -74.50872,
              4.67428
            ],
            [
              -74.46885,
              4.68494
            ],
            [
              -74.42078,
              4.72589
            ],
            [
              -74.40513,
              4.77414
            ]
          ]
        ]
      },
      "properties": {
        "code": "25123",
        "departmentCode": "25",
        "name": "CACHIPAY",
        "resultType": "observed",
        "source": "dane-divipola-mgn-2025",
        "year": 2025
      }
    },
    {
      "type": "Feature",
      "id": 2069,
      "geometry": {
        "type": "Polygon",
        "coordinates": [
          [
            [
              -73.99959,
              4.98506
            ],
            [
              -74.07685,
              4.91118
            ],
            [
              -74.01702,
              4.88762
            ],
            [
              -73.99959,
              4.98506
            ]
          ]
        ]
      },
      "properties": {
        "code": "25126",
        "departmentCode": "25",
        "name": "CAJICÁ",
        "resultType": "observed",
        "source": "dane-divipola-mgn-2025",
        "year": 2025
      }
    },
    {
      "type": "Feature",
      "id": 2070,
      "geometry": {
        "type": "Polygon",
        "coordinates": [
          [
            [
              -74.48187,
              5.55596
            ],
            [
              -74.5096,
              5.54345
            ],
            [
              -74.54042,
              5.55453
            ],
            [
              -74.59305,
              5.47941
            ],
            [
              -74.59266,
              5.42674
            ],
            [
              -74.61523,
              5.38711
            ],
            [
              -74.58915,
              5.3532
            ],
            [
              -74.61555,
              5.21717
            ],
            [
              -74.57505,
              5.19226
            ],
            [
              -74.52699,
              5.18867
            ],
            [
              -74.50545,
              5.20214
            ],
            [
              -74.49989,
              5.24889
            ],
            [
              -74.45478,
              5.29789
            ],
            [
              -74.45975,
              5.33059
            ],
            [
              -74.43667,
              5.36379
            ],
            [
              -74.45707,
              5.38706
            ],
            [
              -74.43729,
              5.40251
            ],
            [
              -74.43919,
              5.43293
            ],
            [
              -74.41061,
              5.47843
            ],
            [
              -74.44497,
              5.55007
            ],
            [
              -74.48187,
              5.55596
            ]
          ]
        ]
      },
      "properties": {
        "code": "25148",
        "departmentCode": "25",
        "name": "CAPARRAPÍ",
        "resultType": "observed",
        "source": "dane-divipola-mgn-2025",
        "year": 2025
      }
    },
    {
      "type": "Feature",
      "id": 2071,
      "geometry": {
        "type": "Polygon",
        "coordinates": [
          [
            [
              -73.9628,
              4.45881
            ],
            [
              -74.00341,
              4.4091
            ],
            [
              -73.99472,
              4.35723
            ],
            [
              -73.92959,
              4.37161
            ],
            [
              -73.87009,
              4.33008
            ],
            [
              -73.90262,
              4.37561
            ],
            [
              -73.87562,
              4.38557
            ],
            [
              -73.90276,
              4.41181
            ],
            [
              -73.90393,
              4.44158
            ],
            [
              -73.9628,
              4.45881
            ]
          ]
        ]
      },
      "properties": {
        "code": "25151",
        "departmentCode": "25",
        "name": "CÁQUEZA",
        "resultType": "observed",
        "source": "dane-divipola-mgn-2025",
        "year": 2025
      }
    },
    {
      "type": "Feature",
      "id": 2072,
      "geometry": {
        "type": "Polygon",
        "coordinates": [
          [
            [
              -73.88122,
              5.46968
            ],
            [
              -73.90201,
              5.46714
            ],
            [
              -73.91252,
              5.43223
            ],
            [
              -73.92843,
              5.43998
            ],
            [
              -73.94765,
              5.41769
            ],
            [
              -73.97297,
              5.41936
            ],
            [
              -74.0067,
              5.35541
            ],
            [
              -73.9716,
              5.3134
            ],
            [
              -73.99536,
              5.25848
            ],
            [
              -73.95701,
              5.2016
            ],
            [
              -73.86729,
              5.2816
            ],
            [
              -73.88657,
              5.31712
            ],
            [
              -73.8495,
              5.32877
            ],
            [
              -73.83968,
              5.36761
            ],
            [
              -73.86503,
              5.39134
            ],
            [
              -73.86122,
              5.41868
            ],
            [
              -73.88787,
              5.43655
            ],
            [
              -73.8672,
              5.46197
            ],
            [
              -73.88122,
              5.46968
            ]
          ]
        ]
      },
      "properties": {
        "code": "25154",
        "departmentCode": "25",
        "name": "CARMEN DE CARUPA",
        "resultType": "observed",
        "source": "dane-divipola-mgn-2025",
        "year": 2025
      }
    },
    {
      "type": "Feature",
      "id": 2073,
      "geometry": {
        "type": "Polygon",
        "coordinates": [
          [
            [
              -74.70598,
              5.01187
            ],
            [
              -74.73056,
              5.00336
            ],
            [
              -74.70591,
              4.98228
            ],
            [
              -74.72776,
              4.97708
            ],
            [
              -74.72157,
              4.94815
            ],
            [
              -74.67795,
              4.94407
            ],
            [
              -74.65342,
              4.90411
            ],
            [
              -74.62224,
              4.88765
            ],
            [
              -74.57215,
              4.89024
            ],
            [
              -74.55197,
              4.9647
            ],
            [
              -74.56177,
              4.99639
            ],
            [
              -74.63532,
              5.0053
            ],
            [
              -74.66657,
              4.99326
            ],
            [
              -74.70598,
              5.01187
            ]
          ]
        ]
      },
      "properties": {
        "code": "25168",
        "departmentCode": "25",
        "name": "CHAGUANÍ",
        "resultType": "observed",
        "source": "dane-divipola-mgn-2025",
        "year": 2025
      }
    },
    {
      "type": "Feature",
      "id": 2074,
      "geometry": {
        "type": "Polygon",
        "coordinates": [
          [
            [
              -74.0067,
              4.82325
            ],
            [
              -73.98148,
              4.90259
            ],
            [
              -74.00644,
              4.91787
            ],
            [
              -74.02573,
              4.88286
            ],
            [
              -74.0774,
              4.91081
            ],
            [
              -74.09419,
              4.84915
            ],
            [
              -74.0707,
              4.82859
            ],
            [
              -74.0067,
              4.82325
            ]
          ]
        ]
      },
      "properties": {
        "code": "25175",
        "departmentCode": "25",
        "name": "CHÍA",
        "resultType": "observed",
        "source": "dane-divipola-mgn-2025",
        "year": 2025
      }
    },
    {
      "type": "Feature",
      "id": 2075,
      "geometry": {
        "type": "Polygon",
        "coordinates": [
          [
            [
              -74.05607,
              4.50904
            ],
            [
              -74.07255,
              4.51312
            ],
            [
              -74.0759,
              4.46316
            ],
            [
              -74.11215,
              4.43313
            ],
            [
              -74.11444,
              4.38566
            ],
            [
              -74.09441,
              4.36654
            ],
            [
              -74.11914,
              4.31085
            ],
            [
              -74.10835,
              4.30355
            ],
            [
              -74.08412,
              4.31249
            ],
            [
              -74.08096,
              4.35175
            ],
            [
              -74.04987,
              4.35952
            ],
            [
              -74.05659,
              4.41001
            ],
            [
              -74.01776,
              4.43037
            ],
            [
              -73.98912,
              4.41878
            ],
            [
              -73.97297,
              4.45446
            ],
            [
              -73.98389,
              4.47428
            ],
            [
              -74.05607,
              4.50904
            ]
          ]
        ]
      },
      "properties": {
        "code": "25178",
        "departmentCode": "25",
        "name": "CHIPAQUE",
        "resultType": "observed",
        "source": "dane-divipola-mgn-2025",
        "year": 2025
      }
    },
    {
      "type": "Feature",
      "id": 2076,
      "geometry": {
        "type": "Polygon",
        "coordinates": [
          [
            [
              -73.95599,
              4.65417
            ],
            [
              -73.98791,
              4.63294
            ],
            [
              -74.00648,
              4.56667
            ],
            [
              -73.94517,
              4.5038
            ],
            [
              -73.9043,
              4.50077
            ],
            [
              -73.90749,
              4.52332
            ],
            [
              -73.86818,
              4.54392
            ],
            [
              -73.79215,
              4.63122
            ],
            [
              -73.87406,
              4.63991
            ],
            [
              -73.9114,
              4.58997
            ],
            [
              -73.94175,
              4.62259
            ],
            [
              -73.93333,
              4.64138
            ],
            [
              -73.95599,
              4.65417
            ]
          ]
        ]
      },
      "properties": {
        "code": "25181",
        "departmentCode": "25",
        "name": "CHOACHÍ",
        "resultType": "observed",
        "source": "dane-divipola-mgn-2025",
        "year": 2025
      }
    },
    {
      "type": "Feature",
      "id": 2077,
      "geometry": {
        "type": "Polygon",
        "coordinates": [
          [
            [
              -73.65917,
              5.24142
            ],
            [
              -73.6865,
              5.22829
            ],
            [
              -73.71582,
              5.17001
            ],
            [
              -73.74175,
              5.15495
            ],
            [
              -73.75703,
              5.16765
            ],
            [
              -73.77108,
              5.13904
            ],
            [
              -73.73844,
              5.09678
            ],
            [
              -73.75107,
              5.08436
            ],
            [
              -73.74443,
              5.06547
            ],
            [
              -73.77805,
              5.02995
            ],
            [
              -73.74706,
              5.0278
            ],
            [
              -73.6875,
              4.98348
            ],
            [
              -73.68478,
              5.01695
            ],
            [
              -73.61701,
              5.13173
            ],
            [
              -73.58244,
              5.15026
            ],
            [
              -73.55089,
              5.10865
            ],
            [
              -73.53674,
              5.13223
            ],
            [
              -73.55051,
              5.15423
            ],
            [
              -73.62987,
              5.18886
            ],
            [
              -73.65917,
              5.24142
            ]
          ]
        ]
      },
      "properties": {
        "code": "25183",
        "departmentCode": "25",
        "name": "CHOCONTÁ",
        "resultType": "observed",
        "source": "dane-divipola-mgn-2025",
        "year": 2025
      }
    },
    {
      "type": "Feature",
      "id": 2078,
      "geometry": {
        "type": "Polygon",
        "coordinates": [
          [
            [
              -74.02528,
              5.18022
            ],
            [
              -74.04594,
              5.16157
            ],
            [
              -74.04072,
              5.13217
            ],
            [
              -74.00713,
              5.12699
            ],
            [
              -74.02694,
              5.04523
            ],
            [
              -73.94721,
              5.03626
            ],
            [
              -73.92928,
              5.04691
            ],
            [
              -73.93223,
              5.08523
            ],
            [
              -73.90635,
              5.13304
            ],
            [
              -73.93028,
              5.15306
            ],
            [
              -73.94451,
              5.12675
            ],
            [
              -74.00187,
              5.16621
            ],
            [
              -74.01818,
              5.1567
            ],
            [
              -74.02528,
              5.18022
            ]
          ]
        ]
      },
      "properties": {
        "code": "25200",
        "departmentCode": "25",
        "name": "COGUA",
        "resultType": "observed",
        "source": "dane-divipola-mgn-2025",
        "year": 2025
      }
    },
    {
      "type": "Feature",
      "id": 2079,
      "geometry": {
        "type": "Polygon",
        "coordinates": [
          [
            [
              -74.08206,
              4.83514
            ],
            [
              -74.09419,
              4.84915
            ],
            [
              -74.14873,
              4.79999
            ],
            [
              -74.15729,
              4.72394
            ],
            [
              -74.12606,
              4.72945
            ],
            [
              -74.11295,
              4.79013
            ],
            [
              -74.07964,
              4.80896
            ],
            [
              -74.08206,
              4.83514
            ]
          ]
        ]
      },
      "properties": {
        "code": "25214",
        "departmentCode": "25",
        "name": "COTA",
        "resultType": "observed",
        "source": "dane-divipola-mgn-2025",
        "year": 2025
      }
    },
    {
      "type": "Feature",
      "id": 2080,
      "geometry": {
        "type": "Polygon",
        "coordinates": [
          [
            [
              -73.76312,
              5.29443
            ],
            [
              -73.84713,
              5.21175
            ],
            [
              -73.83818,
              5.16453
            ],
            [
              -73.82057,
              5.17955
            ],
            [
              -73.80623,
              5.16774
            ],
            [
              -73.75261,
              5.22314
            ],
            [
              -73.73905,
              5.21415
            ],
            [
              -73.7137,
              5.23181
            ],
            [
              -73.68437,
              5.22869
            ],
            [
              -73.73357,
              5.25238
            ],
            [
              -73.76312,
              5.29443
            ]
          ]
        ]
      },
      "properties": {
        "code": "25224",
        "departmentCode": "25",
        "name": "CUCUNUBÁ",
        "resultType": "observed",
        "source": "dane-divipola-mgn-2025",
        "year": 2025
      }
    },
    {
      "type": "Feature",
      "id": 2081,
      "geometry": {
        "type": "Polygon",
        "coordinates": [
          [
            [
              -74.39344,
              4.60215
            ],
            [
              -74.39415,
              4.62263
            ],
            [
              -74.40785,
              4.62547
            ],
            [
              -74.48962,
              4.56825
            ],
            [
              -74.49753,
              4.54136
            ],
            [
              -74.46332,
              4.52794
            ],
            [
              -74.46941,
              4.49692
            ],
            [
              -74.43118,
              4.50162
            ],
            [
              -74.41228,
              4.52283
            ],
            [
              -74.39486,
              4.50028
            ],
            [
              -74.3872,
              4.50733
            ],
            [
              -74.36373,
              4.55891
            ],
            [
              -74.39344,
              4.60215
            ]
          ]
        ]
      },
      "properties": {
        "code": "25245",
        "departmentCode": "25",
        "name": "EL COLEGIO",
        "resultType": "observed",
        "source": "dane-divipola-mgn-2025",
        "year": 2025
      }
    },
    {
      "type": "Feature",
      "id": 2082,
      "geometry": {
        "type": "Polygon",
        "coordinates": [
          [
            [
              -74.32236,
              5.33281
            ],
            [
              -74.36403,
              5.32626
            ],
            [
              -74.33565,
              5.29139
            ],
            [
              -74.36973,
              5.20049
            ],
            [
              -74.30062,
              5.19239
            ],
            [
              -74.2907,
              5.23563
            ],
            [
              -74.25014,
              5.23575
            ],
            [
              -74.24715,
              5.26912
            ],
            [
              -74.2576,
              5.31208
            ],
            [
              -74.30426,
              5.30562
            ],
            [
              -74.32236,
              5.33281
            ]
          ]
        ]
      },
      "properties": {
        "code": "25258",
        "departmentCode": "25",
        "name": "EL PEÑÓN",
        "resultType": "observed",
        "source": "dane-divipola-mgn-2025",
        "year": 2025
      }
    },
    {
      "type": "Feature",
      "id": 2083,
      "geometry": {
        "type": "Polygon",
        "coordinates": [
          [
            [
              -74.27131,
              4.85225
            ],
            [
              -74.26043,
              4.82321
            ],
            [
              -74.24058,
              4.82109
            ],
            [
              -74.19104,
              4.8647
            ],
            [
              -74.1871,
              4.88219
            ],
            [
              -74.23505,
              4.94878
            ],
            [
              -74.27951,
              4.88925
            ],
            [
              -74.27131,
              4.85225
            ]
          ]
        ]
      },
      "properties": {
        "code": "25260",
        "departmentCode": "25",
        "name": "EL ROSAL",
        "resultType": "observed",
        "source": "dane-divipola-mgn-2025",
        "year": 2025
      }
    },
    {
      "type": "Feature",
      "id": 2084,
      "geometry": {
        "type": "Polygon",
        "coordinates": [
          [
            [
              -74.27131,
              4.85225
            ],
            [
              -74.28442,
              4.87557
            ],
            [
              -74.31441,
              4.87308
            ],
            [
              -74.35533,
              4.89868
            ],
            [
              -74.37364,
              4.87131
            ],
            [
              -74.41847,
              4.87731
            ],
            [
              -74.42107,
              4.83632
            ],
            [
              -74.34019,
              4.76297
            ],
            [
              -74.30247,
              4.80392
            ],
            [
              -74.28301,
              4.78714
            ],
            [
              -74.26929,
              4.79404
            ],
            [
              -74.27131,
              4.85225
            ]
          ]
        ]
      },
      "properties": {
        "code": "25269",
        "departmentCode": "25",
        "name": "FACATATIVÁ",
        "resultType": "observed",
        "source": "dane-divipola-mgn-2025",
        "year": 2025
      }
    },
    {
      "type": "Feature",
      "id": 2085,
      "geometry": {
        "type": "Polygon",
        "coordinates": [
          [
            [
              -73.76612,
              4.68832
            ],
            [
              -73.79257,
              4.68224
            ],
            [
              -73.7922,
              4.63098
            ],
            [
              -73.8273,
              4.58367
            ],
            [
              -73.90749,
              4.52332
            ],
            [
              -73.90294,
              4.41229
            ],
            [
              -73.87249,
              4.38216
            ],
            [
              -73.84496,
              4.40688
            ],
            [
              -73.8088,
              4.3959
            ],
            [
              -73.79323,
              4.44043
            ],
            [
              -73.73899,
              4.46002
            ],
            [
              -73.72766,
              4.5027
            ],
            [
              -73.66877,
              4.53995
            ],
            [
              -73.69619,
              4.56106
            ],
            [
              -73.70235,
              4.62678
            ],
            [
              -73.76612,
              4.68832
            ]
          ]
        ]
      },
      "properties": {
        "code": "25279",
        "departmentCode": "25",
        "name": "FÓMEQUE",
        "resultType": "observed",
        "source": "dane-divipola-mgn-2025",
        "year": 2025
      }
    },
    {
      "type": "Feature",
      "id": 2086,
      "geometry": {
        "type": "Polygon",
        "coordinates": [
          [
            [
              -73.92435,
              4.36962
            ],
            [
              -73.99195,
              4.35516
            ],
            [
              -74.00886,
              4.31349
            ],
            [
              -74.04286,
              4.29664
            ],
            [
              -74.01508,
              4.2842
            ],
            [
              -73.99259,
              4.29267
            ],
            [
              -73.97056,
              4.26858
            ],
            [
              -73.90094,
              4.27053
            ],
            [
              -73.91143,
              4.29537
            ],
            [
              -73.8889,
              4.33982
            ],
            [
              -73.92435,
              4.36962
            ]
          ]
        ]
      },
      "properties": {
        "code": "25281",
        "departmentCode": "25",
        "name": "FOSCA",
        "resultType": "observed",
        "source": "dane-divipola-mgn-2025",
        "year": 2025
      }
    },
    {
      "type": "Feature",
      "id": 2087,
      "geometry": {
        "type": "Polygon",
        "coordinates": [
          [
            [
              -74.21833,
              4.79371
            ],
            [
              -74.24565,
              4.75435
            ],
            [
              -74.20994,
              4.70114
            ],
            [
              -74.17233,
              4.69619
            ],
            [
              -74.14994,
              4.74229
            ],
            [
              -74.17246,
              4.77352
            ],
            [
              -74.19169,
              4.76818
            ],
            [
              -74.20073,
              4.7921
            ],
            [
              -74.21701,
              4.77709
            ],
            [
              -74.21833,
              4.79371
            ]
          ]
        ]
      },
      "properties": {
        "code": "25286",
        "departmentCode": "25",
        "name": "FUNZA",
        "resultType": "observed",
        "source": "dane-divipola-mgn-2025",
        "year": 2025
      }
    },
    {
      "type": "Feature",
      "id": 2088,
      "geometry": {
        "type": "Polygon",
        "coordinates": [
          [
            [
              -73.72465,
              5.47912
            ],
            [
              -73.77114,
              5.47144
            ],
            [
              -73.82519,
              5.37427
            ],
            [
              -73.80094,
              5.37045
            ],
            [
              -73.7806,
              5.33905
            ],
            [
              -73.74332,
              5.41111
            ],
            [
              -73.74839,
              5.4381
            ],
            [
              -73.71953,
              5.45881
            ],
            [
              -73.72465,
              5.47912
            ]
          ]
        ]
      },
      "properties": {
        "code": "25288",
        "departmentCode": "25",
        "name": "FÚQUENE",
        "resultType": "observed",
        "source": "dane-divipola-mgn-2025",
        "year": 2025
      }
    },
    {
      "type": "Feature",
      "id": 2089,
      "geometry": {
        "type": "Polygon",
        "coordinates": [
          [
            [
              -74.28251,
              4.3794
            ],
            [
              -74.27327,
              4.39103
            ],
            [
              -74.29869,
              4.39569
            ],
            [
              -74.29937,
              4.42698
            ],
            [
              -74.32127,
              4.38971
            ],
            [
              -74.39401,
              4.3959
            ],
            [
              -74.45852,
              4.30357
            ],
            [
              -74.54943,
              4.26024
            ],
            [
              -74.51066,
              4.2501
            ],
            [
              -74.42881,
              4.29295
            ],
            [
              -74.37069,
              4.26662
            ],
            [
              -74.33556,
              4.22785
            ],
            [
              -74.32808,
              4.26604
            ],
            [
              -74.35207,
              4.2953
            ],
            [
              -74.32116,
              4.38965
            ],
            [
              -74.30431,
              4.36649
            ],
            [
              -74.28251,
              4.3794
            ]
          ]
        ]
      },
      "properties": {
        "code": "25290",
        "departmentCode": "25",
        "name": "FUSAGASUGÁ",
        "resultType": "observed",
        "source": "dane-divipola-mgn-2025",
        "year": 2025
      }
    },
    {
      "type": "Feature",
      "id": 2090,
      "geometry": {
        "type": "Polygon",
        "coordinates": [
          [
            [
              -73.37397,
              4.80154
            ],
            [
              -73.41948,
              4.74749
            ],
            [
              -73.56034,
              4.70506
            ],
            [
              -73.57078,
              4.65978
            ],
            [
              -73.61695,
              4.66771
            ],
            [
              -73.64449,
              4.61022
            ],
            [
              -73.64362,
              4.54852
            ],
            [
              -73.62121,
              4.56233
            ],
            [
              -73.56757,
              4.525
            ],
            [
              -73.55561,
              4.54572
            ],
            [
              -73.5315,
              4.54923
            ],
            [
              -73.46946,
              4.63087
            ],
            [
              -73.41289,
              4.66568
            ],
            [
              -73.38408,
              4.70423
            ],
            [
              -73.39069,
              4.74153
            ],
            [
              -73.37656,
              4.76698
            ],
            [
              -73.32467,
              4.77573
            ],
            [
              -73.37397,
              4.80154
            ]
          ]
        ]
      },
      "properties": {
        "code": "25293",
        "departmentCode": "25",
        "name": "GACHALÁ",
        "resultType": "observed",
        "source": "dane-divipola-mgn-2025",
        "year": 2025
      }
    },
    {
      "type": "Feature",
      "id": 2091,
      "geometry": {
        "type": "Polygon",
        "coordinates": [
          [
            [
              -73.88649,
              5.0448
            ],
            [
              -73.91242,
              5.02795
            ],
            [
              -73.88834,
              4.98505
            ],
            [
              -73.89859,
              4.97583
            ],
            [
              -73.87536,
              4.96302
            ],
            [
              -73.83843,
              5.01657
            ],
            [
              -73.87091,
              5.04746
            ],
            [
              -73.88649,
              5.0448
            ]
          ]
        ]
      },
      "properties": {
        "code": "25295",
        "departmentCode": "25",
        "name": "GACHANCIPÁ",
        "resultType": "observed",
        "source": "dane-divipola-mgn-2025",
        "year": 2025
      }
    },
    {
      "type": "Feature",
      "id": 2092,
      "geometry": {
        "type": "Polygon",
        "coordinates": [
          [
            [
              -73.61721,
              4.96103
            ],
            [
              -73.70176,
              4.91899
            ],
            [
              -73.69399,
              4.85689
            ],
            [
              -73.71408,
              4.85667
            ],
            [
              -73.7244,
              4.83291
            ],
            [
              -73.69273,
              4.81801
            ],
            [
              -73.6629,
              4.82945
            ],
            [
              -73.59312,
              4.7797
            ],
            [
              -73.59059,
              4.79532
            ],
            [
              -73.54405,
              4.79163
            ],
            [
              -73.52423,
              4.89147
            ],
            [
              -73.54263,
              4.91417
            ],
            [
              -73.60307,
              4.91851
            ],
            [
              -73.61721,
              4.96103
            ]
          ]
        ]
      },
      "properties": {
        "code": "25297",
        "departmentCode": "25",
        "name": "GACHETÁ",
        "resultType": "observed",
        "source": "dane-divipola-mgn-2025",
        "year": 2025
      }
    },
    {
      "type": "Feature",
      "id": 2093,
      "geometry": {
        "type": "Polygon",
        "coordinates": [
          [
            [
              -73.61799,
              4.78996
            ],
            [
              -73.65175,
              4.71271
            ],
            [
              -73.63478,
              4.70885
            ],
            [
              -73.61614,
              4.66827
            ],
            [
              -73.57078,
              4.65978
            ],
            [
              -73.56072,
              4.70466
            ],
            [
              -73.53471,
              4.71763
            ],
            [
              -73.5647,
              4.7315
            ],
            [
              -73.58854,
              4.77921
            ],
            [
              -73.61799,
              4.78996
            ]
          ]
        ]
      },
      "properties": {
        "code": "25299",
        "departmentCode": "25",
        "name": "GAMA",
        "resultType": "observed",
        "source": "dane-divipola-mgn-2025",
        "year": 2025
      }
    },
    {
      "type": "Feature",
      "id": 2094,
      "geometry": {
        "type": "Polygon",
        "coordinates": [
          [
            [
              -74.75355,
              4.43462
            ],
            [
              -74.84662,
              4.33532
            ],
            [
              -74.88348,
              4.31699
            ],
            [
              -74.87895,
              4.26606
            ],
            [
              -74.76058,
              4.31144
            ],
            [
              -74.7774,
              4.32782
            ],
            [
              -74.76504,
              4.3337
            ],
            [
              -74.76832,
              4.37556
            ],
            [
              -74.74297,
              4.38077
            ],
            [
              -74.75355,
              4.43462
            ]
          ]
        ]
      },
      "properties": {
        "code": "25307",
        "departmentCode": "25",
        "name": "GIRARDOT",
        "resultType": "observed",
        "source": "dane-divipola-mgn-2025",
        "year": 2025
      }
    },
    {
      "type": "Feature",
      "id": 2095,
      "geometry": {
        "type": "Polygon",
        "coordinates": [
          [
            [
              -74.36091,
              4.55946
            ],
            [
              -74.39866,
              4.49133
            ],
            [
              -74.28671,
              4.50467
            ],
            [
              -74.2901,
              4.5486
            ],
            [
              -74.36091,
              4.55946
            ]
          ]
        ]
      },
      "properties": {
        "code": "25312",
        "departmentCode": "25",
        "name": "GRANADA",
        "resultType": "observed",
        "source": "dane-divipola-mgn-2025",
        "year": 2025
      }
    },
    {
      "type": "Feature",
      "id": 2096,
      "geometry": {
        "type": "Polygon",
        "coordinates": [
          [
            [
              -73.67656,
              5.44765
            ],
            [
              -73.67723,
              5.4596
            ],
            [
              -73.69468,
              5.44632
            ],
            [
              -73.71953,
              5.45881
            ],
            [
              -73.74753,
              5.43973
            ],
            [
              -73.74332,
              5.41111
            ],
            [
              -73.77457,
              5.3617
            ],
            [
              -73.76441,
              5.32446
            ],
            [
              -73.72915,
              5.34517
            ],
            [
              -73.69406,
              5.32876
            ],
            [
              -73.59531,
              5.38152
            ],
            [
              -73.59424,
              5.40029
            ],
            [
              -73.65111,
              5.41541
            ],
            [
              -73.67656,
              5.44765
            ]
          ]
        ]
      },
      "properties": {
        "code": "25317",
        "departmentCode": "25",
        "name": "GUACHETÁ",
        "resultType": "observed",
        "source": "dane-divipola-mgn-2025",
        "year": 2025
      }
    },
    {
      "type": "Feature",
      "id": 2097,
      "geometry": {
        "type": "Polygon",
        "coordinates": [
          [
            [
              -74.73071,
              5.21227
            ],
            [
              -74.71466,
              5.18602
            ],
            [
              -74.73191,
              5.14531
            ],
            [
              -74.71681,
              5.09231
            ],
            [
              -74.74142,
              5.00263
            ],
            [
              -74.70722,
              5.01292
            ],
            [
              -74.66657,
              4.99326
            ],
            [
              -74.63532,
              5.0053
            ],
            [
              -74.56211,
              4.99649
            ],
            [
              -74.55786,
              4.97067
            ],
            [
              -74.5357,
              4.96664
            ],
            [
              -74.54157,
              5.10734
            ],
            [
              -74.5177,
              5.141
            ],
            [
              -74.5143,
              5.19455
            ],
            [
              -74.57505,
              5.19226
            ],
            [
              -74.61535,
              5.21669
            ],
            [
              -74.58921,
              5.35459
            ],
            [
              -74.61498,
              5.38792
            ],
            [
              -74.64141,
              5.3881
            ],
            [
              -74.6261,
              5.41681
            ],
            [
              -74.64989,
              5.44231
            ],
            [
              -74.6764,
              5.43809
            ],
            [
              -74.66581,
              5.40938
            ],
            [
              -74.68484,
              5.40024
            ],
            [
              -74.67852,
              5.37525
            ],
            [
              -74.70661,
              5.37097
            ],
            [
              -74.70108,
              5.35318
            ],
            [
              -74.73296,
              5.29645
            ],
            [
              -74.73071,
              5.21227
            ]
          ]
        ]
      },
      "properties": {
        "code": "25320",
        "departmentCode": "25",
        "name": "GUADUAS",
        "resultType": "observed",
        "source": "dane-divipola-mgn-2025",
        "year": 2025
      }
    },
    {
      "type": "Feature",
      "id": 2098,
      "geometry": {
        "type": "Polygon",
        "coordinates": [
          [
            [
              -73.88649,
              4.91238
            ],
            [
              -73.91601,
              4.91668
            ],
            [
              -73.93113,
              4.83991
            ],
            [
              -73.95746,
              4.84
            ],
            [
              -73.96266,
              4.79875
            ],
            [
              -73.86992,
              4.74177
            ],
            [
              -73.85313,
              4.68749
            ],
            [
              -73.80261,
              4.68106
            ],
            [
              -73.79855,
              4.72312
            ],
            [
              -73.74123,
              4.73821
            ],
            [
              -73.73809,
              4.784
            ],
            [
              -73.78034,
              4.85277
            ],
            [
              -73.78863,
              4.84567
            ],
            [
              -73.88649,
              4.91238
            ]
          ]
        ]
      },
      "properties": {
        "code": "25322",
        "departmentCode": "25",
        "name": "GUASCA",
        "resultType": "observed",
        "source": "dane-divipola-mgn-2025",
        "year": 2025
      }
    },
    {
      "type": "Feature",
      "id": 2099,
      "geometry": {
        "type": "Polygon",
        "coordinates": [
          [
            [
              -74.7825,
              4.59522
            ],
            [
              -74.81495,
              4.58519
            ],
            [
              -74.78611,
              4.50724
            ],
            [
              -74.82198,
              4.44532
            ],
            [
              -74.80986,
              4.41674
            ],
            [
              -74.74301,
              4.47582
            ],
            [
              -74.75676,
              4.49411
            ],
            [
              -74.75214,
              4.53004
            ],
            [
              -74.76996,
              4.54462
            ],
            [
              -74.75137,
              4.58755
            ],
            [
              -74.7825,
              4.59522
            ]
          ]
        ]
      },
      "properties": {
        "code": "25324",
        "departmentCode": "25",
        "name": "GUATAQUÍ",
        "resultType": "observed",
        "source": "dane-divipola-mgn-2025",
        "year": 2025
      }
    },
    {
      "type": "Feature",
      "id": 2100,
      "geometry": {
        "type": "Polygon",
        "coordinates": [
          [
            [
              -73.88722,
              4.91284
            ],
            [
              -73.78863,
              4.84567
            ],
            [
              -73.78034,
              4.85277
            ],
            [
              -73.77221,
              4.8246
            ],
            [
              -73.73509,
              4.82494
            ],
            [
              -73.73517,
              4.84084
            ],
            [
              -73.6942,
              4.8564
            ],
            [
              -73.70176,
              4.91899
            ],
            [
              -73.68512,
              4.93388
            ],
            [
              -73.74816,
              4.95506
            ],
            [
              -73.75826,
              4.97777
            ],
            [
              -73.79534,
              4.96143
            ],
            [
              -73.85642,
              4.98794
            ],
            [
              -73.90381,
              4.93479
            ],
            [
              -73.90833,
              4.92301
            ],
            [
              -73.88722,
              4.91284
            ]
          ]
        ]
      },
      "properties": {
        "code": "25326",
        "departmentCode": "25",
        "name": "GUATAVITA",
        "resultType": "observed",
        "source": "dane-divipola-mgn-2025",
        "year": 2025
      }
    },
    {
      "type": "Feature",
      "id": 2101,
      "geometry": {
        "type": "Polygon",
        "coordinates": [
          [
            [
              -74.50173,
              4.95174
            ],
            [
              -74.51356,
              4.9083
            ],
            [
              -74.49917,
              4.87084
            ],
            [
              -74.50528,
              4.83225
            ],
            [
              -74.47717,
              4.82576
            ],
            [
              -74.43999,
              4.85256
            ],
            [
              -74.4574,
              4.89996
            ],
            [
              -74.47537,
              4.89143
            ],
            [
              -74.47723,
              4.93196
            ],
            [
              -74.50173,
              4.95174
            ]
          ]
        ]
      },
      "properties": {
        "code": "25328",
        "departmentCode": "25",
        "name": "GUAYABAL DE SÍQUIMA",
        "resultType": "observed",
        "source": "dane-divipola-mgn-2025",
        "year": 2025
      }
    },
    {
      "type": "Feature",
      "id": 2102,
      "geometry": {
        "type": "Polygon",
        "coordinates": [
          [
            [
              -73.79132,
              4.34923
            ],
            [
              -73.82932,
              4.28076
            ],
            [
              -73.8557,
              4.28199
            ],
            [
              -73.86837,
              4.25233
            ],
            [
              -73.89646,
              4.27131
            ],
            [
              -73.91912,
              4.26458
            ],
            [
              -73.89856,
              4.20746
            ],
            [
              -73.93435,
              4.17191
            ],
            [
              -73.92799,
              4.14427
            ],
            [
              -73.89583,
              4.14264
            ],
            [
              -73.84735,
              4.17651
            ],
            [
              -73.82589,
              4.16834
            ],
            [
              -73.80936,
              4.20392
            ],
            [
              -73.74259,
              4.19802
            ],
            [
              -73.76033,
              4.2364
            ],
            [
              -73.74442,
              4.26736
            ],
            [
              -73.78364,
              4.30034
            ],
            [
              -73.79132,
              4.34923
            ]
          ]
        ]
      },
      "properties": {
        "code": "25335",
        "departmentCode": "25",
        "name": "GUAYABETAL",
        "resultType": "observed",
        "source": "dane-divipola-mgn-2025",
        "year": 2025
      }
    },
    {
      "type": "Feature",
      "id": 2103,
      "geometry": {
        "type": "Polygon",
        "coordinates": [
          [
            [
              -73.91912,
              4.26458
            ],
            [
              -73.97084,
              4.26866
            ],
            [
              -73.99268,
              4.2927
            ],
            [
              -74.07486,
              4.29159
            ],
            [
              -74.05021,
              4.26726
            ],
            [
              -74.08253,
              4.22722
            ],
            [
              -74.05645,
              4.20841
            ],
            [
              -74.065,
              4.18485
            ],
            [
              -74.11033,
              4.18162
            ],
            [
              -74.10959,
              4.13249
            ],
            [
              -74.13059,
              4.11599
            ],
            [
              -74.12452,
              4.05765
            ],
            [
              -74.15067,
              4.00485
            ],
            [
              -74.09974,
              4.01314
            ],
            [
              -74.0707,
              4.0577
            ],
            [
              -74.03489,
              4.06084
            ],
            [
              -74.03589,
              4.08238
            ],
            [
              -74.00593,
              4.10977
            ],
            [
              -73.97939,
              4.10919
            ],
            [
              -73.96784,
              4.0907
            ],
            [
              -73.95584,
              4.09954
            ],
            [
              -73.93435,
              4.17191
            ],
            [
              -73.89865,
              4.20633
            ],
            [
              -73.91912,
              4.26458
            ]
          ]
        ]
      },
      "properties": {
        "code": "25339",
        "departmentCode": "25",
        "name": "GUTIÉRREZ",
        "resultType": "observed",
        "source": "dane-divipola-mgn-2025",
        "year": 2025
      }
    },
    {
      "type": "Feature",
      "id": 2104,
      "geometry": {
        "type": "Polygon",
        "coordinates": [
          [
            [
              -74.6226,
              4.65522
            ],
            [
              -74.65424,
              4.63692
            ],
            [
              -74.68168,
              4.65054
            ],
            [
              -74.68156,
              4.63698
            ],
            [
              -74.7223,
              4.63444
            ],
            [
              -74.75688,
              4.58428
            ],
            [
              -74.76996,
              4.54462
            ],
            [
              -74.75214,
              4.53004
            ],
            [
              -74.75676,
              4.49411
            ],
            [
              -74.73244,
              4.46161
            ],
            [
              -74.64107,
              4.54868
            ],
            [
              -74.58928,
              4.63497
            ],
            [
              -74.58651,
              4.6524
            ],
            [
              -74.6226,
              4.65522
            ]
          ]
        ]
      },
      "properties": {
        "code": "25368",
        "departmentCode": "25",
        "name": "JERUSALÉN",
        "resultType": "observed",
        "source": "dane-divipola-mgn-2025",
        "year": 2025
      }
    },
    {
      "type": "Feature",
      "id": 2105,
      "geometry": {
        "type": "Polygon",
        "coordinates": [
          [
            [
              -73.722,
              4.84206
            ],
            [
              -73.76276,
              4.82306
            ],
            [
              -73.73803,
              4.78381
            ],
            [
              -73.74123,
              4.73821
            ],
            [
              -73.75888,
              4.72426
            ],
            [
              -73.78639,
              4.7325
            ],
            [
              -73.80487,
              4.70254
            ],
            [
              -73.79303,
              4.68118
            ],
            [
              -73.74322,
              4.67797
            ],
            [
              -73.70052,
              4.62347
            ],
            [
              -73.69619,
              4.56106
            ],
            [
              -73.66877,
              4.53995
            ],
            [
              -73.64196,
              4.54685
            ],
            [
              -73.64449,
              4.61022
            ],
            [
              -73.61614,
              4.66827
            ],
            [
              -73.65383,
              4.72085
            ],
            [
              -73.62349,
              4.79516
            ],
            [
              -73.6629,
              4.82944
            ],
            [
              -73.69281,
              4.81803
            ],
            [
              -73.722,
              4.84206
            ]
          ]
        ]
      },
      "properties": {
        "code": "25372",
        "departmentCode": "25",
        "name": "JUNÍN",
        "resultType": "observed",
        "source": "dane-divipola-mgn-2025",
        "year": 2025
      }
    },
    {
      "type": "Feature",
      "id": 2106,
      "geometry": {
        "type": "Polygon",
        "coordinates": [
          [
            [
              -73.95946,
              4.81249
            ],
            [
              -74.00978,
              4.82101
            ],
            [
              -74.00031,
              4.80553
            ],
            [
              -74.01884,
              4.76367
            ],
            [
              -74.00201,
              4.67461
            ],
            [
              -74.03054,
              4.6442
            ],
            [
              -74.00725,
              4.62548
            ],
            [
              -73.95604,
              4.65428
            ],
            [
              -73.93333,
              4.64138
            ],
            [
              -73.94175,
              4.62259
            ],
            [
              -73.9114,
              4.58997
            ],
            [
              -73.87406,
              4.63991
            ],
            [
              -73.7936,
              4.63686
            ],
            [
              -73.79398,
              4.68369
            ],
            [
              -73.85313,
              4.68749
            ],
            [
              -73.86992,
              4.74177
            ],
            [
              -73.96261,
              4.79868
            ],
            [
              -73.95946,
              4.81249
            ]
          ]
        ]
      },
      "properties": {
        "code": "25377",
        "departmentCode": "25",
        "name": "LA CALERA",
        "resultType": "observed",
        "source": "dane-divipola-mgn-2025",
        "year": 2025
      }
    },
    {
      "type": "Feature",
      "id": 2107,
      "geometry": {
        "type": "Polygon",
        "coordinates": [
          [
            [
              -74.39783,
              4.71677
            ],
            [
              -74.42778,
              4.70206
            ],
            [
              -74.44813,
              4.70991
            ],
            [
              -74.46885,
              4.68494
            ],
            [
              -74.50845,
              4.67406
            ],
            [
              -74.53635,
              4.68787
            ],
            [
              -74.55759,
              4.64753
            ],
            [
              -74.47762,
              4.57553
            ],
            [
              -74.44539,
              4.5977
            ],
            [
              -74.44503,
              4.6289
            ],
            [
              -74.42879,
              4.62271
            ],
            [
              -74.38991,
              4.6845
            ],
            [
              -74.39783,
              4.71677
            ]
          ]
        ]
      },
      "properties": {
        "code": "25386",
        "departmentCode": "25",
        "name": "LA MESA",
        "resultType": "observed",
        "source": "dane-divipola-mgn-2025",
        "year": 2025
      }
    },
    {
      "type": "Feature",
      "id": 2108,
      "geometry": {
        "type": "Polygon",
        "coordinates": [
          [
            [
              -74.41243,
              5.43318
            ],
            [
              -74.42263,
              5.44378
            ],
            [
              -74.43919,
              5.43293
            ],
            [
              -74.43095,
              5.41781
            ],
            [
              -74.45707,
              5.38706
            ],
            [
              -74.43587,
              5.36837
            ],
            [
              -74.45975,
              5.33059
            ],
            [
              -74.4546,
              5.29823
            ],
            [
              -74.48961,
              5.25453
            ],
            [
              -74.42869,
              5.25302
            ],
            [
              -74.3981,
              5.28624
            ],
            [
              -74.34068,
              5.25361
            ],
            [
              -74.33568,
              5.29164
            ],
            [
              -74.35959,
              5.30894
            ],
            [
              -74.35847,
              5.37711
            ],
            [
              -74.37656,
              5.39476
            ],
            [
              -74.36555,
              5.41943
            ],
            [
              -74.4087,
              5.40887
            ],
            [
              -74.41243,
              5.43318
            ]
          ]
        ]
      },
      "properties": {
        "code": "25394",
        "departmentCode": "25",
        "name": "LA PALMA",
        "resultType": "observed",
        "source": "dane-divipola-mgn-2025",
        "year": 2025
      }
    },
    {
      "type": "Feature",
      "id": 2109,
      "geometry": {
        "type": "Polygon",
        "coordinates": [
          [
            [
              -74.39488,
              5.28424
            ],
            [
              -74.42852,
              5.25311
            ],
            [
              -74.45629,
              5.25213
            ],
            [
              -74.42827,
              5.22444
            ],
            [
              -74.45292,
              5.18998
            ],
            [
              -74.45361,
              5.13776
            ],
            [
              -74.41717,
              5.11785
            ],
            [
              -74.40277,
              5.1242
            ],
            [
              -74.3545,
              5.24321
            ],
            [
              -74.35912,
              5.26772
            ],
            [
              -74.39488,
              5.28424
            ]
          ]
        ]
      },
      "properties": {
        "code": "25398",
        "departmentCode": "25",
        "name": "LA PEÑA",
        "resultType": "observed",
        "source": "dane-divipola-mgn-2025",
        "year": 2025
      }
    },
    {
      "type": "Feature",
      "id": 2110,
      "geometry": {
        "type": "Polygon",
        "coordinates": [
          [
            [
              -74.30372,
              5.07392
            ],
            [
              -74.32624,
              5.04836
            ],
            [
              -74.38369,
              5.05066
            ],
            [
              -74.39543,
              5.02625
            ],
            [
              -74.38088,
              5.02185
            ],
            [
              -74.39224,
              5.01481
            ],
            [
              -74.37908,
              4.99644
            ],
            [
              -74.3843,
              4.93756
            ],
            [
              -74.35705,
              4.89398
            ],
            [
              -74.32253,
              4.88607
            ],
            [
              -74.28737,
              4.92352
            ],
            [
              -74.31523,
              4.96808
            ],
            [
              -74.30212,
              4.98858
            ],
            [
              -74.32333,
              5.0087
            ],
            [
              -74.27806,
              5.02911
            ],
            [
              -74.30372,
              5.07392
            ]
          ]
        ]
      },
      "properties": {
        "code": "25402",
        "departmentCode": "25",
        "name": "LA VEGA",
        "resultType": "observed",
        "source": "dane-divipola-mgn-2025",
        "year": 2025
      }
    },
    {
      "type": "Feature",
      "id": 2111,
      "geometry": {
        "type": "Polygon",
        "coordinates": [
          [
            [
              -73.59607,
              5.36464
            ],
            [
              -73.59876,
              5.37834
            ],
            [
              -73.69406,
              5.32876
            ],
            [
              -73.73392,
              5.34452
            ],
            [
              -73.76879,
              5.32378
            ],
            [
              -73.76545,
              5.29761
            ],
            [
              -73.73357,
              5.25238
            ],
            [
              -73.6808,
              5.22918
            ],
            [
              -73.65674,
              5.25022
            ],
            [
              -73.65357,
              5.27736
            ],
            [
              -73.61876,
              5.29873
            ],
            [
              -73.59607,
              5.36464
            ]
          ]
        ]
      },
      "properties": {
        "code": "25407",
        "departmentCode": "25",
        "name": "LENGUAZAQUE",
        "resultType": "observed",
        "source": "dane-divipola-mgn-2025",
        "year": 2025
      }
    },
    {
      "type": "Feature",
      "id": 2112,
      "geometry": {
        "type": "Polygon",
        "coordinates": [
          [
            [
              -73.57012,
              5.13946
            ],
            [
              -73.59117,
              5.14973
            ],
            [
              -73.61701,
              5.13173
            ],
            [
              -73.68478,
              5.01695
            ],
            [
              -73.7063,
              4.94498
            ],
            [
              -73.67655,
              4.93167
            ],
            [
              -73.62476,
              4.95642
            ],
            [
              -73.57627,
              5.01999
            ],
            [
              -73.55383,
              5.0264
            ],
            [
              -73.53552,
              5.11243
            ],
            [
              -73.53803,
              5.12285
            ],
            [
              -73.5532,
              5.10934
            ],
            [
              -73.57012,
              5.13946
            ]
          ]
        ]
      },
      "properties": {
        "code": "25426",
        "departmentCode": "25",
        "name": "MACHETÁ",
        "resultType": "observed",
        "source": "dane-divipola-mgn-2025",
        "year": 2025
      }
    },
    {
      "type": "Feature",
      "id": 2113,
      "geometry": {
        "type": "Polygon",
        "coordinates": [
          [
            [
              -74.17866,
              4.85919
            ],
            [
              -74.24051,
              4.82111
            ],
            [
              -74.2615,
              4.82393
            ],
            [
              -74.27748,
              4.7876
            ],
            [
              -74.30247,
              4.80392
            ],
            [
              -74.32849,
              4.76727
            ],
            [
              -74.30327,
              4.72015
            ],
            [
              -74.25635,
              4.68048
            ],
            [
              -74.25231,
              4.71603
            ],
            [
              -74.22727,
              4.74247
            ],
            [
              -74.24454,
              4.76819
            ],
            [
              -74.22487,
              4.79729
            ],
            [
              -74.20259,
              4.80131
            ],
            [
              -74.17866,
              4.85919
            ]
          ]
        ]
      },
      "properties": {
        "code": "25430",
        "departmentCode": "25",
        "name": "MADRID",
        "resultType": "observed",
        "source": "dane-divipola-mgn-2025",
        "year": 2025
      }
    },
    {
      "type": "Feature",
      "id": 2114,
      "geometry": {
        "type": "Polygon",
        "coordinates": [
          [
            [
              -73.54134,
              5.07214
            ],
            [
              -73.55383,
              5.0264
            ],
            [
              -73.57627,
              5.01999
            ],
            [
              -73.61786,
              4.96298
            ],
            [
              -73.60307,
              4.91851
            ],
            [
              -73.54235,
              4.91394
            ],
            [
              -73.54447,
              4.94476
            ],
            [
              -73.50699,
              4.99636
            ],
            [
              -73.54134,
              5.07214
            ]
          ]
        ]
      },
      "properties": {
        "code": "25436",
        "departmentCode": "25",
        "name": "MANTA",
        "resultType": "observed",
        "source": "dane-divipola-mgn-2025",
        "year": 2025
      }
    },
    {
      "type": "Feature",
      "id": 2115,
      "geometry": {
        "type": "Polygon",
        "coordinates": [
          [
            [
              -73.2477,
              4.62373
            ],
            [
              -73.2902,
              4.63471
            ],
            [
              -73.30454,
              4.62368
            ],
            [
              -73.33629,
              4.64966
            ],
            [
              -73.38275,
              4.65466
            ],
            [
              -73.40345,
              4.6786
            ],
            [
              -73.46946,
              4.63087
            ],
            [
              -73.5315,
              4.54923
            ],
            [
              -73.5594,
              4.54228
            ],
            [
              -73.60349,
              4.45819
            ],
            [
              -73.57257,
              4.41991
            ],
            [
              -73.55051,
              4.30786
            ],
            [
              -73.46255,
              4.27875
            ],
            [
              -73.37293,
              4.37122
            ],
            [
              -73.33981,
              4.37274
            ],
            [
              -73.25484,
              4.42316
            ],
            [
              -73.22689,
              4.47671
            ],
            [
              -73.2034,
              4.48975
            ],
            [
              -73.19065,
              4.53308
            ],
            [
              -73.19559,
              4.56032
            ],
            [
              -73.21753,
              4.56389
            ],
            [
              -73.22244,
              4.58344
            ],
            [
              -73.20827,
              4.61015
            ],
            [
              -73.24496,
              4.61002
            ],
            [
              -73.2477,
              4.62373
            ]
          ]
        ]
      },
      "properties": {
        "code": "25438",
        "departmentCode": "25",
        "name": "MEDINA",
        "resultType": "observed",
        "source": "dane-divipola-mgn-2025",
        "year": 2025
      }
    },
    {
      "type": "Feature",
      "id": 2116,
      "geometry": {
        "type": "Polygon",
        "coordinates": [
          [
            [
              -74.22698,
              4.73183
            ],
            [
              -74.24943,
              4.72161
            ],
            [
              -74.25631,
              4.68047
            ],
            [
              -74.29948,
              4.71683
            ],
            [
              -74.27697,
              4.61981
            ],
            [
              -74.21675,
              4.62957
            ],
            [
              -74.19421,
              4.65509
            ],
            [
              -74.15837,
              4.66311
            ],
            [
              -74.17233,
              4.69619
            ],
            [
              -74.20994,
              4.70114
            ],
            [
              -74.22698,
              4.73183
            ]
          ]
        ]
      },
      "properties": {
        "code": "25473",
        "departmentCode": "25",
        "name": "MOSQUERA",
        "resultType": "observed",
        "source": "dane-divipola-mgn-2025",
        "year": 2025
      }
    },
    {
      "type": "Feature",
      "id": 2117,
      "geometry": {
        "type": "Polygon",
        "coordinates": [
          [
            [
              -74.7413,
              4.47294
            ],
            [
              -74.79957,
              4.41881
            ],
            [
              -74.83199,
              4.44531
            ],
            [
              -74.85582,
              4.33475
            ],
            [
              -74.72555,
              4.46022
            ],
            [
              -74.7413,
              4.47294
            ]
          ]
        ]
      },
      "properties": {
        "code": "25483",
        "departmentCode": "25",
        "name": "NARIÑO",
        "resultType": "observed",
        "source": "dane-divipola-mgn-2025",
        "year": 2025
      }
    },
    {
      "type": "Feature",
      "id": 2118,
      "geometry": {
        "type": "Polygon",
        "coordinates": [
          [
            [
              -73.88945,
              5.15986
            ],
            [
              -73.88998,
              5.13856
            ],
            [
              -73.89943,
              5.14679
            ],
            [
              -73.93223,
              5.08523
            ],
            [
              -73.92371,
              5.05476
            ],
            [
              -73.93561,
              5.04354
            ],
            [
              -73.91182,
              5.02772
            ],
            [
              -73.85345,
              5.05613
            ],
            [
              -73.82885,
              5.09885
            ],
            [
              -73.85329,
              5.1188
            ],
            [
              -73.83557,
              5.14318
            ],
            [
              -73.8468,
              5.15619
            ],
            [
              -73.857,
              5.14452
            ],
            [
              -73.88945,
              5.15986
            ]
          ]
        ]
      },
      "properties": {
        "code": "25486",
        "departmentCode": "25",
        "name": "NEMOCÓN",
        "resultType": "observed",
        "source": "dane-divipola-mgn-2025",
        "year": 2025
      }
    },
    {
      "type": "Feature",
      "id": 2119,
      "geometry": {
        "type": "Polygon",
        "coordinates": [
          [
            [
              -74.62331,
              4.22704
            ],
            [
              -74.62003,
              4.25167
            ],
            [
              -74.60122,
              4.26228
            ],
            [
              -74.55192,
              4.26506
            ],
            [
              -74.54502,
              4.30063
            ],
            [
              -74.50068,
              4.36198
            ],
            [
              -74.56068,
              4.3739
            ],
            [
              -74.63214,
              4.34195
            ],
            [
              -74.65078,
              4.35373
            ],
            [
              -74.66455,
              4.34083
            ],
            [
              -74.66098,
              4.30522
            ],
            [
              -74.69165,
              4.2611
            ],
            [
              -74.73077,
              4.24477
            ],
            [
              -74.68126,
              4.20089
            ],
            [
              -74.65873,
              4.2158
            ],
            [
              -74.65451,
              4.19857
            ],
            [
              -74.62331,
              4.22704
            ]
          ]
        ]
      },
      "properties": {
        "code": "25488",
        "departmentCode": "25",
        "name": "NILO",
        "resultType": "observed",
        "source": "dane-divipola-mgn-2025",
        "year": 2025
      }
    },
    {
      "type": "Feature",
      "id": 2120,
      "geometry": {
        "type": "Polygon",
        "coordinates": [
          [
            [
              -74.34091,
              5.20132
            ],
            [
              -74.38441,
              5.18696
            ],
            [
              -74.40775,
              5.11984
            ],
            [
              -74.45095,
              5.12354
            ],
            [
              -74.44772,
              5.0716
            ],
            [
              -74.4275,
              5.06527
            ],
            [
              -74.41847,
              5.10146
            ],
            [
              -74.36835,
              5.10728
            ],
            [
              -74.37313,
              5.13736
            ],
            [
              -74.34091,
              5.20132
            ]
          ]
        ]
      },
      "properties": {
        "code": "25489",
        "departmentCode": "25",
        "name": "NIMAIMA",
        "resultType": "observed",
        "source": "dane-divipola-mgn-2025",
        "year": 2025
      }
    },
    {
      "type": "Feature",
      "id": 2121,
      "geometry": {
        "type": "Polygon",
        "coordinates": [
          [
            [
              -74.39011,
              5.11002
            ],
            [
              -74.41957,
              5.10051
            ],
            [
              -74.43555,
              5.05355
            ],
            [
              -74.40221,
              5.01359
            ],
            [
              -74.38375,
              5.05063
            ],
            [
              -74.35439,
              5.04433
            ],
            [
              -74.33315,
              5.06416
            ],
            [
              -74.34122,
              5.08939
            ],
            [
              -74.35386,
              5.08259
            ],
            [
              -74.39011,
              5.11002
            ]
          ]
        ]
      },
      "properties": {
        "code": "25491",
        "departmentCode": "25",
        "name": "NOCAIMA",
        "resultType": "observed",
        "source": "dane-divipola-mgn-2025",
        "year": 2025
      }
    },
    {
      "type": "Feature",
      "id": 2122,
      "geometry": {
        "type": "Polygon",
        "coordinates": [
          [
            [
              -74.44812,
              4.11888
            ],
            [
              -74.47637,
              4.12013
            ],
            [
              -74.52944,
              4.04561
            ],
            [
              -74.5265,
              4.02322
            ],
            [
              -74.46463,
              4.03711
            ],
            [
              -74.38111,
              4.02123
            ],
            [
              -74.3926,
              4.08232
            ],
            [
              -74.44005,
              4.10035
            ],
            [
              -74.44812,
              4.11888
            ]
          ]
        ]
      },
      "properties": {
        "code": "25506",
        "departmentCode": "25",
        "name": "VENECIA",
        "resultType": "observed",
        "source": "dane-divipola-mgn-2025",
        "year": 2025
      }
    },
    {
      "type": "Feature",
      "id": 2123,
      "geometry": {
        "type": "Polygon",
        "coordinates": [
          [
            [
              -74.21183,
              5.29443
            ],
            [
              -74.24638,
              5.29167
            ],
            [
              -74.25013,
              5.23577
            ],
            [
              -74.2907,
              5.23563
            ],
            [
              -74.2855,
              5.21366
            ],
            [
              -74.30209,
              5.1902
            ],
            [
              -74.29365,
              5.1677
            ],
            [
              -74.22621,
              5.15107
            ],
            [
              -74.21975,
              5.10743
            ],
            [
              -74.18669,
              5.0971
            ],
            [
              -74.14508,
              5.03742
            ],
            [
              -74.12669,
              5.06876
            ],
            [
              -74.08121,
              5.07212
            ],
            [
              -74.07402,
              5.1433
            ],
            [
              -74.06711,
              5.15869
            ],
            [
              -74.04673,
              5.15552
            ],
            [
              -74.03934,
              5.20709
            ],
            [
              -74.10366,
              5.24583
            ],
            [
              -74.16843,
              5.23371
            ],
            [
              -74.20268,
              5.19101
            ],
            [
              -74.21183,
              5.29443
            ]
          ]
        ]
      },
      "properties": {
        "code": "25513",
        "departmentCode": "25",
        "name": "PACHO",
        "resultType": "observed",
        "source": "dane-divipola-mgn-2025",
        "year": 2025
      }
    },
    {
      "type": "Feature",
      "id": 2124,
      "geometry": {
        "type": "Polygon",
        "coordinates": [
          [
            [
              -74.11527,
              5.47378
            ],
            [
              -74.12309,
              5.42907
            ],
            [
              -74.17534,
              5.46221
            ],
            [
              -74.23432,
              5.39743
            ],
            [
              -74.22096,
              5.34207
            ],
            [
              -74.20526,
              5.34068
            ],
            [
              -74.17714,
              5.2976
            ],
            [
              -74.1228,
              5.35701
            ],
            [
              -74.10252,
              5.35782
            ],
            [
              -74.11583,
              5.38219
            ],
            [
              -74.09479,
              5.46602
            ],
            [
              -74.11527,
              5.47378
            ]
          ]
        ]
      },
      "properties": {
        "code": "25518",
        "departmentCode": "25",
        "name": "PAIME",
        "resultType": "observed",
        "source": "dane-divipola-mgn-2025",
        "year": 2025
      }
    },
    {
      "type": "Feature",
      "id": 2125,
      "geometry": {
        "type": "Polygon",
        "coordinates": [
          [
            [
              -74.50436,
              4.24323
            ],
            [
              -74.51886,
              4.24049
            ],
            [
              -74.51351,
              4.21499
            ],
            [
              -74.48334,
              4.17673
            ],
            [
              -74.47637,
              4.12013
            ],
            [
              -74.44501,
              4.11077
            ],
            [
              -74.42688,
              4.15063
            ],
            [
              -74.44491,
              4.19632
            ],
            [
              -74.48319,
              4.24087
            ],
            [
              -74.50436,
              4.24323
            ]
          ]
        ]
      },
      "properties": {
        "code": "25524",
        "departmentCode": "25",
        "name": "PANDI",
        "resultType": "observed",
        "source": "dane-divipola-mgn-2025",
        "year": 2025
      }
    },
    {
      "type": "Feature",
      "id": 2126,
      "geometry": {
        "type": "Polygon",
        "coordinates": [
          [
            [
              -73.06503,
              4.7319
            ],
            [
              -73.07117,
              4.73987
            ],
            [
              -73.1057,
              4.65979
            ],
            [
              -73.12169,
              4.67156
            ],
            [
              -73.14903,
              4.65524
            ],
            [
              -73.2084,
              4.68063
            ],
            [
              -73.23731,
              4.66927
            ],
            [
              -73.24652,
              4.61166
            ],
            [
              -73.20827,
              4.61015
            ],
            [
              -73.21836,
              4.56632
            ],
            [
              -73.19401,
              4.55465
            ],
            [
              -73.2034,
              4.48975
            ],
            [
              -73.22689,
              4.47671
            ],
            [
              -73.25484,
              4.42316
            ],
            [
              -73.33981,
              4.37274
            ],
            [
              -73.36665,
              4.37546
            ],
            [
              -73.4299,
              4.30765
            ],
            [
              -73.35364,
              4.32119
            ],
            [
              -73.23479,
              4.28656
            ],
            [
              -73.137,
              4.21284
            ],
            [
              -73.05256,
              4.73632
            ],
            [
              -73.06503,
              4.7319
            ]
          ]
        ]
      },
      "properties": {
        "code": "25530",
        "departmentCode": "25",
        "name": "PARATEBUENO",
        "resultType": "observed",
        "source": "dane-divipola-mgn-2025",
        "year": 2025
      }
    },
    {
      "type": "Feature",
      "id": 2127,
      "geometry": {
        "type": "Polygon",
        "coordinates": [
          [
            [
              -74.24153,
              4.40097
            ],
            [
              -74.29349,
              4.36762
            ],
            [
              -74.32116,
              4.38965
            ],
            [
              -74.34475,
              4.32208
            ],
            [
              -74.352,
              4.29502
            ],
            [
              -74.32775,
              4.2637
            ],
            [
              -74.33556,
              4.22785
            ],
            [
              -74.31214,
              4.19629
            ],
            [
              -74.2373,
              4.19561
            ],
            [
              -74.20427,
              4.23971
            ],
            [
              -74.20553,
              4.26889
            ],
            [
              -74.22188,
              4.28206
            ],
            [
              -74.21413,
              4.38117
            ],
            [
              -74.24153,
              4.40097
            ]
          ]
        ]
      },
      "properties": {
        "code": "25535",
        "departmentCode": "25",
        "name": "PASCA",
        "resultType": "observed",
        "source": "dane-divipola-mgn-2025",
        "year": 2025
      }
    },
    {
      "type": "Feature",
      "id": 2128,
      "geometry": {
        "type": "Polygon",
        "coordinates": [
          [
            [
              -74.51278,
              5.78698
            ],
            [
              -74.53067,
              5.79066
            ],
            [
              -74.55348,
              5.76091
            ],
            [
              -74.58744,
              5.75904
            ],
            [
              -74.59737,
              5.7434
            ],
            [
              -74.62708,
              5.76246
            ],
            [
              -74.64292,
              5.73541
            ],
            [
              -74.66102,
              5.75238
            ],
            [
              -74.65196,
              5.70952
            ],
            [
              -74.62746,
              5.69604
            ],
            [
              -74.62851,
              5.63174
            ],
            [
              -74.65305,
              5.57472
            ],
            [
              -74.64101,
              5.54022
            ],
            [
              -74.67457,
              5.51465
            ],
            [
              -74.65998,
              5.45003
            ],
            [
              -74.6261,
              5.41681
            ],
            [
              -74.63611,
              5.38362
            ],
            [
              -74.60414,
              5.40451
            ],
            [
              -74.59291,
              5.47971
            ],
            [
              -74.54193,
              5.53999
            ],
            [
              -74.51428,
              5.63043
            ],
            [
              -74.48651,
              5.65009
            ],
            [
              -74.47011,
              5.75415
            ],
            [
              -74.51278,
              5.78698
            ]
          ]
        ]
      },
      "properties": {
        "code": "25572",
        "departmentCode": "25",
        "name": "PUERTO SALGAR",
        "resultType": "observed",
        "source": "dane-divipola-mgn-2025",
        "year": 2025
      }
    },
    {
      "type": "Feature",
      "id": 2129,
      "geometry": {
        "type": "Polygon",
        "coordinates": [
          [
            [
              -74.70519,
              4.75773
            ],
            [
              -74.7145,
              4.74552
            ],
            [
              -74.73546,
              4.75417
            ],
            [
              -74.75838,
              4.70069
            ],
            [
              -74.74595,
              4.62726
            ],
            [
              -74.68156,
              4.63698
            ],
            [
              -74.68168,
              4.65054
            ],
            [
              -74.66228,
              4.63658
            ],
            [
              -74.60753,
              4.65213
            ],
            [
              -74.58612,
              4.69832
            ],
            [
              -74.59053,
              4.74333
            ],
            [
              -74.63788,
              4.72484
            ],
            [
              -74.70519,
              4.75773
            ]
          ]
        ]
      },
      "properties": {
        "code": "25580",
        "departmentCode": "25",
        "name": "PULÍ",
        "resultType": "observed",
        "source": "dane-divipola-mgn-2025",
        "year": 2025
      }
    },
    {
      "type": "Feature",
      "id": 2130,
      "geometry": {
        "type": "Polygon",
        "coordinates": [
          [
            [
              -74.4739,
              5.15274
            ],
            [
              -74.53785,
              5.12756
            ],
            [
              -74.54083,
              5.06507
            ],
            [
              -74.45215,
              5.0623
            ],
            [
              -74.44679,
              5.11664
            ],
            [
              -74.4739,
              5.15274
            ]
          ]
        ]
      },
      "properties": {
        "code": "25592",
        "departmentCode": "25",
        "name": "QUEBRADANEGRA",
        "resultType": "observed",
        "source": "dane-divipola-mgn-2025",
        "year": 2025
      }
    },
    {
      "type": "Feature",
      "id": 2131,
      "geometry": {
        "type": "Polygon",
        "coordinates": [
          [
            [
              -73.83756,
              4.40361
            ],
            [
              -73.90262,
              4.37561
            ],
            [
              -73.86985,
              4.33081
            ],
            [
              -73.89644,
              4.34924
            ],
            [
              -73.91159,
              4.2932
            ],
            [
              -73.86872,
              4.25234
            ],
            [
              -73.8557,
              4.28199
            ],
            [
              -73.82932,
              4.28076
            ],
            [
              -73.79257,
              4.35246
            ],
            [
              -73.79268,
              4.38111
            ],
            [
              -73.83756,
              4.40361
            ]
          ]
        ]
      },
      "properties": {
        "code": "25594",
        "departmentCode": "25",
        "name": "QUETAME",
        "resultType": "observed",
        "source": "dane-divipola-mgn-2025",
        "year": 2025
      }
    },
    {
      "type": "Feature",
      "id": 2132,
      "geometry": {
        "type": "Polygon",
        "coordinates": [
          [
            [
              -74.52502,
              4.79426
            ],
            [
              -74.56306,
              4.79673
            ],
            [
              -74.56702,
              4.76732
            ],
            [
              -74.58889,
              4.75647
            ],
            [
              -74.58612,
              4.69832
            ],
            [
              -74.60871,
              4.65123
            ],
            [
              -74.58651,
              4.6524
            ],
            [
              -74.59001,
              4.63409
            ],
            [
              -74.57117,
              4.62228
            ],
            [
              -74.53635,
              4.68787
            ],
            [
              -74.51686,
              4.67592
            ],
            [
              -74.49849,
              4.70234
            ],
            [
              -74.52502,
              4.79426
            ]
          ]
        ]
      },
      "properties": {
        "code": "25596",
        "departmentCode": "25",
        "name": "QUIPILE",
        "resultType": "observed",
        "source": "dane-divipola-mgn-2025",
        "year": 2025
      }
    },
    {
      "type": "Feature",
      "id": 2133,
      "geometry": {
        "type": "Polygon",
        "coordinates": [
          [
            [
              -74.59427,
              4.62533
            ],
            [
              -74.62095,
              4.50553
            ],
            [
              -74.60714,
              4.45126
            ],
            [
              -74.5653,
              4.44584
            ],
            [
              -74.55905,
              4.48058
            ],
            [
              -74.53681,
              4.4851
            ],
            [
              -74.53464,
              4.45682
            ],
            [
              -74.50212,
              4.48394
            ],
            [
              -74.55741,
              4.50163
            ],
            [
              -74.54116,
              4.52127
            ],
            [
              -74.56446,
              4.53108
            ],
            [
              -74.55102,
              4.55317
            ],
            [
              -74.59427,
              4.62533
            ]
          ]
        ]
      },
      "properties": {
        "code": "25599",
        "departmentCode": "25",
        "name": "APULO",
        "resultType": "observed",
        "source": "dane-divipola-mgn-2025",
        "year": 2025
      }
    },
    {
      "type": "Feature",
      "id": 2134,
      "geometry": {
        "type": "Polygon",
        "coordinates": [
          [
            [
              -74.74297,
              4.38077
            ],
            [
              -74.7681,
              4.37588
            ],
            [
              -74.77493,
              4.35493
            ],
            [
              -74.76504,
              4.3337
            ],
            [
              -74.77734,
              4.32733
            ],
            [
              -74.76046,
              4.31161
            ],
            [
              -74.78993,
              4.30845
            ],
            [
              -74.79677,
              4.28825
            ],
            [
              -74.77751,
              4.28294
            ],
            [
              -74.76676,
              4.25104
            ],
            [
              -74.74798,
              4.25671
            ],
            [
              -74.74508,
              4.23635
            ],
            [
              -74.692,
              4.26074
            ],
            [
              -74.66026,
              4.30997
            ],
            [
              -74.66451,
              4.34014
            ],
            [
              -74.70259,
              4.33396
            ],
            [
              -74.74297,
              4.38077
            ]
          ]
        ]
      },
      "properties": {
        "code": "25612",
        "departmentCode": "25",
        "name": "RICAURTE",
        "resultType": "observed",
        "source": "dane-divipola-mgn-2025",
        "year": 2025
      }
    },
    {
      "type": "Feature",
      "id": 2135,
      "geometry": {
        "type": "Polygon",
        "coordinates": [
          [
            [
              -74.39346,
              4.60223
            ],
            [
              -74.36406,
              4.55721
            ],
            [
              -74.3054,
              4.54967
            ],
            [
              -74.30133,
              4.60091
            ],
            [
              -74.31711,
              4.64055
            ],
            [
              -74.34444,
              4.65393
            ],
            [
              -74.3723,
              4.63635
            ],
            [
              -74.38178,
              4.64697
            ],
            [
              -74.39346,
              4.60223
            ]
          ]
        ]
      },
      "properties": {
        "code": "25645",
        "departmentCode": "25",
        "name": "SAN ANTONIO DEL TEQUENDAMA",
        "resultType": "observed",
        "source": "dane-divipola-mgn-2025",
        "year": 2025
      }
    },
    {
      "type": "Feature",
      "id": 2136,
      "geometry": {
        "type": "Polygon",
        "coordinates": [
          [
            [
              -74.43777,
              4.22706
            ],
            [
              -74.4661,
              4.21699
            ],
            [
              -74.42695,
              4.15139
            ],
            [
              -74.44501,
              4.11077
            ],
            [
              -74.3926,
              4.08232
            ],
            [
              -74.38338,
              4.0367
            ],
            [
              -74.36558,
              4.03473
            ],
            [
              -74.3508,
              4.05692
            ],
            [
              -74.32949,
              4.13106
            ],
            [
              -74.26565,
              4.09167
            ],
            [
              -74.24564,
              4.10325
            ],
            [
              -74.24005,
              4.18674
            ],
            [
              -74.31563,
              4.17574
            ],
            [
              -74.41197,
              4.19936
            ],
            [
              -74.43777,
              4.22706
            ]
          ]
        ]
      },
      "properties": {
        "code": "25649",
        "departmentCode": "25",
        "name": "SAN BERNARDO",
        "resultType": "observed",
        "source": "dane-divipola-mgn-2025",
        "year": 2025
      }
    },
    {
      "type": "Feature",
      "id": 2137,
      "geometry": {
        "type": "Polygon",
        "coordinates": [
          [
            [
              -74.09151,
              5.42802
            ],
            [
              -74.11583,
              5.38219
            ],
            [
              -74.10252,
              5.35782
            ],
            [
              -74.13181,
              5.3488
            ],
            [
              -74.17705,
              5.28088
            ],
            [
              -74.13771,
              5.23459
            ],
            [
              -74.09727,
              5.24629
            ],
            [
              -74.07785,
              5.23069
            ],
            [
              -74.06749,
              5.24996
            ],
            [
              -74.01563,
              5.24387
            ],
            [
              -73.98662,
              5.26635
            ],
            [
              -73.97219,
              5.31502
            ],
            [
              -74.00616,
              5.34714
            ],
            [
              -73.9991,
              5.36749
            ],
            [
              -74.02224,
              5.36683
            ],
            [
              -74.02228,
              5.38689
            ],
            [
              -74.09151,
              5.42802
            ]
          ]
        ]
      },
      "properties": {
        "code": "25653",
        "departmentCode": "25",
        "name": "SAN CAYETANO",
        "resultType": "observed",
        "source": "dane-divipola-mgn-2025",
        "year": 2025
      }
    },
    {
      "type": "Feature",
      "id": 2138,
      "geometry": {
        "type": "Polygon",
        "coordinates": [
          [
            [
              -74.26386,
              5.03368
            ],
            [
              -74.32333,
              5.0087
            ],
            [
              -74.30104,
              4.98545
            ],
            [
              -74.3151,
              4.9711
            ],
            [
              -74.30926,
              4.94726
            ],
            [
              -74.28638,
              4.93754
            ],
            [
              -74.32472,
              4.88347
            ],
            [
              -74.30036,
              4.86918
            ],
            [
              -74.21737,
              4.9608
            ],
            [
              -74.21406,
              4.99614
            ],
            [
              -74.26386,
              5.03368
            ]
          ]
        ]
      },
      "properties": {
        "code": "25658",
        "departmentCode": "25",
        "name": "SAN FRANCISCO",
        "resultType": "observed",
        "source": "dane-divipola-mgn-2025",
        "year": 2025
      }
    },
    {
      "type": "Feature",
      "id": 2139,
      "geometry": {
        "type": "Polygon",
        "coordinates": [
          [
            [
              -74.72826,
              4.96905
            ],
            [
              -74.74906,
              4.95584
            ],
            [
              -74.73219,
              4.89231
            ],
            [
              -74.75493,
              4.88594
            ],
            [
              -74.76919,
              4.84212
            ],
            [
              -74.68147,
              4.83006
            ],
            [
              -74.69648,
              4.76661
            ],
            [
              -74.65385,
              4.73009
            ],
            [
              -74.59144,
              4.7427
            ],
            [
              -74.56642,
              4.769
            ],
            [
              -74.58656,
              4.84547
            ],
            [
              -74.5768,
              4.88898
            ],
            [
              -74.64354,
              4.89637
            ],
            [
              -74.67272,
              4.94044
            ],
            [
              -74.72157,
              4.94815
            ],
            [
              -74.72826,
              4.96905
            ]
          ]
        ]
      },
      "properties": {
        "code": "25662",
        "departmentCode": "25",
        "name": "SAN JUAN DE RIOSECO",
        "resultType": "observed",
        "source": "dane-divipola-mgn-2025",
        "year": 2025
      }
    },
    {
      "type": "Feature",
      "id": 2140,
      "geometry": {
        "type": "Polygon",
        "coordinates": [
          [
            [
              -74.35705,
              4.89398
            ],
            [
              -74.385,
              4.94104
            ],
            [
              -74.37908,
              4.99644
            ],
            [
              -74.39224,
              5.01481
            ],
            [
              -74.38088,
              5.02185
            ],
            [
              -74.41244,
              5.02043
            ],
            [
              -74.41704,
              4.9984
            ],
            [
              -74.4301,
              5.00972
            ],
            [
              -74.4601,
              4.98298
            ],
            [
              -74.47841,
              4.94331
            ],
            [
              -74.46838,
              4.92727
            ],
            [
              -74.44601,
              4.93751
            ],
            [
              -74.3855,
              4.87147
            ],
            [
              -74.35705,
              4.89398
            ]
          ]
        ]
      },
      "properties": {
        "code": "25718",
        "departmentCode": "25",
        "name": "SASAIMA",
        "resultType": "observed",
        "source": "dane-divipola-mgn-2025",
        "year": 2025
      }
    },
    {
      "type": "Feature",
      "id": 2141,
      "geometry": {
        "type": "Polygon",
        "coordinates": [
          [
            [
              -73.80095,
              5.07785
            ],
            [
              -73.82742,
              5.06512
            ],
            [
              -73.83762,
              5.03694
            ],
            [
              -73.85579,
              5.03557
            ],
            [
              -73.83835,
              5.01477
            ],
            [
              -73.85642,
              4.98794
            ],
            [
              -73.79534,
              4.96143
            ],
            [
              -73.75826,
              4.97777
            ],
            [
              -73.74816,
              4.95506
            ],
            [
              -73.71588,
              4.94887
            ],
            [
              -73.68846,
              4.98551
            ],
            [
              -73.74706,
              5.0278
            ],
            [
              -73.77751,
              5.02917
            ],
            [
              -73.76052,
              5.05114
            ],
            [
              -73.80095,
              5.07785
            ]
          ]
        ]
      },
      "properties": {
        "code": "25736",
        "departmentCode": "25",
        "name": "SESQUILÉ",
        "resultType": "observed",
        "source": "dane-divipola-mgn-2025",
        "year": 2025
      }
    },
    {
      "type": "Feature",
      "id": 2142,
      "geometry": {
        "type": "Polygon",
        "coordinates": [
          [
            [
              -74.24424,
              4.54495
            ],
            [
              -74.27628,
              4.54296
            ],
            [
              -74.27751,
              4.51461
            ],
            [
              -74.30243,
              4.50722
            ],
            [
              -74.30721,
              4.43458
            ],
            [
              -74.29869,
              4.39569
            ],
            [
              -74.27327,
              4.39103
            ],
            [
              -74.28018,
              4.37847
            ],
            [
              -74.23336,
              4.41215
            ],
            [
              -74.21285,
              4.5155
            ],
            [
              -74.24424,
              4.54495
            ]
          ]
        ]
      },
      "properties": {
        "code": "25740",
        "departmentCode": "25",
        "name": "SIBATÉ",
        "resultType": "observed",
        "source": "dane-divipola-mgn-2025",
        "year": 2025
      }
    },
    {
      "type": "Feature",
      "id": 2143,
      "geometry": {
        "type": "Polygon",
        "coordinates": [
          [
            [
              -74.30165,
              4.49976
            ],
            [
              -74.39908,
              4.49094
            ],
            [
              -74.45168,
              4.38606
            ],
            [
              -74.43987,
              4.36734
            ],
            [
              -74.41887,
              4.35888
            ],
            [
              -74.38214,
              4.39961
            ],
            [
              -74.32127,
              4.38971
            ],
            [
              -74.29976,
              4.42632
            ],
            [
              -74.30165,
              4.49976
            ]
          ]
        ]
      },
      "properties": {
        "code": "25743",
        "departmentCode": "25",
        "name": "SILVANIA",
        "resultType": "observed",
        "source": "dane-divipola-mgn-2025",
        "year": 2025
      }
    },
    {
      "type": "Feature",
      "id": 2144,
      "geometry": {
        "type": "Polygon",
        "coordinates": [
          [
            [
              -73.78976,
              5.55299
            ],
            [
              -73.80467,
              5.5714
            ],
            [
              -73.88987,
              5.51242
            ],
            [
              -73.9068,
              5.52818
            ],
            [
              -73.90062,
              5.45826
            ],
            [
              -73.80158,
              5.48666
            ],
            [
              -73.78693,
              5.5106
            ],
            [
              -73.78976,
              5.55299
            ]
          ]
        ]
      },
      "properties": {
        "code": "25745",
        "departmentCode": "25",
        "name": "SIMIJACA",
        "resultType": "observed",
        "source": "dane-divipola-mgn-2025",
        "year": 2025
      }
    },
    {
      "type": "Feature",
      "id": 2145,
      "geometry": {
        "type": "Polygon",
        "coordinates": [
          [
            [
              -74.23929,
              4.63114
            ],
            [
              -74.28028,
              4.60945
            ],
            [
              -74.30624,
              4.62059
            ],
            [
              -74.30613,
              4.56
            ],
            [
              -74.28787,
              4.54611
            ],
            [
              -74.28365,
              4.51232
            ],
            [
              -74.27628,
              4.54296
            ],
            [
              -74.25252,
              4.54543
            ],
            [
              -74.21285,
              4.5155
            ],
            [
              -74.23661,
              4.40142
            ],
            [
              -74.21277,
              4.3804
            ],
            [
              -74.17807,
              4.48634
            ],
            [
              -74.18773,
              4.52917
            ],
            [
              -74.1737,
              4.54049
            ],
            [
              -74.17528,
              4.57539
            ],
            [
              -74.22551,
              4.63307
            ],
            [
              -74.23929,
              4.63114
            ]
          ]
        ]
      },
      "properties": {
        "code": "25754",
        "departmentCode": "25",
        "name": "SOACHA",
        "resultType": "observed",
        "source": "dane-divipola-mgn-2025",
        "year": 2025
      }
    },
    {
      "type": "Feature",
      "id": 2146,
      "geometry": {
        "type": "Polygon",
        "coordinates": [
          [
            [
              -73.99365,
              4.9728
            ],
            [
              -74.01104,
              4.92268
            ],
            [
              -73.98144,
              4.90253
            ],
            [
              -74.0067,
              4.82325
            ],
            [
              -73.95946,
              4.81249
            ],
            [
              -73.95746,
              4.84
            ],
            [
              -73.93113,
              4.83991
            ],
            [
              -73.91582,
              4.9136
            ],
            [
              -73.99365,
              4.9728
            ]
          ]
        ]
      },
      "properties": {
        "code": "25758",
        "departmentCode": "25",
        "name": "SOPÓ",
        "resultType": "observed",
        "source": "dane-divipola-mgn-2025",
        "year": 2025
      }
    },
    {
      "type": "Feature",
      "id": 2147,
      "geometry": {
        "type": "Polygon",
        "coordinates": [
          [
            [
              -74.09455,
              5.07107
            ],
            [
              -74.12669,
              5.06876
            ],
            [
              -74.14339,
              5.03845
            ],
            [
              -74.15768,
              5.04374
            ],
            [
              -74.21984,
              4.98857
            ],
            [
              -74.22385,
              4.9214
            ],
            [
              -74.18618,
              4.88031
            ],
            [
              -74.20156,
              4.85683
            ],
            [
              -74.1776,
              4.85779
            ],
            [
              -74.11826,
              4.92308
            ],
            [
              -74.10537,
              5.0004
            ],
            [
              -74.08694,
              5.00897
            ],
            [
              -74.07972,
              5.03998
            ],
            [
              -74.09455,
              5.07107
            ]
          ]
        ]
      },
      "properties": {
        "code": "25769",
        "departmentCode": "25",
        "name": "SUBACHOQUE",
        "resultType": "observed",
        "source": "dane-divipola-mgn-2025",
        "year": 2025
      }
    },
    {
      "type": "Feature",
      "id": 2148,
      "geometry": {
        "type": "Polygon",
        "coordinates": [
          [
            [
              -73.69605,
              5.23233
            ],
            [
              -73.73905,
              5.21415
            ],
            [
              -73.75261,
              5.22314
            ],
            [
              -73.80623,
              5.16774
            ],
            [
              -73.82057,
              5.17955
            ],
            [
              -73.84221,
              5.16449
            ],
            [
              -73.83557,
              5.14318
            ],
            [
              -73.85329,
              5.1188
            ],
            [
              -73.82885,
              5.09885
            ],
            [
              -73.87041,
              5.05105
            ],
            [
              -73.85837,
              5.03609
            ],
            [
              -73.83748,
              5.03707
            ],
            [
              -73.81046,
              5.08307
            ],
            [
              -73.76052,
              5.05114
            ],
            [
              -73.74477,
              5.06501
            ],
            [
              -73.73844,
              5.09678
            ],
            [
              -73.77108,
              5.13904
            ],
            [
              -73.75703,
              5.16765
            ],
            [
              -73.74175,
              5.15495
            ],
            [
              -73.71582,
              5.17001
            ],
            [
              -73.68437,
              5.22869
            ],
            [
              -73.69605,
              5.23233
            ]
          ]
        ]
      },
      "properties": {
        "code": "25772",
        "departmentCode": "25",
        "name": "SUESCA",
        "resultType": "observed",
        "source": "dane-divipola-mgn-2025",
        "year": 2025
      }
    },
    {
      "type": "Feature",
      "id": 2149,
      "geometry": {
        "type": "Polygon",
        "coordinates": [
          [
            [
              -74.22123,
              5.11206
            ],
            [
              -74.2722,
              5.11303
            ],
            [
              -74.30372,
              5.07392
            ],
            [
              -74.27901,
              5.02947
            ],
            [
              -74.26507,
              5.03595
            ],
            [
              -74.21478,
              4.99649
            ],
            [
              -74.15786,
              5.04852
            ],
            [
              -74.18669,
              5.0971
            ],
            [
              -74.22123,
              5.11206
            ]
          ]
        ]
      },
      "properties": {
        "code": "25777",
        "departmentCode": "25",
        "name": "SUPATÁ",
        "resultType": "observed",
        "source": "dane-divipola-mgn-2025",
        "year": 2025
      }
    },
    {
      "type": "Feature",
      "id": 2150,
      "geometry": {
        "type": "Polygon",
        "coordinates": [
          [
            [
              -73.78219,
              5.49914
            ],
            [
              -73.78693,
              5.5106
            ],
            [
              -73.80187,
              5.48649
            ],
            [
              -73.88496,
              5.45465
            ],
            [
              -73.88787,
              5.43655
            ],
            [
              -73.85581,
              5.40374
            ],
            [
              -73.86492,
              5.3911
            ],
            [
              -73.83968,
              5.36761
            ],
            [
              -73.77114,
              5.47144
            ],
            [
              -73.74348,
              5.47095
            ],
            [
              -73.74708,
              5.48963
            ],
            [
              -73.78219,
              5.49914
            ]
          ]
        ]
      },
      "properties": {
        "code": "25779",
        "departmentCode": "25",
        "name": "SUSA",
        "resultType": "observed",
        "source": "dane-divipola-mgn-2025",
        "year": 2025
      }
    },
    {
      "type": "Feature",
      "id": 2151,
      "geometry": {
        "type": "Polygon",
        "coordinates": [
          [
            [
              -73.85131,
              5.29114
            ],
            [
              -73.89937,
              5.25785
            ],
            [
              -73.86081,
              5.18431
            ],
            [
              -73.80264,
              5.25517
            ],
            [
              -73.85131,
              5.29114
            ]
          ]
        ]
      },
      "properties": {
        "code": "25781",
        "departmentCode": "25",
        "name": "SUTATAUSA",
        "resultType": "observed",
        "source": "dane-divipola-mgn-2025",
        "year": 2025
      }
    },
    {
      "type": "Feature",
      "id": 2152,
      "geometry": {
        "type": "Polygon",
        "coordinates": [
          [
            [
              -74.08608,
              5.01046
            ],
            [
              -74.10281,
              5.0073
            ],
            [
              -74.11235,
              4.93765
            ],
            [
              -74.13204,
              4.91359
            ],
            [
              -74.09202,
              4.89213
            ],
            [
              -74.03281,
              4.9632
            ],
            [
              -74.06363,
              5.00508
            ],
            [
              -74.08608,
              5.01046
            ]
          ]
        ]
      },
      "properties": {
        "code": "25785",
        "departmentCode": "25",
        "name": "TABIO",
        "resultType": "observed",
        "source": "dane-divipola-mgn-2025",
        "year": 2025
      }
    },
    {
      "type": "Feature",
      "id": 2153,
      "geometry": {
        "type": "Polygon",
        "coordinates": [
          [
            [
              -73.99629,
              5.25839
            ],
            [
              -74.02237,
              5.24138
            ],
            [
              -74.07335,
              5.24708
            ],
            [
              -74.0781,
              5.22681
            ],
            [
              -74.03934,
              5.20709
            ],
            [
              -74.04553,
              5.16967
            ],
            [
              -74.0255,
              5.18042
            ],
            [
              -74.01818,
              5.1567
            ],
            [
              -74.00187,
              5.16621
            ],
            [
              -73.94438,
              5.12673
            ],
            [
              -73.93028,
              5.15306
            ],
            [
              -73.913,
              5.13
            ],
            [
              -73.89943,
              5.14679
            ],
            [
              -73.88998,
              5.13856
            ],
            [
              -73.89092,
              5.16107
            ],
            [
              -73.85629,
              5.14446
            ],
            [
              -73.83818,
              5.16453
            ],
            [
              -73.84548,
              5.19336
            ],
            [
              -73.86081,
              5.18431
            ],
            [
              -73.89073,
              5.22211
            ],
            [
              -73.89595,
              5.25129
            ],
            [
              -73.95701,
              5.2016
            ],
            [
              -73.99629,
              5.25839
            ]
          ]
        ]
      },
      "properties": {
        "code": "25793",
        "departmentCode": "25",
        "name": "TAUSA",
        "resultType": "observed",
        "source": "dane-divipola-mgn-2025",
        "year": 2025
      }
    },
    {
      "type": "Feature",
      "id": 2154,
      "geometry": {
        "type": "Polygon",
        "coordinates": [
          [
            [
              -74.39306,
              4.69927
            ],
            [
              -74.42879,
              4.62271
            ],
            [
              -74.44503,
              4.6289
            ],
            [
              -74.44539,
              4.5977
            ],
            [
              -74.39018,
              4.62469
            ],
            [
              -74.38178,
              4.64697
            ],
            [
              -74.3723,
              4.63635
            ],
            [
              -74.34406,
              4.65387
            ],
            [
              -74.35125,
              4.68278
            ],
            [
              -74.39306,
              4.69927
            ]
          ]
        ]
      },
      "properties": {
        "code": "25797",
        "departmentCode": "25",
        "name": "TENA",
        "resultType": "observed",
        "source": "dane-divipola-mgn-2025",
        "year": 2025
      }
    },
    {
      "type": "Feature",
      "id": 2155,
      "geometry": {
        "type": "Polygon",
        "coordinates": [
          [
            [
              -74.12495,
              4.9038
            ],
            [
              -74.16782,
              4.8796
            ],
            [
              -74.20238,
              4.80166
            ],
            [
              -74.2197,
              4.79239
            ],
            [
              -74.21701,
              4.77709
            ],
            [
              -74.20073,
              4.7921
            ],
            [
              -74.19169,
              4.76818
            ],
            [
              -74.17246,
              4.77352
            ],
            [
              -74.16441,
              4.7498
            ],
            [
              -74.14861,
              4.80016
            ],
            [
              -74.11947,
              4.81491
            ],
            [
              -74.08267,
              4.86629
            ],
            [
              -74.08248,
              4.89289
            ],
            [
              -74.12495,
              4.9038
            ]
          ]
        ]
      },
      "properties": {
        "code": "25799",
        "departmentCode": "25",
        "name": "TENJO",
        "resultType": "observed",
        "source": "dane-divipola-mgn-2025",
        "year": 2025
      }
    },
    {
      "type": "Feature",
      "id": 2156,
      "geometry": {
        "type": "Polygon",
        "coordinates": [
          [
            [
              -74.42021,
              4.35862
            ],
            [
              -74.45168,
              4.38606
            ],
            [
              -74.46202,
              4.36138
            ],
            [
              -74.49852,
              4.35477
            ],
            [
              -74.54502,
              4.30063
            ],
            [
              -74.54943,
              4.26024
            ],
            [
              -74.46508,
              4.29832
            ],
            [
              -74.42021,
              4.35862
            ]
          ]
        ]
      },
      "properties": {
        "code": "25805",
        "departmentCode": "25",
        "name": "TIBACUY",
        "resultType": "observed",
        "source": "dane-divipola-mgn-2025",
        "year": 2025
      }
    },
    {
      "type": "Feature",
      "id": 2157,
      "geometry": {
        "type": "Polygon",
        "coordinates": [
          [
            [
              -73.52024,
              5.13274
            ],
            [
              -73.53665,
              5.13295
            ],
            [
              -73.55162,
              5.07578
            ],
            [
              -73.52727,
              5.06171
            ],
            [
              -73.5224,
              5.02922
            ],
            [
              -73.4798,
              5.06341
            ],
            [
              -73.49171,
              5.12893
            ],
            [
              -73.52024,
              5.13274
            ]
          ]
        ]
      },
      "properties": {
        "code": "25807",
        "departmentCode": "25",
        "name": "TIBIRITA",
        "resultType": "observed",
        "source": "dane-divipola-mgn-2025",
        "year": 2025
      }
    },
    {
      "type": "Feature",
      "id": 2158,
      "geometry": {
        "type": "Polygon",
        "coordinates": [
          [
            [
              -74.60587,
              4.58904
            ],
            [
              -74.6005,
              4.61903
            ],
            [
              -74.64107,
              4.54868
            ],
            [
              -74.7198,
              4.46244
            ],
            [
              -74.74535,
              4.45395
            ],
            [
              -74.74485,
              4.3754
            ],
            [
              -74.67894,
              4.41691
            ],
            [
              -74.60879,
              4.38453
            ],
            [
              -74.59623,
              4.35942
            ],
            [
              -74.56068,
              4.3739
            ],
            [
              -74.5485,
              4.36413
            ],
            [
              -74.55171,
              4.4069
            ],
            [
              -74.56898,
              4.4114
            ],
            [
              -74.55799,
              4.44272
            ],
            [
              -74.6064,
              4.4507
            ],
            [
              -74.61465,
              4.47796
            ],
            [
              -74.60587,
              4.58904
            ]
          ]
        ]
      },
      "properties": {
        "code": "25815",
        "departmentCode": "25",
        "name": "TOCAIMA",
        "resultType": "observed",
        "source": "dane-divipola-mgn-2025",
        "year": 2025
      }
    },
    {
      "type": "Feature",
      "id": 2159,
      "geometry": {
        "type": "Polygon",
        "coordinates": [
          [
            [
              -73.90741,
              5.01765
            ],
            [
              -73.91242,
              5.02795
            ],
            [
              -73.94461,
              5.0112
            ],
            [
              -73.93685,
              4.98875
            ],
            [
              -73.95234,
              4.96895
            ],
            [
              -73.97223,
              4.99656
            ],
            [
              -73.99083,
              4.9765
            ],
            [
              -73.91585,
              4.91369
            ],
            [
              -73.87416,
              4.96323
            ],
            [
              -73.89859,
              4.97583
            ],
            [
              -73.88834,
              4.98505
            ],
            [
              -73.90741,
              5.01765
            ]
          ]
        ]
      },
      "properties": {
        "code": "25817",
        "departmentCode": "25",
        "name": "TOCANCIPÁ",
        "resultType": "observed",
        "source": "dane-divipola-mgn-2025",
        "year": 2025
      }
    },
    {
      "type": "Feature",
      "id": 2160,
      "geometry": {
        "type": "Polygon",
        "coordinates": [
          [
            [
              -74.35592,
              5.42285
            ],
            [
              -74.37656,
              5.39476
            ],
            [
              -74.35847,
              5.37711
            ],
            [
              -74.35915,
              5.33233
            ],
            [
              -74.32859,
              5.33995
            ],
            [
              -74.29366,
              5.30279
            ],
            [
              -74.26288,
              5.31534
            ],
            [
              -74.24922,
              5.27677
            ],
            [
              -74.24634,
              5.2917
            ],
            [
              -74.21333,
              5.29556
            ],
            [
              -74.23195,
              5.31239
            ],
            [
              -74.22071,
              5.34308
            ],
            [
              -74.23432,
              5.39743
            ],
            [
              -74.26449,
              5.40663
            ],
            [
              -74.27644,
              5.39168
            ],
            [
              -74.29519,
              5.40605
            ],
            [
              -74.32225,
              5.38637
            ],
            [
              -74.35592,
              5.42285
            ]
          ]
        ]
      },
      "properties": {
        "code": "25823",
        "departmentCode": "25",
        "name": "TOPAIPÍ",
        "resultType": "observed",
        "source": "dane-divipola-mgn-2025",
        "year": 2025
      }
    },
    {
      "type": "Feature",
      "id": 2161,
      "geometry": {
        "type": "MultiPolygon",
        "coordinates": [
          [
            [
              [
                -73.46383,
                4.89015
              ],
              [
                -73.52056,
                4.87896
              ],
              [
                -73.54405,
                4.79163
              ],
              [
                -73.5942,
                4.7876
              ],
              [
                -73.56513,
                4.732
              ],
              [
                -73.53479,
                4.71581
              ],
              [
                -73.41948,
                4.74749
              ],
              [
                -73.37184,
                4.80082
              ],
              [
                -73.36516,
                4.82477
              ],
              [
                -73.402,
                4.87993
              ],
              [
                -73.46383,
                4.89015
              ]
            ]
          ],
          [
            [
              [
                -73.32376,
                4.77937
              ],
              [
                -73.38431,
                4.75847
              ],
              [
                -73.38402,
                4.70437
              ],
              [
                -73.40345,
                4.6786
              ],
              [
                -73.38275,
                4.65466
              ],
              [
                -73.33629,
                4.64966
              ],
              [
                -73.30454,
                4.62368
              ],
              [
                -73.2902,
                4.63471
              ],
              [
                -73.2477,
                4.62373
              ],
              [
                -73.23731,
                4.66927
              ],
              [
                -73.22057,
                4.67667
              ],
              [
                -73.23466,
                4.69515
              ],
              [
                -73.22053,
                4.73014
              ],
              [
                -73.26851,
                4.74073
              ],
              [
                -73.2832,
                4.72228
              ],
              [
                -73.30302,
                4.72892
              ],
              [
                -73.32376,
                4.77937
              ]
            ]
          ]
        ]
      },
      "properties": {
        "code": "25839",
        "departmentCode": "25",
        "name": "UBALÁ",
        "resultType": "observed",
        "source": "dane-divipola-mgn-2025",
        "year": 2025
      }
    },
    {
      "type": "Feature",
      "id": 2162,
      "geometry": {
        "type": "Polygon",
        "coordinates": [
          [
            [
              -74.00984,
              4.55965
            ],
            [
              -74.0296,
              4.55787
            ],
            [
              -74.04842,
              4.5126
            ],
            [
              -74.03208,
              4.49146
            ],
            [
              -73.98389,
              4.47428
            ],
            [
              -73.97672,
              4.45602
            ],
            [
              -73.93686,
              4.45942
            ],
            [
              -73.90368,
              4.44109
            ],
            [
              -73.90465,
              4.50062
            ],
            [
              -73.95178,
              4.50495
            ],
            [
              -73.98125,
              4.54902
            ],
            [
              -74.00984,
              4.55965
            ]
          ]
        ]
      },
      "properties": {
        "code": "25841",
        "departmentCode": "25",
        "name": "UBAQUE",
        "resultType": "observed",
        "source": "dane-divipola-mgn-2025",
        "year": 2025
      }
    },
    {
      "type": "Feature",
      "id": 2163,
      "geometry": {
        "type": "Polygon",
        "coordinates": [
          [
            [
              -73.82161,
              5.37533
            ],
            [
              -73.85037,
              5.35277
            ],
            [
              -73.84984,
              5.32837
            ],
            [
              -73.8902,
              5.30717
            ],
            [
              -73.86729,
              5.2816
            ],
            [
              -73.84918,
              5.29145
            ],
            [
              -73.84625,
              5.27661
            ],
            [
              -73.80464,
              5.25911
            ],
            [
              -73.76563,
              5.29805
            ],
            [
              -73.7639,
              5.32421
            ],
            [
              -73.77406,
              5.35105
            ],
            [
              -73.7806,
              5.33905
            ],
            [
              -73.80094,
              5.37045
            ],
            [
              -73.82161,
              5.37533
            ]
          ]
        ]
      },
      "properties": {
        "code": "25843",
        "departmentCode": "25",
        "name": "VILLA DE SAN DIEGO DE UBATÉ",
        "resultType": "observed",
        "source": "dane-divipola-mgn-2025",
        "year": 2025
      }
    },
    {
      "type": "Feature",
      "id": 2164,
      "geometry": {
        "type": "Polygon",
        "coordinates": [
          [
            [
              -74.01654,
              4.43041
            ],
            [
              -74.05753,
              4.40866
            ],
            [
              -74.04987,
              4.35952
            ],
            [
              -74.08118,
              4.35152
            ],
            [
              -74.08464,
              4.31163
            ],
            [
              -74.11942,
              4.31066
            ],
            [
              -74.15231,
              4.25608
            ],
            [
              -74.12123,
              4.17988
            ],
            [
              -74.065,
              4.18485
            ],
            [
              -74.05645,
              4.20986
            ],
            [
              -74.08253,
              4.22829
            ],
            [
              -74.05023,
              4.26762
            ],
            [
              -74.07638,
              4.28952
            ],
            [
              -74.01612,
              4.30776
            ],
            [
              -73.98936,
              4.34392
            ],
            [
              -74.00353,
              4.40474
            ],
            [
              -73.98943,
              4.41653
            ],
            [
              -74.01654,
              4.43041
            ]
          ]
        ]
      },
      "properties": {
        "code": "25845",
        "departmentCode": "25",
        "name": "UNE",
        "resultType": "observed",
        "source": "dane-divipola-mgn-2025",
        "year": 2025
      }
    },
    {
      "type": "Feature",
      "id": 2165,
      "geometry": {
        "type": "Polygon",
        "coordinates": [
          [
            [
              -74.46278,
              5.25829
            ],
            [
              -74.49989,
              5.24889
            ],
            [
              -74.52105,
              5.1299
            ],
            [
              -74.47451,
              5.15338
            ],
            [
              -74.46189,
              5.14928
            ],
            [
              -74.4654,
              5.12722
            ],
            [
              -74.44709,
              5.12526
            ],
            [
              -74.45344,
              5.18805
            ],
            [
              -74.42828,
              5.22467
            ],
            [
              -74.46278,
              5.25829
            ]
          ]
        ]
      },
      "properties": {
        "code": "25851",
        "departmentCode": "25",
        "name": "ÚTICA",
        "resultType": "observed",
        "source": "dane-divipola-mgn-2025",
        "year": 2025
      }
    },
    {
      "type": "Feature",
      "id": 2166,
      "geometry": {
        "type": "Polygon",
        "coordinates": [
          [
            [
              -74.30384,
              5.19563
            ],
            [
              -74.34014,
              5.20023
            ],
            [
              -74.37315,
              5.13726
            ],
            [
              -74.37491,
              5.10498
            ],
            [
              -74.35424,
              5.08277
            ],
            [
              -74.3393,
              5.0876
            ],
            [
              -74.34302,
              5.05349
            ],
            [
              -74.32814,
              5.04786
            ],
            [
              -74.27963,
              5.10808
            ],
            [
              -74.24677,
              5.1043
            ],
            [
              -74.22689,
              5.11843
            ],
            [
              -74.22621,
              5.15107
            ],
            [
              -74.29365,
              5.1677
            ],
            [
              -74.30384,
              5.19563
            ]
          ]
        ]
      },
      "properties": {
        "code": "25862",
        "departmentCode": "25",
        "name": "VERGARA",
        "resultType": "observed",
        "source": "dane-divipola-mgn-2025",
        "year": 2025
      }
    },
    {
      "type": "Feature",
      "id": 2167,
      "geometry": {
        "type": "Polygon",
        "coordinates": [
          [
            [
              -74.53564,
              4.96593
            ],
            [
              -74.55421,
              4.96136
            ],
            [
              -74.58441,
              4.87551
            ],
            [
              -74.56699,
              4.79597
            ],
            [
              -74.5399,
              4.89973
            ],
            [
              -74.52046,
              4.89747
            ],
            [
              -74.51371,
              4.92425
            ],
            [
              -74.53564,
              4.96593
            ]
          ]
        ]
      },
      "properties": {
        "code": "25867",
        "departmentCode": "25",
        "name": "VIANÍ",
        "resultType": "observed",
        "source": "dane-divipola-mgn-2025",
        "year": 2025
      }
    },
    {
      "type": "Feature",
      "id": 2168,
      "geometry": {
        "type": "Polygon",
        "coordinates": [
          [
            [
              -74.21905,
              5.34157
            ],
            [
              -74.23195,
              5.31243
            ],
            [
              -74.20715,
              5.28738
            ],
            [
              -74.20268,
              5.19101
            ],
            [
              -74.17081,
              5.23214
            ],
            [
              -74.13759,
              5.23843
            ],
            [
              -74.20526,
              5.34068
            ],
            [
              -74.21905,
              5.34157
            ]
          ]
        ]
      },
      "properties": {
        "code": "25871",
        "departmentCode": "25",
        "name": "VILLAGÓMEZ",
        "resultType": "observed",
        "source": "dane-divipola-mgn-2025",
        "year": 2025
      }
    },
    {
      "type": "Feature",
      "id": 2169,
      "geometry": {
        "type": "Polygon",
        "coordinates": [
          [
            [
              -73.59282,
              5.31267
            ],
            [
              -73.59607,
              5.36464
            ],
            [
              -73.61876,
              5.29873
            ],
            [
              -73.66307,
              5.26591
            ],
            [
              -73.65512,
              5.22726
            ],
            [
              -73.60088,
              5.16724
            ],
            [
              -73.55051,
              5.15423
            ],
            [
              -73.53765,
              5.13244
            ],
            [
              -73.49242,
              5.12845
            ],
            [
              -73.4772,
              5.14809
            ],
            [
              -73.51194,
              5.1623
            ],
            [
              -73.53338,
              5.28116
            ],
            [
              -73.59282,
              5.31267
            ]
          ]
        ]
      },
      "properties": {
        "code": "25873",
        "departmentCode": "25",
        "name": "VILLAPINZÓN",
        "resultType": "observed",
        "source": "dane-divipola-mgn-2025",
        "year": 2025
      }
    },
    {
      "type": "Feature",
      "id": 2170,
      "geometry": {
        "type": "Polygon",
        "coordinates": [
          [
            [
              -74.44691,
              5.07111
            ],
            [
              -74.54353,
              5.06312
            ],
            [
              -74.53345,
              4.94079
            ],
            [
              -74.5013,
              4.95173
            ],
            [
              -74.48296,
              4.93834
            ],
            [
              -74.43575,
              5.00568
            ],
            [
              -74.41694,
              4.9985
            ],
            [
              -74.41236,
              5.02092
            ],
            [
              -74.43607,
              5.04513
            ],
            [
              -74.426,
              5.06393
            ],
            [
              -74.44691,
              5.07111
            ]
          ]
        ]
      },
      "properties": {
        "code": "25875",
        "departmentCode": "25",
        "name": "VILLETA",
        "resultType": "observed",
        "source": "dane-divipola-mgn-2025",
        "year": 2025
      }
    },
    {
      "type": "Feature",
      "id": 2171,
      "geometry": {
        "type": "Polygon",
        "coordinates": [
          [
            [
              -74.41005,
              4.52277
            ],
            [
              -74.43118,
              4.50162
            ],
            [
              -74.4915,
              4.49381
            ],
            [
              -74.52783,
              4.45734
            ],
            [
              -74.54284,
              4.46539
            ],
            [
              -74.53681,
              4.4851
            ],
            [
              -74.55905,
              4.48058
            ],
            [
              -74.56898,
              4.4114
            ],
            [
              -74.55171,
              4.4069
            ],
            [
              -74.5485,
              4.3641
            ],
            [
              -74.46179,
              4.36154
            ],
            [
              -74.39429,
              4.50006
            ],
            [
              -74.41005,
              4.52277
            ]
          ]
        ]
      },
      "properties": {
        "code": "25878",
        "departmentCode": "25",
        "name": "VIOTÁ",
        "resultType": "observed",
        "source": "dane-divipola-mgn-2025",
        "year": 2025
      }
    },
    {
      "type": "Feature",
      "id": 2172,
      "geometry": {
        "type": "Polygon",
        "coordinates": [
          [
            [
              -74.32755,
              5.82396
            ],
            [
              -74.34523,
              5.83205
            ],
            [
              -74.38469,
              5.78439
            ],
            [
              -74.43091,
              5.75801
            ],
            [
              -74.48561,
              5.7708
            ],
            [
              -74.46707,
              5.73017
            ],
            [
              -74.48999,
              5.68581
            ],
            [
              -74.48651,
              5.65009
            ],
            [
              -74.51428,
              5.63043
            ],
            [
              -74.54148,
              5.55607
            ],
            [
              -74.5096,
              5.54345
            ],
            [
              -74.48338,
              5.55626
            ],
            [
              -74.44497,
              5.55007
            ],
            [
              -74.41061,
              5.47843
            ],
            [
              -74.42268,
              5.44358
            ],
            [
              -74.40572,
              5.43264
            ],
            [
              -74.4087,
              5.40887
            ],
            [
              -74.37708,
              5.42654
            ],
            [
              -74.32243,
              5.38641
            ],
            [
              -74.29519,
              5.40605
            ],
            [
              -74.27644,
              5.39168
            ],
            [
              -74.25845,
              5.40731
            ],
            [
              -74.23632,
              5.39517
            ],
            [
              -74.17759,
              5.4596
            ],
            [
              -74.20371,
              5.49778
            ],
            [
              -74.24452,
              5.4763
            ],
            [
              -74.25642,
              5.49984
            ],
            [
              -74.24291,
              5.54471
            ],
            [
              -74.29997,
              5.57881
            ],
            [
              -74.31504,
              5.623
            ],
            [
              -74.27598,
              5.69219
            ],
            [
              -74.30416,
              5.70967
            ],
            [
              -74.28717,
              5.74649
            ],
            [
              -74.31298,
              5.78225
            ],
            [
              -74.30102,
              5.79766
            ],
            [
              -74.31685,
              5.79701
            ],
            [
              -74.32755,
              5.82396
            ]
          ]
        ]
      },
      "properties": {
        "code": "25885",
        "departmentCode": "25",
        "name": "YACOPÍ",
        "resultType": "observed",
        "source": "dane-divipola-mgn-2025",
        "year": 2025
      }
    },
    {
      "type": "Feature",
      "id": 2173,
      "geometry": {
        "type": "Polygon",
        "coordinates": [
          [
            [
              -74.39105,
              4.80266
            ],
            [
              -74.40421,
              4.79929
            ],
            [
              -74.41183,
              4.7392
            ],
            [
              -74.43781,
              4.71307
            ],
            [
              -74.42778,
              4.70206
            ],
            [
              -74.3643,
              4.73291
            ],
            [
              -74.34193,
              4.77586
            ],
            [
              -74.39105,
              4.80266
            ]
          ]
        ]
      },
      "properties": {
        "code": "25898",
        "departmentCode": "25",
        "name": "ZIPACÓN",
        "resultType": "observed",
        "source": "dane-divipola-mgn-2025",
        "year": 2025
      }
    },
    {
      "type": "Feature",
      "id": 2174,
      "geometry": {
        "type": "Polygon",
        "coordinates": [
          [
            [
              -74.05642,
              5.1472
            ],
            [
              -74.06723,
              5.15862
            ],
            [
              -74.07956,
              5.07598
            ],
            [
              -74.09532,
              5.06194
            ],
            [
              -74.07972,
              5.04023
            ],
            [
              -74.08896,
              5.01311
            ],
            [
              -74.06363,
              5.00508
            ],
            [
              -74.03281,
              4.9632
            ],
            [
              -74.00517,
              4.98691
            ],
            [
              -73.99169,
              4.97153
            ],
            [
              -73.97236,
              4.99657
            ],
            [
              -73.95227,
              4.96898
            ],
            [
              -73.93685,
              4.98875
            ],
            [
              -73.94461,
              5.0112
            ],
            [
              -73.91406,
              5.03077
            ],
            [
              -73.93231,
              5.04378
            ],
            [
              -74.02694,
              5.04523
            ],
            [
              -74.00713,
              5.12699
            ],
            [
              -74.04072,
              5.13217
            ],
            [
              -74.04477,
              5.15782
            ],
            [
              -74.05642,
              5.1472
            ]
          ]
        ]
      },
      "properties": {
        "code": "25899",
        "departmentCode": "25",
        "name": "ZIPAQUIRÁ",
        "resultType": "observed",
        "source": "dane-divipola-mgn-2025",
        "year": 2025
      }
    }
  ]
}
