{
  "type": "FeatureCollection",
  "metadata": {
    "source": "DANE DIVIPOLA MGN 2025",
    "downloadedAt": "2026-07-27T05:06:31Z",
    "crs": "EPSG:4326",
    "simplification": "ArcGIS maxAllowableOffset=0.01 grados y geometryPrecision=5; solo visualización web"
  },
  "features": [
    {
      "type": "Feature",
      "id": 2175,
      "geometry": {
        "type": "Polygon",
        "coordinates": [
          [
            [
              -76.98489,
              6.03276
            ],
            [
              -76.94074,
              6.14833
            ],
            [
              -76.87212,
              6.11854
            ],
            [
              -76.8356,
              6.136
            ],
            [
              -76.80194,
              6.11647
            ],
            [
              -76.71481,
              6.1614
            ],
            [
              -76.72307,
              6.23698
            ],
            [
              -76.75741,
              6.25345
            ],
            [
              -76.75206,
              6.28309
            ],
            [
              -76.78271,
              6.29003
            ],
            [
              -76.7903,
              6.32227
            ],
            [
              -76.77767,
              6.32877
            ],
            [
              -76.79084,
              6.3424
            ],
            [
              -76.82357,
              6.34088
            ],
            [
              -76.83605,
              6.28968
            ],
            [
              -76.89786,
              6.2358
            ],
            [
              -76.94963,
              6.23453
            ],
            [
              -77.03759,
              6.29313
            ],
            [
              -77.07558,
              6.23118
            ],
            [
              -77.07644,
              6.21508
            ],
            [
              -77.05587,
              6.21841
            ],
            [
              -77.05081,
              6.20501
            ],
            [
              -77.05697,
              6.1564
            ],
            [
              -77.12588,
              6.09359
            ],
            [
              -77.14011,
              6.03705
            ],
            [
              -77.12174,
              6.03057
            ],
            [
              -77.089,
              5.95173
            ],
            [
              -77.0706,
              5.96296
            ],
            [
              -77.0371,
              5.93927
            ],
            [
              -77.00647,
              5.75138
            ],
            [
              -76.95094,
              5.70712
            ],
            [
              -76.9509,
              5.66895
            ],
            [
              -76.93015,
              5.6611
            ],
            [
              -76.87764,
              5.68147
            ],
            [
              -76.83598,
              5.65969
            ],
            [
              -76.80414,
              5.68569
            ],
            [
              -76.71768,
              5.68547
            ],
            [
              -76.69379,
              5.67195
            ],
            [
              -76.67795,
              5.68821
            ],
            [
              -76.66338,
              5.68163
            ],
            [
              -76.679,
              5.65194
            ],
            [
              -76.6525,
              5.62097
            ],
            [
              -76.60105,
              5.66078
            ],
            [
              -76.58445,
              5.64968
            ],
            [
              -76.5496,
              5.66132
            ],
            [
              -76.52454,
              5.6932
            ],
            [
              -76.4391,
              5.68888
            ],
            [
              -76.43662,
              5.70579
            ],
            [
              -76.40228,
              5.71727
            ],
            [
              -76.39675,
              5.7413
            ],
            [
              -76.3734,
              5.7234
            ],
            [
              -76.38148,
              5.75237
            ],
            [
              -76.3549,
              5.81658
            ],
            [
              -76.2839,
              5.86869
            ],
            [
              -76.25255,
              5.85871
            ],
            [
              -76.23453,
              5.90546
            ],
            [
              -76.1878,
              5.91339
            ],
            [
              -76.16019,
              6.00414
            ],
            [
              -76.19171,
              6.05955
            ],
            [
              -76.20947,
              6.18455
            ],
            [
              -76.23923,
              6.20801
            ],
            [
              -76.27317,
              6.18099
            ],
            [
              -76.2837,
              6.1507
            ],
            [
              -76.41669,
              6.03714
            ],
            [
              -76.4419,
              6.03618
            ],
            [
              -76.46725,
              6.00529
            ],
            [
              -76.52184,
              6.00708
            ],
            [
              -76.52875,
              5.96525
            ],
            [
              -76.58888,
              5.93383
            ],
            [
              -76.58761,
              5.90859
            ],
            [
              -76.68026,
              5.87168
            ],
            [
              -76.70878,
              5.88332
            ],
            [
              -76.72373,
              5.83455
            ],
            [
              -76.74143,
              5.84184
            ],
            [
              -76.77032,
              5.82127
            ],
            [
              -76.83864,
              5.81139
            ],
            [
              -76.92504,
              5.8915
            ],
            [
              -76.92864,
              5.95871
            ],
            [
              -76.91697,
              5.9842
            ],
            [
              -76.90202,
              5.97669
            ],
            [
              -76.90284,
              5.99554
            ],
            [
              -76.91953,
              5.99414
            ],
            [
              -76.93704,
              6.03206
            ],
            [
              -76.97098,
              6.04057
            ],
            [
              -76.98766,
              6.01786
            ],
            [
              -76.98489,
              6.03276
            ]
          ]
        ]
      },
      "properties": {
        "code": "27001",
        "departmentCode": "27",
        "name": "QUIBDÓ",
        "originalCode": "001",
        "originalName": "QUIBDÓ",
        "MPIO_TIPO": "MUNICIPIO",
        "type": "MUNICIPIO",
        "unitType": "municipio",
        "MPIO_NAREA": 3508.64456877,
        "MPIO_NANO": 2025,
        "MPIO_CRSLCION": "Decreto ejecutivo de 30 de Marzo de 1825",
        "areaName": 3508.64456877,
        "creationYear": 2025,
        "creationResolution": "Decreto ejecutivo de 30 de Marzo de 1825",
        "resultType": "observed",
        "source": "dane-divipola-mgn-2025",
        "year": 2025
      }
    },
    {
      "type": "Feature",
      "id": 2176,
      "geometry": {
        "type": "Polygon",
        "coordinates": [
          [
            [
              -77.36124,
              8.66126
            ],
            [
              -77.3709,
              8.67716
            ],
            [
              -77.37173,
              8.63708
            ],
            [
              -77.40795,
              8.64535
            ],
            [
              -77.39056,
              8.58474
            ],
            [
              -77.41858,
              8.58769
            ],
            [
              -77.40963,
              8.56632
            ],
            [
              -77.43696,
              8.56312
            ],
            [
              -77.44058,
              8.52272
            ],
            [
              -77.45626,
              8.50854
            ],
            [
              -77.44756,
              8.47261
            ],
            [
              -77.40186,
              8.47647
            ],
            [
              -77.35896,
              8.40113
            ],
            [
              -77.34615,
              8.35227
            ],
            [
              -77.35534,
              8.3161
            ],
            [
              -77.33375,
              8.274
            ],
            [
              -77.30517,
              8.28333
            ],
            [
              -77.24724,
              8.27038
            ],
            [
              -77.2216,
              8.29358
            ],
            [
              -77.15658,
              8.28431
            ],
            [
              -77.12476,
              8.3495
            ],
            [
              -77.0952,
              8.3081
            ],
            [
              -77.08129,
              8.31094
            ],
            [
              -77.07641,
              8.32524
            ],
            [
              -77.11787,
              8.37164
            ],
            [
              -77.13074,
              8.41191
            ],
            [
              -77.2489,
              8.47205
            ],
            [
              -77.2751,
              8.50633
            ],
            [
              -77.28819,
              8.57513
            ],
            [
              -77.36124,
              8.66126
            ]
          ]
        ]
      },
      "properties": {
        "code": "27006",
        "departmentCode": "27",
        "name": "ACANDÍ",
        "originalCode": "006",
        "originalName": "ACANDÍ",
        "MPIO_TIPO": "MUNICIPIO",
        "type": "MUNICIPIO",
        "unitType": "municipio",
        "MPIO_NAREA": 798.05666922,
        "MPIO_NANO": 2025,
        "MPIO_CRSLCION": "Ordenanza 01 del 05 de Agosto de 1908",
        "areaName": 798.05666922,
        "creationYear": 2025,
        "creationResolution": "Ordenanza 01 del 05 de Agosto de 1908",
        "resultType": "observed",
        "source": "dane-divipola-mgn-2025",
        "year": 2025
      }
    },
    {
      "type": "Feature",
      "id": 2177,
      "geometry": {
        "type": "Polygon",
        "coordinates": [
          [
            [
              -76.9311,
              5.29414
            ],
            [
              -76.93245,
              5.27858
            ],
            [
              -76.90636,
              5.28335
            ],
            [
              -76.8981,
              5.32995
            ],
            [
              -76.85616,
              5.39396
            ],
            [
              -76.89497,
              5.4407
            ],
            [
              -76.87542,
              5.53536
            ],
            [
              -76.886,
              5.5573
            ],
            [
              -76.90469,
              5.55597
            ],
            [
              -76.94762,
              5.45152
            ],
            [
              -76.9687,
              5.49922
            ],
            [
              -76.95081,
              5.70691
            ],
            [
              -77.00518,
              5.74781
            ],
            [
              -77.0371,
              5.93927
            ],
            [
              -77.0706,
              5.96296
            ],
            [
              -77.089,
              5.95173
            ],
            [
              -77.12529,
              6.03291
            ],
            [
              -77.18009,
              6.04786
            ],
            [
              -77.21387,
              6.01757
            ],
            [
              -77.27594,
              6.02852
            ],
            [
              -77.29307,
              5.96385
            ],
            [
              -77.2475,
              5.93974
            ],
            [
              -77.23487,
              5.904
            ],
            [
              -77.24735,
              5.88973
            ],
            [
              -77.21293,
              5.87822
            ],
            [
              -77.19634,
              5.89012
            ],
            [
              -77.13788,
              5.84846
            ],
            [
              -77.18684,
              5.79875
            ],
            [
              -77.17416,
              5.73848
            ],
            [
              -77.20747,
              5.73699
            ],
            [
              -77.2216,
              5.71873
            ],
            [
              -77.2196,
              5.67905
            ],
            [
              -77.19078,
              5.64239
            ],
            [
              -77.18889,
              5.61549
            ],
            [
              -77.21033,
              5.58497
            ],
            [
              -77.2071,
              5.53208
            ],
            [
              -77.24467,
              5.5131
            ],
            [
              -77.2688,
              5.52104
            ],
            [
              -77.24965,
              5.47949
            ],
            [
              -77.26957,
              5.45951
            ],
            [
              -77.26655,
              5.4395
            ],
            [
              -77.19218,
              5.3805
            ],
            [
              -77.1703,
              5.3961
            ],
            [
              -77.14662,
              5.38043
            ],
            [
              -77.12177,
              5.4033
            ],
            [
              -77.07126,
              5.38549
            ],
            [
              -77.06835,
              5.35663
            ],
            [
              -77.0296,
              5.36252
            ],
            [
              -77.03637,
              5.32812
            ],
            [
              -77.00804,
              5.29381
            ],
            [
              -76.99244,
              5.30417
            ],
            [
              -76.98591,
              5.28759
            ],
            [
              -76.98821,
              5.30513
            ],
            [
              -76.96431,
              5.32158
            ],
            [
              -76.9311,
              5.29414
            ]
          ]
        ]
      },
      "properties": {
        "code": "27025",
        "departmentCode": "27",
        "name": "ALTO BAUDÓ",
        "originalCode": "025",
        "originalName": "ALTO BAUDÓ",
        "MPIO_TIPO": "MUNICIPIO",
        "type": "MUNICIPIO",
        "unitType": "municipio",
        "MPIO_NAREA": 2051.88249158,
        "MPIO_NANO": 2025,
        "MPIO_CRSLCION": "Ordenanza 16 del 21 Noviembre de 1958",
        "areaName": 2051.88249158,
        "creationYear": 2025,
        "creationResolution": "Ordenanza 16 del 21 Noviembre de 1958",
        "resultType": "observed",
        "source": "dane-divipola-mgn-2025",
        "year": 2025
      }
    },
    {
      "type": "Feature",
      "id": 2178,
      "geometry": {
        "type": "Polygon",
        "coordinates": [
          [
            [
              -76.63648,
              5.63098
            ],
            [
              -76.6528,
              5.62105
            ],
            [
              -76.66446,
              5.64724
            ],
            [
              -76.68592,
              5.64525
            ],
            [
              -76.70921,
              5.58006
            ],
            [
              -76.70408,
              5.54417
            ],
            [
              -76.68197,
              5.52694
            ],
            [
              -76.70556,
              5.52519
            ],
            [
              -76.67006,
              5.49995
            ],
            [
              -76.69548,
              5.48031
            ],
            [
              -76.68193,
              5.43395
            ],
            [
              -76.63326,
              5.42804
            ],
            [
              -76.63455,
              5.4115
            ],
            [
              -76.61078,
              5.40264
            ],
            [
              -76.58434,
              5.41703
            ],
            [
              -76.56958,
              5.45079
            ],
            [
              -76.58836,
              5.45093
            ],
            [
              -76.58417,
              5.48963
            ],
            [
              -76.61373,
              5.53154
            ],
            [
              -76.57336,
              5.55185
            ],
            [
              -76.49807,
              5.55191
            ],
            [
              -76.51212,
              5.60639
            ],
            [
              -76.47909,
              5.64008
            ],
            [
              -76.47499,
              5.68767
            ],
            [
              -76.52454,
              5.6932
            ],
            [
              -76.5496,
              5.66132
            ],
            [
              -76.58445,
              5.64968
            ],
            [
              -76.60105,
              5.66078
            ],
            [
              -76.63648,
              5.63098
            ]
          ]
        ]
      },
      "properties": {
        "code": "27050",
        "departmentCode": "27",
        "name": "ATRATO",
        "originalCode": "050",
        "originalName": "ATRATO",
        "MPIO_TIPO": "MUNICIPIO",
        "type": "MUNICIPIO",
        "unitType": "municipio",
        "MPIO_NAREA": 421.77390931,
        "MPIO_NANO": 2024,
        "MPIO_CRSLCION": "ORD 10 DE MAYO 09 DE 1997",
        "areaName": 421.77390931,
        "creationYear": 2024,
        "creationResolution": "ORD 10 DE MAYO 09 DE 1997",
        "resultType": "observed",
        "source": "dane-divipola-mgn-2025",
        "year": 2025
      }
    },
    {
      "type": "Feature",
      "id": 2179,
      "geometry": {
        "type": "Polygon",
        "coordinates": [
          [
            [
              -76.08567,
              5.68668
            ],
            [
              -76.19786,
              5.6175
            ],
            [
              -76.20575,
              5.58962
            ],
            [
              -76.2621,
              5.57655
            ],
            [
              -76.31677,
              5.527
            ],
            [
              -76.34292,
              5.44642
            ],
            [
              -76.33445,
              5.42916
            ],
            [
              -76.369,
              5.41268
            ],
            [
              -76.40969,
              5.43451
            ],
            [
              -76.43564,
              5.40112
            ],
            [
              -76.40889,
              5.39145
            ],
            [
              -76.41276,
              5.36741
            ],
            [
              -76.39659,
              5.34951
            ],
            [
              -76.35392,
              5.37102
            ],
            [
              -76.34427,
              5.3444
            ],
            [
              -76.3211,
              5.33423
            ],
            [
              -76.28306,
              5.36095
            ],
            [
              -76.2395,
              5.35973
            ],
            [
              -76.19666,
              5.41367
            ],
            [
              -76.15248,
              5.40757
            ],
            [
              -76.08809,
              5.44651
            ],
            [
              -76.07557,
              5.49959
            ],
            [
              -76.08543,
              5.53432
            ],
            [
              -76.03704,
              5.56717
            ],
            [
              -76.00908,
              5.56765
            ],
            [
              -76.00185,
              5.60065
            ],
            [
              -76.01146,
              5.63056
            ],
            [
              -76.08567,
              5.68668
            ]
          ]
        ]
      },
      "properties": {
        "code": "27073",
        "departmentCode": "27",
        "name": "BAGADÓ",
        "originalCode": "073",
        "originalName": "BAGADÓ",
        "MPIO_TIPO": "MUNICIPIO",
        "type": "MUNICIPIO",
        "unitType": "municipio",
        "MPIO_NAREA": 807.56873765,
        "MPIO_NANO": 2024,
        "MPIO_CRSLCION": "1857",
        "areaName": 807.56873765,
        "creationYear": 2024,
        "creationResolution": "1857",
        "resultType": "observed",
        "source": "dane-divipola-mgn-2025",
        "year": 2025
      }
    },
    {
      "type": "Feature",
      "id": 2180,
      "geometry": {
        "type": "Polygon",
        "coordinates": [
          [
            [
              -77.36238,
              6.80855
            ],
            [
              -77.43578,
              6.76566
            ],
            [
              -77.43513,
              6.74666
            ],
            [
              -77.48331,
              6.69782
            ],
            [
              -77.44865,
              6.70623
            ],
            [
              -77.42673,
              6.68444
            ],
            [
              -77.40574,
              6.68708
            ],
            [
              -77.40028,
              6.62078
            ],
            [
              -77.32528,
              6.54906
            ],
            [
              -77.37621,
              6.42504
            ],
            [
              -77.35568,
              6.3989
            ],
            [
              -77.41287,
              6.38115
            ],
            [
              -77.3698,
              6.35515
            ],
            [
              -77.39527,
              6.23556
            ],
            [
              -77.40918,
              6.22714
            ],
            [
              -77.43406,
              6.27013
            ],
            [
              -77.45904,
              6.27281
            ],
            [
              -77.4742,
              6.29728
            ],
            [
              -77.46802,
              6.24891
            ],
            [
              -77.48274,
              6.19215
            ],
            [
              -77.44488,
              6.11936
            ],
            [
              -77.37305,
              6.04413
            ],
            [
              -77.36382,
              5.99912
            ],
            [
              -77.35259,
              5.99888
            ],
            [
              -77.36275,
              6.05961
            ],
            [
              -77.32899,
              5.98647
            ],
            [
              -77.30543,
              5.99122
            ],
            [
              -77.27153,
              6.03083
            ],
            [
              -77.2917,
              6.07722
            ],
            [
              -77.24809,
              6.12785
            ],
            [
              -77.22215,
              6.13626
            ],
            [
              -77.21622,
              6.15891
            ],
            [
              -77.24763,
              6.20835
            ],
            [
              -77.2305,
              6.23822
            ],
            [
              -77.25849,
              6.26199
            ],
            [
              -77.31077,
              6.26157
            ],
            [
              -77.32967,
              6.28787
            ],
            [
              -77.30758,
              6.30955
            ],
            [
              -77.31391,
              6.34303
            ],
            [
              -77.29546,
              6.34911
            ],
            [
              -77.29464,
              6.37598
            ],
            [
              -77.33696,
              6.42473
            ],
            [
              -77.31137,
              6.43685
            ],
            [
              -77.32865,
              6.49762
            ],
            [
              -77.30924,
              6.55158
            ],
            [
              -77.33009,
              6.59652
            ],
            [
              -77.34676,
              6.59735
            ],
            [
              -77.35937,
              6.62403
            ],
            [
              -77.3821,
              6.62367
            ],
            [
              -77.37072,
              6.68378
            ],
            [
              -77.39656,
              6.71567
            ],
            [
              -77.34758,
              6.76475
            ],
            [
              -77.31274,
              6.76685
            ],
            [
              -77.36238,
              6.80855
            ]
          ]
        ]
      },
      "properties": {
        "code": "27075",
        "departmentCode": "27",
        "name": "BAHÍA SOLANO",
        "originalCode": "075",
        "originalName": "BAHÍA SOLANO",
        "MPIO_TIPO": "MUNICIPIO",
        "type": "MUNICIPIO",
        "unitType": "municipio",
        "MPIO_NAREA": 896.04560938,
        "MPIO_NANO": 2024,
        "MPIO_CRSLCION": "Ordenanza 08 del 19 de Noviembre 1962",
        "areaName": 896.04560938,
        "creationYear": 2024,
        "creationResolution": "Ordenanza 08 del 19 de Noviembre 1962",
        "resultType": "observed",
        "source": "dane-divipola-mgn-2025",
        "year": 2025
      }
    },
    {
      "type": "Feature",
      "id": 2181,
      "geometry": {
        "type": "Polygon",
        "coordinates": [
          [
            [
              -77.12643,
              5.01672
            ],
            [
              -77.14905,
              5.0353
            ],
            [
              -77.16857,
              5.00452
            ],
            [
              -77.21798,
              5.0017
            ],
            [
              -77.23628,
              4.96751
            ],
            [
              -77.28266,
              4.97943
            ],
            [
              -77.27341,
              4.99865
            ],
            [
              -77.22975,
              4.9996
            ],
            [
              -77.24647,
              5.08912
            ],
            [
              -77.23591,
              5.11189
            ],
            [
              -77.18915,
              5.09856
            ],
            [
              -77.17509,
              5.15861
            ],
            [
              -77.15472,
              5.16464
            ],
            [
              -77.15955,
              5.18488
            ],
            [
              -77.13208,
              5.2173
            ],
            [
              -77.12713,
              5.20189
            ],
            [
              -77.10989,
              5.21997
            ],
            [
              -77.07273,
              5.18055
            ],
            [
              -77.0621,
              5.21113
            ],
            [
              -77.04073,
              5.21198
            ],
            [
              -77.03628,
              5.23439
            ],
            [
              -77.00698,
              5.24423
            ],
            [
              -77.00836,
              5.27398
            ],
            [
              -76.97031,
              5.29797
            ],
            [
              -76.93202,
              5.28741
            ],
            [
              -76.93929,
              5.31292
            ],
            [
              -76.96522,
              5.3214
            ],
            [
              -76.99072,
              5.28686
            ],
            [
              -76.99138,
              5.30352
            ],
            [
              -77.00861,
              5.29406
            ],
            [
              -77.03637,
              5.32812
            ],
            [
              -77.02891,
              5.36183
            ],
            [
              -77.06835,
              5.35663
            ],
            [
              -77.07221,
              5.38597
            ],
            [
              -77.12177,
              5.4033
            ],
            [
              -77.14675,
              5.3804
            ],
            [
              -77.17007,
              5.39608
            ],
            [
              -77.18709,
              5.3803
            ],
            [
              -77.21027,
              5.39006
            ],
            [
              -77.26113,
              5.43048
            ],
            [
              -77.27023,
              5.45756
            ],
            [
              -77.25028,
              5.48171
            ],
            [
              -77.26703,
              5.50766
            ],
            [
              -77.29061,
              5.4858
            ],
            [
              -77.28896,
              5.51668
            ],
            [
              -77.3107,
              5.52781
            ],
            [
              -77.31905,
              5.55601
            ],
            [
              -77.37693,
              5.54483
            ],
            [
              -77.38973,
              5.56521
            ],
            [
              -77.40171,
              5.54574
            ],
            [
              -77.41577,
              5.55317
            ],
            [
              -77.42108,
              5.53648
            ],
            [
              -77.4892,
              5.50862
            ],
            [
              -77.49084,
              5.49375
            ],
            [
              -77.52327,
              5.50509
            ],
            [
              -77.53915,
              5.48053
            ],
            [
              -77.49253,
              5.46863
            ],
            [
              -77.45401,
              5.48874
            ],
            [
              -77.42989,
              5.46835
            ],
            [
              -77.42857,
              5.43741
            ],
            [
              -77.40006,
              5.45228
            ],
            [
              -77.38275,
              5.42138
            ],
            [
              -77.39682,
              5.41959
            ],
            [
              -77.38078,
              5.40864
            ],
            [
              -77.39338,
              5.40564
            ],
            [
              -77.38743,
              5.39176
            ],
            [
              -77.41332,
              5.40516
            ],
            [
              -77.38785,
              5.28828
            ],
            [
              -77.39718,
              5.16902
            ],
            [
              -77.38409,
              5.1521
            ],
            [
              -77.37618,
              4.94791
            ],
            [
              -77.34796,
              4.80841
            ],
            [
              -77.32961,
              4.79795
            ],
            [
              -77.34843,
              4.77172
            ],
            [
              -77.30908,
              4.78197
            ],
            [
              -77.29988,
              4.74708
            ],
            [
              -77.32819,
              4.73972
            ],
            [
              -77.32691,
              4.57102
            ],
            [
              -77.28289,
              4.56361
            ],
            [
              -77.19353,
              4.44345
            ],
            [
              -77.17122,
              4.45098
            ],
            [
              -77.16086,
              4.43956
            ],
            [
              -77.12308,
              4.45507
            ],
            [
              -77.10568,
              4.44322
            ],
            [
              -77.10274,
              4.48482
            ],
            [
              -77.05526,
              4.47681
            ],
            [
              -77.03816,
              4.503
            ],
            [
              -77.04667,
              4.51359
            ],
            [
              -77.09926,
              4.49389
            ],
            [
              -77.14828,
              4.50415
            ],
            [
              -77.15958,
              4.52494
            ],
            [
              -77.12606,
              4.60248
            ],
            [
              -77.09979,
              4.61354
            ],
            [
              -77.08985,
              4.64706
            ],
            [
              -77.06965,
              4.64615
            ],
            [
              -77.04951,
              4.67911
            ],
            [
              -77.05183,
              4.70719
            ],
            [
              -77.02439,
              4.72032
            ],
            [
              -77.02265,
              4.73633
            ],
            [
              -76.99471,
              4.74074
            ],
            [
              -76.97831,
              4.76882
            ],
            [
              -76.96431,
              4.75913
            ],
            [
              -76.93565,
              4.77782
            ],
            [
              -76.94897,
              4.80455
            ],
            [
              -76.93798,
              4.82717
            ],
            [
              -76.99808,
              4.85477
            ],
            [
              -76.97089,
              4.89408
            ],
            [
              -76.9858,
              4.92595
            ],
            [
              -77.07244,
              4.95709
            ],
            [
              -77.09673,
              4.90954
            ],
            [
              -77.1325,
              4.92445
            ],
            [
              -77.12998,
              4.95187
            ],
            [
              -77.08102,
              4.98254
            ],
            [
              -77.12643,
              5.01672
            ]
          ]
        ]
      },
      "properties": {
        "code": "27077",
        "departmentCode": "27",
        "name": "BAJO BAUDÓ",
        "originalCode": "077",
        "originalName": "BAJO BAUDÓ",
        "MPIO_TIPO": "MUNICIPIO",
        "type": "MUNICIPIO",
        "unitType": "municipio",
        "MPIO_NAREA": 3482.1193693,
        "MPIO_NANO": 2025,
        "MPIO_CRSLCION": "1934",
        "areaName": 3482.1193693,
        "creationYear": 2025,
        "creationResolution": "1934",
        "resultType": "observed",
        "source": "dane-divipola-mgn-2025",
        "year": 2025
      }
    },
    {
      "type": "Feature",
      "id": 2182,
      "geometry": {
        "type": "Polygon",
        "coordinates": [
          [
            [
              -76.91354,
              6.84688
            ],
            [
              -76.90227,
              6.86379
            ],
            [
              -76.99142,
              6.82891
            ],
            [
              -77.08368,
              6.81651
            ],
            [
              -77.11195,
              6.77463
            ],
            [
              -77.13826,
              6.81857
            ],
            [
              -77.19114,
              6.83402
            ],
            [
              -77.20028,
              6.77513
            ],
            [
              -77.264,
              6.7874
            ],
            [
              -77.32294,
              6.75676
            ],
            [
              -77.34758,
              6.76475
            ],
            [
              -77.39612,
              6.71737
            ],
            [
              -77.37072,
              6.68378
            ],
            [
              -77.3821,
              6.62367
            ],
            [
              -77.35937,
              6.62403
            ],
            [
              -77.34676,
              6.59735
            ],
            [
              -77.33009,
              6.59652
            ],
            [
              -77.30924,
              6.55158
            ],
            [
              -77.32865,
              6.49762
            ],
            [
              -77.31137,
              6.43685
            ],
            [
              -77.33696,
              6.42473
            ],
            [
              -77.29464,
              6.37598
            ],
            [
              -77.29546,
              6.34911
            ],
            [
              -77.31391,
              6.34303
            ],
            [
              -77.30758,
              6.30955
            ],
            [
              -77.32967,
              6.28787
            ],
            [
              -77.31077,
              6.26157
            ],
            [
              -77.25849,
              6.26199
            ],
            [
              -77.23038,
              6.23803
            ],
            [
              -77.24763,
              6.20835
            ],
            [
              -77.21767,
              6.14506
            ],
            [
              -77.2917,
              6.07722
            ],
            [
              -77.26771,
              6.02402
            ],
            [
              -77.21387,
              6.01757
            ],
            [
              -77.18009,
              6.04786
            ],
            [
              -77.13703,
              6.03784
            ],
            [
              -77.12588,
              6.09359
            ],
            [
              -77.05697,
              6.1564
            ],
            [
              -77.05081,
              6.20501
            ],
            [
              -77.05587,
              6.21841
            ],
            [
              -77.07644,
              6.21508
            ],
            [
              -77.07558,
              6.23118
            ],
            [
              -77.03759,
              6.29313
            ],
            [
              -76.94963,
              6.23453
            ],
            [
              -76.89786,
              6.2358
            ],
            [
              -76.83605,
              6.28968
            ],
            [
              -76.82357,
              6.34088
            ],
            [
              -76.79084,
              6.3424
            ],
            [
              -76.77182,
              6.36157
            ],
            [
              -76.78738,
              6.3779
            ],
            [
              -76.76608,
              6.39297
            ],
            [
              -76.7957,
              6.41757
            ],
            [
              -76.76231,
              6.43436
            ],
            [
              -76.79599,
              6.44076
            ],
            [
              -76.76865,
              6.47915
            ],
            [
              -76.80037,
              6.50796
            ],
            [
              -76.81999,
              6.48725
            ],
            [
              -76.81936,
              6.52548
            ],
            [
              -76.8411,
              6.52145
            ],
            [
              -76.86392,
              6.5715
            ],
            [
              -76.88299,
              6.55997
            ],
            [
              -76.89452,
              6.57015
            ],
            [
              -76.88971,
              6.60527
            ],
            [
              -76.85799,
              6.61844
            ],
            [
              -76.90903,
              6.62939
            ],
            [
              -76.89808,
              6.66822
            ],
            [
              -76.92485,
              6.6469
            ],
            [
              -76.93897,
              6.68634
            ],
            [
              -76.96412,
              6.68088
            ],
            [
              -76.93365,
              6.71092
            ],
            [
              -76.96716,
              6.74313
            ],
            [
              -76.95785,
              6.79251
            ],
            [
              -76.97231,
              6.80902
            ],
            [
              -76.93301,
              6.81212
            ],
            [
              -76.91354,
              6.84688
            ]
          ]
        ]
      },
      "properties": {
        "code": "27099",
        "departmentCode": "27",
        "name": "BOJAYÁ",
        "originalCode": "099",
        "originalName": "BOJAYÁ",
        "MPIO_TIPO": "MUNICIPIO",
        "type": "MUNICIPIO",
        "unitType": "municipio",
        "MPIO_NAREA": 3633.20607805,
        "MPIO_NANO": 2024,
        "MPIO_CRSLCION": "Ordenanza 13 de Diciembre 12 de 1960",
        "areaName": 3633.20607805,
        "creationYear": 2024,
        "creationResolution": "Ordenanza 13 de Diciembre 12 de 1960",
        "resultType": "observed",
        "source": "dane-divipola-mgn-2025",
        "year": 2025
      }
    },
    {
      "type": "Feature",
      "id": 2183,
      "geometry": {
        "type": "Polygon",
        "coordinates": [
          [
            [
              -76.87127,
              5.50986
            ],
            [
              -76.89497,
              5.4407
            ],
            [
              -76.82491,
              5.34633
            ],
            [
              -76.83942,
              5.26501
            ],
            [
              -76.73992,
              5.28315
            ],
            [
              -76.75149,
              5.24908
            ],
            [
              -76.67538,
              5.23955
            ],
            [
              -76.6519,
              5.27195
            ],
            [
              -76.72584,
              5.32599
            ],
            [
              -76.65519,
              5.33317
            ],
            [
              -76.68676,
              5.40415
            ],
            [
              -76.81037,
              5.43688
            ],
            [
              -76.81499,
              5.46379
            ],
            [
              -76.84768,
              5.47722
            ],
            [
              -76.87127,
              5.50986
            ]
          ]
        ]
      },
      "properties": {
        "code": "27135",
        "departmentCode": "27",
        "name": "EL CANTÓN DEL SAN PABLO",
        "originalCode": "135",
        "originalName": "EL CANTÓN DEL SAN PABLO",
        "MPIO_TIPO": "MUNICIPIO",
        "type": "MUNICIPIO",
        "unitType": "municipio",
        "MPIO_NAREA": 380.69365543,
        "MPIO_NANO": 2024,
        "MPIO_CRSLCION": "Ordenanza 04 de mayo 23 de 1994",
        "areaName": 380.69365543,
        "creationYear": 2024,
        "creationResolution": "Ordenanza 04 de mayo 23 de 1994",
        "resultType": "observed",
        "source": "dane-divipola-mgn-2025",
        "year": 2025
      }
    },
    {
      "type": "Feature",
      "id": 2184,
      "geometry": {
        "type": "Polygon",
        "coordinates": [
          [
            [
              -76.7283,
              7.32388
            ],
            [
              -76.76146,
              7.33205
            ],
            [
              -76.78623,
              7.31025
            ],
            [
              -76.81867,
              7.32333
            ],
            [
              -76.84893,
              7.30013
            ],
            [
              -76.87402,
              7.31215
            ],
            [
              -76.92157,
              7.29118
            ],
            [
              -77.00684,
              7.28489
            ],
            [
              -76.99739,
              7.25086
            ],
            [
              -77.11149,
              7.19037
            ],
            [
              -77.08176,
              7.1629
            ],
            [
              -77.09727,
              7.14361
            ],
            [
              -77.14523,
              7.12876
            ],
            [
              -77.18099,
              7.08514
            ],
            [
              -77.19488,
              7.1077
            ],
            [
              -77.26194,
              7.08128
            ],
            [
              -77.2699,
              7.05388
            ],
            [
              -77.30298,
              7.03437
            ],
            [
              -77.3023,
              7.01374
            ],
            [
              -77.41647,
              6.9238
            ],
            [
              -77.40082,
              6.90655
            ],
            [
              -77.40488,
              6.87229
            ],
            [
              -77.37027,
              6.86673
            ],
            [
              -77.35311,
              6.84471
            ],
            [
              -77.36201,
              6.80675
            ],
            [
              -77.31699,
              6.76703
            ],
            [
              -77.264,
              6.7874
            ],
            [
              -77.20175,
              6.77464
            ],
            [
              -77.18674,
              6.83462
            ],
            [
              -77.13778,
              6.81822
            ],
            [
              -77.11195,
              6.77463
            ],
            [
              -77.08368,
              6.81651
            ],
            [
              -76.99142,
              6.82891
            ],
            [
              -76.90757,
              6.86434
            ],
            [
              -76.9155,
              6.84217
            ],
            [
              -76.89988,
              6.82903
            ],
            [
              -76.8777,
              6.85216
            ],
            [
              -76.83529,
              6.82868
            ],
            [
              -76.81794,
              6.83768
            ],
            [
              -76.83056,
              6.85859
            ],
            [
              -76.79722,
              6.862
            ],
            [
              -76.78541,
              6.87928
            ],
            [
              -76.80009,
              6.94856
            ],
            [
              -76.81338,
              6.96351
            ],
            [
              -76.82846,
              6.95553
            ],
            [
              -76.81914,
              6.97598
            ],
            [
              -76.84252,
              6.98832
            ],
            [
              -76.83026,
              7.00263
            ],
            [
              -76.67557,
              7.02985
            ],
            [
              -76.64549,
              7.00836
            ],
            [
              -76.61561,
              7.01679
            ],
            [
              -76.60319,
              7.00049
            ],
            [
              -76.59294,
              7.01163
            ],
            [
              -76.57017,
              6.98028
            ],
            [
              -76.54781,
              7.002
            ],
            [
              -76.50941,
              7.13464
            ],
            [
              -76.53223,
              7.14722
            ],
            [
              -76.54277,
              7.18797
            ],
            [
              -76.59278,
              7.16991
            ],
            [
              -76.66616,
              7.21502
            ],
            [
              -76.64663,
              7.24099
            ],
            [
              -76.65783,
              7.26507
            ],
            [
              -76.63898,
              7.27259
            ],
            [
              -76.59693,
              7.2676
            ],
            [
              -76.6048,
              7.23182
            ],
            [
              -76.57513,
              7.22409
            ],
            [
              -76.58779,
              7.29141
            ],
            [
              -76.65529,
              7.30132
            ],
            [
              -76.66775,
              7.26014
            ],
            [
              -76.69891,
              7.24311
            ],
            [
              -76.67642,
              7.31856
            ],
            [
              -76.7283,
              7.32388
            ]
          ]
        ]
      },
      "properties": {
        "code": "27150",
        "departmentCode": "27",
        "name": "CARMEN DEL DARIÉN",
        "originalCode": "150",
        "originalName": "CARMEN DEL DARIÉN",
        "MPIO_TIPO": "MUNICIPIO",
        "type": "MUNICIPIO",
        "unitType": "municipio",
        "MPIO_NAREA": 3369.51595401,
        "MPIO_NANO": 2024,
        "MPIO_CRSLCION": "Ordenanza 18 del 22 de Septiembretiembre del 2000",
        "areaName": 3369.51595401,
        "creationYear": 2024,
        "creationResolution": "Ordenanza 18 del 22 de Septiembretiembre del 2000",
        "resultType": "observed",
        "source": "dane-divipola-mgn-2025",
        "year": 2025
      }
    },
    {
      "type": "Feature",
      "id": 2185,
      "geometry": {
        "type": "Polygon",
        "coordinates": [
          [
            [
              -76.40913,
              5.46923
            ],
            [
              -76.43499,
              5.46962
            ],
            [
              -76.43031,
              5.48231
            ],
            [
              -76.45306,
              5.50191
            ],
            [
              -76.46905,
              5.46717
            ],
            [
              -76.54879,
              5.46154
            ],
            [
              -76.6105,
              5.40269
            ],
            [
              -76.63424,
              5.41117
            ],
            [
              -76.63761,
              5.42954
            ],
            [
              -76.72126,
              5.42168
            ],
            [
              -76.63396,
              5.3804
            ],
            [
              -76.60306,
              5.32839
            ],
            [
              -76.59814,
              5.27347
            ],
            [
              -76.57407,
              5.26751
            ],
            [
              -76.53069,
              5.28769
            ],
            [
              -76.49192,
              5.33907
            ],
            [
              -76.41184,
              5.34657
            ],
            [
              -76.40875,
              5.39127
            ],
            [
              -76.43564,
              5.40112
            ],
            [
              -76.40969,
              5.43451
            ],
            [
              -76.369,
              5.41268
            ],
            [
              -76.33572,
              5.42842
            ],
            [
              -76.39352,
              5.44522
            ],
            [
              -76.40913,
              5.46923
            ]
          ]
        ]
      },
      "properties": {
        "code": "27160",
        "departmentCode": "27",
        "name": "CÉRTEGUI",
        "originalCode": "160",
        "originalName": "CÉRTEGUI",
        "MPIO_TIPO": "MUNICIPIO",
        "type": "MUNICIPIO",
        "unitType": "municipio",
        "MPIO_NAREA": 423.51123741,
        "MPIO_NANO": 2024,
        "MPIO_CRSLCION": "Ordenanza 012 del 29  de Junio del 2000",
        "areaName": 423.51123741,
        "creationYear": 2024,
        "creationResolution": "Ordenanza 012 del 29  de Junio del 2000",
        "resultType": "observed",
        "source": "dane-divipola-mgn-2025",
        "year": 2025
      }
    },
    {
      "type": "Feature",
      "id": 2186,
      "geometry": {
        "type": "Polygon",
        "coordinates": [
          [
            [
              -76.32961,
              5.21045
            ],
            [
              -76.36011,
              5.1976
            ],
            [
              -76.33269,
              5.16309
            ],
            [
              -76.35354,
              5.15483
            ],
            [
              -76.37096,
              5.12032
            ],
            [
              -76.42355,
              5.11498
            ],
            [
              -76.44746,
              5.15845
            ],
            [
              -76.47142,
              5.13462
            ],
            [
              -76.49479,
              5.1535
            ],
            [
              -76.53529,
              5.14762
            ],
            [
              -76.53014,
              5.12394
            ],
            [
              -76.59308,
              5.0953
            ],
            [
              -76.67683,
              5.10916
            ],
            [
              -76.72467,
              5.00276
            ],
            [
              -76.70856,
              4.99074
            ],
            [
              -76.64735,
              5.00354
            ],
            [
              -76.63636,
              4.98778
            ],
            [
              -76.61216,
              5.00609
            ],
            [
              -76.55041,
              5.0072
            ],
            [
              -76.49859,
              4.97975
            ],
            [
              -76.42526,
              5.05058
            ],
            [
              -76.42131,
              5.10841
            ],
            [
              -76.39614,
              5.09883
            ],
            [
              -76.3254,
              5.12978
            ],
            [
              -76.29051,
              5.12649
            ],
            [
              -76.29789,
              5.17977
            ],
            [
              -76.32961,
              5.21045
            ]
          ]
        ]
      },
      "properties": {
        "code": "27205",
        "departmentCode": "27",
        "name": "CONDOTO",
        "originalCode": "205",
        "originalName": "CONDOTO",
        "MPIO_TIPO": "MUNICIPIO",
        "type": "MUNICIPIO",
        "unitType": "municipio",
        "MPIO_NAREA": 467.88622177,
        "MPIO_NANO": 2024,
        "MPIO_CRSLCION": "1878",
        "areaName": 467.88622177,
        "creationYear": 2024,
        "creationResolution": "1878",
        "resultType": "observed",
        "source": "dane-divipola-mgn-2025",
        "year": 2025
      }
    },
    {
      "type": "Feature",
      "id": 2187,
      "geometry": {
        "type": "Polygon",
        "coordinates": [
          [
            [
              -76.11068,
              6.02026
            ],
            [
              -76.13185,
              5.9998
            ],
            [
              -76.16478,
              5.99954
            ],
            [
              -76.17432,
              5.93334
            ],
            [
              -76.1881,
              5.9132
            ],
            [
              -76.23586,
              5.90457
            ],
            [
              -76.25255,
              5.85871
            ],
            [
              -76.2839,
              5.86869
            ],
            [
              -76.35466,
              5.81689
            ],
            [
              -76.38148,
              5.75237
            ],
            [
              -76.37019,
              5.70324
            ],
            [
              -76.29434,
              5.71151
            ],
            [
              -76.25581,
              5.70129
            ],
            [
              -76.24329,
              5.67219
            ],
            [
              -76.18265,
              5.68197
            ],
            [
              -76.13983,
              5.65514
            ],
            [
              -76.08695,
              5.68864
            ],
            [
              -76.06118,
              5.75796
            ],
            [
              -76.08111,
              5.76702
            ],
            [
              -76.07094,
              5.78065
            ],
            [
              -76.09902,
              5.8492
            ],
            [
              -76.08157,
              5.88277
            ],
            [
              -76.06049,
              5.88634
            ],
            [
              -76.051,
              5.95083
            ],
            [
              -76.11068,
              6.02026
            ]
          ]
        ]
      },
      "properties": {
        "code": "27245",
        "departmentCode": "27",
        "name": "EL CARMEN DE ATRATO",
        "originalCode": "245",
        "originalName": "EL CARMEN DE ATRATO",
        "MPIO_TIPO": "MUNICIPIO",
        "type": "MUNICIPIO",
        "unitType": "municipio",
        "MPIO_NAREA": 830.29381258,
        "MPIO_NANO": 2024,
        "MPIO_CRSLCION": "Ordenanza 1 del 11 de Enero de 1883",
        "areaName": 830.29381258,
        "creationYear": 2024,
        "creationResolution": "Ordenanza 1 del 11 de Enero de 1883",
        "resultType": "observed",
        "source": "dane-divipola-mgn-2025",
        "year": 2025
      }
    },
    {
      "type": "Feature",
      "id": 2188,
      "geometry": {
        "type": "Polygon",
        "coordinates": [
          [
            [
              -77.26773,
              4.53793
            ],
            [
              -77.29053,
              4.56868
            ],
            [
              -77.33069,
              4.56529
            ],
            [
              -77.33623,
              4.53603
            ],
            [
              -77.32274,
              4.52262
            ],
            [
              -77.33993,
              4.51205
            ],
            [
              -77.35152,
              4.42183
            ],
            [
              -77.33764,
              4.42934
            ],
            [
              -77.36607,
              4.40764
            ],
            [
              -77.36674,
              4.37016
            ],
            [
              -77.38681,
              4.36855
            ],
            [
              -77.37611,
              4.38909
            ],
            [
              -77.42611,
              4.31945
            ],
            [
              -77.45617,
              4.31306
            ],
            [
              -77.41411,
              4.29287
            ],
            [
              -77.49285,
              4.25754
            ],
            [
              -77.48184,
              4.28791
            ],
            [
              -77.49864,
              4.29319
            ],
            [
              -77.52217,
              4.26502
            ],
            [
              -77.5255,
              4.12638
            ],
            [
              -77.44962,
              4.03851
            ],
            [
              -77.42891,
              4.09308
            ],
            [
              -77.43581,
              4.14579
            ],
            [
              -77.39033,
              4.14849
            ],
            [
              -77.35295,
              4.19747
            ],
            [
              -77.30545,
              4.16648
            ],
            [
              -77.28029,
              4.22098
            ],
            [
              -77.25791,
              4.23465
            ],
            [
              -77.24842,
              4.18444
            ],
            [
              -77.22183,
              4.15635
            ],
            [
              -77.15957,
              4.18373
            ],
            [
              -77.11633,
              4.13335
            ],
            [
              -77.11988,
              4.11644
            ],
            [
              -77.10448,
              4.10762
            ],
            [
              -77.08619,
              4.12261
            ],
            [
              -77.06798,
              4.09601
            ],
            [
              -77.03594,
              4.09128
            ],
            [
              -77.00475,
              4.09886
            ],
            [
              -76.995,
              4.12039
            ],
            [
              -76.95443,
              4.12065
            ],
            [
              -76.91475,
              4.09775
            ],
            [
              -76.86653,
              4.03183
            ],
            [
              -76.82883,
              4.03516
            ],
            [
              -76.81532,
              4.00701
            ],
            [
              -76.7942,
              4.01138
            ],
            [
              -76.76767,
              3.98865
            ],
            [
              -76.68325,
              3.96494
            ],
            [
              -76.62494,
              4.01489
            ],
            [
              -76.59286,
              3.99846
            ],
            [
              -76.58903,
              3.9707
            ],
            [
              -76.53727,
              4.01621
            ],
            [
              -76.54153,
              4.04373
            ],
            [
              -76.52442,
              4.06728
            ],
            [
              -76.4999,
              4.06293
            ],
            [
              -76.47265,
              4.10358
            ],
            [
              -76.44671,
              4.20452
            ],
            [
              -76.45571,
              4.23032
            ],
            [
              -76.50659,
              4.25284
            ],
            [
              -76.54236,
              4.33463
            ],
            [
              -76.61427,
              4.33552
            ],
            [
              -76.63548,
              4.3802
            ],
            [
              -76.67841,
              4.39686
            ],
            [
              -76.70449,
              4.37928
            ],
            [
              -76.72328,
              4.40263
            ],
            [
              -76.76525,
              4.41164
            ],
            [
              -76.79997,
              4.39744
            ],
            [
              -76.80229,
              4.426
            ],
            [
              -76.87226,
              4.41755
            ],
            [
              -76.87923,
              4.44011
            ],
            [
              -76.94322,
              4.41756
            ],
            [
              -76.96982,
              4.44021
            ],
            [
              -77.04121,
              4.4369
            ],
            [
              -77.05743,
              4.4544
            ],
            [
              -77.04687,
              4.46507
            ],
            [
              -77.08584,
              4.48514
            ],
            [
              -77.1067,
              4.48137
            ],
            [
              -77.10775,
              4.44221
            ],
            [
              -77.12308,
              4.45507
            ],
            [
              -77.19353,
              4.44345
            ],
            [
              -77.26773,
              4.53793
            ]
          ]
        ]
      },
      "properties": {
        "code": "27250",
        "departmentCode": "27",
        "name": "EL LITORAL DEL SAN JUAN",
        "originalCode": "250",
        "originalName": "EL LITORAL DEL SAN JUAN",
        "MPIO_TIPO": "MUNICIPIO",
        "type": "MUNICIPIO",
        "unitType": "municipio",
        "MPIO_NAREA": 4137.6843464,
        "MPIO_NANO": 2024,
        "MPIO_CRSLCION": "Ordenanza 1  de Mayo 28 de 1993. Ordenanza 6 mayo 30 de 1994",
        "areaName": 4137.6843464,
        "creationYear": 2024,
        "creationResolution": "Ordenanza 1  de Mayo 28 de 1993. Ordenanza 6 mayo 30 de 1994",
        "resultType": "observed",
        "source": "dane-divipola-mgn-2025",
        "year": 2025
      }
    },
    {
      "type": "Feature",
      "id": 2189,
      "geometry": {
        "type": "Polygon",
        "coordinates": [
          [
            [
              -76.76799,
              4.99072
            ],
            [
              -76.73582,
              5.00805
            ],
            [
              -76.76895,
              5.01675
            ],
            [
              -76.74869,
              5.05015
            ],
            [
              -76.7567,
              5.07752
            ],
            [
              -76.73173,
              5.11531
            ],
            [
              -76.70285,
              5.12729
            ],
            [
              -76.69042,
              5.11593
            ],
            [
              -76.66089,
              5.14043
            ],
            [
              -76.64418,
              5.12693
            ],
            [
              -76.60873,
              5.17368
            ],
            [
              -76.55412,
              5.17352
            ],
            [
              -76.52545,
              5.20366
            ],
            [
              -76.53274,
              5.23708
            ],
            [
              -76.59559,
              5.1952
            ],
            [
              -76.61806,
              5.19249
            ],
            [
              -76.62847,
              5.21496
            ],
            [
              -76.67201,
              5.18509
            ],
            [
              -76.7046,
              5.24544
            ],
            [
              -76.75149,
              5.24908
            ],
            [
              -76.73958,
              5.28305
            ],
            [
              -76.85811,
              5.2653
            ],
            [
              -76.83498,
              5.17348
            ],
            [
              -76.79112,
              5.1673
            ],
            [
              -76.81474,
              5.10429
            ],
            [
              -76.79746,
              5.08715
            ],
            [
              -76.85807,
              5.02773
            ],
            [
              -76.84735,
              5.01326
            ],
            [
              -76.87366,
              4.98814
            ],
            [
              -76.88026,
              4.94452
            ],
            [
              -76.92146,
              4.96487
            ],
            [
              -76.97566,
              4.92034
            ],
            [
              -76.97092,
              4.89398
            ],
            [
              -76.99808,
              4.85477
            ],
            [
              -76.93798,
              4.82717
            ],
            [
              -76.94897,
              4.80455
            ],
            [
              -76.93635,
              4.77541
            ],
            [
              -76.96431,
              4.75913
            ],
            [
              -76.97831,
              4.76882
            ],
            [
              -76.99471,
              4.74074
            ],
            [
              -77.02265,
              4.73633
            ],
            [
              -77.02439,
              4.72032
            ],
            [
              -77.05183,
              4.70719
            ],
            [
              -77.04951,
              4.67911
            ],
            [
              -77.06965,
              4.64615
            ],
            [
              -77.08985,
              4.64706
            ],
            [
              -77.09979,
              4.61354
            ],
            [
              -77.12606,
              4.60248
            ],
            [
              -77.15976,
              4.52259
            ],
            [
              -77.14828,
              4.50415
            ],
            [
              -77.09926,
              4.49389
            ],
            [
              -77.06076,
              4.51739
            ],
            [
              -77.04198,
              4.51061
            ],
            [
              -77.06075,
              4.47231
            ],
            [
              -77.04121,
              4.4369
            ],
            [
              -76.96982,
              4.44021
            ],
            [
              -76.94322,
              4.41756
            ],
            [
              -76.87877,
              4.44011
            ],
            [
              -76.87226,
              4.41755
            ],
            [
              -76.80229,
              4.426
            ],
            [
              -76.79149,
              4.39463
            ],
            [
              -76.77763,
              4.41347
            ],
            [
              -76.72328,
              4.40263
            ],
            [
              -76.71524,
              4.38147
            ],
            [
              -76.67841,
              4.39686
            ],
            [
              -76.63741,
              4.38078
            ],
            [
              -76.68188,
              4.45626
            ],
            [
              -76.65231,
              4.4908
            ],
            [
              -76.67565,
              4.49739
            ],
            [
              -76.69432,
              4.53918
            ],
            [
              -76.76549,
              4.55831
            ],
            [
              -76.78117,
              4.58952
            ],
            [
              -76.83632,
              4.6156
            ],
            [
              -76.86308,
              4.60452
            ],
            [
              -76.88138,
              4.62101
            ],
            [
              -76.89146,
              4.60174
            ],
            [
              -76.92084,
              4.60426
            ],
            [
              -76.96359,
              4.66521
            ],
            [
              -76.96418,
              4.69413
            ],
            [
              -76.94568,
              4.70807
            ],
            [
              -76.9164,
              4.69442
            ],
            [
              -76.89679,
              4.71982
            ],
            [
              -76.86726,
              4.70592
            ],
            [
              -76.87158,
              4.74229
            ],
            [
              -76.85892,
              4.7529
            ],
            [
              -76.8812,
              4.81105
            ],
            [
              -76.86367,
              4.87482
            ],
            [
              -76.88264,
              4.89042
            ],
            [
              -76.87359,
              4.9191
            ],
            [
              -76.81919,
              4.97281
            ],
            [
              -76.82224,
              4.98854
            ],
            [
              -76.80051,
              4.97271
            ],
            [
              -76.76799,
              4.99072
            ]
          ]
        ]
      },
      "properties": {
        "code": "27361",
        "departmentCode": "27",
        "name": "ISTMINA",
        "originalCode": "361",
        "originalName": "ISTMINA",
        "MPIO_TIPO": "MUNICIPIO",
        "type": "MUNICIPIO",
        "unitType": "municipio",
        "MPIO_NAREA": 1881.07207561,
        "MPIO_NANO": 2024,
        "MPIO_CRSLCION": "1903",
        "areaName": 1881.07207561,
        "creationYear": 2024,
        "creationResolution": "1903",
        "resultType": "observed",
        "source": "dane-divipola-mgn-2025",
        "year": 2025
      }
    },
    {
      "type": "Feature",
      "id": 2190,
      "geometry": {
        "type": "Polygon",
        "coordinates": [
          [
            [
              -77.37169,
              6.80797
            ],
            [
              -77.46222,
              6.82124
            ],
            [
              -77.49454,
              6.76912
            ],
            [
              -77.4868,
              6.74933
            ],
            [
              -77.5053,
              6.75302
            ],
            [
              -77.52366,
              6.72457
            ],
            [
              -77.53991,
              6.72798
            ],
            [
              -77.54549,
              6.77583
            ],
            [
              -77.52761,
              6.80546
            ],
            [
              -77.54552,
              6.82954
            ],
            [
              -77.53658,
              6.8462
            ],
            [
              -77.59164,
              6.92815
            ],
            [
              -77.56089,
              6.99484
            ],
            [
              -77.60248,
              7.09743
            ],
            [
              -77.60318,
              7.15299
            ],
            [
              -77.58565,
              7.17361
            ],
            [
              -77.60138,
              7.20523
            ],
            [
              -77.66831,
              7.2218
            ],
            [
              -77.68152,
              7.27679
            ],
            [
              -77.70136,
              7.28652
            ],
            [
              -77.72302,
              7.33536
            ],
            [
              -77.73818,
              7.4351
            ],
            [
              -77.71335,
              7.43868
            ],
            [
              -77.69993,
              7.46059
            ],
            [
              -77.70366,
              7.49656
            ],
            [
              -77.74039,
              7.46554
            ],
            [
              -77.79175,
              7.46157
            ],
            [
              -77.88378,
              7.21683
            ],
            [
              -77.85498,
              7.18059
            ],
            [
              -77.83569,
              7.17843
            ],
            [
              -77.82169,
              7.14776
            ],
            [
              -77.77881,
              7.13328
            ],
            [
              -77.65869,
              6.99486
            ],
            [
              -77.66225,
              6.95229
            ],
            [
              -77.69859,
              6.93931
            ],
            [
              -77.71188,
              6.8842
            ],
            [
              -77.70202,
              6.84224
            ],
            [
              -77.68949,
              6.83533
            ],
            [
              -77.68458,
              6.87073
            ],
            [
              -77.66683,
              6.87562
            ],
            [
              -77.65737,
              6.8544
            ],
            [
              -77.58737,
              6.81901
            ],
            [
              -77.53098,
              6.69475
            ],
            [
              -77.54061,
              6.68652
            ],
            [
              -77.52633,
              6.64788
            ],
            [
              -77.51813,
              6.66085
            ],
            [
              -77.50391,
              6.6517
            ],
            [
              -77.50563,
              6.68425
            ],
            [
              -77.43513,
              6.74666
            ],
            [
              -77.43578,
              6.76566
            ],
            [
              -77.37169,
              6.80797
            ]
          ]
        ]
      },
      "properties": {
        "code": "27372",
        "departmentCode": "27",
        "name": "JURADÓ",
        "originalCode": "372",
        "originalName": "JURADÓ",
        "MPIO_TIPO": "MUNICIPIO",
        "type": "MUNICIPIO",
        "unitType": "municipio",
        "MPIO_NAREA": 1253.51169939,
        "MPIO_NANO": 2024,
        "MPIO_CRSLCION": "Ordenanza 14 del 13 de Diciembre de 1956",
        "areaName": 1253.51169939,
        "creationYear": 2024,
        "creationResolution": "Ordenanza 14 del 13 de Diciembre de 1956",
        "resultType": "observed",
        "source": "dane-divipola-mgn-2025",
        "year": 2025
      }
    },
    {
      "type": "Feature",
      "id": 2191,
      "geometry": {
        "type": "Polygon",
        "coordinates": [
          [
            [
              -76.40913,
              5.46923
            ],
            [
              -76.39352,
              5.44522
            ],
            [
              -76.33445,
              5.42916
            ],
            [
              -76.34292,
              5.44642
            ],
            [
              -76.31677,
              5.527
            ],
            [
              -76.2621,
              5.57655
            ],
            [
              -76.20344,
              5.59134
            ],
            [
              -76.19846,
              5.6169
            ],
            [
              -76.15938,
              5.63567
            ],
            [
              -76.14354,
              5.66139
            ],
            [
              -76.18368,
              5.68212
            ],
            [
              -76.19927,
              5.66929
            ],
            [
              -76.24329,
              5.67219
            ],
            [
              -76.25581,
              5.70129
            ],
            [
              -76.29434,
              5.71151
            ],
            [
              -76.3564,
              5.69776
            ],
            [
              -76.39257,
              5.74158
            ],
            [
              -76.4391,
              5.68888
            ],
            [
              -76.47501,
              5.68773
            ],
            [
              -76.47909,
              5.64008
            ],
            [
              -76.51212,
              5.60639
            ],
            [
              -76.49807,
              5.55191
            ],
            [
              -76.57336,
              5.55185
            ],
            [
              -76.61637,
              5.52253
            ],
            [
              -76.58417,
              5.48963
            ],
            [
              -76.58773,
              5.45038
            ],
            [
              -76.46905,
              5.46717
            ],
            [
              -76.45306,
              5.50191
            ],
            [
              -76.43031,
              5.48231
            ],
            [
              -76.43499,
              5.46962
            ],
            [
              -76.40913,
              5.46923
            ]
          ]
        ]
      },
      "properties": {
        "code": "27413",
        "departmentCode": "27",
        "name": "LLORÓ",
        "originalCode": "413",
        "originalName": "LLORÓ",
        "MPIO_TIPO": "MUNICIPIO",
        "type": "MUNICIPIO",
        "unitType": "municipio",
        "MPIO_NAREA": 843.12532178,
        "MPIO_NANO": 2024,
        "MPIO_CRSLCION": "Ordenanza 15  de Diciembre 13 de 1955. Ordenanza 16  Noviemb",
        "areaName": 843.12532178,
        "creationYear": 2024,
        "creationResolution": "Ordenanza 15  de Diciembre 13 de 1955. Ordenanza 16  Noviemb",
        "resultType": "observed",
        "source": "dane-divipola-mgn-2025",
        "year": 2025
      }
    },
    {
      "type": "Feature",
      "id": 2192,
      "geometry": {
        "type": "Polygon",
        "coordinates": [
          [
            [
              -76.98489,
              6.03276
            ],
            [
              -76.98766,
              6.01786
            ],
            [
              -76.97098,
              6.04057
            ],
            [
              -76.93704,
              6.03206
            ],
            [
              -76.91953,
              5.99414
            ],
            [
              -76.90275,
              5.9954
            ],
            [
              -76.90202,
              5.97669
            ],
            [
              -76.91697,
              5.9842
            ],
            [
              -76.92864,
              5.95871
            ],
            [
              -76.92504,
              5.8915
            ],
            [
              -76.85915,
              5.83894
            ],
            [
              -76.86213,
              5.82416
            ],
            [
              -76.83864,
              5.81139
            ],
            [
              -76.77032,
              5.82127
            ],
            [
              -76.74368,
              5.84134
            ],
            [
              -76.72373,
              5.83455
            ],
            [
              -76.70878,
              5.88332
            ],
            [
              -76.68026,
              5.87168
            ],
            [
              -76.58761,
              5.90859
            ],
            [
              -76.58888,
              5.93383
            ],
            [
              -76.52875,
              5.96525
            ],
            [
              -76.52184,
              6.00708
            ],
            [
              -76.46725,
              6.00529
            ],
            [
              -76.4419,
              6.03618
            ],
            [
              -76.41669,
              6.03714
            ],
            [
              -76.2837,
              6.1507
            ],
            [
              -76.24608,
              6.20453
            ],
            [
              -76.38981,
              6.19149
            ],
            [
              -76.41987,
              6.16573
            ],
            [
              -76.46868,
              6.17657
            ],
            [
              -76.47546,
              6.16006
            ],
            [
              -76.60193,
              6.19257
            ],
            [
              -76.64389,
              6.16833
            ],
            [
              -76.71566,
              6.17094
            ],
            [
              -76.75395,
              6.13198
            ],
            [
              -76.80194,
              6.11647
            ],
            [
              -76.8356,
              6.136
            ],
            [
              -76.87212,
              6.11854
            ],
            [
              -76.93835,
              6.14907
            ],
            [
              -76.96491,
              6.10973
            ],
            [
              -76.98489,
              6.03276
            ]
          ]
        ]
      },
      "properties": {
        "code": "27425",
        "departmentCode": "27",
        "name": "MEDIO ATRATO",
        "originalCode": "425",
        "originalName": "MEDIO ATRATO",
        "MPIO_TIPO": "MUNICIPIO",
        "type": "MUNICIPIO",
        "unitType": "municipio",
        "MPIO_NAREA": 1813.75186982,
        "MPIO_NANO": 2025,
        "MPIO_CRSLCION": "Ordenanza 008 del 23 de Junio de 1999",
        "areaName": 1813.75186982,
        "creationYear": 2025,
        "creationResolution": "Ordenanza 008 del 23 de Junio de 1999",
        "resultType": "observed",
        "source": "dane-divipola-mgn-2025",
        "year": 2025
      }
    },
    {
      "type": "Feature",
      "id": 2193,
      "geometry": {
        "type": "Polygon",
        "coordinates": [
          [
            [
              -77.11811,
              5.01325
            ],
            [
              -77.08101,
              4.98265
            ],
            [
              -77.13009,
              4.95164
            ],
            [
              -77.13528,
              4.92884
            ],
            [
              -77.10556,
              4.90797
            ],
            [
              -77.08152,
              4.91831
            ],
            [
              -77.07292,
              4.95706
            ],
            [
              -76.9788,
              4.91703
            ],
            [
              -76.92146,
              4.96487
            ],
            [
              -76.88016,
              4.94464
            ],
            [
              -76.87366,
              4.98814
            ],
            [
              -76.84735,
              5.01326
            ],
            [
              -76.85807,
              5.02773
            ],
            [
              -76.79746,
              5.08715
            ],
            [
              -76.81474,
              5.10429
            ],
            [
              -76.78984,
              5.15875
            ],
            [
              -76.83491,
              5.1734
            ],
            [
              -76.8515,
              5.20332
            ],
            [
              -76.85814,
              5.26526
            ],
            [
              -76.83796,
              5.27397
            ],
            [
              -76.82476,
              5.34548
            ],
            [
              -76.86116,
              5.38769
            ],
            [
              -76.91151,
              5.27984
            ],
            [
              -76.97289,
              5.29708
            ],
            [
              -77.00836,
              5.27398
            ],
            [
              -77.00698,
              5.24423
            ],
            [
              -77.03628,
              5.23439
            ],
            [
              -77.04073,
              5.21198
            ],
            [
              -77.0621,
              5.21113
            ],
            [
              -77.07273,
              5.18055
            ],
            [
              -77.10989,
              5.21997
            ],
            [
              -77.12713,
              5.20189
            ],
            [
              -77.13208,
              5.2173
            ],
            [
              -77.15955,
              5.18488
            ],
            [
              -77.15472,
              5.16464
            ],
            [
              -77.17509,
              5.15861
            ],
            [
              -77.18915,
              5.09856
            ],
            [
              -77.23591,
              5.11189
            ],
            [
              -77.24647,
              5.08912
            ],
            [
              -77.22975,
              4.9996
            ],
            [
              -77.27341,
              4.99865
            ],
            [
              -77.28364,
              4.98409
            ],
            [
              -77.27508,
              4.96763
            ],
            [
              -77.26465,
              4.97902
            ],
            [
              -77.23628,
              4.96751
            ],
            [
              -77.21798,
              5.0017
            ],
            [
              -77.16857,
              5.00452
            ],
            [
              -77.14905,
              5.0353
            ],
            [
              -77.11811,
              5.01325
            ]
          ]
        ]
      },
      "properties": {
        "code": "27430",
        "departmentCode": "27",
        "name": "MEDIO BAUDÓ",
        "originalCode": "430",
        "originalName": "MEDIO BAUDÓ",
        "MPIO_TIPO": "MUNICIPIO",
        "type": "MUNICIPIO",
        "unitType": "municipio",
        "MPIO_NAREA": 1372.9456921,
        "MPIO_NANO": 2024,
        "MPIO_CRSLCION": "Ordenanza 3 del 23 de Abril de 1999",
        "areaName": 1372.9456921,
        "creationYear": 2024,
        "creationResolution": "Ordenanza 3 del 23 de Abril de 1999",
        "resultType": "observed",
        "source": "dane-divipola-mgn-2025",
        "year": 2025
      }
    },
    {
      "type": "Feature",
      "id": 2194,
      "geometry": {
        "type": "Polygon",
        "coordinates": [
          [
            [
              -76.76698,
              4.99062
            ],
            [
              -76.80051,
              4.97271
            ],
            [
              -76.82224,
              4.98854
            ],
            [
              -76.81919,
              4.97281
            ],
            [
              -76.87359,
              4.9191
            ],
            [
              -76.88264,
              4.89042
            ],
            [
              -76.86367,
              4.87482
            ],
            [
              -76.8812,
              4.81105
            ],
            [
              -76.85892,
              4.7529
            ],
            [
              -76.87158,
              4.74229
            ],
            [
              -76.86726,
              4.70592
            ],
            [
              -76.89679,
              4.71982
            ],
            [
              -76.9164,
              4.69442
            ],
            [
              -76.94568,
              4.70807
            ],
            [
              -76.96418,
              4.69413
            ],
            [
              -76.96359,
              4.66521
            ],
            [
              -76.92084,
              4.60426
            ],
            [
              -76.89146,
              4.60174
            ],
            [
              -76.88138,
              4.62101
            ],
            [
              -76.86308,
              4.60452
            ],
            [
              -76.83614,
              4.61553
            ],
            [
              -76.78117,
              4.58952
            ],
            [
              -76.76549,
              4.55831
            ],
            [
              -76.69624,
              4.54061
            ],
            [
              -76.67565,
              4.49739
            ],
            [
              -76.65433,
              4.49066
            ],
            [
              -76.71169,
              4.59427
            ],
            [
              -76.80879,
              4.64469
            ],
            [
              -76.84335,
              4.75089
            ],
            [
              -76.83378,
              4.77751
            ],
            [
              -76.80501,
              4.77175
            ],
            [
              -76.81202,
              4.79225
            ],
            [
              -76.79241,
              4.79887
            ],
            [
              -76.78686,
              4.84698
            ],
            [
              -76.76333,
              4.87577
            ],
            [
              -76.73114,
              4.87974
            ],
            [
              -76.72184,
              4.90396
            ],
            [
              -76.68976,
              4.91455
            ],
            [
              -76.68923,
              4.96028
            ],
            [
              -76.72595,
              5.00674
            ],
            [
              -76.6971,
              5.04218
            ],
            [
              -76.70735,
              5.05246
            ],
            [
              -76.68192,
              5.08548
            ],
            [
              -76.68177,
              5.12705
            ],
            [
              -76.73173,
              5.11531
            ],
            [
              -76.7555,
              5.0805
            ],
            [
              -76.74869,
              5.05015
            ],
            [
              -76.76877,
              5.01449
            ],
            [
              -76.73582,
              5.00805
            ],
            [
              -76.76698,
              4.99062
            ]
          ]
        ]
      },
      "properties": {
        "code": "27450",
        "departmentCode": "27",
        "name": "MEDIO SAN JUAN",
        "originalCode": "450",
        "originalName": "MEDIO SAN JUAN",
        "MPIO_TIPO": "MUNICIPIO",
        "type": "MUNICIPIO",
        "unitType": "municipio",
        "MPIO_NAREA": 663.78566816,
        "MPIO_NANO": 2024,
        "MPIO_CRSLCION": "Ordenanza 016 del 20 de Julio del 2000",
        "areaName": 663.78566816,
        "creationYear": 2024,
        "creationResolution": "Ordenanza 016 del 20 de Julio del 2000",
        "resultType": "observed",
        "source": "dane-divipola-mgn-2025",
        "year": 2025
      }
    },
    {
      "type": "Feature",
      "id": 2195,
      "geometry": {
        "type": "Polygon",
        "coordinates": [
          [
            [
              -76.81326,
              4.7679
            ],
            [
              -76.83378,
              4.77751
            ],
            [
              -76.84324,
              4.75168
            ],
            [
              -76.83169,
              4.76859
            ],
            [
              -76.77276,
              4.75702
            ],
            [
              -76.75128,
              4.72149
            ],
            [
              -76.68994,
              4.71966
            ],
            [
              -76.63744,
              4.65963
            ],
            [
              -76.57874,
              4.67436
            ],
            [
              -76.57764,
              4.71391
            ],
            [
              -76.52824,
              4.79173
            ],
            [
              -76.50909,
              4.79625
            ],
            [
              -76.5005,
              4.86643
            ],
            [
              -76.47476,
              4.8846
            ],
            [
              -76.47137,
              4.92905
            ],
            [
              -76.41994,
              4.9499
            ],
            [
              -76.42938,
              5.01905
            ],
            [
              -76.46635,
              5.02095
            ],
            [
              -76.49859,
              4.97975
            ],
            [
              -76.55761,
              5.00785
            ],
            [
              -76.61216,
              5.00609
            ],
            [
              -76.63578,
              4.98782
            ],
            [
              -76.64824,
              5.00367
            ],
            [
              -76.70726,
              4.99076
            ],
            [
              -76.68917,
              4.96008
            ],
            [
              -76.68976,
              4.91455
            ],
            [
              -76.72184,
              4.90396
            ],
            [
              -76.73114,
              4.87974
            ],
            [
              -76.76333,
              4.87577
            ],
            [
              -76.81326,
              4.7679
            ]
          ]
        ]
      },
      "properties": {
        "code": "27491",
        "departmentCode": "27",
        "name": "NÓVITA",
        "originalCode": "491",
        "originalName": "NÓVITA",
        "MPIO_TIPO": "MUNICIPIO",
        "type": "MUNICIPIO",
        "unitType": "municipio",
        "MPIO_NAREA": 945.67386346,
        "MPIO_NANO": 2024,
        "MPIO_CRSLCION": "Ley 21 de 1857",
        "areaName": 945.67386346,
        "creationYear": 2024,
        "creationResolution": "Ley 21 de 1857",
        "resultType": "observed",
        "source": "dane-divipola-mgn-2025",
        "year": 2025
      }
    },
    {
      "type": "Feature",
      "id": 2196,
      "geometry": {
        "type": "Polygon",
        "coordinates": [
          [
            [
              -76.68306,
              7.46787
            ],
            [
              -76.80116,
              7.57209
            ],
            [
              -76.94296,
              7.58886
            ],
            [
              -76.96037,
              7.64072
            ],
            [
              -77.11303,
              7.78151
            ],
            [
              -77.13438,
              7.77777
            ],
            [
              -77.13382,
              7.66154
            ],
            [
              -77.1245,
              7.59509
            ],
            [
              -77.10799,
              7.57629
            ],
            [
              -77.0876,
              7.56593
            ],
            [
              -76.99634,
              7.59133
            ],
            [
              -76.95103,
              7.54798
            ],
            [
              -76.89753,
              7.53748
            ],
            [
              -76.88419,
              7.52096
            ],
            [
              -76.92052,
              7.47662
            ],
            [
              -77.0136,
              7.45534
            ],
            [
              -76.97384,
              7.40178
            ],
            [
              -76.93051,
              7.39816
            ],
            [
              -76.88418,
              7.36829
            ],
            [
              -76.92178,
              7.34798
            ],
            [
              -76.93391,
              7.29284
            ],
            [
              -76.87402,
              7.31215
            ],
            [
              -76.84893,
              7.30013
            ],
            [
              -76.81867,
              7.32333
            ],
            [
              -76.78623,
              7.31025
            ],
            [
              -76.76146,
              7.33205
            ],
            [
              -76.67946,
              7.32242
            ],
            [
              -76.67173,
              7.30465
            ],
            [
              -76.69846,
              7.24307
            ],
            [
              -76.66775,
              7.26014
            ],
            [
              -76.65529,
              7.30132
            ],
            [
              -76.5891,
              7.29238
            ],
            [
              -76.57513,
              7.22409
            ],
            [
              -76.6048,
              7.23182
            ],
            [
              -76.59693,
              7.2676
            ],
            [
              -76.63898,
              7.27259
            ],
            [
              -76.65783,
              7.26507
            ],
            [
              -76.64663,
              7.24099
            ],
            [
              -76.66611,
              7.21494
            ],
            [
              -76.59278,
              7.16991
            ],
            [
              -76.54277,
              7.18797
            ],
            [
              -76.53136,
              7.14604
            ],
            [
              -76.48626,
              7.13282
            ],
            [
              -76.53018,
              7.25513
            ],
            [
              -76.56362,
              7.27451
            ],
            [
              -76.57871,
              7.30475
            ],
            [
              -76.61601,
              7.31256
            ],
            [
              -76.6607,
              7.44814
            ],
            [
              -76.68306,
              7.46787
            ]
          ]
        ]
      },
      "properties": {
        "code": "27493",
        "departmentCode": "27",
        "name": "NUEVO BELÉN DE BAJIRÁ",
        "originalCode": "493",
        "originalName": "NUEVO BELÉN DE BAJIRÁ",
        "MPIO_TIPO": "MUNICIPIO",
        "type": "MUNICIPIO",
        "unitType": "municipio",
        "MPIO_NAREA": 1289.26001079,
        "MPIO_NANO": 2025,
        "MPIO_CRSLCION": "Ordenanza No. 180 de 2023 / Decreto No. 0284 de 2023\r\nde 2023,",
        "areaName": 1289.26001079,
        "creationYear": 2025,
        "creationResolution": "Ordenanza No. 180 de 2023 / Decreto No. 0284 de 2023\r\nde 2023,",
        "resultType": "observed",
        "source": "dane-divipola-mgn-2025",
        "year": 2025
      }
    },
    {
      "type": "Feature",
      "id": 2197,
      "geometry": {
        "type": "Polygon",
        "coordinates": [
          [
            [
              -77.30802,
              5.66458
            ],
            [
              -77.35685,
              5.6096
            ],
            [
              -77.4041,
              5.63045
            ],
            [
              -77.4653,
              5.59512
            ],
            [
              -77.48917,
              5.60796
            ],
            [
              -77.52327,
              5.50509
            ],
            [
              -77.49084,
              5.49375
            ],
            [
              -77.4892,
              5.50862
            ],
            [
              -77.42108,
              5.53648
            ],
            [
              -77.41577,
              5.55317
            ],
            [
              -77.40171,
              5.54574
            ],
            [
              -77.38973,
              5.56521
            ],
            [
              -77.37693,
              5.54483
            ],
            [
              -77.31905,
              5.55601
            ],
            [
              -77.3107,
              5.52781
            ],
            [
              -77.28896,
              5.51668
            ],
            [
              -77.29023,
              5.48565
            ],
            [
              -77.27083,
              5.49743
            ],
            [
              -77.26834,
              5.52145
            ],
            [
              -77.24467,
              5.5131
            ],
            [
              -77.20521,
              5.53458
            ],
            [
              -77.21047,
              5.58428
            ],
            [
              -77.19042,
              5.64106
            ],
            [
              -77.22547,
              5.70327
            ],
            [
              -77.21508,
              5.73235
            ],
            [
              -77.17416,
              5.73848
            ],
            [
              -77.18684,
              5.79875
            ],
            [
              -77.13796,
              5.849
            ],
            [
              -77.19634,
              5.89012
            ],
            [
              -77.21293,
              5.87822
            ],
            [
              -77.24735,
              5.88973
            ],
            [
              -77.23487,
              5.904
            ],
            [
              -77.2475,
              5.93974
            ],
            [
              -77.29293,
              5.96343
            ],
            [
              -77.28936,
              6.00595
            ],
            [
              -77.33432,
              5.98766
            ],
            [
              -77.30677,
              5.91922
            ],
            [
              -77.30697,
              5.8736
            ],
            [
              -77.29451,
              5.87356
            ],
            [
              -77.29052,
              5.84332
            ],
            [
              -77.27652,
              5.84614
            ],
            [
              -77.25219,
              5.7887
            ],
            [
              -77.2486,
              5.81054
            ],
            [
              -77.24164,
              5.77977
            ],
            [
              -77.24617,
              5.76648
            ],
            [
              -77.25653,
              5.78273
            ],
            [
              -77.2619,
              5.72058
            ],
            [
              -77.30802,
              5.66458
            ]
          ]
        ]
      },
      "properties": {
        "code": "27495",
        "departmentCode": "27",
        "name": "NUQUÍ",
        "originalCode": "495",
        "originalName": "NUQUÍ",
        "MPIO_TIPO": "MUNICIPIO",
        "type": "MUNICIPIO",
        "unitType": "municipio",
        "MPIO_NAREA": 704.65160806,
        "MPIO_NANO": 2024,
        "MPIO_CRSLCION": "1917",
        "areaName": 704.65160806,
        "creationYear": 2024,
        "creationResolution": "1917",
        "resultType": "observed",
        "source": "dane-divipola-mgn-2025",
        "year": 2025
      }
    },
    {
      "type": "Feature",
      "id": 2198,
      "geometry": {
        "type": "Polygon",
        "coordinates": [
          [
            [
              -76.39721,
              5.26354
            ],
            [
              -76.44058,
              5.26651
            ],
            [
              -76.452,
              5.24912
            ],
            [
              -76.48856,
              5.25981
            ],
            [
              -76.48974,
              5.21381
            ],
            [
              -76.52622,
              5.2275
            ],
            [
              -76.53796,
              5.18439
            ],
            [
              -76.56219,
              5.1694
            ],
            [
              -76.60964,
              5.17323
            ],
            [
              -76.64418,
              5.12693
            ],
            [
              -76.6588,
              5.14047
            ],
            [
              -76.67903,
              5.13131
            ],
            [
              -76.67917,
              5.1106
            ],
            [
              -76.59308,
              5.0953
            ],
            [
              -76.53014,
              5.12394
            ],
            [
              -76.53529,
              5.14762
            ],
            [
              -76.49479,
              5.1535
            ],
            [
              -76.47142,
              5.13462
            ],
            [
              -76.44746,
              5.15845
            ],
            [
              -76.42355,
              5.11498
            ],
            [
              -76.37059,
              5.12047
            ],
            [
              -76.33393,
              5.17568
            ],
            [
              -76.388,
              5.21149
            ],
            [
              -76.39721,
              5.26354
            ]
          ]
        ]
      },
      "properties": {
        "code": "27580",
        "departmentCode": "27",
        "name": "RÍO IRÓ",
        "originalCode": "580",
        "originalName": "RÍO IRÓ",
        "MPIO_TIPO": "MUNICIPIO",
        "type": "MUNICIPIO",
        "unitType": "municipio",
        "MPIO_NAREA": 325.21652993,
        "MPIO_NANO": 2024,
        "MPIO_CRSLCION": "Ordenanza 015 del 20 de Julio  del 2000",
        "areaName": 325.21652993,
        "creationYear": 2024,
        "creationResolution": "Ordenanza 015 del 20 de Julio  del 2000",
        "resultType": "observed",
        "source": "dane-divipola-mgn-2025",
        "year": 2025
      }
    },
    {
      "type": "Feature",
      "id": 2199,
      "geometry": {
        "type": "Polygon",
        "coordinates": [
          [
            [
              -76.76326,
              5.68879
            ],
            [
              -76.80414,
              5.68569
            ],
            [
              -76.82986,
              5.6603
            ],
            [
              -76.89338,
              5.6821
            ],
            [
              -76.95351,
              5.66376
            ],
            [
              -76.9687,
              5.49922
            ],
            [
              -76.94762,
              5.45152
            ],
            [
              -76.89492,
              5.56117
            ],
            [
              -76.85242,
              5.48192
            ],
            [
              -76.81499,
              5.46379
            ],
            [
              -76.81037,
              5.43688
            ],
            [
              -76.73601,
              5.41245
            ],
            [
              -76.68193,
              5.43395
            ],
            [
              -76.69548,
              5.48031
            ],
            [
              -76.67006,
              5.49995
            ],
            [
              -76.70556,
              5.52519
            ],
            [
              -76.68197,
              5.52694
            ],
            [
              -76.70408,
              5.54417
            ],
            [
              -76.7092,
              5.5802
            ],
            [
              -76.66364,
              5.68508
            ],
            [
              -76.68545,
              5.68729
            ],
            [
              -76.69423,
              5.67196
            ],
            [
              -76.76326,
              5.68879
            ]
          ]
        ]
      },
      "properties": {
        "code": "27600",
        "departmentCode": "27",
        "name": "RÍO QUITO",
        "originalCode": "600",
        "originalName": "RÍO QUITO",
        "MPIO_TIPO": "MUNICIPIO",
        "type": "MUNICIPIO",
        "unitType": "municipio",
        "MPIO_NAREA": 699.33724428,
        "MPIO_NANO": 2024,
        "MPIO_CRSLCION": "Ordenanza 4 del 25 de Abril de 1999",
        "areaName": 699.33724428,
        "creationYear": 2024,
        "creationResolution": "Ordenanza 4 del 25 de Abril de 1999",
        "resultType": "observed",
        "source": "dane-divipola-mgn-2025",
        "year": 2025
      }
    },
    {
      "type": "Feature",
      "id": 2200,
      "geometry": {
        "type": "Polygon",
        "coordinates": [
          [
            [
              -77.07472,
              7.84744
            ],
            [
              -77.0985,
              7.92242
            ],
            [
              -77.17948,
              7.95681
            ],
            [
              -77.1586,
              7.93272
            ],
            [
              -77.17538,
              7.91716
            ],
            [
              -77.25661,
              7.91997
            ],
            [
              -77.32459,
              7.89596
            ],
            [
              -77.33723,
              7.85694
            ],
            [
              -77.36862,
              7.82834
            ],
            [
              -77.33942,
              7.76595
            ],
            [
              -77.39116,
              7.75995
            ],
            [
              -77.44263,
              7.65679
            ],
            [
              -77.47018,
              7.65146
            ],
            [
              -77.48918,
              7.56953
            ],
            [
              -77.52452,
              7.57176
            ],
            [
              -77.56345,
              7.50734
            ],
            [
              -77.60673,
              7.54066
            ],
            [
              -77.64684,
              7.65271
            ],
            [
              -77.69787,
              7.69315
            ],
            [
              -77.72823,
              7.69581
            ],
            [
              -77.74281,
              7.67903
            ],
            [
              -77.7468,
              7.60544
            ],
            [
              -77.7007,
              7.50648
            ],
            [
              -77.71122,
              7.49911
            ],
            [
              -77.69993,
              7.46059
            ],
            [
              -77.71335,
              7.43868
            ],
            [
              -77.73793,
              7.4363
            ],
            [
              -77.73468,
              7.37257
            ],
            [
              -77.70136,
              7.28652
            ],
            [
              -77.6814,
              7.27654
            ],
            [
              -77.66831,
              7.2218
            ],
            [
              -77.60138,
              7.20523
            ],
            [
              -77.58565,
              7.17361
            ],
            [
              -77.60318,
              7.15299
            ],
            [
              -77.60248,
              7.09743
            ],
            [
              -77.56089,
              6.99484
            ],
            [
              -77.59164,
              6.92815
            ],
            [
              -77.53658,
              6.8462
            ],
            [
              -77.53948,
              6.72765
            ],
            [
              -77.52366,
              6.72457
            ],
            [
              -77.5053,
              6.75302
            ],
            [
              -77.4868,
              6.74933
            ],
            [
              -77.49442,
              6.76943
            ],
            [
              -77.45798,
              6.82325
            ],
            [
              -77.36238,
              6.80855
            ],
            [
              -77.35324,
              6.84491
            ],
            [
              -77.40862,
              6.87977
            ],
            [
              -77.40082,
              6.90655
            ],
            [
              -77.41647,
              6.9238
            ],
            [
              -77.39166,
              6.93684
            ],
            [
              -77.39029,
              6.95551
            ],
            [
              -77.3023,
              7.01374
            ],
            [
              -77.30298,
              7.03437
            ],
            [
              -77.2699,
              7.05388
            ],
            [
              -77.26175,
              7.08142
            ],
            [
              -77.19488,
              7.1077
            ],
            [
              -77.18099,
              7.08514
            ],
            [
              -77.14523,
              7.12876
            ],
            [
              -77.09727,
              7.14361
            ],
            [
              -77.08176,
              7.1629
            ],
            [
              -77.11137,
              7.19052
            ],
            [
              -76.99739,
              7.25086
            ],
            [
              -77.00764,
              7.28448
            ],
            [
              -76.9324,
              7.29721
            ],
            [
              -76.92178,
              7.34798
            ],
            [
              -76.8842,
              7.35919
            ],
            [
              -76.92943,
              7.39774
            ],
            [
              -76.97384,
              7.40178
            ],
            [
              -77.01441,
              7.44574
            ],
            [
              -77.01061,
              7.4602
            ],
            [
              -76.92046,
              7.47665
            ],
            [
              -76.88658,
              7.50618
            ],
            [
              -76.89685,
              7.537
            ],
            [
              -76.9265,
              7.53423
            ],
            [
              -76.99634,
              7.59133
            ],
            [
              -77.0876,
              7.56593
            ],
            [
              -77.12404,
              7.59363
            ],
            [
              -77.14051,
              7.72329
            ],
            [
              -77.13438,
              7.77777
            ],
            [
              -77.11292,
              7.77989
            ],
            [
              -77.12783,
              7.82638
            ],
            [
              -77.09767,
              7.82389
            ],
            [
              -77.07472,
              7.84744
            ]
          ]
        ]
      },
      "properties": {
        "code": "27615",
        "departmentCode": "27",
        "name": "RIOSUCIO",
        "originalCode": "615",
        "originalName": "RIOSUCIO",
        "MPIO_TIPO": "MUNICIPIO",
        "type": "MUNICIPIO",
        "unitType": "municipio",
        "MPIO_NAREA": 6139.61557147,
        "MPIO_NANO": 2024,
        "MPIO_CRSLCION": "Ley 2 de 1943",
        "areaName": 6139.61557147,
        "creationYear": 2024,
        "creationResolution": "Ley 2 de 1943",
        "resultType": "observed",
        "source": "dane-divipola-mgn-2025",
        "year": 2025
      }
    },
    {
      "type": "Feature",
      "id": 2201,
      "geometry": {
        "type": "Polygon",
        "coordinates": [
          [
            [
              -76.14228,
              5.18187
            ],
            [
              -76.23535,
              5.15622
            ],
            [
              -76.25679,
              5.12002
            ],
            [
              -76.32448,
              5.12991
            ],
            [
              -76.39498,
              5.09907
            ],
            [
              -76.42194,
              5.10795
            ],
            [
              -76.42251,
              5.05638
            ],
            [
              -76.44328,
              5.02648
            ],
            [
              -76.42913,
              5.01862
            ],
            [
              -76.41946,
              4.95115
            ],
            [
              -76.47036,
              4.93066
            ],
            [
              -76.47476,
              4.8846
            ],
            [
              -76.5005,
              4.86643
            ],
            [
              -76.51093,
              4.80506
            ],
            [
              -76.48388,
              4.76352
            ],
            [
              -76.46267,
              4.74903
            ],
            [
              -76.31227,
              4.74998
            ],
            [
              -76.26066,
              4.79495
            ],
            [
              -76.23056,
              4.80209
            ],
            [
              -76.21378,
              4.82828
            ],
            [
              -76.13863,
              4.84201
            ],
            [
              -76.11414,
              4.8904
            ],
            [
              -76.1306,
              4.9112
            ],
            [
              -76.09968,
              4.91718
            ],
            [
              -76.0887,
              4.94614
            ],
            [
              -76.09682,
              5.03177
            ],
            [
              -76.07652,
              5.04803
            ],
            [
              -76.05887,
              5.12123
            ],
            [
              -76.08545,
              5.15998
            ],
            [
              -76.14228,
              5.18187
            ]
          ]
        ]
      },
      "properties": {
        "code": "27660",
        "departmentCode": "27",
        "name": "SAN JOSÉ DEL PALMAR",
        "originalCode": "660",
        "originalName": "SAN JOSÉ DEL PALMAR",
        "MPIO_TIPO": "MUNICIPIO",
        "type": "MUNICIPIO",
        "unitType": "municipio",
        "MPIO_NAREA": 1582.52436582,
        "MPIO_NANO": 2024,
        "MPIO_CRSLCION": "Decreto 52 del 13 de Enero de 1948",
        "areaName": 1582.52436582,
        "creationYear": 2024,
        "creationResolution": "Decreto 52 del 13 de Enero de 1948",
        "resultType": "observed",
        "source": "dane-divipola-mgn-2025",
        "year": 2025
      }
    },
    {
      "type": "Feature",
      "id": 2202,
      "geometry": {
        "type": "Polygon",
        "coordinates": [
          [
            [
              -76.5069,
              4.79433
            ],
            [
              -76.52824,
              4.79173
            ],
            [
              -76.57742,
              4.71429
            ],
            [
              -76.57813,
              4.6749
            ],
            [
              -76.60704,
              4.67662
            ],
            [
              -76.62992,
              4.65729
            ],
            [
              -76.68994,
              4.71966
            ],
            [
              -76.75128,
              4.72149
            ],
            [
              -76.77419,
              4.75766
            ],
            [
              -76.83213,
              4.76855
            ],
            [
              -76.84324,
              4.75168
            ],
            [
              -76.80879,
              4.64469
            ],
            [
              -76.71169,
              4.59427
            ],
            [
              -76.65733,
              4.51037
            ],
            [
              -76.65231,
              4.49069
            ],
            [
              -76.68185,
              4.45611
            ],
            [
              -76.61427,
              4.33552
            ],
            [
              -76.54925,
              4.33714
            ],
            [
              -76.56202,
              4.36973
            ],
            [
              -76.55303,
              4.40165
            ],
            [
              -76.48213,
              4.41407
            ],
            [
              -76.41832,
              4.44782
            ],
            [
              -76.38297,
              4.49277
            ],
            [
              -76.36525,
              4.49163
            ],
            [
              -76.40376,
              4.53497
            ],
            [
              -76.38127,
              4.55963
            ],
            [
              -76.34212,
              4.56473
            ],
            [
              -76.28605,
              4.71035
            ],
            [
              -76.31311,
              4.75058
            ],
            [
              -76.46267,
              4.74903
            ],
            [
              -76.5069,
              4.79433
            ]
          ]
        ]
      },
      "properties": {
        "code": "27745",
        "departmentCode": "27",
        "name": "SIPÍ",
        "originalCode": "745",
        "originalName": "SIPÍ",
        "MPIO_TIPO": "MUNICIPIO",
        "type": "MUNICIPIO",
        "unitType": "municipio",
        "MPIO_NAREA": 1577.45326155,
        "MPIO_NANO": 2024,
        "MPIO_CRSLCION": "Ordenanza 14 de 1956",
        "areaName": 1577.45326155,
        "creationYear": 2024,
        "creationResolution": "Ordenanza 14 de 1956",
        "resultType": "observed",
        "source": "dane-divipola-mgn-2025",
        "year": 2025
      }
    },
    {
      "type": "Feature",
      "id": 2203,
      "geometry": {
        "type": "Polygon",
        "coordinates": [
          [
            [
              -76.19481,
              5.39097
            ],
            [
              -76.19122,
              5.41458
            ],
            [
              -76.2395,
              5.35973
            ],
            [
              -76.28306,
              5.36095
            ],
            [
              -76.3211,
              5.33423
            ],
            [
              -76.34427,
              5.3444
            ],
            [
              -76.35392,
              5.37102
            ],
            [
              -76.39232,
              5.34828
            ],
            [
              -76.40462,
              5.35919
            ],
            [
              -76.41284,
              5.346
            ],
            [
              -76.49192,
              5.33907
            ],
            [
              -76.53081,
              5.28761
            ],
            [
              -76.57387,
              5.26755
            ],
            [
              -76.59814,
              5.27347
            ],
            [
              -76.58585,
              5.21985
            ],
            [
              -76.61015,
              5.20676
            ],
            [
              -76.62847,
              5.21496
            ],
            [
              -76.60416,
              5.19225
            ],
            [
              -76.53633,
              5.23955
            ],
            [
              -76.53567,
              5.21748
            ],
            [
              -76.5124,
              5.22743
            ],
            [
              -76.48974,
              5.21381
            ],
            [
              -76.48856,
              5.25981
            ],
            [
              -76.452,
              5.24912
            ],
            [
              -76.44063,
              5.26649
            ],
            [
              -76.39973,
              5.26711
            ],
            [
              -76.388,
              5.21149
            ],
            [
              -76.35913,
              5.19751
            ],
            [
              -76.31903,
              5.20606
            ],
            [
              -76.29751,
              5.17889
            ],
            [
              -76.29051,
              5.12649
            ],
            [
              -76.25679,
              5.12002
            ],
            [
              -76.23666,
              5.15511
            ],
            [
              -76.21136,
              5.15737
            ],
            [
              -76.20387,
              5.17276
            ],
            [
              -76.13249,
              5.18345
            ],
            [
              -76.14202,
              5.23338
            ],
            [
              -76.17362,
              5.26025
            ],
            [
              -76.21143,
              5.34862
            ],
            [
              -76.19481,
              5.39097
            ]
          ]
        ]
      },
      "properties": {
        "code": "27787",
        "departmentCode": "27",
        "name": "TADÓ",
        "originalCode": "787",
        "originalName": "TADÓ",
        "MPIO_TIPO": "MUNICIPIO",
        "type": "MUNICIPIO",
        "unitType": "municipio",
        "MPIO_NAREA": 714.99308702,
        "MPIO_NANO": 2024,
        "MPIO_CRSLCION": "1821",
        "areaName": 714.99308702,
        "creationYear": 2024,
        "creationResolution": "1821",
        "resultType": "observed",
        "source": "dane-divipola-mgn-2025",
        "year": 2025
      }
    },
    {
      "type": "Feature",
      "id": 2204,
      "geometry": {
        "type": "Polygon",
        "coordinates": [
          [
            [
              -77.07816,
              8.31792
            ],
            [
              -77.09325,
              8.30653
            ],
            [
              -77.12476,
              8.3495
            ],
            [
              -77.15658,
              8.28431
            ],
            [
              -77.2216,
              8.29358
            ],
            [
              -77.24721,
              8.27039
            ],
            [
              -77.30158,
              8.27185
            ],
            [
              -77.25122,
              8.18747
            ],
            [
              -77.25711,
              8.15778
            ],
            [
              -77.22678,
              8.13642
            ],
            [
              -77.21746,
              8.08776
            ],
            [
              -77.23363,
              8.02496
            ],
            [
              -77.16562,
              7.97423
            ],
            [
              -77.17435,
              7.95072
            ],
            [
              -77.09489,
              7.91852
            ],
            [
              -77.08259,
              7.89882
            ],
            [
              -77.09423,
              7.87794
            ],
            [
              -77.07472,
              7.84744
            ],
            [
              -77.02856,
              7.8849
            ],
            [
              -77.01231,
              7.93383
            ],
            [
              -77.02142,
              7.94879
            ],
            [
              -77.00008,
              7.95843
            ],
            [
              -76.99451,
              8.02341
            ],
            [
              -76.95992,
              8.0369
            ],
            [
              -76.93829,
              8.06798
            ],
            [
              -76.9556,
              8.12273
            ],
            [
              -76.94933,
              8.17234
            ],
            [
              -76.98019,
              8.25528
            ],
            [
              -77.03612,
              8.25262
            ],
            [
              -77.07816,
              8.31792
            ]
          ]
        ]
      },
      "properties": {
        "code": "27800",
        "departmentCode": "27",
        "name": "UNGUÍA",
        "originalCode": "800",
        "originalName": "UNGUÍA",
        "MPIO_TIPO": "MUNICIPIO",
        "type": "MUNICIPIO",
        "unitType": "municipio",
        "MPIO_NAREA": 1191.16013891,
        "MPIO_NANO": 2025,
        "MPIO_CRSLCION": "Ordenanza 14 del 30 de Octubre de 1979",
        "areaName": 1191.16013891,
        "creationYear": 2025,
        "creationResolution": "Ordenanza 14 del 30 de Octubre de 1979",
        "resultType": "observed",
        "source": "dane-divipola-mgn-2025",
        "year": 2025
      }
    },
    {
      "type": "Feature",
      "id": 2205,
      "geometry": {
        "type": "Polygon",
        "coordinates": [
          [
            [
              -76.67707,
              5.40425
            ],
            [
              -76.69075,
              5.39568
            ],
            [
              -76.65519,
              5.33317
            ],
            [
              -76.72587,
              5.32639
            ],
            [
              -76.65175,
              5.27163
            ],
            [
              -76.67538,
              5.23955
            ],
            [
              -76.70885,
              5.23795
            ],
            [
              -76.68064,
              5.21498
            ],
            [
              -76.68623,
              5.196
            ],
            [
              -76.67201,
              5.18509
            ],
            [
              -76.62847,
              5.21496
            ],
            [
              -76.61015,
              5.20676
            ],
            [
              -76.58637,
              5.2194
            ],
            [
              -76.58487,
              5.25859
            ],
            [
              -76.61403,
              5.35758
            ],
            [
              -76.62713,
              5.35072
            ],
            [
              -76.63384,
              5.38027
            ],
            [
              -76.67707,
              5.40425
            ]
          ]
        ]
      },
      "properties": {
        "code": "27810",
        "departmentCode": "27",
        "name": "UNIÓN PANAMERICANA",
        "originalCode": "810",
        "originalName": "UNIÓN PANAMERICANA",
        "MPIO_TIPO": "MUNICIPIO",
        "type": "MUNICIPIO",
        "unitType": "municipio",
        "MPIO_NAREA": 177.83753322,
        "MPIO_NANO": 2024,
        "MPIO_CRSLCION": "Ordenanza 011 del 30 de Julio de 1999",
        "areaName": 177.83753322,
        "creationYear": 2024,
        "creationResolution": "Ordenanza 011 del 30 de Julio de 1999",
        "resultType": "observed",
        "source": "dane-divipola-mgn-2025",
        "year": 2025
      }
    }
  ]
}
