{
  "type": "FeatureCollection",
  "metadata": {
    "source": "DANE DIVIPOLA MGN 2025",
    "downloadedAt": "2026-07-27T05:06:31Z",
    "crs": "EPSG:4326",
    "simplification": "ArcGIS maxAllowableOffset=0.01 grados y geometryPrecision=5; solo visualización web"
  },
  "features": [
    {
      "type": "Feature",
      "id": 2288,
      "geometry": {
        "type": "Polygon",
        "coordinates": [
          [
            [
              -73.41815,
              3.98508
            ],
            [
              -73.29017,
              3.94934
            ],
            [
              -73.24058,
              3.97
            ],
            [
              -73.17511,
              3.93502
            ],
            [
              -73.17499,
              4.04027
            ],
            [
              -73.27254,
              4.13927
            ],
            [
              -73.39731,
              4.13082
            ],
            [
              -73.58935,
              4.19314
            ],
            [
              -73.60549,
              4.22089
            ],
            [
              -73.62126,
              4.21479
            ],
            [
              -73.6061,
              4.24724
            ],
            [
              -73.62816,
              4.28673
            ],
            [
              -73.65628,
              4.28656
            ],
            [
              -73.65532,
              4.27244
            ],
            [
              -73.69323,
              4.2885
            ],
            [
              -73.76392,
              4.28148
            ],
            [
              -73.74406,
              4.26618
            ],
            [
              -73.76023,
              4.23746
            ],
            [
              -73.75074,
              4.20415
            ],
            [
              -73.72187,
              4.19635
            ],
            [
              -73.70931,
              4.16611
            ],
            [
              -73.72507,
              4.13806
            ],
            [
              -73.7661,
              4.11726
            ],
            [
              -73.76784,
              4.05731
            ],
            [
              -73.75011,
              4.03256
            ],
            [
              -73.41815,
              3.98508
            ]
          ]
        ]
      },
      "properties": {
        "code": "50001",
        "departmentCode": "50",
        "name": "VILLAVICENCIO",
        "originalCode": "001",
        "originalName": "VILLAVICENCIO",
        "MPIO_TIPO": "MUNICIPIO",
        "type": "MUNICIPIO",
        "unitType": "municipio",
        "MPIO_NAREA": 1283.70518072,
        "MPIO_NANO": 2024,
        "MPIO_CRSLCION": "1840",
        "areaName": 1283.70518072,
        "creationYear": 2024,
        "creationResolution": "1840",
        "resultType": "observed",
        "source": "dane-divipola-mgn-2025",
        "year": 2025
      }
    },
    {
      "type": "Feature",
      "id": 2289,
      "geometry": {
        "type": "Polygon",
        "coordinates": [
          [
            [
              -73.43645,
              3.92688
            ],
            [
              -73.41678,
              3.98483
            ],
            [
              -73.75011,
              4.03256
            ],
            [
              -73.76784,
              4.05731
            ],
            [
              -73.7661,
              4.11726
            ],
            [
              -73.70956,
              4.16371
            ],
            [
              -73.73226,
              4.20305
            ],
            [
              -73.75438,
              4.19285
            ],
            [
              -73.80936,
              4.20392
            ],
            [
              -73.82589,
              4.16834
            ],
            [
              -73.86089,
              4.17183
            ],
            [
              -73.89583,
              4.14264
            ],
            [
              -73.93331,
              4.14909
            ],
            [
              -73.96692,
              4.09072
            ],
            [
              -73.97939,
              4.10919
            ],
            [
              -74.00515,
              4.11012
            ],
            [
              -74.03619,
              4.08171
            ],
            [
              -73.96116,
              4.02603
            ],
            [
              -73.96142,
              3.99267
            ],
            [
              -73.87729,
              3.98285
            ],
            [
              -73.86218,
              3.95673
            ],
            [
              -73.8311,
              3.95247
            ],
            [
              -73.80511,
              3.92798
            ],
            [
              -73.73619,
              3.92553
            ],
            [
              -73.63867,
              3.86931
            ],
            [
              -73.58903,
              3.86217
            ],
            [
              -73.583,
              3.87695
            ],
            [
              -73.54834,
              3.87531
            ],
            [
              -73.51683,
              3.84764
            ],
            [
              -73.46881,
              3.84483
            ],
            [
              -73.44207,
              3.87434
            ],
            [
              -73.43645,
              3.92688
            ]
          ]
        ]
      },
      "properties": {
        "code": "50006",
        "departmentCode": "50",
        "name": "ACACÍAS",
        "originalCode": "006",
        "originalName": "ACACÍAS",
        "MPIO_TIPO": "MUNICIPIO",
        "type": "MUNICIPIO",
        "unitType": "municipio",
        "MPIO_NAREA": 1121.92013877,
        "MPIO_NANO": 2024,
        "MPIO_CRSLCION": "Ordenanza 23 de 1960",
        "areaName": 1121.92013877,
        "creationYear": 2024,
        "creationResolution": "Ordenanza 23 de 1960",
        "resultType": "observed",
        "source": "dane-divipola-mgn-2025",
        "year": 2025
      }
    },
    {
      "type": "Feature",
      "id": 2290,
      "geometry": {
        "type": "Polygon",
        "coordinates": [
          [
            [
              -73.03998,
              4.67708
            ],
            [
              -73.05256,
              4.73632
            ],
            [
              -73.08939,
              4.46091
            ],
            [
              -73.04924,
              4.46695
            ],
            [
              -72.99328,
              4.43853
            ],
            [
              -72.97296,
              4.40003
            ],
            [
              -72.91412,
              4.37331
            ],
            [
              -72.91315,
              4.35468
            ],
            [
              -72.93013,
              4.43248
            ],
            [
              -72.84295,
              4.43297
            ],
            [
              -72.93793,
              4.52274
            ],
            [
              -72.96798,
              4.59919
            ],
            [
              -73.01686,
              4.63561
            ],
            [
              -73.03998,
              4.67708
            ]
          ]
        ]
      },
      "properties": {
        "code": "50110",
        "departmentCode": "50",
        "name": "BARRANCA DE UPÍA",
        "originalCode": "110",
        "originalName": "BARRANCA DE UPÍA",
        "MPIO_TIPO": "MUNICIPIO",
        "type": "MUNICIPIO",
        "unitType": "municipio",
        "MPIO_NAREA": 403.03293016,
        "MPIO_NANO": 2024,
        "MPIO_CRSLCION": "Ordenanza 5  de Octubre 16 de 1990",
        "areaName": 403.03293016,
        "creationYear": 2024,
        "creationResolution": "Ordenanza 5  de Octubre 16 de 1990",
        "resultType": "observed",
        "source": "dane-divipola-mgn-2025",
        "year": 2025
      }
    },
    {
      "type": "Feature",
      "id": 2291,
      "geometry": {
        "type": "Polygon",
        "coordinates": [
          [
            [
              -72.79151,
              4.2792
            ],
            [
              -72.76017,
              4.26477
            ],
            [
              -72.73925,
              4.32058
            ],
            [
              -72.7703,
              4.33433
            ],
            [
              -72.77157,
              4.36937
            ],
            [
              -72.79978,
              4.37688
            ],
            [
              -72.78754,
              4.39615
            ],
            [
              -72.82445,
              4.41645
            ],
            [
              -72.81347,
              4.42981
            ],
            [
              -72.93013,
              4.43248
            ],
            [
              -72.91315,
              4.35468
            ],
            [
              -72.91412,
              4.37331
            ],
            [
              -72.97296,
              4.40003
            ],
            [
              -72.99328,
              4.43853
            ],
            [
              -73.04924,
              4.46695
            ],
            [
              -73.08016,
              4.45714
            ],
            [
              -73.09178,
              4.47521
            ],
            [
              -73.12491,
              4.257
            ],
            [
              -73.0949,
              4.24045
            ],
            [
              -73.06133,
              4.2465
            ],
            [
              -73.07682,
              4.23299
            ],
            [
              -73.05762,
              4.22601
            ],
            [
              -73.06454,
              4.20764
            ],
            [
              -73.04559,
              4.21358
            ],
            [
              -73.04498,
              4.17164
            ],
            [
              -73.02535,
              4.17978
            ],
            [
              -73.017,
              4.16063
            ],
            [
              -73.01076,
              4.19017
            ],
            [
              -72.98335,
              4.16059
            ],
            [
              -72.9262,
              4.15362
            ],
            [
              -72.90785,
              4.19732
            ],
            [
              -72.87455,
              4.20166
            ],
            [
              -72.88405,
              4.2438
            ],
            [
              -72.8616,
              4.23761
            ],
            [
              -72.86432,
              4.26862
            ],
            [
              -72.83803,
              4.24276
            ],
            [
              -72.83526,
              4.26377
            ],
            [
              -72.80079,
              4.25039
            ],
            [
              -72.79151,
              4.2792
            ]
          ]
        ]
      },
      "properties": {
        "code": "50124",
        "departmentCode": "50",
        "name": "CABUYARO",
        "originalCode": "124",
        "originalName": "CABUYARO",
        "MPIO_TIPO": "MUNICIPIO",
        "type": "MUNICIPIO",
        "unitType": "municipio",
        "MPIO_NAREA": 911.85058641,
        "MPIO_NANO": 2025,
        "MPIO_CRSLCION": "Decreto 47 de Septiembre 3 de 1912",
        "areaName": 911.85058641,
        "creationYear": 2025,
        "creationResolution": "Decreto 47 de Septiembre 3 de 1912",
        "resultType": "observed",
        "source": "dane-divipola-mgn-2025",
        "year": 2025
      }
    },
    {
      "type": "Feature",
      "id": 2292,
      "geometry": {
        "type": "Polygon",
        "coordinates": [
          [
            [
              -73.7252,
              3.91777
            ],
            [
              -73.73172,
              3.90422
            ],
            [
              -73.71197,
              3.8846
            ],
            [
              -73.74214,
              3.84825
            ],
            [
              -73.71304,
              3.79826
            ],
            [
              -73.56788,
              3.7607
            ],
            [
              -73.5173,
              3.72477
            ],
            [
              -73.35738,
              3.71041
            ],
            [
              -73.38923,
              3.86614
            ],
            [
              -73.41894,
              3.85841
            ],
            [
              -73.4231,
              3.84276
            ],
            [
              -73.45548,
              3.85616
            ],
            [
              -73.49864,
              3.84243
            ],
            [
              -73.54834,
              3.87531
            ],
            [
              -73.583,
              3.87695
            ],
            [
              -73.58903,
              3.86217
            ],
            [
              -73.63867,
              3.86931
            ],
            [
              -73.7252,
              3.91777
            ]
          ]
        ]
      },
      "properties": {
        "code": "50150",
        "departmentCode": "50",
        "name": "CASTILLA LA NUEVA",
        "originalCode": "150",
        "originalName": "CASTILLA LA NUEVA",
        "MPIO_TIPO": "MUNICIPIO",
        "type": "MUNICIPIO",
        "unitType": "municipio",
        "MPIO_NAREA": 513.8628757,
        "MPIO_NANO": 2024,
        "MPIO_CRSLCION": "Ordenanza 08 de Julio 7 de 1961",
        "areaName": 513.8628757,
        "creationYear": 2024,
        "creationResolution": "Ordenanza 08 de Julio 7 de 1961",
        "resultType": "observed",
        "source": "dane-divipola-mgn-2025",
        "year": 2025
      }
    },
    {
      "type": "Feature",
      "id": 2293,
      "geometry": {
        "type": "Polygon",
        "coordinates": [
          [
            [
              -74.20143,
              4.0118
            ],
            [
              -74.21738,
              4.0109
            ],
            [
              -74.25981,
              3.94881
            ],
            [
              -74.25643,
              3.92787
            ],
            [
              -74.31705,
              3.88075
            ],
            [
              -74.29662,
              3.8189
            ],
            [
              -74.32724,
              3.82667
            ],
            [
              -74.39389,
              3.76991
            ],
            [
              -74.39794,
              3.74506
            ],
            [
              -74.37192,
              3.71556
            ],
            [
              -74.2818,
              3.72413
            ],
            [
              -74.23545,
              3.76022
            ],
            [
              -74.23366,
              3.80658
            ],
            [
              -74.20284,
              3.79735
            ],
            [
              -74.19189,
              3.77456
            ],
            [
              -74.15759,
              3.78679
            ],
            [
              -74.12908,
              3.77095
            ],
            [
              -74.09136,
              3.78002
            ],
            [
              -74.04673,
              3.74103
            ],
            [
              -74.04352,
              3.71407
            ],
            [
              -74.00435,
              3.70433
            ],
            [
              -73.97212,
              3.71913
            ],
            [
              -73.96317,
              3.74684
            ],
            [
              -73.9268,
              3.75069
            ],
            [
              -73.88715,
              3.73152
            ],
            [
              -73.84083,
              3.76773
            ],
            [
              -73.78764,
              3.72404
            ],
            [
              -73.76046,
              3.76606
            ],
            [
              -73.72699,
              3.76343
            ],
            [
              -73.74955,
              3.81132
            ],
            [
              -73.84938,
              3.88836
            ],
            [
              -73.973,
              3.8965
            ],
            [
              -74.1587,
              3.93448
            ],
            [
              -74.20143,
              4.0118
            ]
          ]
        ]
      },
      "properties": {
        "code": "50223",
        "departmentCode": "50",
        "name": "CUBARRAL",
        "originalCode": "223",
        "originalName": "CUBARRAL",
        "MPIO_TIPO": "MUNICIPIO",
        "type": "MUNICIPIO",
        "unitType": "municipio",
        "MPIO_NAREA": 1156.42157848,
        "MPIO_NANO": 2024,
        "MPIO_CRSLCION": "Ordenanza 23 de Noviembre 28 de 1960",
        "areaName": 1156.42157848,
        "creationYear": 2024,
        "creationResolution": "Ordenanza 23 de Noviembre 28 de 1960",
        "resultType": "observed",
        "source": "dane-divipola-mgn-2025",
        "year": 2025
      }
    },
    {
      "type": "Feature",
      "id": 2294,
      "geometry": {
        "type": "Polygon",
        "coordinates": [
          [
            [
              -73.56491,
              4.36441
            ],
            [
              -73.57153,
              4.37343
            ],
            [
              -73.56595,
              4.2947
            ],
            [
              -73.5449,
              4.26662
            ],
            [
              -73.52086,
              4.27431
            ],
            [
              -73.42525,
              4.15581
            ],
            [
              -73.34027,
              4.14911
            ],
            [
              -73.23418,
              4.18303
            ],
            [
              -73.17354,
              4.1765
            ],
            [
              -73.14899,
              4.18897
            ],
            [
              -73.10806,
              4.16223
            ],
            [
              -73.07655,
              4.18597
            ],
            [
              -73.03779,
              4.18119
            ],
            [
              -73.04661,
              4.21491
            ],
            [
              -73.06629,
              4.20954
            ],
            [
              -73.05762,
              4.22601
            ],
            [
              -73.07672,
              4.23482
            ],
            [
              -73.06068,
              4.24453
            ],
            [
              -73.07452,
              4.25328
            ],
            [
              -73.0949,
              4.24045
            ],
            [
              -73.12491,
              4.257
            ],
            [
              -73.13899,
              4.21242
            ],
            [
              -73.20354,
              4.27326
            ],
            [
              -73.35364,
              4.32119
            ],
            [
              -73.43029,
              4.30638
            ],
            [
              -73.47168,
              4.27624
            ],
            [
              -73.55051,
              4.30786
            ],
            [
              -73.56491,
              4.36441
            ]
          ]
        ]
      },
      "properties": {
        "code": "50226",
        "departmentCode": "50",
        "name": "CUMARAL",
        "originalCode": "226",
        "originalName": "CUMARAL",
        "MPIO_TIPO": "MUNICIPIO",
        "type": "MUNICIPIO",
        "unitType": "municipio",
        "MPIO_NAREA": 623.78198283,
        "MPIO_NANO": 2024,
        "MPIO_CRSLCION": "Decreto 2543 de 1955",
        "areaName": 623.78198283,
        "creationYear": 2024,
        "creationResolution": "Decreto 2543 de 1955",
        "resultType": "observed",
        "source": "dane-divipola-mgn-2025",
        "year": 2025
      }
    },
    {
      "type": "Feature",
      "id": 2295,
      "geometry": {
        "type": "Polygon",
        "coordinates": [
          [
            [
              -73.74633,
              4.4499
            ],
            [
              -73.75575,
              4.46219
            ],
            [
              -73.78328,
              4.44829
            ],
            [
              -73.81087,
              4.40813
            ],
            [
              -73.79268,
              4.38111
            ],
            [
              -73.78364,
              4.30034
            ],
            [
              -73.76414,
              4.28115
            ],
            [
              -73.69323,
              4.2885
            ],
            [
              -73.65532,
              4.27244
            ],
            [
              -73.65624,
              4.28658
            ],
            [
              -73.62778,
              4.28649
            ],
            [
              -73.5997,
              4.34325
            ],
            [
              -73.63242,
              4.39661
            ],
            [
              -73.66824,
              4.35885
            ],
            [
              -73.68826,
              4.40749
            ],
            [
              -73.72451,
              4.39104
            ],
            [
              -73.74633,
              4.4499
            ]
          ]
        ]
      },
      "properties": {
        "code": "50245",
        "departmentCode": "50",
        "name": "EL CALVARIO",
        "originalCode": "245",
        "originalName": "EL CALVARIO",
        "MPIO_TIPO": "MUNICIPIO",
        "type": "MUNICIPIO",
        "unitType": "municipio",
        "MPIO_NAREA": 269.9059076,
        "MPIO_NANO": 2024,
        "MPIO_CRSLCION": "Decreto 2543 de 1955",
        "areaName": 269.9059076,
        "creationYear": 2024,
        "creationResolution": "Decreto 2543 de 1955",
        "resultType": "observed",
        "source": "dane-divipola-mgn-2025",
        "year": 2025
      }
    },
    {
      "type": "Feature",
      "id": 2296,
      "geometry": {
        "type": "Polygon",
        "coordinates": [
          [
            [
              -73.92004,
              3.74881
            ],
            [
              -73.96442,
              3.74655
            ],
            [
              -73.97212,
              3.71913
            ],
            [
              -74.0037,
              3.70439
            ],
            [
              -74.04352,
              3.71407
            ],
            [
              -74.02697,
              3.61812
            ],
            [
              -73.95904,
              3.56062
            ],
            [
              -73.95427,
              3.52458
            ],
            [
              -73.94114,
              3.53495
            ],
            [
              -73.88669,
              3.50823
            ],
            [
              -73.80997,
              3.5021
            ],
            [
              -73.74703,
              3.51733
            ],
            [
              -73.76023,
              3.65382
            ],
            [
              -73.8207,
              3.65052
            ],
            [
              -73.83634,
              3.67219
            ],
            [
              -73.87283,
              3.67674
            ],
            [
              -73.89928,
              3.69867
            ],
            [
              -73.88923,
              3.73224
            ],
            [
              -73.92004,
              3.74881
            ]
          ]
        ]
      },
      "properties": {
        "code": "50251",
        "departmentCode": "50",
        "name": "EL CASTILLO",
        "originalCode": "251",
        "originalName": "EL CASTILLO",
        "MPIO_TIPO": "MUNICIPIO",
        "type": "MUNICIPIO",
        "unitType": "municipio",
        "MPIO_NAREA": 567.4397075,
        "MPIO_NANO": 2024,
        "MPIO_CRSLCION": "Ordenanza 25 de Febrero de 1976",
        "areaName": 567.4397075,
        "creationYear": 2024,
        "creationResolution": "Ordenanza 25 de Febrero de 1976",
        "resultType": "observed",
        "source": "dane-divipola-mgn-2025",
        "year": 2025
      }
    },
    {
      "type": "Feature",
      "id": 2297,
      "geometry": {
        "type": "Polygon",
        "coordinates": [
          [
            [
              -73.83554,
              3.76362
            ],
            [
              -73.87135,
              3.75481
            ],
            [
              -73.90266,
              3.71492
            ],
            [
              -73.89674,
              3.69343
            ],
            [
              -73.83567,
              3.67183
            ],
            [
              -73.8207,
              3.65052
            ],
            [
              -73.76508,
              3.6586
            ],
            [
              -73.793,
              3.73602
            ],
            [
              -73.83554,
              3.76362
            ]
          ]
        ]
      },
      "properties": {
        "code": "50270",
        "departmentCode": "50",
        "name": "EL DORADO",
        "originalCode": "270",
        "originalName": "EL DORADO",
        "MPIO_TIPO": "MUNICIPIO",
        "type": "MUNICIPIO",
        "unitType": "municipio",
        "MPIO_NAREA": 117.17599535,
        "MPIO_NANO": 2024,
        "MPIO_CRSLCION": "Ordenanza 44  Noviembre 24 de 1992. Decreto 2129 de Diciembr",
        "areaName": 117.17599535,
        "creationYear": 2024,
        "creationResolution": "Ordenanza 44  Noviembre 24 de 1992. Decreto 2129 de Diciembr",
        "resultType": "observed",
        "source": "dane-divipola-mgn-2025",
        "year": 2025
      }
    },
    {
      "type": "Feature",
      "id": 2298,
      "geometry": {
        "type": "Polygon",
        "coordinates": [
          [
            [
              -73.64199,
              3.55064
            ],
            [
              -73.64263,
              3.52224
            ],
            [
              -73.68164,
              3.48883
            ],
            [
              -73.68271,
              3.46237
            ],
            [
              -73.73074,
              3.42046
            ],
            [
              -73.74634,
              3.36095
            ],
            [
              -73.69772,
              3.32293
            ],
            [
              -73.65223,
              3.31067
            ],
            [
              -73.62445,
              3.28852
            ],
            [
              -73.6294,
              3.27548
            ],
            [
              -73.58853,
              3.2582
            ],
            [
              -73.57926,
              3.23301
            ],
            [
              -73.54764,
              3.23092
            ],
            [
              -73.55475,
              3.26913
            ],
            [
              -73.59865,
              3.30089
            ],
            [
              -73.53021,
              3.29288
            ],
            [
              -73.49853,
              3.32531
            ],
            [
              -73.44767,
              3.30083
            ],
            [
              -73.43297,
              3.30955
            ],
            [
              -73.42801,
              3.3689
            ],
            [
              -73.46788,
              3.40912
            ],
            [
              -73.5304,
              3.41338
            ],
            [
              -73.55616,
              3.44959
            ],
            [
              -73.57364,
              3.45052
            ],
            [
              -73.59529,
              3.50586
            ],
            [
              -73.64199,
              3.55064
            ]
          ]
        ]
      },
      "properties": {
        "code": "50287",
        "departmentCode": "50",
        "name": "FUENTE DE ORO",
        "originalCode": "287",
        "originalName": "FUENTE DE ORO",
        "MPIO_TIPO": "MUNICIPIO",
        "type": "MUNICIPIO",
        "unitType": "municipio",
        "MPIO_NAREA": 570.09958333,
        "MPIO_NANO": 2024,
        "MPIO_CRSLCION": "Ordenanza 24 Noviembre 28 de 1960",
        "areaName": 570.09958333,
        "creationYear": 2024,
        "creationResolution": "Ordenanza 24 Noviembre 28 de 1960",
        "resultType": "observed",
        "source": "dane-divipola-mgn-2025",
        "year": 2025
      }
    },
    {
      "type": "Feature",
      "id": 2299,
      "geometry": {
        "type": "Polygon",
        "coordinates": [
          [
            [
              -73.70538,
              3.64081
            ],
            [
              -73.74724,
              3.61871
            ],
            [
              -73.74703,
              3.51733
            ],
            [
              -73.80492,
              3.50242
            ],
            [
              -73.88129,
              3.50799
            ],
            [
              -73.85536,
              3.42719
            ],
            [
              -73.79725,
              3.41737
            ],
            [
              -73.79539,
              3.39671
            ],
            [
              -73.74634,
              3.36095
            ],
            [
              -73.73074,
              3.42046
            ],
            [
              -73.70617,
              3.43312
            ],
            [
              -73.68164,
              3.48883
            ],
            [
              -73.64263,
              3.52224
            ],
            [
              -73.64461,
              3.56246
            ],
            [
              -73.70538,
              3.64081
            ]
          ]
        ]
      },
      "properties": {
        "code": "50313",
        "departmentCode": "50",
        "name": "GRANADA",
        "originalCode": "313",
        "originalName": "GRANADA",
        "MPIO_TIPO": "MUNICIPIO",
        "type": "MUNICIPIO",
        "unitType": "municipio",
        "MPIO_NAREA": 347.8023911,
        "MPIO_NANO": 2024,
        "MPIO_CRSLCION": "1956",
        "areaName": 347.8023911,
        "creationYear": 2024,
        "creationResolution": "1956",
        "resultType": "observed",
        "source": "dane-divipola-mgn-2025",
        "year": 2025
      }
    },
    {
      "type": "Feature",
      "id": 2300,
      "geometry": {
        "type": "Polygon",
        "coordinates": [
          [
            [
              -74.02134,
              4.07743
            ],
            [
              -74.03489,
              4.06084
            ],
            [
              -74.0707,
              4.0577
            ],
            [
              -74.12349,
              4.00127
            ],
            [
              -74.16026,
              4.01785
            ],
            [
              -74.20241,
              4.01407
            ],
            [
              -74.16295,
              3.93737
            ],
            [
              -73.973,
              3.8965
            ],
            [
              -73.8565,
              3.89114
            ],
            [
              -73.75823,
              3.81483
            ],
            [
              -73.71909,
              3.80536
            ],
            [
              -73.74214,
              3.84825
            ],
            [
              -73.71197,
              3.8846
            ],
            [
              -73.72848,
              3.92078
            ],
            [
              -73.80103,
              3.92639
            ],
            [
              -73.8311,
              3.95247
            ],
            [
              -73.85817,
              3.95373
            ],
            [
              -73.87661,
              3.98259
            ],
            [
              -73.96142,
              3.99267
            ],
            [
              -73.96076,
              4.0255
            ],
            [
              -74.02134,
              4.07743
            ]
          ]
        ]
      },
      "properties": {
        "code": "50318",
        "departmentCode": "50",
        "name": "GUAMAL",
        "originalCode": "318",
        "originalName": "GUAMAL",
        "MPIO_TIPO": "MUNICIPIO",
        "type": "MUNICIPIO",
        "unitType": "municipio",
        "MPIO_NAREA": 594.91591913,
        "MPIO_NANO": 2024,
        "MPIO_CRSLCION": "1955",
        "areaName": 594.91591913,
        "creationYear": 2024,
        "creationResolution": "1955",
        "resultType": "observed",
        "source": "dane-divipola-mgn-2025",
        "year": 2025
      }
    },
    {
      "type": "Feature",
      "id": 2301,
      "geometry": {
        "type": "Polygon",
        "coordinates": [
          [
            [
              -71.07756,
              3.35547
            ],
            [
              -71.09865,
              3.38879
            ],
            [
              -71.14395,
              3.38917
            ],
            [
              -71.16484,
              3.41375
            ],
            [
              -71.16212,
              3.43649
            ],
            [
              -71.19902,
              3.46364
            ],
            [
              -71.22182,
              3.45359
            ],
            [
              -71.22473,
              3.46669
            ],
            [
              -71.2479,
              3.4652
            ],
            [
              -71.2764,
              3.44017
            ],
            [
              -71.31614,
              3.45997
            ],
            [
              -71.31721,
              3.4768
            ],
            [
              -71.4016,
              3.47397
            ],
            [
              -71.41059,
              3.48588
            ],
            [
              -71.51262,
              3.45018
            ],
            [
              -71.56823,
              3.47817
            ],
            [
              -71.62466,
              3.4729
            ],
            [
              -71.65016,
              3.48641
            ],
            [
              -71.75692,
              3.41697
            ],
            [
              -71.77712,
              3.42569
            ],
            [
              -71.8122,
              3.3918
            ],
            [
              -71.82679,
              3.38926
            ],
            [
              -71.84346,
              3.41318
            ],
            [
              -71.85869,
              3.40048
            ],
            [
              -71.89356,
              3.40751
            ],
            [
              -71.91099,
              3.38694
            ],
            [
              -71.93935,
              3.39426
            ],
            [
              -72.04951,
              3.34205
            ],
            [
              -72.07722,
              3.30755
            ],
            [
              -72.09726,
              3.3151
            ],
            [
              -72.1816,
              3.27289
            ],
            [
              -72.22824,
              3.36262
            ],
            [
              -72.35797,
              3.36938
            ],
            [
              -72.40591,
              3.43531
            ],
            [
              -72.41078,
              3.41381
            ],
            [
              -72.43248,
              3.4077
            ],
            [
              -72.43188,
              3.38024
            ],
            [
              -72.44827,
              3.379
            ],
            [
              -72.45605,
              3.35852
            ],
            [
              -72.49826,
              3.35302
            ],
            [
              -72.5032,
              3.3311
            ],
            [
              -72.53058,
              3.33705
            ],
            [
              -72.52684,
              3.31689
            ],
            [
              -72.54699,
              3.33034
            ],
            [
              -72.57668,
              3.32093
            ],
            [
              -72.59293,
              3.34807
            ],
            [
              -72.60474,
              3.32664
            ],
            [
              -72.64608,
              3.32193
            ],
            [
              -72.63822,
              3.30837
            ],
            [
              -72.65455,
              3.29673
            ],
            [
              -72.66855,
              3.30515
            ],
            [
              -72.67827,
              3.28159
            ],
            [
              -72.69613,
              3.30278
            ],
            [
              -72.70232,
              3.27831
            ],
            [
              -72.72381,
              3.2823
            ],
            [
              -72.744,
              3.26044
            ],
            [
              -72.7744,
              3.28043
            ],
            [
              -72.80346,
              3.25801
            ],
            [
              -72.82218,
              3.26984
            ],
            [
              -72.87909,
              3.26342
            ],
            [
              -72.89912,
              3.22173
            ],
            [
              -72.8876,
              3.1607
            ],
            [
              -72.91595,
              3.12747
            ],
            [
              -72.89495,
              3.09128
            ],
            [
              -72.9094,
              3.01343
            ],
            [
              -72.89265,
              2.99766
            ],
            [
              -72.91223,
              2.96482
            ],
            [
              -72.91355,
              2.92119
            ],
            [
              -72.89045,
              2.88774
            ],
            [
              -72.84481,
              2.90816
            ],
            [
              -72.80523,
              3.02078
            ],
            [
              -72.79868,
              2.99223
            ],
            [
              -72.76938,
              2.98449
            ],
            [
              -72.65687,
              2.87596
            ],
            [
              -72.66127,
              2.84884
            ],
            [
              -72.64192,
              2.85385
            ],
            [
              -72.63097,
              2.82869
            ],
            [
              -72.60527,
              2.83206
            ],
            [
              -72.5035,
              2.73861
            ],
            [
              -72.45199,
              2.7564
            ],
            [
              -72.41037,
              2.72548
            ],
            [
              -72.33551,
              2.79675
            ],
            [
              -72.30906,
              2.79725
            ],
            [
              -72.29448,
              2.77384
            ],
            [
              -72.27414,
              2.77868
            ],
            [
              -72.25949,
              2.8247
            ],
            [
              -72.21512,
              2.77566
            ],
            [
              -72.19239,
              2.77261
            ],
            [
              -72.18404,
              2.79033
            ],
            [
              -72.20581,
              2.81483
            ],
            [
              -72.20271,
              2.86405
            ],
            [
              -72.18282,
              2.87522
            ],
            [
              -72.14396,
              2.86474
            ],
            [
              -72.13485,
              2.88904
            ],
            [
              -72.08213,
              2.82585
            ],
            [
              -72.05162,
              2.81668
            ],
            [
              -72.00486,
              2.82935
            ],
            [
              -71.98192,
              2.80119
            ],
            [
              -71.95394,
              2.83174
            ],
            [
              -71.82791,
              2.83747
            ],
            [
              -71.82315,
              2.87002
            ],
            [
              -71.85086,
              2.8716
            ],
            [
              -71.82061,
              2.87912
            ],
            [
              -71.78844,
              2.8695
            ],
            [
              -71.78004,
              2.81783
            ],
            [
              -71.75801,
              2.85297
            ],
            [
              -71.76186,
              2.8973
            ],
            [
              -71.69707,
              2.83811
            ],
            [
              -71.6815,
              2.87169
            ],
            [
              -71.66201,
              2.87273
            ],
            [
              -71.6739,
              2.82578
            ],
            [
              -71.65221,
              2.82019
            ],
            [
              -71.61059,
              2.84632
            ],
            [
              -71.57517,
              2.84427
            ],
            [
              -71.58325,
              2.87229
            ],
            [
              -71.54509,
              2.85911
            ],
            [
              -71.52067,
              2.879
            ],
            [
              -71.4703,
              2.8531
            ],
            [
              -71.46338,
              2.89928
            ],
            [
              -71.39072,
              2.84403
            ],
            [
              -71.37457,
              2.89184
            ],
            [
              -71.3453,
              2.86034
            ],
            [
              -71.32474,
              2.92453
            ],
            [
              -71.30602,
              2.92018
            ],
            [
              -71.29956,
              2.87558
            ],
            [
              -71.28368,
              2.86782
            ],
            [
              -71.25964,
              2.88618
            ],
            [
              -71.24717,
              2.86275
            ],
            [
              -71.22179,
              2.86559
            ],
            [
              -71.18351,
              2.90484
            ],
            [
              -71.15382,
              2.87231
            ],
            [
              -71.13824,
              2.90395
            ],
            [
              -71.10292,
              2.87261
            ],
            [
              -71.07753,
              2.88223
            ],
            [
              -71.07756,
              3.35547
            ]
          ]
        ]
      },
      "properties": {
        "code": "50325",
        "departmentCode": "50",
        "name": "MAPIRIPÁN",
        "originalCode": "325",
        "originalName": "MAPIRIPÁN",
        "MPIO_TIPO": "MUNICIPIO",
        "type": "MUNICIPIO",
        "unitType": "municipio",
        "MPIO_NAREA": 11917.47878531,
        "MPIO_NANO": 2025,
        "MPIO_CRSLCION": "Ordenanza 11 de Agosto 24 de 1989",
        "areaName": 11917.47878531,
        "creationYear": 2025,
        "creationResolution": "Ordenanza 11 de Agosto 24 de 1989",
        "resultType": "observed",
        "source": "dane-divipola-mgn-2025",
        "year": 2025
      }
    },
    {
      "type": "Feature",
      "id": 2302,
      "geometry": {
        "type": "Polygon",
        "coordinates": [
          [
            [
              -74.24392,
              3.64418
            ],
            [
              -74.27543,
              3.59583
            ],
            [
              -74.25307,
              3.56004
            ],
            [
              -74.2988,
              3.45524
            ],
            [
              -74.28076,
              3.41351
            ],
            [
              -74.28515,
              3.36213
            ],
            [
              -74.30154,
              3.342
            ],
            [
              -74.26867,
              3.26951
            ],
            [
              -74.26642,
              3.18936
            ],
            [
              -74.22092,
              3.01252
            ],
            [
              -74.17589,
              2.917
            ],
            [
              -74.18341,
              2.85447
            ],
            [
              -74.06325,
              2.71953
            ],
            [
              -74.06949,
              2.69458
            ],
            [
              -74.04065,
              2.65567
            ],
            [
              -74.04956,
              2.63004
            ],
            [
              -74.02727,
              2.62499
            ],
            [
              -74.01891,
              2.60316
            ],
            [
              -73.99679,
              2.60432
            ],
            [
              -73.97213,
              2.57013
            ],
            [
              -73.96526,
              2.64531
            ],
            [
              -73.95069,
              2.6541
            ],
            [
              -73.96857,
              2.67819
            ],
            [
              -73.9631,
              2.69679
            ],
            [
              -74.00401,
              2.71277
            ],
            [
              -73.96964,
              2.73922
            ],
            [
              -73.98691,
              2.77607
            ],
            [
              -73.97777,
              2.78972
            ],
            [
              -74.05805,
              2.83929
            ],
            [
              -73.99193,
              2.96993
            ],
            [
              -74.00657,
              2.98364
            ],
            [
              -73.99551,
              3.04274
            ],
            [
              -74.05658,
              3.21672
            ],
            [
              -74.04108,
              3.245
            ],
            [
              -74.01349,
              3.24259
            ],
            [
              -73.99975,
              3.20719
            ],
            [
              -73.98077,
              3.23018
            ],
            [
              -73.98285,
              3.30144
            ],
            [
              -73.96077,
              3.34103
            ],
            [
              -73.99853,
              3.35318
            ],
            [
              -74.03116,
              3.44711
            ],
            [
              -74.07197,
              3.4749
            ],
            [
              -74.13262,
              3.48013
            ],
            [
              -74.12231,
              3.4996
            ],
            [
              -74.13726,
              3.55994
            ],
            [
              -74.17725,
              3.56641
            ],
            [
              -74.18742,
              3.5446
            ],
            [
              -74.22994,
              3.53206
            ],
            [
              -74.22528,
              3.56724
            ],
            [
              -74.24301,
              3.59743
            ],
            [
              -74.23198,
              3.63678
            ],
            [
              -74.24392,
              3.64418
            ]
          ]
        ]
      },
      "properties": {
        "code": "50330",
        "departmentCode": "50",
        "name": "MESETAS",
        "originalCode": "330",
        "originalName": "MESETAS",
        "MPIO_TIPO": "MUNICIPIO",
        "type": "MUNICIPIO",
        "unitType": "municipio",
        "MPIO_NAREA": 2277.8614419,
        "MPIO_NANO": 2024,
        "MPIO_CRSLCION": "Ordenanza 35  Noviembre 19 de 1981",
        "areaName": 2277.8614419,
        "creationYear": 2024,
        "creationResolution": "Ordenanza 35  Noviembre 19 de 1981",
        "resultType": "observed",
        "source": "dane-divipola-mgn-2025",
        "year": 2025
      }
    },
    {
      "type": "Feature",
      "id": 2303,
      "geometry": {
        "type": "Polygon",
        "coordinates": [
          [
            [
              -73.55679,
              2.63634
            ],
            [
              -73.94807,
              2.52909
            ],
            [
              -73.95947,
              2.53929
            ],
            [
              -73.97371,
              2.51583
            ],
            [
              -73.97075,
              2.52796
            ],
            [
              -74.02388,
              2.56723
            ],
            [
              -74.0575,
              2.56433
            ],
            [
              -74.05678,
              2.54417
            ],
            [
              -74.08463,
              2.561
            ],
            [
              -74.09555,
              2.55065
            ],
            [
              -74.11455,
              2.56555
            ],
            [
              -74.13588,
              2.55599
            ],
            [
              -74.19956,
              2.57004
            ],
            [
              -74.20688,
              2.55657
            ],
            [
              -74.23795,
              2.56132
            ],
            [
              -74.24332,
              2.54561
            ],
            [
              -74.27252,
              2.56827
            ],
            [
              -74.36304,
              2.54378
            ],
            [
              -74.39166,
              2.55485
            ],
            [
              -74.46592,
              2.53411
            ],
            [
              -74.49259,
              2.50714
            ],
            [
              -74.51596,
              2.52353
            ],
            [
              -74.53124,
              2.58318
            ],
            [
              -74.60583,
              2.63667
            ],
            [
              -74.68166,
              2.55833
            ],
            [
              -74.6775,
              2.52375
            ],
            [
              -74.6475,
              2.49375
            ],
            [
              -74.66292,
              2.48833
            ],
            [
              -74.67292,
              2.425
            ],
            [
              -74.69292,
              2.42
            ],
            [
              -74.73375,
              2.34667
            ],
            [
              -74.75083,
              2.27792
            ],
            [
              -74.71584,
              2.26333
            ],
            [
              -74.70917,
              2.28375
            ],
            [
              -74.69334,
              2.28417
            ],
            [
              -74.70125,
              2.27167
            ],
            [
              -74.65,
              2.24
            ],
            [
              -74.665,
              2.21125
            ],
            [
              -74.62708,
              2.1925
            ],
            [
              -74.61083,
              2.20833
            ],
            [
              -74.59167,
              2.20167
            ],
            [
              -74.58916,
              2.17
            ],
            [
              -74.60416,
              2.15667
            ],
            [
              -74.58,
              2.12458
            ],
            [
              -74.55083,
              2.13167
            ],
            [
              -74.53875,
              2.11
            ],
            [
              -74.48542,
              2.14917
            ],
            [
              -74.48417,
              2.11
            ],
            [
              -74.46208,
              2.08917
            ],
            [
              -74.3925,
              2.08417
            ],
            [
              -74.36194,
              2.05951
            ],
            [
              -74.2419,
              2.05642
            ],
            [
              -74.19,
              1.98542
            ],
            [
              -74.15334,
              1.97958
            ],
            [
              -74.14958,
              1.9975
            ],
            [
              -74.105,
              1.9725
            ],
            [
              -74.04,
              1.97083
            ],
            [
              -73.65667,
              1.61773
            ],
            [
              -73.65693,
              2.29447
            ],
            [
              -73.63341,
              2.28826
            ],
            [
              -73.63504,
              2.3257
            ],
            [
              -73.61385,
              2.34114
            ],
            [
              -73.63236,
              2.36244
            ],
            [
              -73.58856,
              2.39024
            ],
            [
              -73.57331,
              2.35484
            ],
            [
              -73.52617,
              2.38648
            ],
            [
              -73.51439,
              2.33339
            ],
            [
              -73.50289,
              2.35767
            ],
            [
              -73.46928,
              2.36106
            ],
            [
              -73.45888,
              2.33824
            ],
            [
              -73.44581,
              2.34741
            ],
            [
              -73.45578,
              2.3813
            ],
            [
              -73.44408,
              2.39026
            ],
            [
              -73.45749,
              2.40594
            ],
            [
              -73.44188,
              2.45559
            ],
            [
              -73.46358,
              2.49899
            ],
            [
              -73.49365,
              2.49488
            ],
            [
              -73.51463,
              2.51581
            ],
            [
              -73.49791,
              2.5382
            ],
            [
              -73.50801,
              2.58155
            ],
            [
              -73.53618,
              2.59619
            ],
            [
              -73.55679,
              2.63634
            ]
          ]
        ]
      },
      "properties": {
        "code": "50350",
        "departmentCode": "50",
        "name": "LA MACARENA",
        "originalCode": "350",
        "originalName": "LA MACARENA",
        "MPIO_TIPO": "MUNICIPIO",
        "type": "MUNICIPIO",
        "unitType": "municipio",
        "MPIO_NAREA": 8108.4629008,
        "MPIO_NANO": 2024,
        "MPIO_CRSLCION": "Ordenanza 11  Noviembre 18 de1980",
        "areaName": 8108.4629008,
        "creationYear": 2024,
        "creationResolution": "Ordenanza 11  Noviembre 18 de1980",
        "resultType": "observed",
        "source": "dane-divipola-mgn-2025",
        "year": 2025
      }
    },
    {
      "type": "Feature",
      "id": 2304,
      "geometry": {
        "type": "Polygon",
        "coordinates": [
          [
            [
              -74.23038,
              3.78566
            ],
            [
              -74.24465,
              3.75014
            ],
            [
              -74.29548,
              3.71668
            ],
            [
              -74.37192,
              3.71556
            ],
            [
              -74.38903,
              3.74314
            ],
            [
              -74.41561,
              3.74116
            ],
            [
              -74.41331,
              3.72376
            ],
            [
              -74.46105,
              3.6672
            ],
            [
              -74.50286,
              3.64628
            ],
            [
              -74.53739,
              3.55979
            ],
            [
              -74.56648,
              3.52241
            ],
            [
              -74.59067,
              3.52733
            ],
            [
              -74.63053,
              3.4713
            ],
            [
              -74.60567,
              3.41414
            ],
            [
              -74.63984,
              3.36837
            ],
            [
              -74.61787,
              3.33051
            ],
            [
              -74.61633,
              3.2878
            ],
            [
              -74.65658,
              3.24759
            ],
            [
              -74.67326,
              3.18635
            ],
            [
              -74.71302,
              3.16996
            ],
            [
              -74.78778,
              3.06042
            ],
            [
              -74.81596,
              3.05303
            ],
            [
              -74.8496,
              2.99471
            ],
            [
              -74.90101,
              2.96274
            ],
            [
              -74.93335,
              2.90943
            ],
            [
              -74.91063,
              2.88354
            ],
            [
              -74.87833,
              2.915
            ],
            [
              -74.83688,
              2.90854
            ],
            [
              -74.8,
              2.93833
            ],
            [
              -74.76937,
              2.87312
            ],
            [
              -74.67333,
              2.88875
            ],
            [
              -74.66666,
              2.805
            ],
            [
              -74.64333,
              2.75583
            ],
            [
              -74.6175,
              2.75375
            ],
            [
              -74.6375,
              2.70083
            ],
            [
              -74.59,
              2.67333
            ],
            [
              -74.6,
              2.63625
            ],
            [
              -74.53124,
              2.58318
            ],
            [
              -74.51596,
              2.52353
            ],
            [
              -74.49699,
              2.50732
            ],
            [
              -74.46592,
              2.53411
            ],
            [
              -74.39996,
              2.55272
            ],
            [
              -74.30642,
              2.55052
            ],
            [
              -74.27271,
              2.56826
            ],
            [
              -74.26006,
              2.5471
            ],
            [
              -74.19864,
              2.57004
            ],
            [
              -74.13588,
              2.55599
            ],
            [
              -74.11455,
              2.56555
            ],
            [
              -74.09555,
              2.55065
            ],
            [
              -74.08463,
              2.561
            ],
            [
              -74.05678,
              2.54417
            ],
            [
              -74.0575,
              2.56433
            ],
            [
              -74.02399,
              2.56725
            ],
            [
              -73.97075,
              2.52796
            ],
            [
              -73.9755,
              2.51576
            ],
            [
              -73.95986,
              2.53913
            ],
            [
              -73.93382,
              2.53631
            ],
            [
              -73.96664,
              2.55281
            ],
            [
              -73.99679,
              2.60432
            ],
            [
              -74.01891,
              2.60316
            ],
            [
              -74.02727,
              2.62499
            ],
            [
              -74.04956,
              2.63004
            ],
            [
              -74.04065,
              2.65567
            ],
            [
              -74.06949,
              2.69458
            ],
            [
              -74.06325,
              2.71953
            ],
            [
              -74.12185,
              2.77738
            ],
            [
              -74.1472,
              2.8273
            ],
            [
              -74.18051,
              2.84826
            ],
            [
              -74.17589,
              2.917
            ],
            [
              -74.22092,
              3.01252
            ],
            [
              -74.26642,
              3.18936
            ],
            [
              -74.26867,
              3.26951
            ],
            [
              -74.30154,
              3.342
            ],
            [
              -74.28515,
              3.36213
            ],
            [
              -74.28076,
              3.41351
            ],
            [
              -74.29937,
              3.45186
            ],
            [
              -74.25316,
              3.55931
            ],
            [
              -74.27543,
              3.59583
            ],
            [
              -74.21567,
              3.74128
            ],
            [
              -74.23038,
              3.78566
            ]
          ]
        ]
      },
      "properties": {
        "code": "50370",
        "departmentCode": "50",
        "name": "URIBE",
        "originalCode": "370",
        "originalName": "URIBE",
        "MPIO_TIPO": "MUNICIPIO",
        "type": "MUNICIPIO",
        "unitType": "municipio",
        "MPIO_NAREA": 6454.42461982,
        "MPIO_NANO": 2024,
        "MPIO_CRSLCION": "Ordenanza 37  Noviembre 13 de 1990. Decreto 20 del 11 de Ene",
        "areaName": 6454.42461982,
        "creationYear": 2024,
        "creationResolution": "Ordenanza 37  Noviembre 13 de 1990. Decreto 20 del 11 de Ene",
        "resultType": "observed",
        "source": "dane-divipola-mgn-2025",
        "year": 2025
      }
    },
    {
      "type": "Feature",
      "id": 2305,
      "geometry": {
        "type": "Polygon",
        "coordinates": [
          [
            [
              -74.22968,
              3.80592
            ],
            [
              -74.24063,
              3.79454
            ],
            [
              -74.21555,
              3.74186
            ],
            [
              -74.2551,
              3.65897
            ],
            [
              -74.23208,
              3.63729
            ],
            [
              -74.24301,
              3.59743
            ],
            [
              -74.22528,
              3.56724
            ],
            [
              -74.22994,
              3.53206
            ],
            [
              -74.18742,
              3.5446
            ],
            [
              -74.17725,
              3.56641
            ],
            [
              -74.13966,
              3.56123
            ],
            [
              -74.12493,
              3.47298
            ],
            [
              -74.07197,
              3.4749
            ],
            [
              -74.05262,
              3.45461
            ],
            [
              -74.03098,
              3.50208
            ],
            [
              -73.98892,
              3.49942
            ],
            [
              -73.91887,
              3.45372
            ],
            [
              -73.86667,
              3.44602
            ],
            [
              -73.86809,
              3.49844
            ],
            [
              -73.94114,
              3.53495
            ],
            [
              -73.9546,
              3.52476
            ],
            [
              -73.95904,
              3.56062
            ],
            [
              -74.02832,
              3.62028
            ],
            [
              -74.04673,
              3.74103
            ],
            [
              -74.09136,
              3.78002
            ],
            [
              -74.12908,
              3.77095
            ],
            [
              -74.15759,
              3.78679
            ],
            [
              -74.19189,
              3.77456
            ],
            [
              -74.20284,
              3.79735
            ],
            [
              -74.22968,
              3.80592
            ]
          ]
        ]
      },
      "properties": {
        "code": "50400",
        "departmentCode": "50",
        "name": "LEJANÍAS",
        "originalCode": "400",
        "originalName": "LEJANÍAS",
        "MPIO_TIPO": "MUNICIPIO",
        "type": "MUNICIPIO",
        "unitType": "municipio",
        "MPIO_NAREA": 814.42101272,
        "MPIO_NANO": 2024,
        "MPIO_CRSLCION": "Ordenanza 20 Noviembre 19 de 1981",
        "areaName": 814.42101272,
        "creationYear": 2024,
        "creationResolution": "Ordenanza 20 Noviembre 19 de 1981",
        "resultType": "observed",
        "source": "dane-divipola-mgn-2025",
        "year": 2025
      }
    },
    {
      "type": "Feature",
      "id": 2306,
      "geometry": {
        "type": "Polygon",
        "coordinates": [
          [
            [
              -72.4359,
              2.73995
            ],
            [
              -72.45212,
              2.7564
            ],
            [
              -72.5035,
              2.73861
            ],
            [
              -72.60527,
              2.83206
            ],
            [
              -72.63097,
              2.82869
            ],
            [
              -72.64192,
              2.85385
            ],
            [
              -72.66127,
              2.84884
            ],
            [
              -72.65687,
              2.87596
            ],
            [
              -72.76938,
              2.98449
            ],
            [
              -72.79868,
              2.99223
            ],
            [
              -72.80667,
              3.02058
            ],
            [
              -72.80985,
              2.98229
            ],
            [
              -72.83682,
              2.94493
            ],
            [
              -72.83121,
              2.92144
            ],
            [
              -72.89359,
              2.88615
            ],
            [
              -72.89636,
              2.87024
            ],
            [
              -72.8601,
              2.83739
            ],
            [
              -72.86584,
              2.81144
            ],
            [
              -72.82568,
              2.8041
            ],
            [
              -72.94171,
              2.52493
            ],
            [
              -72.92103,
              2.53438
            ],
            [
              -72.91714,
              2.5654
            ],
            [
              -72.8981,
              2.56319
            ],
            [
              -72.81651,
              2.61465
            ],
            [
              -72.73967,
              2.56991
            ],
            [
              -72.70216,
              2.61782
            ],
            [
              -72.67942,
              2.62218
            ],
            [
              -72.65296,
              2.57154
            ],
            [
              -72.62087,
              2.62736
            ],
            [
              -72.58641,
              2.58367
            ],
            [
              -72.58672,
              2.63932
            ],
            [
              -72.55391,
              2.65425
            ],
            [
              -72.57107,
              2.66628
            ],
            [
              -72.56689,
              2.68048
            ],
            [
              -72.53725,
              2.68282
            ],
            [
              -72.53376,
              2.70359
            ],
            [
              -72.47172,
              2.68956
            ],
            [
              -72.47137,
              2.73312
            ],
            [
              -72.4359,
              2.73995
            ]
          ]
        ]
      },
      "properties": {
        "code": "50450",
        "departmentCode": "50",
        "name": "PUERTO CONCORDIA",
        "originalCode": "450",
        "originalName": "PUERTO CONCORDIA",
        "MPIO_TIPO": "MUNICIPIO",
        "type": "MUNICIPIO",
        "unitType": "municipio",
        "MPIO_NAREA": 1256.28337674,
        "MPIO_NANO": 2025,
        "MPIO_CRSLCION": "Ordenanza 12  AGOS 24 de 1989",
        "areaName": 1256.28337674,
        "creationYear": 2025,
        "creationResolution": "Ordenanza 12  AGOS 24 de 1989",
        "resultType": "observed",
        "source": "dane-divipola-mgn-2025",
        "year": 2025
      }
    },
    {
      "type": "Feature",
      "id": 2307,
      "geometry": {
        "type": "Polygon",
        "coordinates": [
          [
            [
              -71.07762,
              4.72658
            ],
            [
              -71.07793,
              4.8991
            ],
            [
              -71.21175,
              4.81733
            ],
            [
              -71.28828,
              4.80305
            ],
            [
              -71.32278,
              4.76672
            ],
            [
              -71.39017,
              4.75669
            ],
            [
              -71.4293,
              4.72329
            ],
            [
              -71.57676,
              4.67503
            ],
            [
              -71.59793,
              4.64527
            ],
            [
              -71.73239,
              4.57531
            ],
            [
              -71.80675,
              4.58355
            ],
            [
              -71.98821,
              4.38445
            ],
            [
              -72.05659,
              4.3743
            ],
            [
              -72.08594,
              4.40373
            ],
            [
              -72.12485,
              4.39302
            ],
            [
              -72.16625,
              4.32761
            ],
            [
              -72.18935,
              4.18548
            ],
            [
              -72.22541,
              4.14936
            ],
            [
              -72.19818,
              4.11055
            ],
            [
              -72.16159,
              4.09736
            ],
            [
              -72.10934,
              4.12177
            ],
            [
              -72.10685,
              4.08945
            ],
            [
              -72.12193,
              4.0439
            ],
            [
              -72.16032,
              4.05666
            ],
            [
              -72.13752,
              4.02561
            ],
            [
              -72.17606,
              4.01532
            ],
            [
              -72.15646,
              4.00274
            ],
            [
              -72.18005,
              3.97537
            ],
            [
              -72.16667,
              3.95859
            ],
            [
              -72.20122,
              3.95186
            ],
            [
              -72.19088,
              3.92397
            ],
            [
              -72.21021,
              3.88023
            ],
            [
              -72.21551,
              3.9057
            ],
            [
              -72.2637,
              3.89567
            ],
            [
              -72.23576,
              3.88444
            ],
            [
              -72.23568,
              3.86261
            ],
            [
              -72.2636,
              3.86257
            ],
            [
              -72.26281,
              3.83852
            ],
            [
              -72.29492,
              3.81023
            ],
            [
              -72.2711,
              3.79126
            ],
            [
              -72.29609,
              3.77789
            ],
            [
              -72.28093,
              3.77889
            ],
            [
              -72.28071,
              3.75934
            ],
            [
              -72.29595,
              3.76357
            ],
            [
              -72.2833,
              3.74855
            ],
            [
              -72.2971,
              3.72267
            ],
            [
              -72.27985,
              3.70292
            ],
            [
              -72.28591,
              3.68648
            ],
            [
              -72.30316,
              3.69448
            ],
            [
              -72.30907,
              3.65004
            ],
            [
              -72.2905,
              3.63654
            ],
            [
              -72.31272,
              3.6311
            ],
            [
              -72.30481,
              3.60907
            ],
            [
              -72.33498,
              3.60189
            ],
            [
              -72.32495,
              3.57665
            ],
            [
              -72.36763,
              3.56399
            ],
            [
              -72.34565,
              3.51393
            ],
            [
              -72.38807,
              3.49498
            ],
            [
              -72.37542,
              3.48818
            ],
            [
              -72.38,
              3.45346
            ],
            [
              -72.40668,
              3.44038
            ],
            [
              -72.35809,
              3.36948
            ],
            [
              -72.31324,
              3.35871
            ],
            [
              -72.30667,
              3.36979
            ],
            [
              -72.23656,
              3.3683
            ],
            [
              -72.20434,
              3.33715
            ],
            [
              -72.19697,
              3.2842
            ],
            [
              -72.17951,
              3.27289
            ],
            [
              -72.09726,
              3.3151
            ],
            [
              -72.07722,
              3.30755
            ],
            [
              -72.04951,
              3.34205
            ],
            [
              -71.93935,
              3.39426
            ],
            [
              -71.91099,
              3.38694
            ],
            [
              -71.89356,
              3.40751
            ],
            [
              -71.85869,
              3.40048
            ],
            [
              -71.84346,
              3.41318
            ],
            [
              -71.82679,
              3.38926
            ],
            [
              -71.8122,
              3.3918
            ],
            [
              -71.77712,
              3.42569
            ],
            [
              -71.75692,
              3.41697
            ],
            [
              -71.65016,
              3.48641
            ],
            [
              -71.62466,
              3.4729
            ],
            [
              -71.56823,
              3.47817
            ],
            [
              -71.51144,
              3.45013
            ],
            [
              -71.41059,
              3.48588
            ],
            [
              -71.4016,
              3.47397
            ],
            [
              -71.31721,
              3.4768
            ],
            [
              -71.31614,
              3.45997
            ],
            [
              -71.2764,
              3.44017
            ],
            [
              -71.2479,
              3.4652
            ],
            [
              -71.22473,
              3.46669
            ],
            [
              -71.22182,
              3.45359
            ],
            [
              -71.19902,
              3.46364
            ],
            [
              -71.16212,
              3.43649
            ],
            [
              -71.16484,
              3.41375
            ],
            [
              -71.14395,
              3.38917
            ],
            [
              -71.09865,
              3.38879
            ],
            [
              -71.07756,
              3.35547
            ],
            [
              -71.07762,
              4.72658
            ]
          ]
        ]
      },
      "properties": {
        "code": "50568",
        "departmentCode": "50",
        "name": "PUERTO GAITÁN",
        "originalCode": "568",
        "originalName": "PUERTO GAITÁN",
        "MPIO_TIPO": "MUNICIPIO",
        "type": "MUNICIPIO",
        "unitType": "municipio",
        "MPIO_NAREA": 17200.78401382,
        "MPIO_NANO": 2024,
        "MPIO_CRSLCION": "Ordenanza 39 de Noviembre 29 de 1969",
        "areaName": 17200.78401382,
        "creationYear": 2024,
        "creationResolution": "Ordenanza 39 de Noviembre 29 de 1969",
        "resultType": "observed",
        "source": "dane-divipola-mgn-2025",
        "year": 2025
      }
    },
    {
      "type": "Feature",
      "id": 2308,
      "geometry": {
        "type": "Polygon",
        "coordinates": [
          [
            [
              -72.79151,
              4.2792
            ],
            [
              -72.80079,
              4.25039
            ],
            [
              -72.83526,
              4.26377
            ],
            [
              -72.83803,
              4.24276
            ],
            [
              -72.86432,
              4.26862
            ],
            [
              -72.8616,
              4.23761
            ],
            [
              -72.88405,
              4.2438
            ],
            [
              -72.87455,
              4.20166
            ],
            [
              -72.90785,
              4.19732
            ],
            [
              -72.9262,
              4.15362
            ],
            [
              -72.98335,
              4.16059
            ],
            [
              -73.01076,
              4.19017
            ],
            [
              -73.02054,
              4.15961
            ],
            [
              -73.02535,
              4.17978
            ],
            [
              -73.04498,
              4.17164
            ],
            [
              -73.07147,
              4.18712
            ],
            [
              -73.14056,
              4.14492
            ],
            [
              -73.26026,
              4.13001
            ],
            [
              -73.17499,
              4.04027
            ],
            [
              -73.17511,
              3.93502
            ],
            [
              -73.13706,
              3.9388
            ],
            [
              -73.07857,
              3.91564
            ],
            [
              -73.09877,
              3.9045
            ],
            [
              -73.0946,
              3.88606
            ],
            [
              -73.10941,
              3.89339
            ],
            [
              -73.13501,
              3.8213
            ],
            [
              -73.19383,
              3.79145
            ],
            [
              -73.19631,
              3.76227
            ],
            [
              -73.1576,
              3.72667
            ],
            [
              -73.13154,
              3.75484
            ],
            [
              -73.10795,
              3.75684
            ],
            [
              -73.08641,
              3.6939
            ],
            [
              -73.03234,
              3.68129
            ],
            [
              -73.01016,
              3.63906
            ],
            [
              -72.97202,
              3.65612
            ],
            [
              -72.89017,
              3.65458
            ],
            [
              -72.87119,
              3.67055
            ],
            [
              -72.82819,
              3.66224
            ],
            [
              -72.73649,
              3.71981
            ],
            [
              -72.64283,
              3.74888
            ],
            [
              -72.60685,
              3.7486
            ],
            [
              -72.58047,
              3.72204
            ],
            [
              -72.55134,
              3.7376
            ],
            [
              -72.51012,
              3.72102
            ],
            [
              -72.49437,
              3.73323
            ],
            [
              -72.41391,
              3.69431
            ],
            [
              -72.37378,
              3.73738
            ],
            [
              -72.35004,
              3.7296
            ],
            [
              -72.32765,
              3.75111
            ],
            [
              -72.28117,
              3.75895
            ],
            [
              -72.28122,
              3.77968
            ],
            [
              -72.29589,
              3.77854
            ],
            [
              -72.2711,
              3.79126
            ],
            [
              -72.29492,
              3.81023
            ],
            [
              -72.26281,
              3.83852
            ],
            [
              -72.2636,
              3.86257
            ],
            [
              -72.23553,
              3.86336
            ],
            [
              -72.23576,
              3.88444
            ],
            [
              -72.26499,
              3.89406
            ],
            [
              -72.21551,
              3.9057
            ],
            [
              -72.2107,
              3.87955
            ],
            [
              -72.19088,
              3.92397
            ],
            [
              -72.20122,
              3.95186
            ],
            [
              -72.16667,
              3.95859
            ],
            [
              -72.18005,
              3.97537
            ],
            [
              -72.15646,
              4.00274
            ],
            [
              -72.17606,
              4.01532
            ],
            [
              -72.13752,
              4.02561
            ],
            [
              -72.16032,
              4.05666
            ],
            [
              -72.12193,
              4.0439
            ],
            [
              -72.10685,
              4.08945
            ],
            [
              -72.10934,
              4.12177
            ],
            [
              -72.16159,
              4.09736
            ],
            [
              -72.19818,
              4.11055
            ],
            [
              -72.22436,
              4.15426
            ],
            [
              -72.18935,
              4.18548
            ],
            [
              -72.14708,
              4.36701
            ],
            [
              -72.11932,
              4.39876
            ],
            [
              -72.06844,
              4.40177
            ],
            [
              -72.14311,
              4.4403
            ],
            [
              -72.2434,
              4.43456
            ],
            [
              -72.30286,
              4.40841
            ],
            [
              -72.3205,
              4.37092
            ],
            [
              -72.34219,
              4.37153
            ],
            [
              -72.35622,
              4.34174
            ],
            [
              -72.40504,
              4.31786
            ],
            [
              -72.42795,
              4.35371
            ],
            [
              -72.46682,
              4.31738
            ],
            [
              -72.54784,
              4.35468
            ],
            [
              -72.57662,
              4.30109
            ],
            [
              -72.67587,
              4.31738
            ],
            [
              -72.69242,
              4.28757
            ],
            [
              -72.73981,
              4.30974
            ],
            [
              -72.76501,
              4.26199
            ],
            [
              -72.79151,
              4.2792
            ]
          ]
        ]
      },
      "properties": {
        "code": "50573",
        "departmentCode": "50",
        "name": "PUERTO LÓPEZ",
        "originalCode": "573",
        "originalName": "PUERTO LÓPEZ",
        "MPIO_TIPO": "MUNICIPIO",
        "type": "MUNICIPIO",
        "unitType": "municipio",
        "MPIO_NAREA": 6898.23614953,
        "MPIO_NANO": 2025,
        "MPIO_CRSLCION": "Decreto 2543 de 1955",
        "areaName": 6898.23614953,
        "creationYear": 2025,
        "creationResolution": "Decreto 2543 de 1955",
        "resultType": "observed",
        "source": "dane-divipola-mgn-2025",
        "year": 2025
      }
    },
    {
      "type": "Feature",
      "id": 2309,
      "geometry": {
        "type": "Polygon",
        "coordinates": [
          [
            [
              -73.34596,
              3.49737
            ],
            [
              -73.37476,
              3.48186
            ],
            [
              -73.38108,
              3.4417
            ],
            [
              -73.40643,
              3.41961
            ],
            [
              -73.43297,
              3.30955
            ],
            [
              -73.45661,
              3.30143
            ],
            [
              -73.46619,
              3.31879
            ],
            [
              -73.49853,
              3.32531
            ],
            [
              -73.53021,
              3.29288
            ],
            [
              -73.59995,
              3.29812
            ],
            [
              -73.55425,
              3.26835
            ],
            [
              -73.53597,
              3.19776
            ],
            [
              -73.46115,
              3.15777
            ],
            [
              -73.4735,
              3.12234
            ],
            [
              -73.51734,
              3.09218
            ],
            [
              -73.43733,
              3.0344
            ],
            [
              -73.42489,
              3.00801
            ],
            [
              -73.44148,
              2.94428
            ],
            [
              -73.42089,
              2.92546
            ],
            [
              -73.40632,
              2.93517
            ],
            [
              -73.37834,
              2.92384
            ],
            [
              -73.25556,
              3.02664
            ],
            [
              -73.13823,
              3.09238
            ],
            [
              -73.06348,
              3.02166
            ],
            [
              -72.96882,
              3.01999
            ],
            [
              -72.95359,
              2.99226
            ],
            [
              -72.92903,
              2.97933
            ],
            [
              -72.91615,
              2.99088
            ],
            [
              -72.90002,
              2.97146
            ],
            [
              -72.8927,
              2.99788
            ],
            [
              -72.90939,
              3.01371
            ],
            [
              -72.89495,
              3.09128
            ],
            [
              -72.91595,
              3.12747
            ],
            [
              -72.8876,
              3.1607
            ],
            [
              -72.89912,
              3.22173
            ],
            [
              -72.8783,
              3.26881
            ],
            [
              -72.92759,
              3.25125
            ],
            [
              -72.97481,
              3.25683
            ],
            [
              -72.98277,
              3.23931
            ],
            [
              -72.99725,
              3.26382
            ],
            [
              -73.04831,
              3.26013
            ],
            [
              -73.0662,
              3.28832
            ],
            [
              -73.0889,
              3.28054
            ],
            [
              -73.12211,
              3.34272
            ],
            [
              -73.16109,
              3.34513
            ],
            [
              -73.18809,
              3.36729
            ],
            [
              -73.20602,
              3.36085
            ],
            [
              -73.23241,
              3.42596
            ],
            [
              -73.25306,
              3.42464
            ],
            [
              -73.27848,
              3.46796
            ],
            [
              -73.34596,
              3.49737
            ]
          ]
        ]
      },
      "properties": {
        "code": "50577",
        "departmentCode": "50",
        "name": "PUERTO LLERAS",
        "originalCode": "577",
        "originalName": "PUERTO LLERAS",
        "MPIO_TIPO": "MUNICIPIO",
        "type": "MUNICIPIO",
        "unitType": "municipio",
        "MPIO_NAREA": 2531.21484335,
        "MPIO_NANO": 2025,
        "MPIO_CRSLCION": "Ordenanza 63 de Noviembre 21 de 1965",
        "areaName": 2531.21484335,
        "creationYear": 2025,
        "creationResolution": "Ordenanza 63 de Noviembre 21 de 1965",
        "resultType": "observed",
        "source": "dane-divipola-mgn-2025",
        "year": 2025
      }
    },
    {
      "type": "Feature",
      "id": 2310,
      "geometry": {
        "type": "Polygon",
        "coordinates": [
          [
            [
              -72.89982,
              2.62573
            ],
            [
              -72.82572,
              2.80435
            ],
            [
              -72.8658,
              2.8114
            ],
            [
              -72.86012,
              2.83743
            ],
            [
              -72.89642,
              2.87036
            ],
            [
              -72.91507,
              2.95327
            ],
            [
              -72.89967,
              2.97735
            ],
            [
              -72.95347,
              2.99219
            ],
            [
              -72.96811,
              3.01974
            ],
            [
              -73.06306,
              3.02148
            ],
            [
              -73.13823,
              3.09238
            ],
            [
              -73.25556,
              3.02664
            ],
            [
              -73.37834,
              2.92384
            ],
            [
              -73.47352,
              2.93226
            ],
            [
              -73.50994,
              2.88757
            ],
            [
              -73.51911,
              2.85832
            ],
            [
              -73.50073,
              2.85621
            ],
            [
              -73.50377,
              2.83924
            ],
            [
              -73.48814,
              2.8428
            ],
            [
              -73.47686,
              2.81461
            ],
            [
              -73.403,
              2.76934
            ],
            [
              -73.40485,
              2.75479
            ],
            [
              -73.34876,
              2.73828
            ],
            [
              -73.3403,
              2.70924
            ],
            [
              -73.35243,
              2.67585
            ],
            [
              -73.3362,
              2.65545
            ],
            [
              -73.35375,
              2.60895
            ],
            [
              -73.33793,
              2.53711
            ],
            [
              -73.31586,
              2.51402
            ],
            [
              -73.28643,
              2.51948
            ],
            [
              -73.22846,
              2.48194
            ],
            [
              -73.21682,
              2.50291
            ],
            [
              -73.18777,
              2.45789
            ],
            [
              -73.13115,
              2.42177
            ],
            [
              -73.1098,
              2.43456
            ],
            [
              -73.08229,
              2.41432
            ],
            [
              -73.04417,
              2.43809
            ],
            [
              -73.03279,
              2.41257
            ],
            [
              -72.98639,
              2.45174
            ],
            [
              -72.96485,
              2.44914
            ],
            [
              -72.96309,
              2.47991
            ],
            [
              -72.9348,
              2.46414
            ],
            [
              -72.93273,
              2.49698
            ],
            [
              -72.95423,
              2.49486
            ],
            [
              -72.95834,
              2.50851
            ],
            [
              -72.89982,
              2.62573
            ]
          ]
        ]
      },
      "properties": {
        "code": "50590",
        "departmentCode": "50",
        "name": "PUERTO RICO",
        "originalCode": "590",
        "originalName": "PUERTO RICO",
        "MPIO_TIPO": "MUNICIPIO",
        "type": "MUNICIPIO",
        "unitType": "municipio",
        "MPIO_NAREA": 3405.71671918,
        "MPIO_NANO": 2025,
        "MPIO_CRSLCION": "Ordenanza 10  Octubre  31 de 1984. Ordenanza 7 de Noviembre",
        "areaName": 3405.71671918,
        "creationYear": 2025,
        "creationResolution": "Ordenanza 10  Octubre  31 de 1984. Ordenanza 7 de Noviembre",
        "resultType": "observed",
        "source": "dane-divipola-mgn-2025",
        "year": 2025
      }
    },
    {
      "type": "Feature",
      "id": 2311,
      "geometry": {
        "type": "Polygon",
        "coordinates": [
          [
            [
              -73.57731,
              4.4238
            ],
            [
              -73.60728,
              4.45983
            ],
            [
              -73.63287,
              4.39831
            ],
            [
              -73.5997,
              4.34325
            ],
            [
              -73.62918,
              4.28266
            ],
            [
              -73.6061,
              4.24724
            ],
            [
              -73.62126,
              4.21479
            ],
            [
              -73.60549,
              4.22089
            ],
            [
              -73.58937,
              4.19316
            ],
            [
              -73.39731,
              4.13082
            ],
            [
              -73.28985,
              4.14222
            ],
            [
              -73.26026,
              4.13001
            ],
            [
              -73.14056,
              4.14492
            ],
            [
              -73.1108,
              4.16482
            ],
            [
              -73.14899,
              4.18897
            ],
            [
              -73.17354,
              4.1765
            ],
            [
              -73.23418,
              4.18303
            ],
            [
              -73.34027,
              4.14911
            ],
            [
              -73.4253,
              4.15583
            ],
            [
              -73.52086,
              4.27431
            ],
            [
              -73.5449,
              4.26662
            ],
            [
              -73.56595,
              4.2947
            ],
            [
              -73.57731,
              4.4238
            ]
          ]
        ]
      },
      "properties": {
        "code": "50606",
        "departmentCode": "50",
        "name": "RESTREPO",
        "originalCode": "606",
        "originalName": "RESTREPO",
        "MPIO_TIPO": "MUNICIPIO",
        "type": "MUNICIPIO",
        "unitType": "municipio",
        "MPIO_NAREA": 364.5380411,
        "MPIO_NANO": 2024,
        "MPIO_CRSLCION": "Decreto 182 de Junio 2 de 1955",
        "areaName": 364.5380411,
        "creationYear": 2024,
        "creationResolution": "Decreto 182 de Junio 2 de 1955",
        "resultType": "observed",
        "source": "dane-divipola-mgn-2025",
        "year": 2025
      }
    },
    {
      "type": "Feature",
      "id": 2312,
      "geometry": {
        "type": "Polygon",
        "coordinates": [
          [
            [
              -73.44279,
              3.90851
            ],
            [
              -73.44181,
              3.87502
            ],
            [
              -73.45797,
              3.85498
            ],
            [
              -73.4231,
              3.84276
            ],
            [
              -73.41894,
              3.85841
            ],
            [
              -73.38923,
              3.86614
            ],
            [
              -73.35518,
              3.70784
            ],
            [
              -73.25069,
              3.70829
            ],
            [
              -73.19811,
              3.69074
            ],
            [
              -73.1596,
              3.70935
            ],
            [
              -73.16574,
              3.72578
            ],
            [
              -73.17786,
              3.72059
            ],
            [
              -73.16109,
              3.73191
            ],
            [
              -73.17826,
              3.73548
            ],
            [
              -73.1774,
              3.75772
            ],
            [
              -73.19631,
              3.76227
            ],
            [
              -73.19398,
              3.79123
            ],
            [
              -73.13501,
              3.8213
            ],
            [
              -73.10941,
              3.89339
            ],
            [
              -73.0946,
              3.88606
            ],
            [
              -73.09877,
              3.9045
            ],
            [
              -73.07855,
              3.91537
            ],
            [
              -73.13706,
              3.9388
            ],
            [
              -73.18692,
              3.93689
            ],
            [
              -73.24058,
              3.97
            ],
            [
              -73.29017,
              3.94934
            ],
            [
              -73.41678,
              3.98483
            ],
            [
              -73.44279,
              3.90851
            ]
          ]
        ]
      },
      "properties": {
        "code": "50680",
        "departmentCode": "50",
        "name": "SAN CARLOS DE GUAROA",
        "originalCode": "680",
        "originalName": "SAN CARLOS DE GUAROA",
        "MPIO_TIPO": "MUNICIPIO",
        "type": "MUNICIPIO",
        "unitType": "municipio",
        "MPIO_NAREA": 806.59933044,
        "MPIO_NANO": 2024,
        "MPIO_CRSLCION": "Ordenanza 12 de Julio 7 de 1961",
        "areaName": 806.59933044,
        "creationYear": 2024,
        "creationResolution": "Ordenanza 12 de Julio 7 de 1961",
        "resultType": "observed",
        "source": "dane-divipola-mgn-2025",
        "year": 2025
      }
    },
    {
      "type": "Feature",
      "id": 2313,
      "geometry": {
        "type": "Polygon",
        "coordinates": [
          [
            [
              -74.03031,
              3.50109
            ],
            [
              -74.05151,
              3.45496
            ],
            [
              -74.01839,
              3.43321
            ],
            [
              -73.99853,
              3.35318
            ],
            [
              -73.96073,
              3.34075
            ],
            [
              -73.98285,
              3.30144
            ],
            [
              -73.98077,
              3.23018
            ],
            [
              -73.99975,
              3.20719
            ],
            [
              -74.01349,
              3.24259
            ],
            [
              -74.04108,
              3.245
            ],
            [
              -74.05648,
              3.21778
            ],
            [
              -74.02739,
              3.13286
            ],
            [
              -73.90835,
              3.17707
            ],
            [
              -73.88938,
              3.20485
            ],
            [
              -73.85281,
              3.20861
            ],
            [
              -73.80984,
              3.24728
            ],
            [
              -73.76459,
              3.19469
            ],
            [
              -73.74627,
              3.20051
            ],
            [
              -73.69251,
              3.17082
            ],
            [
              -73.58882,
              3.16361
            ],
            [
              -73.56564,
              3.13851
            ],
            [
              -73.55518,
              3.1589
            ],
            [
              -73.4733,
              3.12259
            ],
            [
              -73.46549,
              3.16278
            ],
            [
              -73.53597,
              3.19776
            ],
            [
              -73.54298,
              3.22885
            ],
            [
              -73.58023,
              3.23366
            ],
            [
              -73.58853,
              3.2582
            ],
            [
              -73.6294,
              3.27548
            ],
            [
              -73.62445,
              3.28852
            ],
            [
              -73.65223,
              3.31067
            ],
            [
              -73.76086,
              3.36535
            ],
            [
              -73.79751,
              3.39913
            ],
            [
              -73.78694,
              3.4076
            ],
            [
              -73.79725,
              3.41737
            ],
            [
              -73.85213,
              3.42491
            ],
            [
              -73.85509,
              3.44478
            ],
            [
              -73.9118,
              3.45081
            ],
            [
              -73.98712,
              3.49895
            ],
            [
              -74.03031,
              3.50109
            ]
          ]
        ]
      },
      "properties": {
        "code": "50683",
        "departmentCode": "50",
        "name": "SAN JUAN DE ARAMA",
        "originalCode": "683",
        "originalName": "SAN JUAN DE ARAMA",
        "MPIO_TIPO": "MUNICIPIO",
        "type": "MUNICIPIO",
        "unitType": "municipio",
        "MPIO_NAREA": 1165.3669269,
        "MPIO_NANO": 2024,
        "MPIO_CRSLCION": "Ordenanza 03 de Noviembre 17 de 1966",
        "areaName": 1165.3669269,
        "creationYear": 2024,
        "creationResolution": "Ordenanza 03 de Noviembre 17 de 1966",
        "resultType": "observed",
        "source": "dane-divipola-mgn-2025",
        "year": 2025
      }
    },
    {
      "type": "Feature",
      "id": 2314,
      "geometry": {
        "type": "Polygon",
        "coordinates": [
          [
            [
              -73.61604,
              4.55902
            ],
            [
              -73.66165,
              4.54673
            ],
            [
              -73.73911,
              4.48476
            ],
            [
              -73.73416,
              4.40361
            ],
            [
              -73.72124,
              4.38971
            ],
            [
              -73.68826,
              4.40749
            ],
            [
              -73.66824,
              4.35885
            ],
            [
              -73.62126,
              4.41216
            ],
            [
              -73.61846,
              4.44316
            ],
            [
              -73.56776,
              4.52557
            ],
            [
              -73.61604,
              4.55902
            ]
          ]
        ]
      },
      "properties": {
        "code": "50686",
        "departmentCode": "50",
        "name": "SAN JUANITO",
        "originalCode": "686",
        "originalName": "SAN JUANITO",
        "MPIO_TIPO": "MUNICIPIO",
        "type": "MUNICIPIO",
        "unitType": "municipio",
        "MPIO_NAREA": 244.52355646,
        "MPIO_NANO": 2024,
        "MPIO_CRSLCION": "Ordenanza 32 de 1981",
        "areaName": 244.52355646,
        "creationYear": 2024,
        "creationResolution": "Ordenanza 32 de 1981",
        "resultType": "observed",
        "source": "dane-divipola-mgn-2025",
        "year": 2025
      }
    },
    {
      "type": "Feature",
      "id": 2315,
      "geometry": {
        "type": "Polygon",
        "coordinates": [
          [
            [
              -73.73834,
              3.80787
            ],
            [
              -73.74997,
              3.81031
            ],
            [
              -73.72722,
              3.76302
            ],
            [
              -73.76046,
              3.76606
            ],
            [
              -73.78764,
              3.72458
            ],
            [
              -73.74724,
              3.61871
            ],
            [
              -73.69989,
              3.64126
            ],
            [
              -73.67937,
              3.59377
            ],
            [
              -73.59529,
              3.50586
            ],
            [
              -73.57364,
              3.45052
            ],
            [
              -73.55616,
              3.44959
            ],
            [
              -73.5304,
              3.41338
            ],
            [
              -73.46753,
              3.40894
            ],
            [
              -73.43399,
              3.37959
            ],
            [
              -73.42344,
              3.34561
            ],
            [
              -73.37742,
              3.47793
            ],
            [
              -73.34611,
              3.49822
            ],
            [
              -73.27848,
              3.46796
            ],
            [
              -73.25309,
              3.42466
            ],
            [
              -73.23241,
              3.42596
            ],
            [
              -73.20602,
              3.36085
            ],
            [
              -73.18809,
              3.36729
            ],
            [
              -73.16109,
              3.34513
            ],
            [
              -73.12211,
              3.34272
            ],
            [
              -73.0889,
              3.28054
            ],
            [
              -73.0662,
              3.28832
            ],
            [
              -73.04831,
              3.26013
            ],
            [
              -72.99725,
              3.26382
            ],
            [
              -72.98277,
              3.23931
            ],
            [
              -72.97481,
              3.25683
            ],
            [
              -72.92759,
              3.25125
            ],
            [
              -72.88655,
              3.27214
            ],
            [
              -72.80346,
              3.25801
            ],
            [
              -72.7744,
              3.28043
            ],
            [
              -72.744,
              3.26044
            ],
            [
              -72.72381,
              3.2823
            ],
            [
              -72.70232,
              3.27831
            ],
            [
              -72.69613,
              3.30278
            ],
            [
              -72.67827,
              3.28159
            ],
            [
              -72.66855,
              3.30515
            ],
            [
              -72.65455,
              3.29673
            ],
            [
              -72.63822,
              3.30837
            ],
            [
              -72.64608,
              3.32193
            ],
            [
              -72.60474,
              3.32664
            ],
            [
              -72.59293,
              3.34807
            ],
            [
              -72.57668,
              3.32093
            ],
            [
              -72.54699,
              3.33034
            ],
            [
              -72.52925,
              3.3166
            ],
            [
              -72.52992,
              3.33743
            ],
            [
              -72.5032,
              3.3311
            ],
            [
              -72.49826,
              3.35302
            ],
            [
              -72.45592,
              3.35859
            ],
            [
              -72.43141,
              3.38094
            ],
            [
              -72.42751,
              3.41663
            ],
            [
              -72.41078,
              3.41381
            ],
            [
              -72.39625,
              3.4374
            ],
            [
              -72.40589,
              3.44181
            ],
            [
              -72.38,
              3.45346
            ],
            [
              -72.37542,
              3.48818
            ],
            [
              -72.38807,
              3.49498
            ],
            [
              -72.34587,
              3.51344
            ],
            [
              -72.36808,
              3.56323
            ],
            [
              -72.32336,
              3.57891
            ],
            [
              -72.33524,
              3.60142
            ],
            [
              -72.30481,
              3.60907
            ],
            [
              -72.31272,
              3.6311
            ],
            [
              -72.29028,
              3.63742
            ],
            [
              -72.30889,
              3.64887
            ],
            [
              -72.30389,
              3.69289
            ],
            [
              -72.28591,
              3.68648
            ],
            [
              -72.27985,
              3.70292
            ],
            [
              -72.29574,
              3.71041
            ],
            [
              -72.2833,
              3.7491
            ],
            [
              -72.29652,
              3.75765
            ],
            [
              -72.35004,
              3.7296
            ],
            [
              -72.37378,
              3.73738
            ],
            [
              -72.41391,
              3.69431
            ],
            [
              -72.49437,
              3.73323
            ],
            [
              -72.51012,
              3.72102
            ],
            [
              -72.55134,
              3.7376
            ],
            [
              -72.58047,
              3.72204
            ],
            [
              -72.60685,
              3.7486
            ],
            [
              -72.64282,
              3.74888
            ],
            [
              -72.73649,
              3.71981
            ],
            [
              -72.82819,
              3.66224
            ],
            [
              -72.87114,
              3.67056
            ],
            [
              -72.89103,
              3.65443
            ],
            [
              -72.97202,
              3.65612
            ],
            [
              -72.9955,
              3.63722
            ],
            [
              -73.02661,
              3.65294
            ],
            [
              -73.03238,
              3.68132
            ],
            [
              -73.08365,
              3.69061
            ],
            [
              -73.10938,
              3.75737
            ],
            [
              -73.16994,
              3.73018
            ],
            [
              -73.17786,
              3.72059
            ],
            [
              -73.16574,
              3.72578
            ],
            [
              -73.15963,
              3.70891
            ],
            [
              -73.18071,
              3.69392
            ],
            [
              -73.20969,
              3.69063
            ],
            [
              -73.25069,
              3.70829
            ],
            [
              -73.39019,
              3.70554
            ],
            [
              -73.4442,
              3.72787
            ],
            [
              -73.5173,
              3.72477
            ],
            [
              -73.56788,
              3.7607
            ],
            [
              -73.73834,
              3.80787
            ]
          ]
        ]
      },
      "properties": {
        "code": "50689",
        "departmentCode": "50",
        "name": "SAN MARTÍN",
        "originalCode": "689",
        "originalName": "SAN MARTÍN",
        "MPIO_TIPO": "MUNICIPIO",
        "type": "MUNICIPIO",
        "unitType": "municipio",
        "MPIO_NAREA": 5922.00388525,
        "MPIO_NANO": 2024,
        "MPIO_CRSLCION": "1958",
        "areaName": 5922.00388525,
        "creationYear": 2024,
        "creationResolution": "1958",
        "resultType": "observed",
        "source": "dane-divipola-mgn-2025",
        "year": 2025
      }
    },
    {
      "type": "Feature",
      "id": 2316,
      "geometry": {
        "type": "Polygon",
        "coordinates": [
          [
            [
              -73.78205,
              3.21736
            ],
            [
              -73.80984,
              3.24728
            ],
            [
              -73.85281,
              3.20861
            ],
            [
              -73.88938,
              3.20485
            ],
            [
              -73.90835,
              3.17707
            ],
            [
              -74.02739,
              3.13286
            ],
            [
              -73.99551,
              3.04274
            ],
            [
              -74.00657,
              2.98364
            ],
            [
              -73.99193,
              2.96993
            ],
            [
              -74.05808,
              2.83955
            ],
            [
              -73.97777,
              2.78972
            ],
            [
              -73.98691,
              2.77607
            ],
            [
              -73.96964,
              2.73922
            ],
            [
              -74.00401,
              2.71277
            ],
            [
              -73.9631,
              2.69679
            ],
            [
              -73.96857,
              2.67819
            ],
            [
              -73.95069,
              2.6541
            ],
            [
              -73.96531,
              2.64505
            ],
            [
              -73.96664,
              2.55281
            ],
            [
              -73.92952,
              2.53823
            ],
            [
              -73.55911,
              2.63989
            ],
            [
              -73.53618,
              2.59619
            ],
            [
              -73.50801,
              2.58155
            ],
            [
              -73.49791,
              2.5382
            ],
            [
              -73.51463,
              2.51581
            ],
            [
              -73.49365,
              2.49488
            ],
            [
              -73.46358,
              2.49899
            ],
            [
              -73.4419,
              2.45564
            ],
            [
              -73.45749,
              2.40594
            ],
            [
              -73.43137,
              2.3629
            ],
            [
              -73.43632,
              2.32625
            ],
            [
              -73.41216,
              2.35697
            ],
            [
              -73.39035,
              2.35113
            ],
            [
              -73.3963,
              2.32887
            ],
            [
              -73.37897,
              2.32496
            ],
            [
              -73.37461,
              2.36248
            ],
            [
              -73.3596,
              2.36838
            ],
            [
              -73.34511,
              2.35322
            ],
            [
              -73.35671,
              2.3241
            ],
            [
              -73.33317,
              2.33335
            ],
            [
              -73.33041,
              2.36036
            ],
            [
              -73.30065,
              2.33599
            ],
            [
              -73.26743,
              2.35877
            ],
            [
              -73.24247,
              2.34733
            ],
            [
              -73.24115,
              2.37134
            ],
            [
              -73.26787,
              2.38087
            ],
            [
              -73.22595,
              2.38891
            ],
            [
              -73.21652,
              2.40547
            ],
            [
              -73.21769,
              2.38636
            ],
            [
              -73.2016,
              2.38247
            ],
            [
              -73.16573,
              2.39941
            ],
            [
              -73.1635,
              2.36539
            ],
            [
              -73.12407,
              2.37882
            ],
            [
              -73.14127,
              2.39712
            ],
            [
              -73.12778,
              2.41098
            ],
            [
              -73.10868,
              2.38205
            ],
            [
              -73.06956,
              2.42506
            ],
            [
              -73.09149,
              2.41342
            ],
            [
              -73.1098,
              2.43456
            ],
            [
              -73.13115,
              2.42177
            ],
            [
              -73.18777,
              2.45789
            ],
            [
              -73.21682,
              2.50291
            ],
            [
              -73.22846,
              2.48194
            ],
            [
              -73.28643,
              2.51948
            ],
            [
              -73.31586,
              2.51402
            ],
            [
              -73.33793,
              2.53711
            ],
            [
              -73.35375,
              2.60895
            ],
            [
              -73.3362,
              2.65545
            ],
            [
              -73.35243,
              2.67585
            ],
            [
              -73.3403,
              2.70924
            ],
            [
              -73.34876,
              2.73828
            ],
            [
              -73.40485,
              2.75479
            ],
            [
              -73.403,
              2.76934
            ],
            [
              -73.47686,
              2.81461
            ],
            [
              -73.48814,
              2.8428
            ],
            [
              -73.50377,
              2.83924
            ],
            [
              -73.50107,
              2.85658
            ],
            [
              -73.51778,
              2.85307
            ],
            [
              -73.48017,
              2.92909
            ],
            [
              -73.42161,
              2.9274
            ],
            [
              -73.44183,
              2.94506
            ],
            [
              -73.42489,
              3.00801
            ],
            [
              -73.43733,
              3.0344
            ],
            [
              -73.51734,
              3.09218
            ],
            [
              -73.47467,
              3.12666
            ],
            [
              -73.55518,
              3.1589
            ],
            [
              -73.56564,
              3.13851
            ],
            [
              -73.58882,
              3.16361
            ],
            [
              -73.6964,
              3.17192
            ],
            [
              -73.74627,
              3.20051
            ],
            [
              -73.76459,
              3.19469
            ],
            [
              -73.78205,
              3.21736
            ]
          ]
        ]
      },
      "properties": {
        "code": "50711",
        "departmentCode": "50",
        "name": "VISTAHERMOSA",
        "originalCode": "711",
        "originalName": "VISTAHERMOSA",
        "MPIO_TIPO": "MUNICIPIO",
        "type": "MUNICIPIO",
        "unitType": "municipio",
        "MPIO_NAREA": 4813.99193781,
        "MPIO_NANO": 2024,
        "MPIO_CRSLCION": "Ordenanza 19  de Noviembre 29 de 1969",
        "areaName": 4813.99193781,
        "creationYear": 2024,
        "creationResolution": "Ordenanza 19  de Noviembre 29 de 1969",
        "resultType": "observed",
        "source": "dane-divipola-mgn-2025",
        "year": 2025
      }
    }
  ]
}
