{
  "type": "FeatureCollection",
  "metadata": {
    "source": "DANE DIVIPOLA MGN 2025",
    "downloadedAt": "2026-07-27T05:06:31Z",
    "crs": "EPSG:4326",
    "simplification": "ArcGIS maxAllowableOffset=0.01 grados y geometryPrecision=5; solo visualización web"
  },
  "features": [
    {
      "type": "Feature",
      "id": 2317,
      "geometry": {
        "type": "Polygon",
        "coordinates": [
          [
            [
              -77.30576,
              1.11074
            ],
            [
              -77.3166,
              1.08702
            ],
            [
              -77.28502,
              1.05147
            ],
            [
              -77.29598,
              0.99021
            ],
            [
              -77.31879,
              0.96195
            ],
            [
              -77.28246,
              0.92765
            ],
            [
              -77.2614,
              0.93179
            ],
            [
              -77.20688,
              0.90107
            ],
            [
              -77.13915,
              0.82151
            ],
            [
              -77.10244,
              0.83328
            ],
            [
              -77.12121,
              0.89316
            ],
            [
              -77.09022,
              0.91512
            ],
            [
              -77.0759,
              0.9669
            ],
            [
              -77.0283,
              0.99465
            ],
            [
              -77.0266,
              1.01236
            ],
            [
              -77.0368,
              1.04706
            ],
            [
              -77.05813,
              1.0343
            ],
            [
              -77.09318,
              1.07549
            ],
            [
              -77.10143,
              1.14319
            ],
            [
              -77.08921,
              1.18252
            ],
            [
              -77.1215,
              1.21438
            ],
            [
              -77.14326,
              1.20569
            ],
            [
              -77.18145,
              1.22552
            ],
            [
              -77.1994,
              1.25475
            ],
            [
              -77.23017,
              1.25487
            ],
            [
              -77.27656,
              1.31404
            ],
            [
              -77.28997,
              1.29582
            ],
            [
              -77.31287,
              1.35356
            ],
            [
              -77.38396,
              1.31411
            ],
            [
              -77.34384,
              1.31776
            ],
            [
              -77.32864,
              1.30105
            ],
            [
              -77.35456,
              1.25593
            ],
            [
              -77.36212,
              1.19694
            ],
            [
              -77.30576,
              1.11074
            ]
          ]
        ]
      },
      "properties": {
        "code": "52001",
        "departmentCode": "52",
        "name": "PASTO",
        "originalCode": "001",
        "originalName": "PASTO",
        "MPIO_TIPO": "MUNICIPIO",
        "type": "MUNICIPIO",
        "unitType": "municipio",
        "MPIO_NAREA": 1100.30727247,
        "MPIO_NANO": 2024,
        "MPIO_CRSLCION": "1540",
        "areaName": 1100.30727247,
        "creationYear": 2024,
        "creationResolution": "1540",
        "resultType": "observed",
        "source": "dane-divipola-mgn-2025",
        "year": 2025
      }
    },
    {
      "type": "Feature",
      "id": 2318,
      "geometry": {
        "type": "Polygon",
        "coordinates": [
          [
            [
              -77.06531,
              1.51567
            ],
            [
              -77.1103,
              1.44294
            ],
            [
              -77.0948,
              1.43196
            ],
            [
              -77.06945,
              1.43564
            ],
            [
              -77.02168,
              1.48919
            ],
            [
              -77.02474,
              1.50476
            ],
            [
              -77.04501,
              1.48698
            ],
            [
              -77.0653,
              1.49474
            ],
            [
              -77.06531,
              1.51567
            ]
          ]
        ]
      },
      "properties": {
        "code": "52019",
        "departmentCode": "52",
        "name": "ALBÁN",
        "originalCode": "019",
        "originalName": "ALBÁN",
        "MPIO_TIPO": "MUNICIPIO",
        "type": "MUNICIPIO",
        "unitType": "municipio",
        "MPIO_NAREA": 38.63843129,
        "MPIO_NANO": 2024,
        "MPIO_CRSLCION": "Ordenanza 41 de 1903",
        "areaName": 38.63843129,
        "creationYear": 2024,
        "creationResolution": "Ordenanza 41 de 1903",
        "resultType": "observed",
        "source": "dane-divipola-mgn-2025",
        "year": 2025
      }
    },
    {
      "type": "Feature",
      "id": 2319,
      "geometry": {
        "type": "Polygon",
        "coordinates": [
          [
            [
              -77.67612,
              0.96432
            ],
            [
              -77.69264,
              0.97642
            ],
            [
              -77.72651,
              0.91787
            ],
            [
              -77.68448,
              0.83749
            ],
            [
              -77.66128,
              0.86449
            ],
            [
              -77.68514,
              0.86741
            ],
            [
              -77.67612,
              0.96432
            ]
          ]
        ]
      },
      "properties": {
        "code": "52022",
        "departmentCode": "52",
        "name": "ALDANA",
        "originalCode": "022",
        "originalName": "ALDANA",
        "MPIO_TIPO": "MUNICIPIO",
        "type": "MUNICIPIO",
        "unitType": "municipio",
        "MPIO_NAREA": 47.69421424,
        "MPIO_NANO": 2025,
        "MPIO_CRSLCION": "Ordenanza 11 de 1911",
        "areaName": 47.69421424,
        "creationYear": 2025,
        "creationResolution": "Ordenanza 11 de 1911",
        "resultType": "observed",
        "source": "dane-divipola-mgn-2025",
        "year": 2025
      }
    },
    {
      "type": "Feature",
      "id": 2320,
      "geometry": {
        "type": "Polygon",
        "coordinates": [
          [
            [
              -77.50924,
              1.31751
            ],
            [
              -77.53507,
              1.31182
            ],
            [
              -77.56725,
              1.2247
            ],
            [
              -77.56789,
              1.20644
            ],
            [
              -77.54046,
              1.18393
            ],
            [
              -77.50099,
              1.21884
            ],
            [
              -77.50924,
              1.31751
            ]
          ]
        ]
      },
      "properties": {
        "code": "52036",
        "departmentCode": "52",
        "name": "ANCUYA",
        "originalCode": "036",
        "originalName": "ANCUYA",
        "MPIO_TIPO": "MUNICIPIO",
        "type": "MUNICIPIO",
        "unitType": "municipio",
        "MPIO_NAREA": 68.97813357,
        "MPIO_NANO": 2024,
        "MPIO_CRSLCION": "1544",
        "areaName": 68.97813357,
        "creationYear": 2024,
        "creationResolution": "1544",
        "resultType": "observed",
        "source": "dane-divipola-mgn-2025",
        "year": 2025
      }
    },
    {
      "type": "Feature",
      "id": 2321,
      "geometry": {
        "type": "Polygon",
        "coordinates": [
          [
            [
              -77.13479,
              1.52871
            ],
            [
              -77.15829,
              1.51503
            ],
            [
              -77.16043,
              1.46
            ],
            [
              -77.18373,
              1.44796
            ],
            [
              -77.14331,
              1.44997
            ],
            [
              -77.13378,
              1.43648
            ],
            [
              -77.1078,
              1.44441
            ],
            [
              -77.09,
              1.47165
            ],
            [
              -77.0919,
              1.50511
            ],
            [
              -77.1196,
              1.49989
            ],
            [
              -77.13479,
              1.52871
            ]
          ]
        ]
      },
      "properties": {
        "code": "52051",
        "departmentCode": "52",
        "name": "ARBOLEDA",
        "originalCode": "051",
        "originalName": "ARBOLEDA",
        "MPIO_TIPO": "MUNICIPIO",
        "type": "MUNICIPIO",
        "unitType": "municipio",
        "MPIO_NAREA": 60.23238374,
        "MPIO_NANO": 2024,
        "MPIO_CRSLCION": "1859",
        "areaName": 60.23238374,
        "creationYear": 2024,
        "creationResolution": "1859",
        "resultType": "observed",
        "source": "dane-divipola-mgn-2025",
        "year": 2025
      }
    },
    {
      "type": "Feature",
      "id": 2322,
      "geometry": {
        "type": "Polygon",
        "coordinates": [
          [
            [
              -77.79456,
              1.85384
            ],
            [
              -77.844,
              1.81846
            ],
            [
              -77.8796,
              1.81234
            ],
            [
              -77.9115,
              1.77914
            ],
            [
              -77.95087,
              1.78058
            ],
            [
              -78.00661,
              1.72629
            ],
            [
              -78.05851,
              1.74577
            ],
            [
              -78.14482,
              1.72982
            ],
            [
              -78.20057,
              1.69904
            ],
            [
              -78.21921,
              1.75279
            ],
            [
              -78.2358,
              1.7341
            ],
            [
              -78.22693,
              1.67239
            ],
            [
              -78.25594,
              1.63253
            ],
            [
              -78.26894,
              1.5449
            ],
            [
              -78.26535,
              1.37045
            ],
            [
              -78.28423,
              1.36233
            ],
            [
              -78.32395,
              1.41352
            ],
            [
              -78.36212,
              1.42167
            ],
            [
              -78.37654,
              1.39997
            ],
            [
              -78.47518,
              1.3796
            ],
            [
              -78.5097,
              1.18903
            ],
            [
              -78.4951,
              1.19839
            ],
            [
              -78.4552,
              1.17651
            ],
            [
              -78.43817,
              1.19392
            ],
            [
              -78.42562,
              1.17836
            ],
            [
              -78.43332,
              1.14371
            ],
            [
              -78.41862,
              1.13817
            ],
            [
              -78.41768,
              1.1599
            ],
            [
              -78.3951,
              1.15227
            ],
            [
              -78.31886,
              1.19438
            ],
            [
              -78.29571,
              1.17137
            ],
            [
              -78.29094,
              1.13816
            ],
            [
              -78.10713,
              1.20622
            ],
            [
              -78.09737,
              1.23637
            ],
            [
              -78.06739,
              1.25089
            ],
            [
              -78.02886,
              1.25076
            ],
            [
              -78.02148,
              1.26716
            ],
            [
              -78.04849,
              1.31115
            ],
            [
              -78.05004,
              1.37846
            ],
            [
              -78.03611,
              1.40355
            ],
            [
              -78.00895,
              1.42641
            ],
            [
              -77.9275,
              1.41379
            ],
            [
              -77.92091,
              1.40105
            ],
            [
              -77.89727,
              1.40825
            ],
            [
              -77.87942,
              1.44913
            ],
            [
              -77.88912,
              1.46696
            ],
            [
              -77.87436,
              1.4895
            ],
            [
              -77.88563,
              1.49698
            ],
            [
              -77.8574,
              1.5132
            ],
            [
              -77.83788,
              1.55576
            ],
            [
              -77.85479,
              1.56121
            ],
            [
              -77.84325,
              1.60031
            ],
            [
              -77.89319,
              1.61945
            ],
            [
              -77.96081,
              1.7018
            ],
            [
              -77.92315,
              1.69885
            ],
            [
              -77.88278,
              1.76284
            ],
            [
              -77.891,
              1.79197
            ],
            [
              -77.82505,
              1.80574
            ],
            [
              -77.82722,
              1.82364
            ],
            [
              -77.79456,
              1.85384
            ]
          ]
        ]
      },
      "properties": {
        "code": "52079",
        "departmentCode": "52",
        "name": "BARBACOAS",
        "originalCode": "079",
        "originalName": "BARBACOAS",
        "MPIO_TIPO": "MUNICIPIO",
        "type": "MUNICIPIO",
        "unitType": "municipio",
        "MPIO_NAREA": 2736.91500346,
        "MPIO_NANO": 2024,
        "MPIO_CRSLCION": "1916",
        "areaName": 2736.91500346,
        "creationYear": 2024,
        "creationResolution": "1916",
        "resultType": "observed",
        "source": "dane-divipola-mgn-2025",
        "year": 2025
      }
    },
    {
      "type": "Feature",
      "id": 2323,
      "geometry": {
        "type": "Polygon",
        "coordinates": [
          [
            [
              -77.07227,
              1.63422
            ],
            [
              -77.06446,
              1.60072
            ],
            [
              -77.0438,
              1.59886
            ],
            [
              -77.0533,
              1.58616
            ],
            [
              -77.07933,
              1.59396
            ],
            [
              -77.07882,
              1.56736
            ],
            [
              -77.06275,
              1.55444
            ],
            [
              -77.01171,
              1.57246
            ],
            [
              -77.0045,
              1.61683
            ],
            [
              -77.03258,
              1.6078
            ],
            [
              -77.07227,
              1.63422
            ]
          ]
        ]
      },
      "properties": {
        "code": "52083",
        "departmentCode": "52",
        "name": "BELÉN",
        "originalCode": "083",
        "originalName": "BELÉN",
        "MPIO_TIPO": "MUNICIPIO",
        "type": "MUNICIPIO",
        "unitType": "municipio",
        "MPIO_NAREA": 41.87539393,
        "MPIO_NANO": 2024,
        "MPIO_CRSLCION": "Ordenanza 53 Noviembre 29 de 1985",
        "areaName": 41.87539393,
        "creationYear": 2024,
        "creationResolution": "Ordenanza 53 Noviembre 29 de 1985",
        "resultType": "observed",
        "source": "dane-divipola-mgn-2025",
        "year": 2025
      }
    },
    {
      "type": "Feature",
      "id": 2324,
      "geometry": {
        "type": "Polygon",
        "coordinates": [
          [
            [
              -77.23516,
              1.4524
            ],
            [
              -77.25394,
              1.41303
            ],
            [
              -77.22013,
              1.3697
            ],
            [
              -77.22045,
              1.34058
            ],
            [
              -77.24945,
              1.28813
            ],
            [
              -77.23354,
              1.25742
            ],
            [
              -77.1991,
              1.25458
            ],
            [
              -77.18145,
              1.22552
            ],
            [
              -77.14326,
              1.20569
            ],
            [
              -77.1215,
              1.21438
            ],
            [
              -77.10925,
              1.18995
            ],
            [
              -77.07151,
              1.18425
            ],
            [
              -76.97961,
              1.22427
            ],
            [
              -76.97409,
              1.29213
            ],
            [
              -76.96276,
              1.27365
            ],
            [
              -76.93497,
              1.27608
            ],
            [
              -76.97328,
              1.32016
            ],
            [
              -77.00059,
              1.30027
            ],
            [
              -77.03544,
              1.37552
            ],
            [
              -77.10193,
              1.42149
            ],
            [
              -77.11115,
              1.44359
            ],
            [
              -77.23516,
              1.4524
            ]
          ]
        ]
      },
      "properties": {
        "code": "52110",
        "departmentCode": "52",
        "name": "BUESACO",
        "originalCode": "110",
        "originalName": "BUESACO",
        "MPIO_TIPO": "MUNICIPIO",
        "type": "MUNICIPIO",
        "unitType": "municipio",
        "MPIO_NAREA": 636.44796616,
        "MPIO_NANO": 2024,
        "MPIO_CRSLCION": "1899",
        "areaName": 636.44796616,
        "creationYear": 2024,
        "creationResolution": "1899",
        "resultType": "observed",
        "source": "dane-divipola-mgn-2025",
        "year": 2025
      }
    },
    {
      "type": "Feature",
      "id": 2325,
      "geometry": {
        "type": "Polygon",
        "coordinates": [
          [
            [
              -77.04473,
              1.67173
            ],
            [
              -77.10284,
              1.63623
            ],
            [
              -77.07904,
              1.59357
            ],
            [
              -77.05383,
              1.58614
            ],
            [
              -77.0438,
              1.59886
            ],
            [
              -77.06446,
              1.60072
            ],
            [
              -77.07951,
              1.62922
            ],
            [
              -77.02807,
              1.60796
            ],
            [
              -76.98472,
              1.65543
            ],
            [
              -77.04473,
              1.67173
            ]
          ]
        ]
      },
      "properties": {
        "code": "52203",
        "departmentCode": "52",
        "name": "COLÓN",
        "originalCode": "203",
        "originalName": "COLÓN",
        "MPIO_TIPO": "MUNICIPIO",
        "type": "MUNICIPIO",
        "unitType": "municipio",
        "MPIO_NAREA": 61.79495724,
        "MPIO_NANO": 2024,
        "MPIO_CRSLCION": "Ordenanza 37 de 1921",
        "areaName": 61.79495724,
        "creationYear": 2024,
        "creationResolution": "Ordenanza 37 de 1921",
        "resultType": "observed",
        "source": "dane-divipola-mgn-2025",
        "year": 2025
      }
    },
    {
      "type": "Feature",
      "id": 2326,
      "geometry": {
        "type": "Polygon",
        "coordinates": [
          [
            [
              -77.50158,
              1.26153
            ],
            [
              -77.50895,
              1.24394
            ],
            [
              -77.47662,
              1.18023
            ],
            [
              -77.47945,
              1.15646
            ],
            [
              -77.42277,
              1.15976
            ],
            [
              -77.35635,
              1.20793
            ],
            [
              -77.37555,
              1.23095
            ],
            [
              -77.50158,
              1.26153
            ]
          ]
        ]
      },
      "properties": {
        "code": "52207",
        "departmentCode": "52",
        "name": "CONSACÁ",
        "originalCode": "207",
        "originalName": "CONSACÁ",
        "MPIO_TIPO": "MUNICIPIO",
        "type": "MUNICIPIO",
        "unitType": "municipio",
        "MPIO_NAREA": 119.47078255,
        "MPIO_NANO": 2024,
        "MPIO_CRSLCION": "1900",
        "areaName": 119.47078255,
        "creationYear": 2024,
        "creationResolution": "1900",
        "resultType": "observed",
        "source": "dane-divipola-mgn-2025",
        "year": 2025
      }
    },
    {
      "type": "Feature",
      "id": 2327,
      "geometry": {
        "type": "Polygon",
        "coordinates": [
          [
            [
              -77.55519,
              0.95915
            ],
            [
              -77.57382,
              0.94807
            ],
            [
              -77.53781,
              0.89596
            ],
            [
              -77.46996,
              0.94158
            ],
            [
              -77.48155,
              0.95367
            ],
            [
              -77.53282,
              0.94424
            ],
            [
              -77.55519,
              0.95915
            ]
          ]
        ]
      },
      "properties": {
        "code": "52210",
        "departmentCode": "52",
        "name": "CONTADERO",
        "originalCode": "210",
        "originalName": "CONTADERO",
        "MPIO_TIPO": "MUNICIPIO",
        "type": "MUNICIPIO",
        "unitType": "municipio",
        "MPIO_NAREA": 43.25398754,
        "MPIO_NANO": 2024,
        "MPIO_CRSLCION": "1871",
        "areaName": 43.25398754,
        "creationYear": 2024,
        "creationResolution": "1871",
        "resultType": "observed",
        "source": "dane-divipola-mgn-2025",
        "year": 2025
      }
    },
    {
      "type": "Feature",
      "id": 2328,
      "geometry": {
        "type": "Polygon",
        "coordinates": [
          [
            [
              -77.5426,
              0.89249
            ],
            [
              -77.55912,
              0.87362
            ],
            [
              -77.54851,
              0.82516
            ],
            [
              -77.49768,
              0.82874
            ],
            [
              -77.47493,
              0.79157
            ],
            [
              -77.44534,
              0.7957
            ],
            [
              -77.37062,
              0.75208
            ],
            [
              -77.363,
              0.71847
            ],
            [
              -77.34637,
              0.71974
            ],
            [
              -77.33333,
              0.69912
            ],
            [
              -77.26353,
              0.69612
            ],
            [
              -77.18681,
              0.63095
            ],
            [
              -77.18175,
              0.68008
            ],
            [
              -77.23245,
              0.73333
            ],
            [
              -77.28447,
              0.75654
            ],
            [
              -77.29845,
              0.79947
            ],
            [
              -77.32603,
              0.79408
            ],
            [
              -77.40467,
              0.84874
            ],
            [
              -77.48689,
              0.84305
            ],
            [
              -77.5426,
              0.89249
            ]
          ]
        ]
      },
      "properties": {
        "code": "52215",
        "departmentCode": "52",
        "name": "CÓRDOBA",
        "originalCode": "215",
        "originalName": "CÓRDOBA",
        "MPIO_TIPO": "MUNICIPIO",
        "type": "MUNICIPIO",
        "unitType": "municipio",
        "MPIO_NAREA": 304.91742359,
        "MPIO_NANO": 2024,
        "MPIO_CRSLCION": "1911",
        "areaName": 304.91742359,
        "creationYear": 2024,
        "creationResolution": "1911",
        "resultType": "observed",
        "source": "dane-divipola-mgn-2025",
        "year": 2025
      }
    },
    {
      "type": "Feature",
      "id": 2329,
      "geometry": {
        "type": "Polygon",
        "coordinates": [
          [
            [
              -77.7249,
              0.90979
            ],
            [
              -77.77361,
              0.91913
            ],
            [
              -77.76624,
              0.88986
            ],
            [
              -77.77899,
              0.88462
            ],
            [
              -77.75861,
              0.83861
            ],
            [
              -77.71389,
              0.85107
            ],
            [
              -77.68445,
              0.82833
            ],
            [
              -77.7249,
              0.90979
            ]
          ]
        ]
      },
      "properties": {
        "code": "52224",
        "departmentCode": "52",
        "name": "CUASPUD CARLOSAMA",
        "originalCode": "224",
        "originalName": "CUASPUD CARLOSAMA",
        "MPIO_TIPO": "MUNICIPIO",
        "type": "MUNICIPIO",
        "unitType": "municipio",
        "MPIO_NAREA": 57.18590282,
        "MPIO_NANO": 2025,
        "MPIO_CRSLCION": "Ordenanza 11 de 1911",
        "areaName": 57.18590282,
        "creationYear": 2025,
        "creationResolution": "Ordenanza 11 de 1911",
        "resultType": "observed",
        "source": "dane-divipola-mgn-2025",
        "year": 2025
      }
    },
    {
      "type": "Feature",
      "id": 2330,
      "geometry": {
        "type": "Polygon",
        "coordinates": [
          [
            [
              -77.90786,
              1.06244
            ],
            [
              -77.91671,
              1.07841
            ],
            [
              -78.20896,
              1.00467
            ],
            [
              -78.19185,
              0.96974
            ],
            [
              -78.19997,
              0.94969
            ],
            [
              -78.15352,
              0.92401
            ],
            [
              -78.11187,
              0.93225
            ],
            [
              -78.08913,
              0.89709
            ],
            [
              -78.02172,
              0.87477
            ],
            [
              -77.93723,
              0.81668
            ],
            [
              -77.84279,
              0.80245
            ],
            [
              -77.80487,
              0.83093
            ],
            [
              -77.75494,
              0.84091
            ],
            [
              -77.7789,
              0.88419
            ],
            [
              -77.76624,
              0.88986
            ],
            [
              -77.77407,
              0.91808
            ],
            [
              -77.83087,
              0.9636
            ],
            [
              -77.79881,
              0.9989
            ],
            [
              -77.85523,
              1.04677
            ],
            [
              -77.90786,
              1.06244
            ]
          ]
        ]
      },
      "properties": {
        "code": "52227",
        "departmentCode": "52",
        "name": "CUMBAL",
        "originalCode": "227",
        "originalName": "CUMBAL",
        "MPIO_TIPO": "MUNICIPIO",
        "type": "MUNICIPIO",
        "unitType": "municipio",
        "MPIO_NAREA": 916.54238194,
        "MPIO_NANO": 2024,
        "MPIO_CRSLCION": "1913",
        "areaName": 916.54238194,
        "creationYear": 2024,
        "creationResolution": "1913",
        "resultType": "observed",
        "source": "dane-divipola-mgn-2025",
        "year": 2025
      }
    },
    {
      "type": "Feature",
      "id": 2331,
      "geometry": {
        "type": "Polygon",
        "coordinates": [
          [
            [
              -77.65724,
              1.90355
            ],
            [
              -77.68601,
              1.89099
            ],
            [
              -77.67288,
              1.86558
            ],
            [
              -77.70533,
              1.8596
            ],
            [
              -77.71245,
              1.81519
            ],
            [
              -77.65996,
              1.81087
            ],
            [
              -77.63682,
              1.77786
            ],
            [
              -77.65984,
              1.70192
            ],
            [
              -77.61145,
              1.66703
            ],
            [
              -77.59247,
              1.6242
            ],
            [
              -77.60072,
              1.59691
            ],
            [
              -77.57109,
              1.57627
            ],
            [
              -77.54135,
              1.60413
            ],
            [
              -77.47562,
              1.60202
            ],
            [
              -77.4834,
              1.67105
            ],
            [
              -77.51813,
              1.6797
            ],
            [
              -77.50888,
              1.70358
            ],
            [
              -77.53018,
              1.74174
            ],
            [
              -77.59582,
              1.76082
            ],
            [
              -77.5916,
              1.78904
            ],
            [
              -77.62489,
              1.81956
            ],
            [
              -77.60914,
              1.87255
            ],
            [
              -77.65724,
              1.90355
            ]
          ]
        ]
      },
      "properties": {
        "code": "52233",
        "departmentCode": "52",
        "name": "CUMBITARA",
        "originalCode": "233",
        "originalName": "CUMBITARA",
        "MPIO_TIPO": "MUNICIPIO",
        "type": "MUNICIPIO",
        "unitType": "municipio",
        "MPIO_NAREA": 355.55104645,
        "MPIO_NANO": 2024,
        "MPIO_CRSLCION": "Ordenanza 65 Noviembre 21 de 1968",
        "areaName": 355.55104645,
        "creationYear": 2024,
        "creationResolution": "Ordenanza 65 Noviembre 21 de 1968",
        "resultType": "observed",
        "source": "dane-divipola-mgn-2025",
        "year": 2025
      }
    },
    {
      "type": "Feature",
      "id": 2332,
      "geometry": {
        "type": "Polygon",
        "coordinates": [
          [
            [
              -77.30295,
              1.51777
            ],
            [
              -77.32214,
              1.50035
            ],
            [
              -77.2928,
              1.47519
            ],
            [
              -77.30357,
              1.39472
            ],
            [
              -77.29061,
              1.37092
            ],
            [
              -77.30991,
              1.35413
            ],
            [
              -77.31077,
              1.32632
            ],
            [
              -77.28997,
              1.29582
            ],
            [
              -77.27791,
              1.3145
            ],
            [
              -77.24964,
              1.28892
            ],
            [
              -77.22045,
              1.34058
            ],
            [
              -77.22013,
              1.3697
            ],
            [
              -77.25394,
              1.41303
            ],
            [
              -77.2353,
              1.45228
            ],
            [
              -77.29354,
              1.49396
            ],
            [
              -77.30295,
              1.51777
            ]
          ]
        ]
      },
      "properties": {
        "code": "52240",
        "departmentCode": "52",
        "name": "CHACHAGÜÍ",
        "originalCode": "240",
        "originalName": "CHACHAGÜÍ",
        "MPIO_TIPO": "MUNICIPIO",
        "type": "MUNICIPIO",
        "unitType": "municipio",
        "MPIO_NAREA": 146.39866754,
        "MPIO_NANO": 2024,
        "MPIO_CRSLCION": "Ordenanza 20 Noviembre 24 de 1992",
        "areaName": 146.39866754,
        "creationYear": 2024,
        "creationResolution": "Ordenanza 20 Noviembre 24 de 1992",
        "resultType": "observed",
        "source": "dane-divipola-mgn-2025",
        "year": 2025
      }
    },
    {
      "type": "Feature",
      "id": 2333,
      "geometry": {
        "type": "Polygon",
        "coordinates": [
          [
            [
              -78.14026,
              2.67615
            ],
            [
              -78.22533,
              2.66668
            ],
            [
              -78.18547,
              2.59133
            ],
            [
              -78.19108,
              2.5421
            ],
            [
              -78.16445,
              2.49684
            ],
            [
              -78.16212,
              2.30343
            ],
            [
              -78.18194,
              2.10957
            ],
            [
              -78.13667,
              2.10435
            ],
            [
              -78.11479,
              2.08159
            ],
            [
              -78.09545,
              2.08942
            ],
            [
              -78.08409,
              2.07042
            ],
            [
              -78.08092,
              2.0867
            ],
            [
              -78.03551,
              2.08072
            ],
            [
              -78.02471,
              2.0928
            ],
            [
              -77.99408,
              2.07121
            ],
            [
              -77.9631,
              2.11693
            ],
            [
              -77.95277,
              2.08287
            ],
            [
              -77.91735,
              2.0873
            ],
            [
              -77.88981,
              2.07059
            ],
            [
              -77.90074,
              2.04622
            ],
            [
              -77.86159,
              1.99389
            ],
            [
              -77.87262,
              1.97742
            ],
            [
              -77.86072,
              1.94961
            ],
            [
              -77.81865,
              1.91618
            ],
            [
              -77.73516,
              1.93117
            ],
            [
              -77.68159,
              1.89556
            ],
            [
              -77.59774,
              1.94021
            ],
            [
              -77.51303,
              1.90656
            ],
            [
              -77.49382,
              1.95815
            ],
            [
              -77.42898,
              1.98753
            ],
            [
              -77.37835,
              1.99397
            ],
            [
              -77.35964,
              1.96189
            ],
            [
              -77.31149,
              1.96667
            ],
            [
              -77.31134,
              2.01769
            ],
            [
              -77.35293,
              2.04818
            ],
            [
              -77.30876,
              2.12531
            ],
            [
              -77.30793,
              2.19668
            ],
            [
              -77.35628,
              2.26091
            ],
            [
              -77.38568,
              2.25594
            ],
            [
              -77.4438,
              2.28542
            ],
            [
              -77.47902,
              2.27369
            ],
            [
              -77.47227,
              2.24132
            ],
            [
              -77.48794,
              2.19525
            ],
            [
              -77.55621,
              2.20252
            ],
            [
              -77.59882,
              2.16858
            ],
            [
              -77.58191,
              2.02541
            ],
            [
              -77.65307,
              2.02462
            ],
            [
              -77.68599,
              1.98604
            ],
            [
              -77.7362,
              1.99604
            ],
            [
              -77.83366,
              2.04812
            ],
            [
              -77.85702,
              2.09278
            ],
            [
              -77.91769,
              2.12125
            ],
            [
              -77.93857,
              2.1556
            ],
            [
              -77.91529,
              2.22537
            ],
            [
              -77.949,
              2.29758
            ],
            [
              -78.05184,
              2.43277
            ],
            [
              -78.05783,
              2.47655
            ],
            [
              -78.09257,
              2.4871
            ],
            [
              -78.07533,
              2.51892
            ],
            [
              -78.11297,
              2.64365
            ],
            [
              -78.13719,
              2.64398
            ],
            [
              -78.14026,
              2.67615
            ]
          ]
        ]
      },
      "properties": {
        "code": "52250",
        "departmentCode": "52",
        "name": "EL CHARCO",
        "originalCode": "250",
        "originalName": "EL CHARCO",
        "MPIO_TIPO": "MUNICIPIO",
        "type": "MUNICIPIO",
        "unitType": "municipio",
        "MPIO_NAREA": 2493.62247761,
        "MPIO_NANO": 2024,
        "MPIO_CRSLCION": "1967",
        "areaName": 2493.62247761,
        "creationYear": 2024,
        "creationResolution": "1967",
        "resultType": "observed",
        "source": "dane-divipola-mgn-2025",
        "year": 2025
      }
    },
    {
      "type": "Feature",
      "id": 2334,
      "geometry": {
        "type": "Polygon",
        "coordinates": [
          [
            [
              -77.3946,
              1.60384
            ],
            [
              -77.44608,
              1.58803
            ],
            [
              -77.43897,
              1.54817
            ],
            [
              -77.47562,
              1.50794
            ],
            [
              -77.48145,
              1.45169
            ],
            [
              -77.4233,
              1.44353
            ],
            [
              -77.39159,
              1.47372
            ],
            [
              -77.3946,
              1.60384
            ]
          ]
        ]
      },
      "properties": {
        "code": "52254",
        "departmentCode": "52",
        "name": "EL PEÑOL",
        "originalCode": "254",
        "originalName": "EL PEÑOL",
        "MPIO_TIPO": "MUNICIPIO",
        "type": "MUNICIPIO",
        "unitType": "municipio",
        "MPIO_NAREA": 121.23729532,
        "MPIO_NANO": 2024,
        "MPIO_CRSLCION": "Ordenanza 036 de Diciembre 7 de 1998",
        "areaName": 121.23729532,
        "creationYear": 2024,
        "creationResolution": "Ordenanza 036 de Diciembre 7 de 1998",
        "resultType": "observed",
        "source": "dane-divipola-mgn-2025",
        "year": 2025
      }
    },
    {
      "type": "Feature",
      "id": 2335,
      "geometry": {
        "type": "Polygon",
        "coordinates": [
          [
            [
              -77.42494,
              1.98788
            ],
            [
              -77.49382,
              1.95815
            ],
            [
              -77.50994,
              1.90745
            ],
            [
              -77.60131,
              1.94015
            ],
            [
              -77.67173,
              1.90342
            ],
            [
              -77.60907,
              1.87235
            ],
            [
              -77.58084,
              1.88241
            ],
            [
              -77.52822,
              1.84805
            ],
            [
              -77.52773,
              1.82458
            ],
            [
              -77.50828,
              1.81252
            ],
            [
              -77.4466,
              1.80885
            ],
            [
              -77.4217,
              1.82399
            ],
            [
              -77.39293,
              1.74121
            ],
            [
              -77.40802,
              1.68773
            ],
            [
              -77.36367,
              1.6964
            ],
            [
              -77.34755,
              1.66638
            ],
            [
              -77.2997,
              1.74651
            ],
            [
              -77.31007,
              1.8042
            ],
            [
              -77.29486,
              1.83173
            ],
            [
              -77.35886,
              1.87985
            ],
            [
              -77.3847,
              1.87278
            ],
            [
              -77.41004,
              1.88792
            ],
            [
              -77.42124,
              1.90972
            ],
            [
              -77.39604,
              1.98227
            ],
            [
              -77.42494,
              1.98788
            ]
          ]
        ]
      },
      "properties": {
        "code": "52256",
        "departmentCode": "52",
        "name": "EL ROSARIO",
        "originalCode": "256",
        "originalName": "EL ROSARIO",
        "MPIO_TIPO": "MUNICIPIO",
        "type": "MUNICIPIO",
        "unitType": "municipio",
        "MPIO_NAREA": 520.80059702,
        "MPIO_NANO": 2024,
        "MPIO_CRSLCION": "1815",
        "areaName": 520.80059702,
        "creationYear": 2024,
        "creationResolution": "1815",
        "resultType": "observed",
        "source": "dane-divipola-mgn-2025",
        "year": 2025
      }
    },
    {
      "type": "Feature",
      "id": 2336,
      "geometry": {
        "type": "Polygon",
        "coordinates": [
          [
            [
              -76.97539,
              1.5174
            ],
            [
              -77.0104,
              1.50961
            ],
            [
              -77.06932,
              1.43574
            ],
            [
              -77.10466,
              1.43646
            ],
            [
              -77.10261,
              1.42358
            ],
            [
              -77.04768,
              1.3905
            ],
            [
              -77.00059,
              1.30027
            ],
            [
              -76.97328,
              1.32016
            ],
            [
              -76.93307,
              1.2854
            ],
            [
              -76.90415,
              1.32094
            ],
            [
              -76.9318,
              1.3858
            ],
            [
              -76.91825,
              1.42966
            ],
            [
              -76.92661,
              1.49485
            ],
            [
              -76.97539,
              1.5174
            ]
          ]
        ]
      },
      "properties": {
        "code": "52258",
        "departmentCode": "52",
        "name": "EL TABLÓN DE GÓMEZ",
        "originalCode": "258",
        "originalName": "EL TABLÓN DE GÓMEZ",
        "MPIO_TIPO": "MUNICIPIO",
        "type": "MUNICIPIO",
        "unitType": "municipio",
        "MPIO_NAREA": 307.1109372,
        "MPIO_NANO": 2024,
        "MPIO_CRSLCION": "1834",
        "areaName": 307.1109372,
        "creationYear": 2024,
        "creationResolution": "1834",
        "resultType": "observed",
        "source": "dane-divipola-mgn-2025",
        "year": 2025
      }
    },
    {
      "type": "Feature",
      "id": 2337,
      "geometry": {
        "type": "Polygon",
        "coordinates": [
          [
            [
              -77.3823,
              1.52839
            ],
            [
              -77.38992,
              1.47721
            ],
            [
              -77.42074,
              1.44456
            ],
            [
              -77.48367,
              1.45375
            ],
            [
              -77.48911,
              1.42899
            ],
            [
              -77.48478,
              1.37015
            ],
            [
              -77.46669,
              1.36342
            ],
            [
              -77.43449,
              1.38959
            ],
            [
              -77.41189,
              1.3722
            ],
            [
              -77.4006,
              1.33184
            ],
            [
              -77.35781,
              1.37565
            ],
            [
              -77.33622,
              1.37712
            ],
            [
              -77.29221,
              1.45152
            ],
            [
              -77.30044,
              1.48832
            ],
            [
              -77.3823,
              1.52839
            ]
          ]
        ]
      },
      "properties": {
        "code": "52260",
        "departmentCode": "52",
        "name": "EL TAMBO",
        "originalCode": "260",
        "originalName": "EL TAMBO",
        "MPIO_TIPO": "MUNICIPIO",
        "type": "MUNICIPIO",
        "unitType": "municipio",
        "MPIO_NAREA": 246.54730468,
        "MPIO_NANO": 2024,
        "MPIO_CRSLCION": "Ordenanza 78 de 1870",
        "areaName": 246.54730468,
        "creationYear": 2024,
        "creationResolution": "Ordenanza 78 de 1870",
        "resultType": "observed",
        "source": "dane-divipola-mgn-2025",
        "year": 2025
      }
    },
    {
      "type": "Feature",
      "id": 2338,
      "geometry": {
        "type": "Polygon",
        "coordinates": [
          [
            [
              -77.44176,
              1.05213
            ],
            [
              -77.47851,
              1.01746
            ],
            [
              -77.46129,
              0.96567
            ],
            [
              -77.48009,
              0.92337
            ],
            [
              -77.43386,
              0.88536
            ],
            [
              -77.33525,
              0.89051
            ],
            [
              -77.26869,
              0.87434
            ],
            [
              -77.22712,
              0.88522
            ],
            [
              -77.21133,
              0.78803
            ],
            [
              -77.18156,
              0.74883
            ],
            [
              -77.15916,
              0.74383
            ],
            [
              -77.13915,
              0.82151
            ],
            [
              -77.17118,
              0.86633
            ],
            [
              -77.31663,
              0.961
            ],
            [
              -77.33969,
              0.94859
            ],
            [
              -77.37215,
              1.02604
            ],
            [
              -77.40808,
              1.02674
            ],
            [
              -77.42235,
              1.05094
            ],
            [
              -77.44176,
              1.05213
            ]
          ]
        ]
      },
      "properties": {
        "code": "52287",
        "departmentCode": "52",
        "name": "FUNES",
        "originalCode": "287",
        "originalName": "FUNES",
        "MPIO_TIPO": "MUNICIPIO",
        "type": "MUNICIPIO",
        "unitType": "municipio",
        "MPIO_NAREA": 395.12059934,
        "MPIO_NANO": 2024,
        "MPIO_CRSLCION": "Ordenanza 22 de 1839",
        "areaName": 395.12059934,
        "creationYear": 2024,
        "creationResolution": "Ordenanza 22 de 1839",
        "resultType": "observed",
        "source": "dane-divipola-mgn-2025",
        "year": 2025
      }
    },
    {
      "type": "Feature",
      "id": 2339,
      "geometry": {
        "type": "Polygon",
        "coordinates": [
          [
            [
              -77.76335,
              1.03925
            ],
            [
              -77.83059,
              0.96868
            ],
            [
              -77.7816,
              0.92022
            ],
            [
              -77.7249,
              0.90979
            ],
            [
              -77.69264,
              0.97642
            ],
            [
              -77.6728,
              0.96407
            ],
            [
              -77.61375,
              0.98859
            ],
            [
              -77.6235,
              1.01013
            ],
            [
              -77.65396,
              1.00377
            ],
            [
              -77.67489,
              1.01772
            ],
            [
              -77.70549,
              0.98531
            ],
            [
              -77.76335,
              1.03925
            ]
          ]
        ]
      },
      "properties": {
        "code": "52317",
        "departmentCode": "52",
        "name": "GUACHUCAL",
        "originalCode": "317",
        "originalName": "GUACHUCAL",
        "MPIO_TIPO": "MUNICIPIO",
        "type": "MUNICIPIO",
        "unitType": "municipio",
        "MPIO_NAREA": 155.8504795,
        "MPIO_NANO": 2024,
        "MPIO_CRSLCION": "1935",
        "areaName": 155.8504795,
        "creationYear": 2024,
        "creationResolution": "1935",
        "resultType": "observed",
        "source": "dane-divipola-mgn-2025",
        "year": 2025
      }
    },
    {
      "type": "Feature",
      "id": 2340,
      "geometry": {
        "type": "Polygon",
        "coordinates": [
          [
            [
              -77.49266,
              1.20827
            ],
            [
              -77.50097,
              1.21905
            ],
            [
              -77.54005,
              1.18389
            ],
            [
              -77.56855,
              1.20746
            ],
            [
              -77.5913,
              1.13355
            ],
            [
              -77.56981,
              1.09302
            ],
            [
              -77.52962,
              1.11685
            ],
            [
              -77.47871,
              1.11658
            ],
            [
              -77.47662,
              1.18023
            ],
            [
              -77.49266,
              1.20827
            ]
          ]
        ]
      },
      "properties": {
        "code": "52320",
        "departmentCode": "52",
        "name": "GUAITARILLA",
        "originalCode": "320",
        "originalName": "GUAITARILLA",
        "MPIO_TIPO": "MUNICIPIO",
        "type": "MUNICIPIO",
        "unitType": "municipio",
        "MPIO_NAREA": 116.861317,
        "MPIO_NANO": 2024,
        "MPIO_CRSLCION": "1676",
        "areaName": 116.861317,
        "creationYear": 2024,
        "creationResolution": "1676",
        "resultType": "observed",
        "source": "dane-divipola-mgn-2025",
        "year": 2025
      }
    },
    {
      "type": "Feature",
      "id": 2341,
      "geometry": {
        "type": "Polygon",
        "coordinates": [
          [
            [
              -77.58238,
              0.96503
            ],
            [
              -77.59003,
              0.97489
            ],
            [
              -77.61123,
              0.9356
            ],
            [
              -77.58835,
              0.89882
            ],
            [
              -77.56232,
              0.89647
            ],
            [
              -77.55158,
              0.90346
            ],
            [
              -77.58238,
              0.96503
            ]
          ]
        ]
      },
      "properties": {
        "code": "52323",
        "departmentCode": "52",
        "name": "GUALMATÁN",
        "originalCode": "323",
        "originalName": "GUALMATÁN",
        "MPIO_TIPO": "MUNICIPIO",
        "type": "MUNICIPIO",
        "unitType": "municipio",
        "MPIO_NAREA": 29.99411519,
        "MPIO_NANO": 2024,
        "MPIO_CRSLCION": "1881",
        "areaName": 29.99411519,
        "creationYear": 2024,
        "creationResolution": "1881",
        "resultType": "observed",
        "source": "dane-divipola-mgn-2025",
        "year": 2025
      }
    },
    {
      "type": "Feature",
      "id": 2342,
      "geometry": {
        "type": "Polygon",
        "coordinates": [
          [
            [
              -77.4837,
              1.02515
            ],
            [
              -77.59529,
              0.99264
            ],
            [
              -77.59095,
              0.97524
            ],
            [
              -77.53282,
              0.94424
            ],
            [
              -77.47042,
              0.94847
            ],
            [
              -77.46216,
              0.97236
            ],
            [
              -77.4837,
              1.02515
            ]
          ]
        ]
      },
      "properties": {
        "code": "52352",
        "departmentCode": "52",
        "name": "ILES",
        "originalCode": "352",
        "originalName": "ILES",
        "MPIO_TIPO": "MUNICIPIO",
        "type": "MUNICIPIO",
        "unitType": "municipio",
        "MPIO_NAREA": 80.61478839,
        "MPIO_NANO": 2024,
        "MPIO_CRSLCION": "Ordenanza 07 de 1871",
        "areaName": 80.61478839,
        "creationYear": 2024,
        "creationResolution": "Ordenanza 07 de 1871",
        "resultType": "observed",
        "source": "dane-divipola-mgn-2025",
        "year": 2025
      }
    },
    {
      "type": "Feature",
      "id": 2343,
      "geometry": {
        "type": "Polygon",
        "coordinates": [
          [
            [
              -77.47396,
              1.10963
            ],
            [
              -77.52962,
              1.11685
            ],
            [
              -77.5699,
              1.08911
            ],
            [
              -77.55199,
              1.06524
            ],
            [
              -77.5136,
              1.06402
            ],
            [
              -77.50509,
              1.02681
            ],
            [
              -77.46841,
              1.02123
            ],
            [
              -77.4476,
              1.05528
            ],
            [
              -77.47396,
              1.10963
            ]
          ]
        ]
      },
      "properties": {
        "code": "52354",
        "departmentCode": "52",
        "name": "IMUÉS",
        "originalCode": "354",
        "originalName": "IMUÉS",
        "MPIO_TIPO": "MUNICIPIO",
        "type": "MUNICIPIO",
        "unitType": "municipio",
        "MPIO_NAREA": 81.8134095,
        "MPIO_NANO": 2024,
        "MPIO_CRSLCION": "1849",
        "areaName": 81.8134095,
        "creationYear": 2024,
        "creationResolution": "1849",
        "resultType": "observed",
        "source": "dane-divipola-mgn-2025",
        "year": 2025
      }
    },
    {
      "type": "Feature",
      "id": 2344,
      "geometry": {
        "type": "Polygon",
        "coordinates": [
          [
            [
              -77.55158,
              0.90346
            ],
            [
              -77.59192,
              0.88267
            ],
            [
              -77.59901,
              0.84286
            ],
            [
              -77.67237,
              0.86805
            ],
            [
              -77.66128,
              0.86449
            ],
            [
              -77.68501,
              0.82535
            ],
            [
              -77.66478,
              0.81789
            ],
            [
              -77.67696,
              0.79238
            ],
            [
              -77.66159,
              0.79
            ],
            [
              -77.69783,
              0.74142
            ],
            [
              -77.67539,
              0.73722
            ],
            [
              -77.66601,
              0.70513
            ],
            [
              -77.6227,
              0.69459
            ],
            [
              -77.56377,
              0.65144
            ],
            [
              -77.48102,
              0.65738
            ],
            [
              -77.48086,
              0.60958
            ],
            [
              -77.5223,
              0.53156
            ],
            [
              -77.52772,
              0.40019
            ],
            [
              -77.4245,
              0.39202
            ],
            [
              -77.40772,
              0.40486
            ],
            [
              -77.38118,
              0.38526
            ],
            [
              -77.37162,
              0.40107
            ],
            [
              -77.28806,
              0.36326
            ],
            [
              -77.21373,
              0.36325
            ],
            [
              -77.17908,
              0.3898
            ],
            [
              -77.14964,
              0.37588
            ],
            [
              -77.09904,
              0.37963
            ],
            [
              -77.08908,
              0.42438
            ],
            [
              -77.10523,
              0.43254
            ],
            [
              -77.10207,
              0.47038
            ],
            [
              -77.13023,
              0.5245
            ],
            [
              -77.13037,
              0.55584
            ],
            [
              -77.11512,
              0.56185
            ],
            [
              -77.12677,
              0.60196
            ],
            [
              -77.18681,
              0.63095
            ],
            [
              -77.38602,
              0.62733
            ],
            [
              -77.37968,
              0.63787
            ],
            [
              -77.42813,
              0.66875
            ],
            [
              -77.43612,
              0.71112
            ],
            [
              -77.48043,
              0.75627
            ],
            [
              -77.5824,
              0.72648
            ],
            [
              -77.64227,
              0.7288
            ],
            [
              -77.60328,
              0.78388
            ],
            [
              -77.60677,
              0.79954
            ],
            [
              -77.57913,
              0.80211
            ],
            [
              -77.5573,
              0.84054
            ],
            [
              -77.55912,
              0.87362
            ],
            [
              -77.53828,
              0.89605
            ],
            [
              -77.55158,
              0.90346
            ]
          ]
        ]
      },
      "properties": {
        "code": "52356",
        "departmentCode": "52",
        "name": "IPIALES",
        "originalCode": "356",
        "originalName": "IPIALES",
        "MPIO_TIPO": "MUNICIPIO",
        "type": "MUNICIPIO",
        "unitType": "municipio",
        "MPIO_NAREA": 1573.22370721,
        "MPIO_NANO": 2025,
        "MPIO_CRSLCION": "1799",
        "areaName": 1573.22370721,
        "creationYear": 2025,
        "creationResolution": "1799",
        "resultType": "observed",
        "source": "dane-divipola-mgn-2025",
        "year": 2025
      }
    },
    {
      "type": "Feature",
      "id": 2345,
      "geometry": {
        "type": "Polygon",
        "coordinates": [
          [
            [
              -76.89024,
              1.6583
            ],
            [
              -76.95825,
              1.62831
            ],
            [
              -76.97965,
              1.65918
            ],
            [
              -77.01422,
              1.61883
            ],
            [
              -76.99941,
              1.60809
            ],
            [
              -77.00554,
              1.55724
            ],
            [
              -76.9316,
              1.50069
            ],
            [
              -76.85141,
              1.53453
            ],
            [
              -76.85753,
              1.56404
            ],
            [
              -76.83413,
              1.61446
            ],
            [
              -76.89024,
              1.6583
            ]
          ]
        ]
      },
      "properties": {
        "code": "52378",
        "departmentCode": "52",
        "name": "LA CRUZ",
        "originalCode": "378",
        "originalName": "LA CRUZ",
        "MPIO_TIPO": "MUNICIPIO",
        "type": "MUNICIPIO",
        "unitType": "municipio",
        "MPIO_NAREA": 238.99855383,
        "MPIO_NANO": 2024,
        "MPIO_CRSLCION": "Decreto 1067 de 1907",
        "areaName": 238.99855383,
        "creationYear": 2024,
        "creationResolution": "Decreto 1067 de 1907",
        "resultType": "observed",
        "source": "dane-divipola-mgn-2025",
        "year": 2025
      }
    },
    {
      "type": "Feature",
      "id": 2346,
      "geometry": {
        "type": "Polygon",
        "coordinates": [
          [
            [
              -77.29861,
              1.42186
            ],
            [
              -77.40022,
              1.33189
            ],
            [
              -77.41189,
              1.3722
            ],
            [
              -77.43449,
              1.38959
            ],
            [
              -77.46697,
              1.36333
            ],
            [
              -77.45272,
              1.30694
            ],
            [
              -77.41613,
              1.29064
            ],
            [
              -77.35868,
              1.22112
            ],
            [
              -77.38393,
              1.31425
            ],
            [
              -77.29397,
              1.3629
            ],
            [
              -77.29861,
              1.42186
            ]
          ]
        ]
      },
      "properties": {
        "code": "52381",
        "departmentCode": "52",
        "name": "LA FLORIDA",
        "originalCode": "381",
        "originalName": "LA FLORIDA",
        "MPIO_TIPO": "MUNICIPIO",
        "type": "MUNICIPIO",
        "unitType": "municipio",
        "MPIO_NAREA": 136.4419327,
        "MPIO_NANO": 2024,
        "MPIO_CRSLCION": "1988",
        "areaName": 136.4419327,
        "creationYear": 2024,
        "creationResolution": "1988",
        "resultType": "observed",
        "source": "dane-divipola-mgn-2025",
        "year": 2025
      }
    },
    {
      "type": "Feature",
      "id": 2347,
      "geometry": {
        "type": "Polygon",
        "coordinates": [
          [
            [
              -77.80826,
              1.66305
            ],
            [
              -77.82579,
              1.66635
            ],
            [
              -77.86708,
              1.61072
            ],
            [
              -77.85672,
              1.5949
            ],
            [
              -77.8025,
              1.58906
            ],
            [
              -77.79429,
              1.56547
            ],
            [
              -77.80847,
              1.56512
            ],
            [
              -77.78572,
              1.53496
            ],
            [
              -77.75362,
              1.54467
            ],
            [
              -77.75797,
              1.53126
            ],
            [
              -77.74492,
              1.53565
            ],
            [
              -77.72372,
              1.50343
            ],
            [
              -77.6955,
              1.52923
            ],
            [
              -77.64791,
              1.53034
            ],
            [
              -77.61098,
              1.50272
            ],
            [
              -77.57885,
              1.43005
            ],
            [
              -77.53473,
              1.44824
            ],
            [
              -77.59163,
              1.51298
            ],
            [
              -77.57618,
              1.55834
            ],
            [
              -77.59788,
              1.57885
            ],
            [
              -77.689,
              1.54812
            ],
            [
              -77.74536,
              1.58622
            ],
            [
              -77.74658,
              1.60444
            ],
            [
              -77.7767,
              1.60713
            ],
            [
              -77.77793,
              1.64951
            ],
            [
              -77.80826,
              1.66305
            ]
          ]
        ]
      },
      "properties": {
        "code": "52385",
        "departmentCode": "52",
        "name": "LA LLANADA",
        "originalCode": "385",
        "originalName": "LA LLANADA",
        "MPIO_TIPO": "MUNICIPIO",
        "type": "MUNICIPIO",
        "unitType": "municipio",
        "MPIO_NAREA": 245.26696136,
        "MPIO_NANO": 2024,
        "MPIO_CRSLCION": "Ordenanza 26 Noviembre 29 de 1989",
        "areaName": 245.26696136,
        "creationYear": 2024,
        "creationResolution": "Ordenanza 26 Noviembre 29 de 1989",
        "resultType": "observed",
        "source": "dane-divipola-mgn-2025",
        "year": 2025
      }
    },
    {
      "type": "Feature",
      "id": 2348,
      "geometry": {
        "type": "Polygon",
        "coordinates": [
          [
            [
              -78.22449,
              2.66466
            ],
            [
              -78.31104,
              2.65808
            ],
            [
              -78.23871,
              2.51144
            ],
            [
              -78.24177,
              2.45903
            ],
            [
              -78.19765,
              2.44816
            ],
            [
              -78.21834,
              2.38115
            ],
            [
              -78.20426,
              2.3058
            ],
            [
              -78.21918,
              2.27406
            ],
            [
              -78.20514,
              2.09295
            ],
            [
              -78.21521,
              2.05599
            ],
            [
              -78.1978,
              2.03303
            ],
            [
              -78.17006,
              2.09574
            ],
            [
              -78.18512,
              2.10759
            ],
            [
              -78.15909,
              2.42571
            ],
            [
              -78.16795,
              2.51435
            ],
            [
              -78.19108,
              2.5421
            ],
            [
              -78.18317,
              2.5841
            ],
            [
              -78.22449,
              2.66466
            ]
          ]
        ]
      },
      "properties": {
        "code": "52390",
        "departmentCode": "52",
        "name": "LA TOLA",
        "originalCode": "390",
        "originalName": "LA TOLA",
        "MPIO_TIPO": "MUNICIPIO",
        "type": "MUNICIPIO",
        "unitType": "municipio",
        "MPIO_NAREA": 416.52843024,
        "MPIO_NANO": 2024,
        "MPIO_CRSLCION": "Ordenanza 13 Noviembre 16 de 1988",
        "areaName": 416.52843024,
        "creationYear": 2024,
        "creationResolution": "Ordenanza 13 Noviembre 16 de 1988",
        "resultType": "observed",
        "source": "dane-divipola-mgn-2025",
        "year": 2025
      }
    },
    {
      "type": "Feature",
      "id": 2349,
      "geometry": {
        "type": "Polygon",
        "coordinates": [
          [
            [
              -77.14843,
              1.67959
            ],
            [
              -77.23748,
              1.65817
            ],
            [
              -77.21339,
              1.65512
            ],
            [
              -77.2149,
              1.63169
            ],
            [
              -77.17766,
              1.61102
            ],
            [
              -77.14775,
              1.53015
            ],
            [
              -77.11706,
              1.58996
            ],
            [
              -77.09951,
              1.58233
            ],
            [
              -77.09068,
              1.54873
            ],
            [
              -77.06275,
              1.55444
            ],
            [
              -77.10284,
              1.63623
            ],
            [
              -77.06596,
              1.67181
            ],
            [
              -77.13756,
              1.65493
            ],
            [
              -77.14843,
              1.67959
            ]
          ]
        ]
      },
      "properties": {
        "code": "52399",
        "departmentCode": "52",
        "name": "LA UNIÓN",
        "originalCode": "399",
        "originalName": "LA UNIÓN",
        "MPIO_TIPO": "MUNICIPIO",
        "type": "MUNICIPIO",
        "unitType": "municipio",
        "MPIO_NAREA": 142.26366766,
        "MPIO_NANO": 2024,
        "MPIO_CRSLCION": "Decreto 1840",
        "areaName": 142.26366766,
        "creationYear": 2024,
        "creationResolution": "Decreto 1840",
        "resultType": "observed",
        "source": "dane-divipola-mgn-2025",
        "year": 2025
      }
    },
    {
      "type": "Feature",
      "id": 2350,
      "geometry": {
        "type": "Polygon",
        "coordinates": [
          [
            [
              -77.30765,
              2.10945
            ],
            [
              -77.30876,
              2.12531
            ],
            [
              -77.35293,
              2.04818
            ],
            [
              -77.31134,
              2.01769
            ],
            [
              -77.31106,
              1.9673
            ],
            [
              -77.35964,
              1.96189
            ],
            [
              -77.37985,
              1.99367
            ],
            [
              -77.42124,
              1.90841
            ],
            [
              -77.40919,
              1.88711
            ],
            [
              -77.3847,
              1.87278
            ],
            [
              -77.35886,
              1.87985
            ],
            [
              -77.29781,
              1.83103
            ],
            [
              -77.20316,
              1.95204
            ],
            [
              -77.22057,
              1.98819
            ],
            [
              -77.25931,
              1.9941
            ],
            [
              -77.33276,
              2.05013
            ],
            [
              -77.30765,
              2.10945
            ]
          ]
        ]
      },
      "properties": {
        "code": "52405",
        "departmentCode": "52",
        "name": "LEIVA",
        "originalCode": "405",
        "originalName": "LEIVA",
        "MPIO_TIPO": "MUNICIPIO",
        "type": "MUNICIPIO",
        "unitType": "municipio",
        "MPIO_NAREA": 310.69804098,
        "MPIO_NANO": 2024,
        "MPIO_CRSLCION": "Decreto 30 BIS Enero 18 de 1978. Reglamenta la Ordenanza 02",
        "areaName": 310.69804098,
        "creationYear": 2024,
        "creationResolution": "Decreto 30 BIS Enero 18 de 1978. Reglamenta la Ordenanza 02",
        "resultType": "observed",
        "source": "dane-divipola-mgn-2025",
        "year": 2025
      }
    },
    {
      "type": "Feature",
      "id": 2351,
      "geometry": {
        "type": "Polygon",
        "coordinates": [
          [
            [
              -77.47416,
              1.50472
            ],
            [
              -77.5449,
              1.44479
            ],
            [
              -77.56885,
              1.39982
            ],
            [
              -77.57306,
              1.36164
            ],
            [
              -77.55147,
              1.35345
            ],
            [
              -77.56006,
              1.33146
            ],
            [
              -77.5385,
              1.30479
            ],
            [
              -77.50449,
              1.31685
            ],
            [
              -77.48257,
              1.35451
            ],
            [
              -77.4894,
              1.4648
            ],
            [
              -77.47416,
              1.50472
            ]
          ]
        ]
      },
      "properties": {
        "code": "52411",
        "departmentCode": "52",
        "name": "LINARES",
        "originalCode": "411",
        "originalName": "LINARES",
        "MPIO_TIPO": "MUNICIPIO",
        "type": "MUNICIPIO",
        "unitType": "municipio",
        "MPIO_NAREA": 135.77191367,
        "MPIO_NANO": 2024,
        "MPIO_CRSLCION": "Ordenanza 120 de 1871",
        "areaName": 135.77191367,
        "creationYear": 2024,
        "creationResolution": "Ordenanza 120 de 1871",
        "resultType": "observed",
        "source": "dane-divipola-mgn-2025",
        "year": 2025
      }
    },
    {
      "type": "Feature",
      "id": 2352,
      "geometry": {
        "type": "Polygon",
        "coordinates": [
          [
            [
              -77.7393,
              1.86913
            ],
            [
              -77.79671,
              1.85384
            ],
            [
              -77.79166,
              1.84323
            ],
            [
              -77.82722,
              1.82364
            ],
            [
              -77.82505,
              1.80574
            ],
            [
              -77.89043,
              1.79253
            ],
            [
              -77.88727,
              1.75336
            ],
            [
              -77.89938,
              1.75409
            ],
            [
              -77.92315,
              1.69885
            ],
            [
              -77.95275,
              1.70978
            ],
            [
              -77.9604,
              1.68609
            ],
            [
              -77.92437,
              1.66831
            ],
            [
              -77.88062,
              1.61396
            ],
            [
              -77.85242,
              1.62249
            ],
            [
              -77.82547,
              1.66652
            ],
            [
              -77.77819,
              1.64978
            ],
            [
              -77.7767,
              1.60713
            ],
            [
              -77.74658,
              1.60444
            ],
            [
              -77.74536,
              1.58622
            ],
            [
              -77.689,
              1.54812
            ],
            [
              -77.59959,
              1.57985
            ],
            [
              -77.57618,
              1.55834
            ],
            [
              -77.59153,
              1.51277
            ],
            [
              -77.53088,
              1.44738
            ],
            [
              -77.44338,
              1.5401
            ],
            [
              -77.44608,
              1.58803
            ],
            [
              -77.50347,
              1.61119
            ],
            [
              -77.54254,
              1.60368
            ],
            [
              -77.57109,
              1.57627
            ],
            [
              -77.58938,
              1.58373
            ],
            [
              -77.61246,
              1.66876
            ],
            [
              -77.65973,
              1.7014
            ],
            [
              -77.63682,
              1.77786
            ],
            [
              -77.66018,
              1.81098
            ],
            [
              -77.72229,
              1.81784
            ],
            [
              -77.7393,
              1.86913
            ]
          ]
        ]
      },
      "properties": {
        "code": "52418",
        "departmentCode": "52",
        "name": "LOS ANDES",
        "originalCode": "418",
        "originalName": "LOS ANDES",
        "MPIO_TIPO": "MUNICIPIO",
        "type": "MUNICIPIO",
        "unitType": "municipio",
        "MPIO_NAREA": 957.98128085,
        "MPIO_NANO": 2024,
        "MPIO_CRSLCION": "Ordenanza 25 de 1911",
        "areaName": 957.98128085,
        "creationYear": 2024,
        "creationResolution": "Ordenanza 25 de 1911",
        "resultType": "observed",
        "source": "dane-divipola-mgn-2025",
        "year": 2025
      }
    },
    {
      "type": "Feature",
      "id": 2353,
      "geometry": {
        "type": "Polygon",
        "coordinates": [
          [
            [
              -78.26928,
              1.82403
            ],
            [
              -78.25257,
              1.7487
            ],
            [
              -78.23325,
              1.73092
            ],
            [
              -78.2166,
              1.75273
            ],
            [
              -78.21506,
              1.71989
            ],
            [
              -78.19303,
              1.69886
            ],
            [
              -78.14482,
              1.72982
            ],
            [
              -78.05851,
              1.74577
            ],
            [
              -78.00549,
              1.72666
            ],
            [
              -77.95087,
              1.78058
            ],
            [
              -77.9115,
              1.77914
            ],
            [
              -77.8796,
              1.81234
            ],
            [
              -77.844,
              1.81846
            ],
            [
              -77.77603,
              1.8647
            ],
            [
              -77.73584,
              1.86844
            ],
            [
              -77.71245,
              1.81519
            ],
            [
              -77.70533,
              1.8596
            ],
            [
              -77.67287,
              1.86592
            ],
            [
              -77.71318,
              1.92336
            ],
            [
              -77.83439,
              1.92616
            ],
            [
              -77.86072,
              1.94961
            ],
            [
              -77.87262,
              1.97742
            ],
            [
              -77.86159,
              1.99389
            ],
            [
              -77.90074,
              2.04622
            ],
            [
              -77.88981,
              2.07059
            ],
            [
              -77.91735,
              2.0873
            ],
            [
              -77.95277,
              2.08287
            ],
            [
              -77.96314,
              2.11695
            ],
            [
              -77.99408,
              2.07121
            ],
            [
              -78.02471,
              2.0928
            ],
            [
              -78.03551,
              2.08072
            ],
            [
              -78.08092,
              2.0867
            ],
            [
              -78.08409,
              2.07042
            ],
            [
              -78.09545,
              2.08942
            ],
            [
              -78.11479,
              2.08159
            ],
            [
              -78.13667,
              2.10435
            ],
            [
              -78.18049,
              2.11115
            ],
            [
              -78.17006,
              2.09574
            ],
            [
              -78.18916,
              2.07659
            ],
            [
              -78.18729,
              2.03779
            ],
            [
              -78.27079,
              2.01761
            ],
            [
              -78.28307,
              1.90921
            ],
            [
              -78.27275,
              1.84317
            ],
            [
              -78.25822,
              1.83996
            ],
            [
              -78.26928,
              1.82403
            ]
          ]
        ]
      },
      "properties": {
        "code": "52427",
        "departmentCode": "52",
        "name": "MAGÜÍ",
        "originalCode": "427",
        "originalName": "MAGÜÍ",
        "MPIO_TIPO": "MUNICIPIO",
        "type": "MUNICIPIO",
        "unitType": "municipio",
        "MPIO_NAREA": 1810.60431157,
        "MPIO_NANO": 2024,
        "MPIO_CRSLCION": "1837",
        "areaName": 1810.60431157,
        "creationYear": 2024,
        "creationResolution": "1837",
        "resultType": "observed",
        "source": "dane-divipola-mgn-2025",
        "year": 2025
      }
    },
    {
      "type": "Feature",
      "id": 2354,
      "geometry": {
        "type": "Polygon",
        "coordinates": [
          [
            [
              -77.84933,
              1.32738
            ],
            [
              -77.84641,
              1.37886
            ],
            [
              -77.88074,
              1.32921
            ],
            [
              -77.91529,
              1.31111
            ],
            [
              -77.89175,
              1.25622
            ],
            [
              -77.9777,
              1.1993
            ],
            [
              -77.94189,
              1.12251
            ],
            [
              -77.95125,
              1.10235
            ],
            [
              -77.91801,
              1.08697
            ],
            [
              -77.90434,
              1.05819
            ],
            [
              -77.85545,
              1.04689
            ],
            [
              -77.79881,
              0.9989
            ],
            [
              -77.75503,
              1.04466
            ],
            [
              -77.76371,
              1.06631
            ],
            [
              -77.72611,
              1.07886
            ],
            [
              -77.71979,
              1.15194
            ],
            [
              -77.72372,
              1.16694
            ],
            [
              -77.75922,
              1.16536
            ],
            [
              -77.79415,
              1.22826
            ],
            [
              -77.84273,
              1.23845
            ],
            [
              -77.83474,
              1.28228
            ],
            [
              -77.86348,
              1.29568
            ],
            [
              -77.84933,
              1.32738
            ]
          ]
        ]
      },
      "properties": {
        "code": "52435",
        "departmentCode": "52",
        "name": "MALLAMA",
        "originalCode": "435",
        "originalName": "MALLAMA",
        "MPIO_TIPO": "MUNICIPIO",
        "type": "MUNICIPIO",
        "unitType": "municipio",
        "MPIO_NAREA": 569.75763636,
        "MPIO_NANO": 2024,
        "MPIO_CRSLCION": "Ordenanza 40 de 1926",
        "areaName": 569.75763636,
        "creationYear": 2024,
        "creationResolution": "Ordenanza 40 de 1926",
        "resultType": "observed",
        "source": "dane-divipola-mgn-2025",
        "year": 2025
      }
    },
    {
      "type": "Feature",
      "id": 2355,
      "geometry": {
        "type": "Polygon",
        "coordinates": [
          [
            [
              -78.32653,
              2.65641
            ],
            [
              -78.37122,
              2.63719
            ],
            [
              -78.39553,
              2.60303
            ],
            [
              -78.45518,
              2.59759
            ],
            [
              -78.45424,
              2.57553
            ],
            [
              -78.51425,
              2.50036
            ],
            [
              -78.55702,
              2.49158
            ],
            [
              -78.54853,
              2.45443
            ],
            [
              -78.56764,
              2.41941
            ],
            [
              -78.55612,
              2.41318
            ],
            [
              -78.56954,
              2.37961
            ],
            [
              -78.55158,
              2.36473
            ],
            [
              -78.55896,
              2.31918
            ],
            [
              -78.54172,
              2.3066
            ],
            [
              -78.53062,
              2.31585
            ],
            [
              -78.52597,
              2.29607
            ],
            [
              -78.48673,
              2.27744
            ],
            [
              -78.46702,
              2.2481
            ],
            [
              -78.42116,
              2.24199
            ],
            [
              -78.4133,
              2.2037
            ],
            [
              -78.3903,
              2.19048
            ],
            [
              -78.42651,
              2.27947
            ],
            [
              -78.34472,
              2.4258
            ],
            [
              -78.34227,
              2.52112
            ],
            [
              -78.30394,
              2.54107
            ],
            [
              -78.32653,
              2.65641
            ]
          ]
        ]
      },
      "properties": {
        "code": "52473",
        "departmentCode": "52",
        "name": "MOSQUERA",
        "originalCode": "473",
        "originalName": "MOSQUERA",
        "MPIO_TIPO": "MUNICIPIO",
        "type": "MUNICIPIO",
        "unitType": "municipio",
        "MPIO_NAREA": 769.31284228,
        "MPIO_NANO": 2024,
        "MPIO_CRSLCION": "1874",
        "areaName": 769.31284228,
        "creationYear": 2024,
        "creationResolution": "1874",
        "resultType": "observed",
        "source": "dane-divipola-mgn-2025",
        "year": 2025
      }
    },
    {
      "type": "Feature",
      "id": 2356,
      "geometry": {
        "type": "Polygon",
        "coordinates": [
          [
            [
              -77.34282,
              1.31465
            ],
            [
              -77.37576,
              1.30629
            ],
            [
              -77.35868,
              1.22112
            ],
            [
              -77.35252,
              1.26156
            ],
            [
              -77.33062,
              1.28459
            ],
            [
              -77.34282,
              1.31465
            ]
          ]
        ]
      },
      "properties": {
        "code": "52480",
        "departmentCode": "52",
        "name": "NARIÑO",
        "originalCode": "480",
        "originalName": "NARIÑO",
        "MPIO_TIPO": "MUNICIPIO",
        "type": "MUNICIPIO",
        "unitType": "municipio",
        "MPIO_NAREA": 25.33619716,
        "MPIO_NANO": 2024,
        "MPIO_CRSLCION": "Ordenanza 027 de Noviembre. 29 de 1999. Decreto 0312 del 24",
        "areaName": 25.33619716,
        "creationYear": 2024,
        "creationResolution": "Ordenanza 027 de Noviembre. 29 de 1999. Decreto 0312 del 24",
        "resultType": "observed",
        "source": "dane-divipola-mgn-2025",
        "year": 2025
      }
    },
    {
      "type": "Feature",
      "id": 2357,
      "geometry": {
        "type": "Polygon",
        "coordinates": [
          [
            [
              -78.29337,
              2.60959
            ],
            [
              -78.31104,
              2.65808
            ],
            [
              -78.32654,
              2.65659
            ],
            [
              -78.30394,
              2.54107
            ],
            [
              -78.34227,
              2.52112
            ],
            [
              -78.34472,
              2.4258
            ],
            [
              -78.42675,
              2.27444
            ],
            [
              -78.38088,
              2.19133
            ],
            [
              -78.3753,
              2.14118
            ],
            [
              -78.34891,
              2.12366
            ],
            [
              -78.35207,
              2.08325
            ],
            [
              -78.33588,
              2.07997
            ],
            [
              -78.3171,
              2.04294
            ],
            [
              -78.29602,
              2.04512
            ],
            [
              -78.29698,
              2.02431
            ],
            [
              -78.27059,
              2.01757
            ],
            [
              -78.20813,
              2.03514
            ],
            [
              -78.21918,
              2.27406
            ],
            [
              -78.20426,
              2.3059
            ],
            [
              -78.21834,
              2.38115
            ],
            [
              -78.19763,
              2.44784
            ],
            [
              -78.24177,
              2.45903
            ],
            [
              -78.23871,
              2.51144
            ],
            [
              -78.29337,
              2.60959
            ]
          ]
        ]
      },
      "properties": {
        "code": "52490",
        "departmentCode": "52",
        "name": "OLAYA HERRERA",
        "originalCode": "490",
        "originalName": "OLAYA HERRERA",
        "MPIO_TIPO": "MUNICIPIO",
        "type": "MUNICIPIO",
        "unitType": "municipio",
        "MPIO_NAREA": 1004.66826904,
        "MPIO_NANO": 2024,
        "MPIO_CRSLCION": "Ordenanza 85 de Noviembre 30 de 1975",
        "areaName": 1004.66826904,
        "creationYear": 2024,
        "creationResolution": "Ordenanza 85 de Noviembre 30 de 1975",
        "resultType": "observed",
        "source": "dane-divipola-mgn-2025",
        "year": 2025
      }
    },
    {
      "type": "Feature",
      "id": 2358,
      "geometry": {
        "type": "Polygon",
        "coordinates": [
          [
            [
              -77.55776,
              1.07007
            ],
            [
              -77.58762,
              1.04224
            ],
            [
              -77.59894,
              0.99538
            ],
            [
              -77.58892,
              0.98751
            ],
            [
              -77.49688,
              1.02439
            ],
            [
              -77.51408,
              1.06444
            ],
            [
              -77.55776,
              1.07007
            ]
          ]
        ]
      },
      "properties": {
        "code": "52506",
        "departmentCode": "52",
        "name": "OSPINA",
        "originalCode": "506",
        "originalName": "OSPINA",
        "MPIO_TIPO": "MUNICIPIO",
        "type": "MUNICIPIO",
        "unitType": "municipio",
        "MPIO_NAREA": 64.91169049,
        "MPIO_NANO": 2024,
        "MPIO_CRSLCION": "Ordenanza 50 de 1865",
        "areaName": 64.91169049,
        "creationYear": 2024,
        "creationResolution": "Ordenanza 50 de 1865",
        "resultType": "observed",
        "source": "dane-divipola-mgn-2025",
        "year": 2025
      }
    },
    {
      "type": "Feature",
      "id": 2359,
      "geometry": {
        "type": "Polygon",
        "coordinates": [
          [
            [
              -78.49091,
              2.27907
            ],
            [
              -78.5589,
              2.21358
            ],
            [
              -78.54954,
              2.19461
            ],
            [
              -78.60965,
              2.17253
            ],
            [
              -78.62582,
              2.18726
            ],
            [
              -78.62901,
              2.1552
            ],
            [
              -78.67274,
              2.18171
            ],
            [
              -78.67479,
              2.20702
            ],
            [
              -78.69452,
              2.2008
            ],
            [
              -78.70057,
              2.21437
            ],
            [
              -78.71167,
              2.17581
            ],
            [
              -78.68023,
              2.05918
            ],
            [
              -78.64982,
              2.04995
            ],
            [
              -78.67596,
              2.04951
            ],
            [
              -78.67033,
              1.97326
            ],
            [
              -78.64589,
              1.97843
            ],
            [
              -78.63574,
              2.01156
            ],
            [
              -78.585,
              1.97261
            ],
            [
              -78.60269,
              1.94701
            ],
            [
              -78.5966,
              1.89375
            ],
            [
              -78.53126,
              1.90394
            ],
            [
              -78.54396,
              1.97611
            ],
            [
              -78.51024,
              2.08676
            ],
            [
              -78.52917,
              2.13114
            ],
            [
              -78.50517,
              2.1446
            ],
            [
              -78.49435,
              2.23058
            ],
            [
              -78.46995,
              2.24994
            ],
            [
              -78.49091,
              2.27907
            ]
          ]
        ]
      },
      "properties": {
        "code": "52520",
        "departmentCode": "52",
        "name": "FRANCISCO PIZARRO",
        "originalCode": "520",
        "originalName": "FRANCISCO PIZARRO",
        "MPIO_TIPO": "MUNICIPIO",
        "type": "MUNICIPIO",
        "unitType": "municipio",
        "MPIO_NAREA": 526.10039535,
        "MPIO_NANO": 2024,
        "MPIO_CRSLCION": "Dto 126 de 28/02/1975.  Odenanza 52 30/11/1971",
        "areaName": 526.10039535,
        "creationYear": 2024,
        "creationResolution": "Dto 126 de 28/02/1975.  Odenanza 52 30/11/1971",
        "resultType": "observed",
        "source": "dane-divipola-mgn-2025",
        "year": 2025
      }
    },
    {
      "type": "Feature",
      "id": 2360,
      "geometry": {
        "type": "Polygon",
        "coordinates": [
          [
            [
              -77.58195,
              1.88268
            ],
            [
              -77.60907,
              1.87235
            ],
            [
              -77.62485,
              1.81926
            ],
            [
              -77.5916,
              1.78904
            ],
            [
              -77.5939,
              1.75858
            ],
            [
              -77.53018,
              1.74174
            ],
            [
              -77.50888,
              1.70358
            ],
            [
              -77.51813,
              1.6797
            ],
            [
              -77.4834,
              1.67105
            ],
            [
              -77.47342,
              1.60791
            ],
            [
              -77.48565,
              1.59589
            ],
            [
              -77.44971,
              1.58456
            ],
            [
              -77.39546,
              1.60576
            ],
            [
              -77.34839,
              1.68137
            ],
            [
              -77.3761,
              1.69813
            ],
            [
              -77.40778,
              1.68724
            ],
            [
              -77.39293,
              1.74121
            ],
            [
              -77.4217,
              1.82399
            ],
            [
              -77.4466,
              1.80885
            ],
            [
              -77.50828,
              1.81252
            ],
            [
              -77.52773,
              1.82458
            ],
            [
              -77.52822,
              1.84805
            ],
            [
              -77.58195,
              1.88268
            ]
          ]
        ]
      },
      "properties": {
        "code": "52540",
        "departmentCode": "52",
        "name": "POLICARPA",
        "originalCode": "540",
        "originalName": "POLICARPA",
        "MPIO_TIPO": "MUNICIPIO",
        "type": "MUNICIPIO",
        "unitType": "municipio",
        "MPIO_NAREA": 434.66530157,
        "MPIO_NANO": 2024,
        "MPIO_CRSLCION": "Ordenanza 22 Noviembre 28 de 1972",
        "areaName": 434.66530157,
        "creationYear": 2024,
        "creationResolution": "Ordenanza 22 Noviembre 28 de 1972",
        "resultType": "observed",
        "source": "dane-divipola-mgn-2025",
        "year": 2025
      }
    },
    {
      "type": "Feature",
      "id": 2361,
      "geometry": {
        "type": "Polygon",
        "coordinates": [
          [
            [
              -77.55431,
              0.83191
            ],
            [
              -77.57074,
              0.82793
            ],
            [
              -77.57928,
              0.80201
            ],
            [
              -77.60665,
              0.79969
            ],
            [
              -77.60328,
              0.78388
            ],
            [
              -77.64227,
              0.7288
            ],
            [
              -77.5824,
              0.72648
            ],
            [
              -77.48218,
              0.75667
            ],
            [
              -77.43612,
              0.71112
            ],
            [
              -77.42813,
              0.66875
            ],
            [
              -77.37968,
              0.63787
            ],
            [
              -77.38602,
              0.62733
            ],
            [
              -77.18681,
              0.63095
            ],
            [
              -77.26353,
              0.69612
            ],
            [
              -77.33333,
              0.69912
            ],
            [
              -77.34637,
              0.71974
            ],
            [
              -77.363,
              0.71847
            ],
            [
              -77.37062,
              0.75208
            ],
            [
              -77.44534,
              0.7957
            ],
            [
              -77.47493,
              0.79157
            ],
            [
              -77.49768,
              0.82874
            ],
            [
              -77.55431,
              0.83191
            ]
          ]
        ]
      },
      "properties": {
        "code": "52560",
        "departmentCode": "52",
        "name": "POTOSÍ",
        "originalCode": "560",
        "originalName": "POTOSÍ",
        "MPIO_TIPO": "MUNICIPIO",
        "type": "MUNICIPIO",
        "unitType": "municipio",
        "MPIO_NAREA": 388.67689179,
        "MPIO_NANO": 2024,
        "MPIO_CRSLCION": "1571",
        "areaName": 388.67689179,
        "creationYear": 2024,
        "creationResolution": "1571",
        "resultType": "observed",
        "source": "dane-divipola-mgn-2025",
        "year": 2025
      }
    },
    {
      "type": "Feature",
      "id": 2362,
      "geometry": {
        "type": "Polygon",
        "coordinates": [
          [
            [
              -77.60275,
              1.2995
            ],
            [
              -77.61489,
              1.29693
            ],
            [
              -77.6222,
              1.22175
            ],
            [
              -77.57854,
              1.17107
            ],
            [
              -77.57827,
              1.22504
            ],
            [
              -77.60275,
              1.2995
            ]
          ]
        ]
      },
      "properties": {
        "code": "52565",
        "departmentCode": "52",
        "name": "PROVIDENCIA",
        "originalCode": "565",
        "originalName": "PROVIDENCIA",
        "MPIO_TIPO": "MUNICIPIO",
        "type": "MUNICIPIO",
        "unitType": "municipio",
        "MPIO_NAREA": 40.02681012,
        "MPIO_NANO": 2024,
        "MPIO_CRSLCION": "Ordenanza 34 Noviembre 27 de 1992",
        "areaName": 40.02681012,
        "creationYear": 2024,
        "creationResolution": "Ordenanza 34 Noviembre 27 de 1992",
        "resultType": "observed",
        "source": "dane-divipola-mgn-2025",
        "year": 2025
      }
    },
    {
      "type": "Feature",
      "id": 2363,
      "geometry": {
        "type": "Polygon",
        "coordinates": [
          [
            [
              -77.47991,
              0.92322
            ],
            [
              -77.51577,
              0.91905
            ],
            [
              -77.54144,
              0.89201
            ],
            [
              -77.48689,
              0.84305
            ],
            [
              -77.40467,
              0.84874
            ],
            [
              -77.32603,
              0.79408
            ],
            [
              -77.29845,
              0.79947
            ],
            [
              -77.28447,
              0.75654
            ],
            [
              -77.23245,
              0.73333
            ],
            [
              -77.17698,
              0.67111
            ],
            [
              -77.15916,
              0.74383
            ],
            [
              -77.18156,
              0.74883
            ],
            [
              -77.21133,
              0.78803
            ],
            [
              -77.22712,
              0.88522
            ],
            [
              -77.26869,
              0.87434
            ],
            [
              -77.33525,
              0.89051
            ],
            [
              -77.43386,
              0.88536
            ],
            [
              -77.47991,
              0.92322
            ]
          ]
        ]
      },
      "properties": {
        "code": "52573",
        "departmentCode": "52",
        "name": "PUERRES",
        "originalCode": "573",
        "originalName": "PUERRES",
        "MPIO_TIPO": "MUNICIPIO",
        "type": "MUNICIPIO",
        "unitType": "municipio",
        "MPIO_NAREA": 350.4603319,
        "MPIO_NANO": 2024,
        "MPIO_CRSLCION": "1881",
        "areaName": 350.4603319,
        "creationYear": 2024,
        "creationResolution": "1881",
        "resultType": "observed",
        "source": "dane-divipola-mgn-2025",
        "year": 2025
      }
    },
    {
      "type": "Feature",
      "id": 2364,
      "geometry": {
        "type": "Polygon",
        "coordinates": [
          [
            [
              -77.61002,
              0.99431
            ],
            [
              -77.67612,
              0.96432
            ],
            [
              -77.66876,
              0.95039
            ],
            [
              -77.68869,
              0.91063
            ],
            [
              -77.67545,
              0.90036
            ],
            [
              -77.6885,
              0.89495
            ],
            [
              -77.68094,
              0.86253
            ],
            [
              -77.64937,
              0.86821
            ],
            [
              -77.60011,
              0.8426
            ],
            [
              -77.59208,
              0.88245
            ],
            [
              -77.56651,
              0.89094
            ],
            [
              -77.59728,
              0.90639
            ],
            [
              -77.61116,
              0.93542
            ],
            [
              -77.58907,
              0.96467
            ],
            [
              -77.59529,
              0.99264
            ],
            [
              -77.61002,
              0.99431
            ]
          ]
        ]
      },
      "properties": {
        "code": "52585",
        "departmentCode": "52",
        "name": "PUPIALES",
        "originalCode": "585",
        "originalName": "PUPIALES",
        "MPIO_TIPO": "MUNICIPIO",
        "type": "MUNICIPIO",
        "unitType": "municipio",
        "MPIO_NAREA": 129.8037353,
        "MPIO_NANO": 2024,
        "MPIO_CRSLCION": "Ordenanzas 7 y 11 de 1871",
        "areaName": 129.8037353,
        "creationYear": 2024,
        "creationResolution": "Ordenanzas 7 y 11 de 1871",
        "resultType": "observed",
        "source": "dane-divipola-mgn-2025",
        "year": 2025
      }
    },
    {
      "type": "Feature",
      "id": 2365,
      "geometry": {
        "type": "Polygon",
        "coordinates": [
          [
            [
              -77.86946,
              1.4831
            ],
            [
              -77.88901,
              1.46736
            ],
            [
              -77.88163,
              1.43439
            ],
            [
              -77.90047,
              1.40617
            ],
            [
              -78.00872,
              1.42641
            ],
            [
              -78.03584,
              1.40383
            ],
            [
              -78.05004,
              1.37846
            ],
            [
              -78.04849,
              1.31115
            ],
            [
              -78.02148,
              1.26716
            ],
            [
              -78.02735,
              1.25229
            ],
            [
              -78.06739,
              1.25089
            ],
            [
              -78.09737,
              1.23637
            ],
            [
              -78.10713,
              1.20622
            ],
            [
              -78.29094,
              1.13816
            ],
            [
              -78.28196,
              1.11096
            ],
            [
              -78.25108,
              1.09946
            ],
            [
              -78.25189,
              1.07918
            ],
            [
              -78.27703,
              1.07291
            ],
            [
              -78.28089,
              1.0554
            ],
            [
              -78.20896,
              1.00467
            ],
            [
              -77.91651,
              1.07858
            ],
            [
              -77.95142,
              1.10255
            ],
            [
              -77.94189,
              1.12251
            ],
            [
              -77.9777,
              1.1993
            ],
            [
              -77.89175,
              1.25622
            ],
            [
              -77.91529,
              1.31111
            ],
            [
              -77.88074,
              1.32921
            ],
            [
              -77.84269,
              1.37924
            ],
            [
              -77.85287,
              1.39589
            ],
            [
              -77.82601,
              1.4141
            ],
            [
              -77.84158,
              1.42651
            ],
            [
              -77.83784,
              1.46133
            ],
            [
              -77.86002,
              1.45675
            ],
            [
              -77.86946,
              1.4831
            ]
          ]
        ]
      },
      "properties": {
        "code": "52612",
        "departmentCode": "52",
        "name": "RICAURTE",
        "originalCode": "612",
        "originalName": "RICAURTE",
        "MPIO_TIPO": "MUNICIPIO",
        "type": "MUNICIPIO",
        "unitType": "municipio",
        "MPIO_NAREA": 1057.19519655,
        "MPIO_NANO": 2024,
        "MPIO_CRSLCION": "Ordenanza 22 de 1881",
        "areaName": 1057.19519655,
        "creationYear": 2024,
        "creationResolution": "Ordenanza 22 de 1881",
        "resultType": "observed",
        "source": "dane-divipola-mgn-2025",
        "year": 2025
      }
    },
    {
      "type": "Feature",
      "id": 2366,
      "geometry": {
        "type": "Polygon",
        "coordinates": [
          [
            [
              -78.26928,
              1.82403
            ],
            [
              -78.25822,
              1.83996
            ],
            [
              -78.27275,
              1.84317
            ],
            [
              -78.28307,
              1.90925
            ],
            [
              -78.26729,
              1.96962
            ],
            [
              -78.27832,
              1.98805
            ],
            [
              -78.26392,
              2.00914
            ],
            [
              -78.29705,
              2.02438
            ],
            [
              -78.29611,
              2.04519
            ],
            [
              -78.33695,
              2.06021
            ],
            [
              -78.33575,
              2.07977
            ],
            [
              -78.35247,
              2.08441
            ],
            [
              -78.34898,
              2.12383
            ],
            [
              -78.38373,
              2.15842
            ],
            [
              -78.38099,
              2.19153
            ],
            [
              -78.4133,
              2.2037
            ],
            [
              -78.41981,
              2.24084
            ],
            [
              -78.46995,
              2.24994
            ],
            [
              -78.49435,
              2.23058
            ],
            [
              -78.50517,
              2.1446
            ],
            [
              -78.52917,
              2.13114
            ],
            [
              -78.51024,
              2.08676
            ],
            [
              -78.53472,
              1.97362
            ],
            [
              -78.46395,
              1.90031
            ],
            [
              -78.47562,
              1.85378
            ],
            [
              -78.44832,
              1.8045
            ],
            [
              -78.47154,
              1.78505
            ],
            [
              -78.40823,
              1.74656
            ],
            [
              -78.36695,
              1.65926
            ],
            [
              -78.40021,
              1.6349
            ],
            [
              -78.36689,
              1.58776
            ],
            [
              -78.40878,
              1.5396
            ],
            [
              -78.39677,
              1.49016
            ],
            [
              -78.34786,
              1.51564
            ],
            [
              -78.33344,
              1.58224
            ],
            [
              -78.30359,
              1.57744
            ],
            [
              -78.28728,
              1.59619
            ],
            [
              -78.29363,
              1.61273
            ],
            [
              -78.27175,
              1.61264
            ],
            [
              -78.22693,
              1.67239
            ],
            [
              -78.24063,
              1.70012
            ],
            [
              -78.22688,
              1.72983
            ],
            [
              -78.26101,
              1.76594
            ],
            [
              -78.26928,
              1.82403
            ]
          ]
        ]
      },
      "properties": {
        "code": "52621",
        "departmentCode": "52",
        "name": "ROBERTO PAYÁN",
        "originalCode": "621",
        "originalName": "ROBERTO PAYÁN",
        "MPIO_TIPO": "MUNICIPIO",
        "type": "MUNICIPIO",
        "unitType": "municipio",
        "MPIO_NAREA": 1460.0405887,
        "MPIO_NANO": 2024,
        "MPIO_CRSLCION": "1937",
        "areaName": 1460.0405887,
        "creationYear": 2024,
        "creationResolution": "1937",
        "resultType": "observed",
        "source": "dane-divipola-mgn-2025",
        "year": 2025
      }
    },
    {
      "type": "Feature",
      "id": 2367,
      "geometry": {
        "type": "Polygon",
        "coordinates": [
          [
            [
              -77.81711,
              1.59441
            ],
            [
              -77.85105,
              1.58802
            ],
            [
              -77.85471,
              1.56083
            ],
            [
              -77.83794,
              1.55555
            ],
            [
              -77.88378,
              1.48778
            ],
            [
              -77.86002,
              1.45675
            ],
            [
              -77.80654,
              1.45513
            ],
            [
              -77.79458,
              1.42236
            ],
            [
              -77.7601,
              1.39429
            ],
            [
              -77.73371,
              1.39596
            ],
            [
              -77.70861,
              1.35784
            ],
            [
              -77.65211,
              1.3428
            ],
            [
              -77.63782,
              1.30675
            ],
            [
              -77.60379,
              1.30359
            ],
            [
              -77.57336,
              1.1895
            ],
            [
              -77.53796,
              1.30126
            ],
            [
              -77.56006,
              1.33146
            ],
            [
              -77.55147,
              1.35345
            ],
            [
              -77.57306,
              1.36164
            ],
            [
              -77.54981,
              1.43322
            ],
            [
              -77.57885,
              1.43005
            ],
            [
              -77.61098,
              1.50272
            ],
            [
              -77.64693,
              1.52996
            ],
            [
              -77.6955,
              1.52923
            ],
            [
              -77.72372,
              1.50343
            ],
            [
              -77.74492,
              1.53565
            ],
            [
              -77.75797,
              1.53126
            ],
            [
              -77.75362,
              1.54467
            ],
            [
              -77.78572,
              1.53496
            ],
            [
              -77.80847,
              1.56512
            ],
            [
              -77.79429,
              1.56547
            ],
            [
              -77.80169,
              1.58814
            ],
            [
              -77.81711,
              1.59441
            ]
          ]
        ]
      },
      "properties": {
        "code": "52678",
        "departmentCode": "52",
        "name": "SAMANIEGO",
        "originalCode": "678",
        "originalName": "SAMANIEGO",
        "MPIO_TIPO": "MUNICIPIO",
        "type": "MUNICIPIO",
        "unitType": "municipio",
        "MPIO_NAREA": 605.73850579,
        "MPIO_NANO": 2024,
        "MPIO_CRSLCION": "1864",
        "areaName": 605.73850579,
        "creationYear": 2024,
        "creationResolution": "1864",
        "resultType": "observed",
        "source": "dane-divipola-mgn-2025",
        "year": 2025
      }
    },
    {
      "type": "Feature",
      "id": 2368,
      "geometry": {
        "type": "Polygon",
        "coordinates": [
          [
            [
              -77.47636,
              1.36684
            ],
            [
              -77.50372,
              1.33322
            ],
            [
              -77.50614,
              1.26388
            ],
            [
              -77.37831,
              1.22864
            ],
            [
              -77.41606,
              1.29057
            ],
            [
              -77.45272,
              1.30694
            ],
            [
              -77.47636,
              1.36684
            ]
          ]
        ]
      },
      "properties": {
        "code": "52683",
        "departmentCode": "52",
        "name": "SANDONÁ",
        "originalCode": "683",
        "originalName": "SANDONÁ",
        "MPIO_TIPO": "MUNICIPIO",
        "type": "MUNICIPIO",
        "unitType": "municipio",
        "MPIO_NAREA": 101.71331605,
        "MPIO_NANO": 2024,
        "MPIO_CRSLCION": "Ordenanza 33 de 1868",
        "areaName": 101.71331605,
        "creationYear": 2024,
        "creationResolution": "Ordenanza 33 de 1868",
        "resultType": "observed",
        "source": "dane-divipola-mgn-2025",
        "year": 2025
      }
    },
    {
      "type": "Feature",
      "id": 2369,
      "geometry": {
        "type": "Polygon",
        "coordinates": [
          [
            [
              -77.00567,
              1.56509
            ],
            [
              -77.02042,
              1.57535
            ],
            [
              -77.06229,
              1.55501
            ],
            [
              -77.0653,
              1.49474
            ],
            [
              -77.04501,
              1.48698
            ],
            [
              -76.9936,
              1.51783
            ],
            [
              -76.9316,
              1.50069
            ],
            [
              -76.97943,
              1.54457
            ],
            [
              -76.99284,
              1.53965
            ],
            [
              -77.00567,
              1.56509
            ]
          ]
        ]
      },
      "properties": {
        "code": "52685",
        "departmentCode": "52",
        "name": "SAN BERNARDO",
        "originalCode": "685",
        "originalName": "SAN BERNARDO",
        "MPIO_TIPO": "MUNICIPIO",
        "type": "MUNICIPIO",
        "unitType": "municipio",
        "MPIO_NAREA": 65.21026402,
        "MPIO_NANO": 2024,
        "MPIO_CRSLCION": "Ordenanza 23 Noviembre 26  de 1992",
        "areaName": 65.21026402,
        "creationYear": 2024,
        "creationResolution": "Ordenanza 23 Noviembre 26  de 1992",
        "resultType": "observed",
        "source": "dane-divipola-mgn-2025",
        "year": 2025
      }
    },
    {
      "type": "Feature",
      "id": 2370,
      "geometry": {
        "type": "Polygon",
        "coordinates": [
          [
            [
              -77.25601,
              1.67039
            ],
            [
              -77.26988,
              1.66481
            ],
            [
              -77.25601,
              1.62896
            ],
            [
              -77.25923,
              1.54434
            ],
            [
              -77.30176,
              1.51933
            ],
            [
              -77.29826,
              1.50258
            ],
            [
              -77.24566,
              1.45618
            ],
            [
              -77.18373,
              1.44796
            ],
            [
              -77.16043,
              1.46
            ],
            [
              -77.15933,
              1.51225
            ],
            [
              -77.14562,
              1.52826
            ],
            [
              -77.1778,
              1.61121
            ],
            [
              -77.2149,
              1.63169
            ],
            [
              -77.21363,
              1.65531
            ],
            [
              -77.25601,
              1.67039
            ]
          ]
        ]
      },
      "properties": {
        "code": "52687",
        "departmentCode": "52",
        "name": "SAN LORENZO",
        "originalCode": "687",
        "originalName": "SAN LORENZO",
        "MPIO_TIPO": "MUNICIPIO",
        "type": "MUNICIPIO",
        "unitType": "municipio",
        "MPIO_NAREA": 249.35495437,
        "MPIO_NANO": 2024,
        "MPIO_CRSLCION": "1886",
        "areaName": 249.35495437,
        "creationYear": 2024,
        "creationResolution": "1886",
        "resultType": "observed",
        "source": "dane-divipola-mgn-2025",
        "year": 2025
      }
    },
    {
      "type": "Feature",
      "id": 2371,
      "geometry": {
        "type": "Polygon",
        "coordinates": [
          [
            [
              -76.93441,
              1.72755
            ],
            [
              -76.99833,
              1.70733
            ],
            [
              -77.02646,
              1.71392
            ],
            [
              -77.05685,
              1.69905
            ],
            [
              -77.06883,
              1.66504
            ],
            [
              -76.97882,
              1.65917
            ],
            [
              -76.96162,
              1.62872
            ],
            [
              -76.94046,
              1.63412
            ],
            [
              -76.89992,
              1.66039
            ],
            [
              -76.93441,
              1.72755
            ]
          ]
        ]
      },
      "properties": {
        "code": "52693",
        "departmentCode": "52",
        "name": "SAN PABLO",
        "originalCode": "693",
        "originalName": "SAN PABLO",
        "MPIO_TIPO": "MUNICIPIO",
        "type": "MUNICIPIO",
        "unitType": "municipio",
        "MPIO_NAREA": 111.93476788,
        "MPIO_NANO": 2024,
        "MPIO_CRSLCION": "1773",
        "areaName": 111.93476788,
        "creationYear": 2024,
        "creationResolution": "1773",
        "resultType": "observed",
        "source": "dane-divipola-mgn-2025",
        "year": 2025
      }
    },
    {
      "type": "Feature",
      "id": 2372,
      "geometry": {
        "type": "Polygon",
        "coordinates": [
          [
            [
              -77.11613,
              1.58968
            ],
            [
              -77.14762,
              1.5293
            ],
            [
              -77.08188,
              1.48715
            ],
            [
              -77.0573,
              1.55173
            ],
            [
              -77.09068,
              1.54873
            ],
            [
              -77.09747,
              1.57912
            ],
            [
              -77.11613,
              1.58968
            ]
          ]
        ]
      },
      "properties": {
        "code": "52694",
        "departmentCode": "52",
        "name": "SAN PEDRO DE CARTAGO",
        "originalCode": "694",
        "originalName": "SAN PEDRO DE CARTAGO",
        "MPIO_TIPO": "MUNICIPIO",
        "type": "MUNICIPIO",
        "unitType": "municipio",
        "MPIO_NAREA": 55.68932278,
        "MPIO_NANO": 2024,
        "MPIO_CRSLCION": "Ordenanza 25   Noviembre 29 de 1989",
        "areaName": 55.68932278,
        "creationYear": 2024,
        "creationResolution": "Ordenanza 25   Noviembre 29 de 1989",
        "resultType": "observed",
        "source": "dane-divipola-mgn-2025",
        "year": 2025
      }
    },
    {
      "type": "Feature",
      "id": 2373,
      "geometry": {
        "type": "Polygon",
        "coordinates": [
          [
            [
              -77.97822,
              2.6617
            ],
            [
              -78.03525,
              2.64816
            ],
            [
              -78.06797,
              2.61076
            ],
            [
              -78.097,
              2.64733
            ],
            [
              -78.11661,
              2.62402
            ],
            [
              -78.07521,
              2.51831
            ],
            [
              -78.09257,
              2.4871
            ],
            [
              -78.05783,
              2.47655
            ],
            [
              -78.05184,
              2.43277
            ],
            [
              -77.949,
              2.29758
            ],
            [
              -77.91529,
              2.22537
            ],
            [
              -77.94053,
              2.16143
            ],
            [
              -77.92263,
              2.12756
            ],
            [
              -77.86189,
              2.09721
            ],
            [
              -77.82822,
              2.04423
            ],
            [
              -77.72466,
              1.99187
            ],
            [
              -77.67665,
              1.988
            ],
            [
              -77.65432,
              2.02415
            ],
            [
              -77.62297,
              2.03402
            ],
            [
              -77.58191,
              2.02541
            ],
            [
              -77.59922,
              2.16782
            ],
            [
              -77.64562,
              2.16854
            ],
            [
              -77.73936,
              2.13357
            ],
            [
              -77.84875,
              2.19119
            ],
            [
              -77.84792,
              2.26059
            ],
            [
              -77.91879,
              2.4167
            ],
            [
              -77.91735,
              2.60696
            ],
            [
              -77.92834,
              2.6404
            ],
            [
              -77.94537,
              2.62567
            ],
            [
              -77.97822,
              2.6617
            ]
          ]
        ]
      },
      "properties": {
        "code": "52696",
        "departmentCode": "52",
        "name": "SANTA BÁRBARA",
        "originalCode": "696",
        "originalName": "SANTA BÁRBARA",
        "MPIO_TIPO": "MUNICIPIO",
        "type": "MUNICIPIO",
        "unitType": "municipio",
        "MPIO_NAREA": 1226.12646798,
        "MPIO_NANO": 2024,
        "MPIO_CRSLCION": "Ordenanza 58 Noviembre 30 de 1966",
        "areaName": 1226.12646798,
        "creationYear": 2024,
        "creationResolution": "Ordenanza 58 Noviembre 30 de 1966",
        "resultType": "observed",
        "source": "dane-divipola-mgn-2025",
        "year": 2025
      }
    },
    {
      "type": "Feature",
      "id": 2374,
      "geometry": {
        "type": "Polygon",
        "coordinates": [
          [
            [
              -77.8378,
              1.46392
            ],
            [
              -77.84158,
              1.42651
            ],
            [
              -77.82593,
              1.41442
            ],
            [
              -77.85287,
              1.39589
            ],
            [
              -77.84301,
              1.35274
            ],
            [
              -77.86281,
              1.28979
            ],
            [
              -77.83474,
              1.28228
            ],
            [
              -77.84213,
              1.23786
            ],
            [
              -77.79415,
              1.22826
            ],
            [
              -77.75626,
              1.1634
            ],
            [
              -77.72276,
              1.16649
            ],
            [
              -77.72254,
              1.09863
            ],
            [
              -77.69932,
              1.0934
            ],
            [
              -77.66164,
              1.15485
            ],
            [
              -77.66348,
              1.2215
            ],
            [
              -77.61426,
              1.29769
            ],
            [
              -77.6416,
              1.30997
            ],
            [
              -77.65211,
              1.3428
            ],
            [
              -77.70861,
              1.35784
            ],
            [
              -77.73371,
              1.39596
            ],
            [
              -77.76298,
              1.39586
            ],
            [
              -77.80637,
              1.45498
            ],
            [
              -77.8378,
              1.46392
            ]
          ]
        ]
      },
      "properties": {
        "code": "52699",
        "departmentCode": "52",
        "name": "SANTACRUZ",
        "originalCode": "699",
        "originalName": "SANTACRUZ",
        "MPIO_TIPO": "MUNICIPIO",
        "type": "MUNICIPIO",
        "unitType": "municipio",
        "MPIO_NAREA": 541.17976584,
        "MPIO_NANO": 2024,
        "MPIO_CRSLCION": "Ordenanza 40 de 1913",
        "areaName": 541.17976584,
        "creationYear": 2024,
        "creationResolution": "Ordenanza 40 de 1913",
        "resultType": "observed",
        "source": "dane-divipola-mgn-2025",
        "year": 2025
      }
    },
    {
      "type": "Feature",
      "id": 2375,
      "geometry": {
        "type": "Polygon",
        "coordinates": [
          [
            [
              -77.71499,
              1.0915
            ],
            [
              -77.76371,
              1.06631
            ],
            [
              -77.76411,
              1.03977
            ],
            [
              -77.7285,
              1.00134
            ],
            [
              -77.70549,
              0.98531
            ],
            [
              -77.67482,
              1.01772
            ],
            [
              -77.59529,
              0.99264
            ],
            [
              -77.58082,
              1.05528
            ],
            [
              -77.64323,
              1.03694
            ],
            [
              -77.69361,
              1.06867
            ],
            [
              -77.69765,
              1.09293
            ],
            [
              -77.71499,
              1.0915
            ]
          ]
        ]
      },
      "properties": {
        "code": "52720",
        "departmentCode": "52",
        "name": "SAPUYES",
        "originalCode": "720",
        "originalName": "SAPUYES",
        "MPIO_TIPO": "MUNICIPIO",
        "type": "MUNICIPIO",
        "unitType": "municipio",
        "MPIO_NAREA": 115.6803778,
        "MPIO_NANO": 2024,
        "MPIO_CRSLCION": "1849",
        "areaName": 115.6803778,
        "creationYear": 2024,
        "creationResolution": "1849",
        "resultType": "observed",
        "source": "dane-divipola-mgn-2025",
        "year": 2025
      }
    },
    {
      "type": "Feature",
      "id": 2376,
      "geometry": {
        "type": "Polygon",
        "coordinates": [
          [
            [
              -77.32644,
              1.67981
            ],
            [
              -77.35584,
              1.66821
            ],
            [
              -77.39023,
              1.61771
            ],
            [
              -77.40267,
              1.54423
            ],
            [
              -77.32214,
              1.50035
            ],
            [
              -77.25931,
              1.54408
            ],
            [
              -77.25601,
              1.62896
            ],
            [
              -77.25983,
              1.65645
            ],
            [
              -77.28169,
              1.67371
            ],
            [
              -77.32644,
              1.67981
            ]
          ]
        ]
      },
      "properties": {
        "code": "52786",
        "departmentCode": "52",
        "name": "TAMINANGO",
        "originalCode": "786",
        "originalName": "TAMINANGO",
        "MPIO_TIPO": "MUNICIPIO",
        "type": "MUNICIPIO",
        "unitType": "municipio",
        "MPIO_NAREA": 234.79956527,
        "MPIO_NANO": 2024,
        "MPIO_CRSLCION": "1834",
        "areaName": 234.79956527,
        "creationYear": 2024,
        "creationResolution": "1834",
        "resultType": "observed",
        "source": "dane-divipola-mgn-2025",
        "year": 2025
      }
    },
    {
      "type": "Feature",
      "id": 2377,
      "geometry": {
        "type": "Polygon",
        "coordinates": [
          [
            [
              -77.30576,
              1.11074
            ],
            [
              -77.36156,
              1.20237
            ],
            [
              -77.37918,
              1.19201
            ],
            [
              -77.36548,
              1.13373
            ],
            [
              -77.42739,
              1.07207
            ],
            [
              -77.41069,
              1.02792
            ],
            [
              -77.37203,
              1.02591
            ],
            [
              -77.33906,
              0.94844
            ],
            [
              -77.32009,
              0.95313
            ],
            [
              -77.2943,
              0.99817
            ],
            [
              -77.28502,
              1.0516
            ],
            [
              -77.3166,
              1.08702
            ],
            [
              -77.30576,
              1.11074
            ]
          ]
        ]
      },
      "properties": {
        "code": "52788",
        "departmentCode": "52",
        "name": "TANGUA",
        "originalCode": "788",
        "originalName": "TANGUA",
        "MPIO_TIPO": "MUNICIPIO",
        "type": "MUNICIPIO",
        "unitType": "municipio",
        "MPIO_NAREA": 218.17328065,
        "MPIO_NANO": 2024,
        "MPIO_CRSLCION": "Ordenanza 103 de 1874",
        "areaName": 218.17328065,
        "creationYear": 2024,
        "creationResolution": "Ordenanza 103 de 1874",
        "resultType": "observed",
        "source": "dane-divipola-mgn-2025",
        "year": 2025
      }
    },
    {
      "type": "Feature",
      "id": 2378,
      "geometry": {
        "type": "MultiPolygon",
        "coordinates": [
          [
            [
              [
                -78.88843,
                1.51049
              ],
              [
                -78.89501,
                1.50683
              ],
              [
                -78.87654,
                1.50913
              ],
              [
                -78.88843,
                1.51049
              ]
            ]
          ],
          [
            [
              [
                -78.51717,
                1.94718
              ],
              [
                -78.5349,
                1.97933
              ],
              [
                -78.5188,
                2.03469
              ],
              [
                -78.54396,
                1.97611
              ],
              [
                -78.52934,
                1.91576
              ],
              [
                -78.55124,
                1.89794
              ],
              [
                -78.54247,
                1.80211
              ],
              [
                -78.56403,
                1.79215
              ],
              [
                -78.55365,
                1.75773
              ],
              [
                -78.56985,
                1.74441
              ],
              [
                -78.58268,
                1.74111
              ],
              [
                -78.56859,
                1.75125
              ],
              [
                -78.58074,
                1.77845
              ],
              [
                -78.5998,
                1.77354
              ],
              [
                -78.59902,
                1.79356
              ],
              [
                -78.65127,
                1.79369
              ],
              [
                -78.65446,
                1.77509
              ],
              [
                -78.67953,
                1.78907
              ],
              [
                -78.68667,
                1.74835
              ],
              [
                -78.69258,
                1.79047
              ],
              [
                -78.69946,
                1.76977
              ],
              [
                -78.71659,
                1.79342
              ],
              [
                -78.71377,
                1.74567
              ],
              [
                -78.72837,
                1.7325
              ],
              [
                -78.73809,
                1.74546
              ],
              [
                -78.76217,
                1.74145
              ],
              [
                -78.72647,
                1.75309
              ],
              [
                -78.74721,
                1.76577
              ],
              [
                -78.72585,
                1.7628
              ],
              [
                -78.73827,
                1.79693
              ],
              [
                -78.74372,
                1.78548
              ],
              [
                -78.75602,
                1.79814
              ],
              [
                -78.75755,
                1.77713
              ],
              [
                -78.7851,
                1.79859
              ],
              [
                -78.75991,
                1.81973
              ],
              [
                -78.75181,
                1.80567
              ],
              [
                -78.72373,
                1.82353
              ],
              [
                -78.76863,
                1.82229
              ],
              [
                -78.81193,
                1.78697
              ],
              [
                -78.77971,
                1.82452
              ],
              [
                -78.80856,
                1.82956
              ],
              [
                -78.86491,
                1.80334
              ],
              [
                -78.93084,
                1.73415
              ],
              [
                -78.95442,
                1.68437
              ],
              [
                -79.00689,
                1.65804
              ],
              [
                -78.9986,
                1.63884
              ],
              [
                -79.01021,
                1.63392
              ],
              [
                -78.98159,
                1.59391
              ],
              [
                -78.96546,
                1.60196
              ],
              [
                -78.9025,
                1.54313
              ],
              [
                -78.8635,
                1.55084
              ],
              [
                -78.87537,
                1.54313
              ],
              [
                -78.86761,
                1.49423
              ],
              [
                -78.84806,
                1.47538
              ],
              [
                -78.79878,
                1.48515
              ],
              [
                -78.83432,
                1.45246
              ],
              [
                -78.80814,
                1.45581
              ],
              [
                -78.82466,
                1.44514
              ],
              [
                -78.77536,
                1.40605
              ],
              [
                -78.77859,
                1.39248
              ],
              [
                -78.75771,
                1.39404
              ],
              [
                -78.69504,
                1.33019
              ],
              [
                -78.66073,
                1.31962
              ],
              [
                -78.64887,
                1.27727
              ],
              [
                -78.61542,
                1.24627
              ],
              [
                -78.54454,
                1.24436
              ],
              [
                -78.54758,
                1.22664
              ],
              [
                -78.51463,
                1.2132
              ],
              [
                -78.51597,
                1.18777
              ],
              [
                -78.47518,
                1.3796
              ],
              [
                -78.37654,
                1.39997
              ],
              [
                -78.36212,
                1.42167
              ],
              [
                -78.32395,
                1.41352
              ],
              [
                -78.28423,
                1.36233
              ],
              [
                -78.26563,
                1.36995
              ],
              [
                -78.26894,
                1.5449
              ],
              [
                -78.25539,
                1.62487
              ],
              [
                -78.29363,
                1.61273
              ],
              [
                -78.28728,
                1.59619
              ],
              [
                -78.3037,
                1.57736
              ],
              [
                -78.33344,
                1.58224
              ],
              [
                -78.34786,
                1.51564
              ],
              [
                -78.39888,
                1.49158
              ],
              [
                -78.40878,
                1.5396
              ],
              [
                -78.36689,
                1.58776
              ],
              [
                -78.40021,
                1.6349
              ],
              [
                -78.36695,
                1.65926
              ],
              [
                -78.40823,
                1.74656
              ],
              [
                -78.47154,
                1.78505
              ],
              [
                -78.44832,
                1.8045
              ],
              [
                -78.47562,
                1.85378
              ],
              [
                -78.46395,
                1.90031
              ],
              [
                -78.51717,
                1.94718
              ]
            ]
          ],
          [
            [
              [
                -78.56534,
                2.43513
              ],
              [
                -78.56503,
                2.45542
              ],
              [
                -78.62245,
                2.37652
              ],
              [
                -78.62325,
                2.32674
              ],
              [
                -78.66109,
                2.28583
              ],
              [
                -78.66676,
                2.25039
              ],
              [
                -78.69779,
                2.23247
              ],
              [
                -78.6964,
                2.20168
              ],
              [
                -78.67479,
                2.20702
              ],
              [
                -78.67274,
                2.18171
              ],
              [
                -78.63307,
                2.15545
              ],
              [
                -78.62582,
                2.18726
              ],
              [
                -78.60965,
                2.17253
              ],
              [
                -78.54954,
                2.19461
              ],
              [
                -78.5589,
                2.21358
              ],
              [
                -78.51886,
                2.24193
              ],
              [
                -78.50072,
                2.27735
              ],
              [
                -78.53062,
                2.31585
              ],
              [
                -78.54172,
                2.3066
              ],
              [
                -78.55973,
                2.32052
              ],
              [
                -78.55158,
                2.36473
              ],
              [
                -78.56954,
                2.37961
              ],
              [
                -78.55613,
                2.41297
              ],
              [
                -78.56534,
                2.43513
              ]
            ]
          ]
        ]
      },
      "properties": {
        "code": "52835",
        "departmentCode": "52",
        "name": "SAN ANDRÉS DE TUMACO",
        "originalCode": "835",
        "originalName": "SAN ANDRÉS DE TUMACO",
        "MPIO_TIPO": "MUNICIPIO",
        "type": "MUNICIPIO",
        "unitType": "municipio",
        "MPIO_NAREA": 3617.4580482,
        "MPIO_NANO": 2025,
        "MPIO_CRSLCION": "1800",
        "areaName": 3617.4580482,
        "creationYear": 2025,
        "creationResolution": "1800",
        "resultType": "observed",
        "source": "dane-divipola-mgn-2025",
        "year": 2025
      }
    },
    {
      "type": "Feature",
      "id": 2379,
      "geometry": {
        "type": "Polygon",
        "coordinates": [
          [
            [
              -77.61164,
              1.28724
            ],
            [
              -77.65174,
              1.24774
            ],
            [
              -77.66164,
              1.15485
            ],
            [
              -77.69934,
              1.0961
            ],
            [
              -77.69361,
              1.06867
            ],
            [
              -77.64323,
              1.03694
            ],
            [
              -77.55912,
              1.07261
            ],
            [
              -77.59125,
              1.13325
            ],
            [
              -77.5788,
              1.17106
            ],
            [
              -77.62162,
              1.21878
            ],
            [
              -77.61164,
              1.28724
            ]
          ]
        ]
      },
      "properties": {
        "code": "52838",
        "departmentCode": "52",
        "name": "TÚQUERRES",
        "originalCode": "838",
        "originalName": "TÚQUERRES",
        "MPIO_TIPO": "MUNICIPIO",
        "type": "MUNICIPIO",
        "unitType": "municipio",
        "MPIO_NAREA": 216.56880007,
        "MPIO_NANO": 2024,
        "MPIO_CRSLCION": "1938",
        "areaName": 216.56880007,
        "creationYear": 2024,
        "creationResolution": "1938",
        "resultType": "observed",
        "source": "dane-divipola-mgn-2025",
        "year": 2025
      }
    },
    {
      "type": "Feature",
      "id": 2380,
      "geometry": {
        "type": "Polygon",
        "coordinates": [
          [
            [
              -77.36955,
              1.15859
            ],
            [
              -77.38127,
              1.19218
            ],
            [
              -77.43873,
              1.15383
            ],
            [
              -77.47945,
              1.15646
            ],
            [
              -77.47547,
              1.09182
            ],
            [
              -77.45619,
              1.08367
            ],
            [
              -77.44731,
              1.055
            ],
            [
              -77.42627,
              1.05469
            ],
            [
              -77.40295,
              1.10817
            ],
            [
              -77.36974,
              1.1272
            ],
            [
              -77.36955,
              1.15859
            ]
          ]
        ]
      },
      "properties": {
        "code": "52885",
        "departmentCode": "52",
        "name": "YACUANQUER",
        "originalCode": "885",
        "originalName": "YACUANQUER",
        "MPIO_TIPO": "MUNICIPIO",
        "type": "MUNICIPIO",
        "unitType": "municipio",
        "MPIO_NAREA": 102.8345792,
        "MPIO_NANO": 2024,
        "MPIO_CRSLCION": "1750",
        "areaName": 102.8345792,
        "creationYear": 2024,
        "creationResolution": "1750",
        "resultType": "observed",
        "source": "dane-divipola-mgn-2025",
        "year": 2025
      }
    }
  ]
}
