{
  "type": "FeatureCollection",
  "metadata": {
    "source": "DANE DIVIPOLA MGN 2025",
    "downloadedAt": "2026-07-27T01:49:40Z",
    "crs": "EPSG:4326",
    "simplification": "ArcGIS maxAllowableOffset=0.01 grados y geometryPrecision=5; solo visualización web"
  },
  "features": [
    {
      "type": "Feature",
      "id": 2381,
      "geometry": {
        "type": "Polygon",
        "coordinates": [
          [
            [
              -72.54639,
              7.87244
            ],
            [
              -72.58581,
              7.83245
            ],
            [
              -72.56052,
              7.79889
            ],
            [
              -72.59176,
              7.74762
            ],
            [
              -72.57625,
              7.72154
            ],
            [
              -72.53179,
              7.75499
            ],
            [
              -72.5207,
              7.83465
            ],
            [
              -72.50026,
              7.86807
            ],
            [
              -72.4875,
              7.85759
            ],
            [
              -72.46417,
              7.87654
            ],
            [
              -72.45701,
              7.911
            ],
            [
              -72.48662,
              7.92693
            ],
            [
              -72.48767,
              7.94452
            ],
            [
              -72.41875,
              7.99546
            ],
            [
              -72.416,
              8.03335
            ],
            [
              -72.38339,
              8.03446
            ],
            [
              -72.35135,
              8.0044
            ],
            [
              -72.34713,
              8.01638
            ],
            [
              -72.35237,
              8.08664
            ],
            [
              -72.37352,
              8.10514
            ],
            [
              -72.35318,
              8.15845
            ],
            [
              -72.39367,
              8.25261
            ],
            [
              -72.38447,
              8.27769
            ],
            [
              -72.41072,
              8.26919
            ],
            [
              -72.41651,
              8.31241
            ],
            [
              -72.44557,
              8.32352
            ],
            [
              -72.43279,
              8.36003
            ],
            [
              -72.44738,
              8.36569
            ],
            [
              -72.42869,
              8.3665
            ],
            [
              -72.42752,
              8.38141
            ],
            [
              -72.47903,
              8.4313
            ],
            [
              -72.50221,
              8.39883
            ],
            [
              -72.52291,
              8.39897
            ],
            [
              -72.53368,
              8.30986
            ],
            [
              -72.57586,
              8.37153
            ],
            [
              -72.58806,
              8.32879
            ],
            [
              -72.60422,
              8.3248
            ],
            [
              -72.60575,
              8.28172
            ],
            [
              -72.5475,
              8.28647
            ],
            [
              -72.55896,
              8.21311
            ],
            [
              -72.53323,
              8.22331
            ],
            [
              -72.52536,
              8.21312
            ],
            [
              -72.53794,
              8.13252
            ],
            [
              -72.58633,
              8.10167
            ],
            [
              -72.59668,
              7.99615
            ],
            [
              -72.59046,
              7.89249
            ],
            [
              -72.54652,
              7.89043
            ],
            [
              -72.54639,
              7.87244
            ]
          ]
        ]
      },
      "properties": {
        "code": "54001",
        "departmentCode": "54",
        "name": "SAN JOSÉ DE CÚCUTA",
        "originalCode": "001",
        "originalName": "SAN JOSÉ DE CÚCUTA",
        "type": "MUNICIPIO",
        "areaName": 1131.21953613,
        "creationYear": 2024,
        "creationResolution": "1972",
        "resultType": "observed",
        "source": "dane-divipola-mgn-2025",
        "year": 2025,
        "MPIO_TIPO": "MUNICIPIO",
        "unitType": "municipio",
        "MPIO_NAREA": 1131.21953613,
        "MPIO_NANO": 2024,
        "MPIO_CRSLCION": "1972"
      }
    },
    {
      "type": "Feature",
      "id": 2382,
      "geometry": {
        "type": "Polygon",
        "coordinates": [
          [
            [
              -73.01687,
              8.28518
            ],
            [
              -73.05802,
              8.28326
            ],
            [
              -73.04846,
              8.23044
            ],
            [
              -73.08228,
              8.19557
            ],
            [
              -73.12565,
              8.22712
            ],
            [
              -73.19505,
              8.20865
            ],
            [
              -73.20238,
              8.18379
            ],
            [
              -73.24021,
              8.16894
            ],
            [
              -73.27359,
              8.19144
            ],
            [
              -73.29295,
              8.17633
            ],
            [
              -73.2814,
              8.12918
            ],
            [
              -73.32643,
              8.10071
            ],
            [
              -73.30955,
              8.01567
            ],
            [
              -73.29836,
              7.98501
            ],
            [
              -73.27925,
              7.9879
            ],
            [
              -73.27603,
              7.94605
            ],
            [
              -73.30333,
              7.90659
            ],
            [
              -73.35169,
              7.89245
            ],
            [
              -73.34862,
              7.82894
            ],
            [
              -73.22978,
              7.82583
            ],
            [
              -73.19554,
              7.80146
            ],
            [
              -73.20379,
              7.78514
            ],
            [
              -73.1871,
              7.77292
            ],
            [
              -73.15275,
              7.80985
            ],
            [
              -73.11541,
              7.77503
            ],
            [
              -73.07136,
              7.78633
            ],
            [
              -73.0387,
              7.90341
            ],
            [
              -73.04381,
              7.93159
            ],
            [
              -73.06835,
              7.93991
            ],
            [
              -73.08554,
              8.01921
            ],
            [
              -73.0192,
              8.05074
            ],
            [
              -73.00156,
              8.10222
            ],
            [
              -73.01412,
              8.15482
            ],
            [
              -72.95618,
              8.19145
            ],
            [
              -72.99582,
              8.26838
            ],
            [
              -72.99061,
              8.28509
            ],
            [
              -73.01687,
              8.28518
            ]
          ]
        ]
      },
      "properties": {
        "code": "54003",
        "departmentCode": "54",
        "name": "ÁBREGO",
        "originalCode": "003",
        "originalName": "ÁBREGO",
        "type": "MUNICIPIO",
        "areaName": 1379.89871628,
        "creationYear": 2024,
        "creationResolution": "1806",
        "resultType": "observed",
        "source": "dane-divipola-mgn-2025",
        "year": 2025,
        "MPIO_TIPO": "MUNICIPIO",
        "unitType": "municipio",
        "MPIO_NAREA": 1379.89871628,
        "MPIO_NANO": 2024,
        "MPIO_CRSLCION": "1806"
      }
    },
    {
      "type": "Feature",
      "id": 2383,
      "geometry": {
        "type": "Polygon",
        "coordinates": [
          [
            [
              -72.73134,
              7.71824
            ],
            [
              -72.72435,
              7.74668
            ],
            [
              -72.744,
              7.71739
            ],
            [
              -72.78177,
              7.72595
            ],
            [
              -72.794,
              7.70684
            ],
            [
              -72.84087,
              7.70995
            ],
            [
              -72.87102,
              7.66973
            ],
            [
              -72.9031,
              7.69331
            ],
            [
              -72.96279,
              7.6601
            ],
            [
              -72.99224,
              7.59697
            ],
            [
              -72.97787,
              7.52844
            ],
            [
              -72.88628,
              7.46469
            ],
            [
              -72.83588,
              7.53659
            ],
            [
              -72.84435,
              7.58732
            ],
            [
              -72.82143,
              7.62632
            ],
            [
              -72.79104,
              7.63944
            ],
            [
              -72.76234,
              7.615
            ],
            [
              -72.73385,
              7.63546
            ],
            [
              -72.72118,
              7.62153
            ],
            [
              -72.6961,
              7.63394
            ],
            [
              -72.69511,
              7.68628
            ],
            [
              -72.72797,
              7.69867
            ],
            [
              -72.73134,
              7.71824
            ]
          ]
        ]
      },
      "properties": {
        "code": "54051",
        "departmentCode": "54",
        "name": "ARBOLEDAS",
        "originalCode": "051",
        "originalName": "ARBOLEDAS",
        "type": "MUNICIPIO",
        "areaName": 455.21919894,
        "creationYear": 2024,
        "creationResolution": "1835",
        "resultType": "observed",
        "source": "dane-divipola-mgn-2025",
        "year": 2025,
        "MPIO_TIPO": "MUNICIPIO",
        "unitType": "municipio",
        "MPIO_NAREA": 455.21919894,
        "MPIO_NANO": 2024,
        "MPIO_CRSLCION": "1835"
      }
    },
    {
      "type": "Feature",
      "id": 2384,
      "geometry": {
        "type": "Polygon",
        "coordinates": [
          [
            [
              -72.63708,
              7.56635
            ],
            [
              -72.62952,
              7.64242
            ],
            [
              -72.57586,
              7.72067
            ],
            [
              -72.59188,
              7.74637
            ],
            [
              -72.58096,
              7.76122
            ],
            [
              -72.60518,
              7.76234
            ],
            [
              -72.63298,
              7.73936
            ],
            [
              -72.64087,
              7.69011
            ],
            [
              -72.6808,
              7.6414
            ],
            [
              -72.74339,
              7.62376
            ],
            [
              -72.70741,
              7.52517
            ],
            [
              -72.63708,
              7.56635
            ]
          ]
        ]
      },
      "properties": {
        "code": "54099",
        "departmentCode": "54",
        "name": "BOCHALEMA",
        "originalCode": "099",
        "originalName": "BOCHALEMA",
        "type": "MUNICIPIO",
        "areaName": 169.90880706,
        "creationYear": 2024,
        "creationResolution": "1826",
        "resultType": "observed",
        "source": "dane-divipola-mgn-2025",
        "year": 2025,
        "MPIO_TIPO": "MUNICIPIO",
        "unitType": "municipio",
        "MPIO_NAREA": 169.90880706,
        "MPIO_NANO": 2024,
        "MPIO_CRSLCION": "1826"
      }
    },
    {
      "type": "Feature",
      "id": 2385,
      "geometry": {
        "type": "Polygon",
        "coordinates": [
          [
            [
              -72.95019,
              8.17889
            ],
            [
              -72.98859,
              8.17777
            ],
            [
              -73.01504,
              8.14885
            ],
            [
              -73.00226,
              8.09979
            ],
            [
              -72.97504,
              8.09304
            ],
            [
              -72.9905,
              8.06949
            ],
            [
              -72.96758,
              8.03982
            ],
            [
              -72.98255,
              7.99923
            ],
            [
              -72.97266,
              7.97936
            ],
            [
              -72.87081,
              7.99892
            ],
            [
              -72.83695,
              8.05337
            ],
            [
              -72.87628,
              8.13151
            ],
            [
              -72.91146,
              8.14153
            ],
            [
              -72.95019,
              8.17889
            ]
          ]
        ]
      },
      "properties": {
        "code": "54109",
        "departmentCode": "54",
        "name": "BUCARASICA",
        "originalCode": "109",
        "originalName": "BUCARASICA",
        "type": "MUNICIPIO",
        "areaName": 270.2510342,
        "creationYear": 2024,
        "creationResolution": "1838",
        "resultType": "observed",
        "source": "dane-divipola-mgn-2025",
        "year": 2025,
        "MPIO_TIPO": "MUNICIPIO",
        "unitType": "municipio",
        "MPIO_NAREA": 270.2510342,
        "MPIO_NANO": 2024,
        "MPIO_CRSLCION": "1838"
      }
    },
    {
      "type": "Feature",
      "id": 2386,
      "geometry": {
        "type": "Polygon",
        "coordinates": [
          [
            [
              -72.62101,
              7.32978
            ],
            [
              -72.67868,
              7.32102
            ],
            [
              -72.68353,
              7.30271
            ],
            [
              -72.70276,
              7.32328
            ],
            [
              -72.72992,
              7.27189
            ],
            [
              -72.72419,
              7.2481
            ],
            [
              -72.68305,
              7.25535
            ],
            [
              -72.65094,
              7.18928
            ],
            [
              -72.57974,
              7.26368
            ],
            [
              -72.62101,
              7.32978
            ]
          ]
        ]
      },
      "properties": {
        "code": "54125",
        "departmentCode": "54",
        "name": "CÁCOTA",
        "originalCode": "125",
        "originalName": "CÁCOTA",
        "type": "MUNICIPIO",
        "areaName": 138.62005604,
        "creationYear": 2024,
        "creationResolution": "1630",
        "resultType": "observed",
        "source": "dane-divipola-mgn-2025",
        "year": 2025,
        "MPIO_TIPO": "MUNICIPIO",
        "unitType": "municipio",
        "MPIO_NAREA": 138.62005604,
        "MPIO_NANO": 2024,
        "MPIO_CRSLCION": "1630"
      }
    },
    {
      "type": "Feature",
      "id": 2387,
      "geometry": {
        "type": "Polygon",
        "coordinates": [
          [
            [
              -73.04222,
              7.86361
            ],
            [
              -73.08652,
              7.77225
            ],
            [
              -73.13537,
              7.78621
            ],
            [
              -73.15275,
              7.80985
            ],
            [
              -73.17757,
              7.73754
            ],
            [
              -73.26454,
              7.70226
            ],
            [
              -73.28777,
              7.63021
            ],
            [
              -73.31945,
              7.59993
            ],
            [
              -73.32277,
              7.56481
            ],
            [
              -73.36977,
              7.56344
            ],
            [
              -73.36374,
              7.54744
            ],
            [
              -73.28376,
              7.54937
            ],
            [
              -73.25657,
              7.53157
            ],
            [
              -73.24754,
              7.55826
            ],
            [
              -73.25918,
              7.58738
            ],
            [
              -73.21904,
              7.63211
            ],
            [
              -73.12332,
              7.60812
            ],
            [
              -72.98235,
              7.62031
            ],
            [
              -72.95297,
              7.6665
            ],
            [
              -72.99853,
              7.71453
            ],
            [
              -72.99561,
              7.76051
            ],
            [
              -73.01789,
              7.77567
            ],
            [
              -73.00776,
              7.79511
            ],
            [
              -73.03248,
              7.83284
            ],
            [
              -73.02311,
              7.85222
            ],
            [
              -73.04222,
              7.86361
            ]
          ]
        ]
      },
      "properties": {
        "code": "54128",
        "departmentCode": "54",
        "name": "CÁCHIRA",
        "originalCode": "128",
        "originalName": "CÁCHIRA",
        "type": "MUNICIPIO",
        "areaName": 614.67166701,
        "creationYear": 2024,
        "creationResolution": "1911",
        "resultType": "observed",
        "source": "dane-divipola-mgn-2025",
        "year": 2025,
        "MPIO_TIPO": "MUNICIPIO",
        "unitType": "municipio",
        "MPIO_NAREA": 614.67166701,
        "MPIO_NANO": 2024,
        "MPIO_CRSLCION": "1911"
      }
    },
    {
      "type": "Feature",
      "id": 2388,
      "geometry": {
        "type": "Polygon",
        "coordinates": [
          [
            [
              -72.63347,
              7.56455
            ],
            [
              -72.60818,
              7.54951
            ],
            [
              -72.60123,
              7.5087
            ],
            [
              -72.57344,
              7.47346
            ],
            [
              -72.57792,
              7.45456
            ],
            [
              -72.55085,
              7.46363
            ],
            [
              -72.53487,
              7.48932
            ],
            [
              -72.55503,
              7.52442
            ],
            [
              -72.54769,
              7.55055
            ],
            [
              -72.56273,
              7.59179
            ],
            [
              -72.54784,
              7.59663
            ],
            [
              -72.54768,
              7.63064
            ],
            [
              -72.52785,
              7.63751
            ],
            [
              -72.56189,
              7.65972
            ],
            [
              -72.56353,
              7.68099
            ],
            [
              -72.58217,
              7.66863
            ],
            [
              -72.5867,
              7.70205
            ],
            [
              -72.62952,
              7.64242
            ],
            [
              -72.63347,
              7.56455
            ]
          ]
        ]
      },
      "properties": {
        "code": "54172",
        "departmentCode": "54",
        "name": "CHINÁCOTA",
        "originalCode": "172",
        "originalName": "CHINÁCOTA",
        "type": "MUNICIPIO",
        "areaName": 165.8850049,
        "creationYear": 2024,
        "creationResolution": "1775",
        "resultType": "observed",
        "source": "dane-divipola-mgn-2025",
        "year": 2025,
        "MPIO_TIPO": "MUNICIPIO",
        "unitType": "municipio",
        "MPIO_NAREA": 165.8850049,
        "MPIO_NANO": 2024,
        "MPIO_CRSLCION": "1775"
      }
    },
    {
      "type": "Feature",
      "id": 2389,
      "geometry": {
        "type": "Polygon",
        "coordinates": [
          [
            [
              -72.57722,
              7.2629
            ],
            [
              -72.65094,
              7.18928
            ],
            [
              -72.68305,
              7.25535
            ],
            [
              -72.69946,
              7.2454
            ],
            [
              -72.69647,
              7.18111
            ],
            [
              -72.72887,
              7.15948
            ],
            [
              -72.75699,
              7.04832
            ],
            [
              -72.74124,
              6.99634
            ],
            [
              -72.73395,
              6.98664
            ],
            [
              -72.72178,
              7.00505
            ],
            [
              -72.67732,
              7.00779
            ],
            [
              -72.6685,
              6.9655
            ],
            [
              -72.64912,
              6.99752
            ],
            [
              -72.63203,
              6.98692
            ],
            [
              -72.56237,
              6.99979
            ],
            [
              -72.54191,
              6.9419
            ],
            [
              -72.54737,
              6.88595
            ],
            [
              -72.51374,
              6.888
            ],
            [
              -72.48993,
              6.92485
            ],
            [
              -72.40599,
              6.87283
            ],
            [
              -72.35005,
              6.89289
            ],
            [
              -72.31343,
              6.93222
            ],
            [
              -72.28966,
              6.99665
            ],
            [
              -72.31037,
              7.04616
            ],
            [
              -72.37333,
              7.11025
            ],
            [
              -72.39218,
              7.10189
            ],
            [
              -72.43035,
              7.12721
            ],
            [
              -72.4433,
              7.1532
            ],
            [
              -72.47002,
              7.14925
            ],
            [
              -72.51329,
              7.16994
            ],
            [
              -72.59503,
              7.15606
            ],
            [
              -72.55887,
              7.22453
            ],
            [
              -72.57722,
              7.2629
            ]
          ]
        ]
      },
      "properties": {
        "code": "54174",
        "departmentCode": "54",
        "name": "CHITAGÁ",
        "originalCode": "174",
        "originalName": "CHITAGÁ",
        "type": "MUNICIPIO",
        "areaName": 1182.50538923,
        "creationYear": 2025,
        "creationResolution": "1808",
        "resultType": "observed",
        "source": "dane-divipola-mgn-2025",
        "year": 2025,
        "MPIO_TIPO": "MUNICIPIO",
        "unitType": "municipio",
        "MPIO_NAREA": 1182.50538923,
        "MPIO_NANO": 2025,
        "MPIO_CRSLCION": "1808"
      }
    },
    {
      "type": "Feature",
      "id": 2390,
      "geometry": {
        "type": "Polygon",
        "coordinates": [
          [
            [
              -73.0036,
              9.27354
            ],
            [
              -73.02373,
              9.26129
            ],
            [
              -73.02577,
              9.23926
            ],
            [
              -73.07151,
              9.22088
            ],
            [
              -73.06234,
              9.13721
            ],
            [
              -73.14276,
              9.11964
            ],
            [
              -73.25184,
              9.00608
            ],
            [
              -73.24056,
              8.97632
            ],
            [
              -73.25856,
              8.92162
            ],
            [
              -73.24104,
              8.90259
            ],
            [
              -73.23877,
              8.85366
            ],
            [
              -73.29635,
              8.81765
            ],
            [
              -73.29865,
              8.77137
            ],
            [
              -73.28005,
              8.74169
            ],
            [
              -73.30858,
              8.73301
            ],
            [
              -73.30759,
              8.68164
            ],
            [
              -73.34145,
              8.65558
            ],
            [
              -73.36841,
              8.57894
            ],
            [
              -73.40735,
              8.54485
            ],
            [
              -73.4144,
              8.45926
            ],
            [
              -73.37035,
              8.45908
            ],
            [
              -73.34404,
              8.43828
            ],
            [
              -73.34786,
              8.39181
            ],
            [
              -73.32315,
              8.40819
            ],
            [
              -73.33236,
              8.4322
            ],
            [
              -73.31514,
              8.47453
            ],
            [
              -73.28447,
              8.48719
            ],
            [
              -73.31595,
              8.566
            ],
            [
              -73.29939,
              8.62398
            ],
            [
              -73.24038,
              8.6694
            ],
            [
              -73.24728,
              8.73011
            ],
            [
              -73.21436,
              8.80559
            ],
            [
              -73.10469,
              8.9325
            ],
            [
              -73.14071,
              8.94566
            ],
            [
              -73.13553,
              9.00489
            ],
            [
              -73.10405,
              9.0486
            ],
            [
              -73.06905,
              9.05571
            ],
            [
              -73.04602,
              9.07978
            ],
            [
              -73.03334,
              9.0584
            ],
            [
              -73.01335,
              9.0564
            ],
            [
              -73.00072,
              9.08199
            ],
            [
              -73.01591,
              9.12178
            ],
            [
              -73.00897,
              9.14669
            ],
            [
              -72.96583,
              9.15483
            ],
            [
              -72.95573,
              9.1783
            ],
            [
              -72.97095,
              9.2134
            ],
            [
              -72.99624,
              9.22096
            ],
            [
              -72.98442,
              9.25164
            ],
            [
              -73.0036,
              9.27354
            ]
          ]
        ]
      },
      "properties": {
        "code": "54206",
        "departmentCode": "54",
        "name": "CONVENCIÓN",
        "originalCode": "206",
        "originalName": "CONVENCIÓN",
        "type": "MUNICIPIO",
        "areaName": 930.09000459,
        "creationYear": 2024,
        "creationResolution": "1829",
        "resultType": "observed",
        "source": "dane-divipola-mgn-2025",
        "year": 2025,
        "MPIO_TIPO": "MUNICIPIO",
        "unitType": "municipio",
        "MPIO_NAREA": 930.09000459,
        "MPIO_NANO": 2024,
        "MPIO_CRSLCION": "1829"
      }
    },
    {
      "type": "Feature",
      "id": 2391,
      "geometry": {
        "type": "Polygon",
        "coordinates": [
          [
            [
              -72.79776,
              7.64022
            ],
            [
              -72.84435,
              7.58732
            ],
            [
              -72.83588,
              7.53659
            ],
            [
              -72.90128,
              7.44727
            ],
            [
              -72.85022,
              7.36021
            ],
            [
              -72.82286,
              7.3605
            ],
            [
              -72.80672,
              7.41127
            ],
            [
              -72.73913,
              7.46515
            ],
            [
              -72.69021,
              7.47183
            ],
            [
              -72.73337,
              7.61319
            ],
            [
              -72.74325,
              7.62401
            ],
            [
              -72.76731,
              7.61509
            ],
            [
              -72.79776,
              7.64022
            ]
          ]
        ]
      },
      "properties": {
        "code": "54223",
        "departmentCode": "54",
        "name": "CUCUTILLA",
        "originalCode": "223",
        "originalName": "CUCUTILLA",
        "type": "MUNICIPIO",
        "areaName": 374.1306249,
        "creationYear": 2024,
        "creationResolution": "1834",
        "resultType": "observed",
        "source": "dane-divipola-mgn-2025",
        "year": 2025,
        "MPIO_TIPO": "MUNICIPIO",
        "unitType": "municipio",
        "MPIO_NAREA": 374.1306249,
        "MPIO_NANO": 2024,
        "MPIO_CRSLCION": "1834"
      }
    },
    {
      "type": "Feature",
      "id": 2392,
      "geometry": {
        "type": "Polygon",
        "coordinates": [
          [
            [
              -72.63625,
              7.8353
            ],
            [
              -72.68562,
              7.8285
            ],
            [
              -72.71059,
              7.80663
            ],
            [
              -72.73256,
              7.70857
            ],
            [
              -72.69511,
              7.68628
            ],
            [
              -72.6961,
              7.63394
            ],
            [
              -72.6462,
              7.68078
            ],
            [
              -72.61949,
              7.74819
            ],
            [
              -72.61116,
              7.78682
            ],
            [
              -72.63625,
              7.8353
            ]
          ]
        ]
      },
      "properties": {
        "code": "54239",
        "departmentCode": "54",
        "name": "DURANIA",
        "originalCode": "239",
        "originalName": "DURANIA",
        "type": "MUNICIPIO",
        "areaName": 174.62230746,
        "creationYear": 2024,
        "creationResolution": "Ordenanza 12 del 27 de Marzo de 1911",
        "resultType": "observed",
        "source": "dane-divipola-mgn-2025",
        "year": 2025,
        "MPIO_TIPO": "MUNICIPIO",
        "unitType": "municipio",
        "MPIO_NAREA": 174.62230746,
        "MPIO_NANO": 2024,
        "MPIO_CRSLCION": "Ordenanza 12 del 27 de Marzo de 1911"
      }
    },
    {
      "type": "Feature",
      "id": 2393,
      "geometry": {
        "type": "Polygon",
        "coordinates": [
          [
            [
              -73.00427,
              9.27413
            ],
            [
              -73.01087,
              9.29075
            ],
            [
              -73.05018,
              9.2584
            ],
            [
              -73.07092,
              9.26413
            ],
            [
              -73.08817,
              9.22624
            ],
            [
              -73.13006,
              9.2284
            ],
            [
              -73.17698,
              9.17664
            ],
            [
              -73.21362,
              9.1832
            ],
            [
              -73.25095,
              9.15823
            ],
            [
              -73.3681,
              9.17161
            ],
            [
              -73.37946,
              9.15333
            ],
            [
              -73.41165,
              9.15438
            ],
            [
              -73.42947,
              9.10241
            ],
            [
              -73.41194,
              9.05267
            ],
            [
              -73.4393,
              8.98896
            ],
            [
              -73.4374,
              8.91003
            ],
            [
              -73.42568,
              8.89957
            ],
            [
              -73.44825,
              8.8633
            ],
            [
              -73.41462,
              8.76603
            ],
            [
              -73.45839,
              8.74967
            ],
            [
              -73.47177,
              8.70745
            ],
            [
              -73.50734,
              8.68495
            ],
            [
              -73.52159,
              8.63826
            ],
            [
              -73.55224,
              8.60687
            ],
            [
              -73.5472,
              8.56432
            ],
            [
              -73.51499,
              8.52898
            ],
            [
              -73.57773,
              8.49581
            ],
            [
              -73.5477,
              8.47141
            ],
            [
              -73.52277,
              8.48293
            ],
            [
              -73.47852,
              8.47103
            ],
            [
              -73.47254,
              8.44835
            ],
            [
              -73.49269,
              8.422
            ],
            [
              -73.4751,
              8.42299
            ],
            [
              -73.46925,
              8.40236
            ],
            [
              -73.44704,
              8.42399
            ],
            [
              -73.41105,
              8.42919
            ],
            [
              -73.40713,
              8.54588
            ],
            [
              -73.36841,
              8.57894
            ],
            [
              -73.34145,
              8.65558
            ],
            [
              -73.30759,
              8.68164
            ],
            [
              -73.30858,
              8.73301
            ],
            [
              -73.28005,
              8.74169
            ],
            [
              -73.29865,
              8.77137
            ],
            [
              -73.29635,
              8.81765
            ],
            [
              -73.23877,
              8.85366
            ],
            [
              -73.24104,
              8.90259
            ],
            [
              -73.25856,
              8.92162
            ],
            [
              -73.24056,
              8.97632
            ],
            [
              -73.25151,
              9.00686
            ],
            [
              -73.14276,
              9.11964
            ],
            [
              -73.06234,
              9.13721
            ],
            [
              -73.07151,
              9.22088
            ],
            [
              -73.02577,
              9.23926
            ],
            [
              -73.00427,
              9.27413
            ]
          ]
        ]
      },
      "properties": {
        "code": "54245",
        "departmentCode": "54",
        "name": "EL CARMEN",
        "originalCode": "245",
        "originalName": "EL CARMEN",
        "type": "MUNICIPIO",
        "areaName": 1724.75946712,
        "creationYear": 2024,
        "creationResolution": "1910",
        "resultType": "observed",
        "source": "dane-divipola-mgn-2025",
        "year": 2025,
        "MPIO_TIPO": "MUNICIPIO",
        "unitType": "municipio",
        "MPIO_NAREA": 1724.75946712,
        "MPIO_NANO": 2024,
        "MPIO_CRSLCION": "1910"
      }
    },
    {
      "type": "Feature",
      "id": 2394,
      "geometry": {
        "type": "Polygon",
        "coordinates": [
          [
            [
              -73.00052,
              8.88387
            ],
            [
              -73.06373,
              8.86426
            ],
            [
              -73.04888,
              8.8113
            ],
            [
              -73.05528,
              8.76586
            ],
            [
              -73.09295,
              8.7565
            ],
            [
              -73.09845,
              8.71823
            ],
            [
              -73.14844,
              8.67529
            ],
            [
              -73.16762,
              8.61687
            ],
            [
              -73.15745,
              8.56162
            ],
            [
              -73.08988,
              8.50014
            ],
            [
              -73.053,
              8.50572
            ],
            [
              -73.05707,
              8.53668
            ],
            [
              -73.01636,
              8.5454
            ],
            [
              -72.99308,
              8.57758
            ],
            [
              -72.95948,
              8.58828
            ],
            [
              -72.93734,
              8.57477
            ],
            [
              -72.90558,
              8.6021
            ],
            [
              -72.92574,
              8.6846
            ],
            [
              -72.91723,
              8.71065
            ],
            [
              -72.94179,
              8.75805
            ],
            [
              -72.96021,
              8.7633
            ],
            [
              -72.94366,
              8.79019
            ],
            [
              -72.96633,
              8.81003
            ],
            [
              -72.94767,
              8.83902
            ],
            [
              -72.97017,
              8.88299
            ],
            [
              -73.00052,
              8.88387
            ]
          ]
        ]
      },
      "properties": {
        "code": "54250",
        "departmentCode": "54",
        "name": "EL TARRA",
        "originalCode": "250",
        "originalName": "EL TARRA",
        "type": "MUNICIPIO",
        "areaName": 702.7440662,
        "creationYear": 2024,
        "creationResolution": "Ordenanza 4 de Noviembre 26 de 1990",
        "resultType": "observed",
        "source": "dane-divipola-mgn-2025",
        "year": 2025,
        "MPIO_TIPO": "MUNICIPIO",
        "unitType": "municipio",
        "MPIO_NAREA": 702.7440662,
        "MPIO_NANO": 2024,
        "MPIO_CRSLCION": "Ordenanza 4 de Noviembre 26 de 1990"
      }
    },
    {
      "type": "Feature",
      "id": 2395,
      "geometry": {
        "type": "Polygon",
        "coordinates": [
          [
            [
              -72.54786,
              8.28462
            ],
            [
              -72.61726,
              8.27374
            ],
            [
              -72.5984,
              8.24012
            ],
            [
              -72.6483,
              8.22063
            ],
            [
              -72.64967,
              8.15105
            ],
            [
              -72.68678,
              8.1374
            ],
            [
              -72.70472,
              8.05493
            ],
            [
              -72.74144,
              8.04213
            ],
            [
              -72.75474,
              8.01576
            ],
            [
              -72.76016,
              7.96929
            ],
            [
              -72.6821,
              7.97804
            ],
            [
              -72.71151,
              7.93428
            ],
            [
              -72.68224,
              7.93556
            ],
            [
              -72.65639,
              7.90673
            ],
            [
              -72.60997,
              7.90917
            ],
            [
              -72.58395,
              7.92713
            ],
            [
              -72.59778,
              7.96711
            ],
            [
              -72.58716,
              8.09877
            ],
            [
              -72.54715,
              8.12094
            ],
            [
              -72.52871,
              8.16287
            ],
            [
              -72.53906,
              8.18202
            ],
            [
              -72.52559,
              8.21379
            ],
            [
              -72.53323,
              8.22331
            ],
            [
              -72.55548,
              8.21077
            ],
            [
              -72.56112,
              8.22621
            ],
            [
              -72.54786,
              8.28462
            ]
          ]
        ]
      },
      "properties": {
        "code": "54261",
        "departmentCode": "54",
        "name": "EL ZULIA",
        "originalCode": "261",
        "originalName": "EL ZULIA",
        "type": "MUNICIPIO",
        "areaName": 504.22173436,
        "creationYear": 2024,
        "creationResolution": "Ordenanza 4 de Octubre 30 de 1959",
        "resultType": "observed",
        "source": "dane-divipola-mgn-2025",
        "year": 2025,
        "MPIO_TIPO": "MUNICIPIO",
        "unitType": "municipio",
        "MPIO_NAREA": 504.22173436,
        "MPIO_NANO": 2024,
        "MPIO_CRSLCION": "Ordenanza 4 de Octubre 30 de 1959"
      }
    },
    {
      "type": "Feature",
      "id": 2396,
      "geometry": {
        "type": "Polygon",
        "coordinates": [
          [
            [
              -72.75007,
              8.00004
            ],
            [
              -72.75377,
              8.01762
            ],
            [
              -72.76859,
              7.99992
            ],
            [
              -72.79444,
              8.00553
            ],
            [
              -72.81865,
              7.92313
            ],
            [
              -72.85555,
              7.92438
            ],
            [
              -72.9013,
              7.90181
            ],
            [
              -72.83584,
              7.85462
            ],
            [
              -72.83226,
              7.827
            ],
            [
              -72.75616,
              7.85525
            ],
            [
              -72.77515,
              7.94154
            ],
            [
              -72.75007,
              8.00004
            ]
          ]
        ]
      },
      "properties": {
        "code": "54313",
        "departmentCode": "54",
        "name": "GRAMALOTE",
        "originalCode": "313",
        "originalName": "GRAMALOTE",
        "type": "MUNICIPIO",
        "areaName": 148.71499924,
        "creationYear": 2024,
        "creationResolution": "1864",
        "resultType": "observed",
        "source": "dane-divipola-mgn-2025",
        "year": 2025,
        "MPIO_TIPO": "MUNICIPIO",
        "unitType": "municipio",
        "MPIO_NAREA": 148.71499924,
        "MPIO_NANO": 2024,
        "MPIO_CRSLCION": "1864"
      }
    },
    {
      "type": "Feature",
      "id": 2397,
      "geometry": {
        "type": "Polygon",
        "coordinates": [
          [
            [
              -73.04756,
              8.49297
            ],
            [
              -73.0966,
              8.4225
            ],
            [
              -73.16149,
              8.43521
            ],
            [
              -73.1826,
              8.41274
            ],
            [
              -73.18359,
              8.32971
            ],
            [
              -73.16971,
              8.31645
            ],
            [
              -73.18492,
              8.30511
            ],
            [
              -73.15619,
              8.29673
            ],
            [
              -73.1554,
              8.26513
            ],
            [
              -73.12453,
              8.24597
            ],
            [
              -73.09355,
              8.2477
            ],
            [
              -73.08813,
              8.27789
            ],
            [
              -72.99246,
              8.28415
            ],
            [
              -72.97667,
              8.29965
            ],
            [
              -72.99512,
              8.39106
            ],
            [
              -72.96784,
              8.43222
            ],
            [
              -73.00268,
              8.44466
            ],
            [
              -73.04756,
              8.49297
            ]
          ]
        ]
      },
      "properties": {
        "code": "54344",
        "departmentCode": "54",
        "name": "HACARÍ",
        "originalCode": "344",
        "originalName": "HACARÍ",
        "type": "MUNICIPIO",
        "areaName": 418.21020655,
        "creationYear": 2024,
        "creationResolution": "1930",
        "resultType": "observed",
        "source": "dane-divipola-mgn-2025",
        "year": 2025,
        "MPIO_TIPO": "MUNICIPIO",
        "unitType": "municipio",
        "MPIO_NAREA": 418.21020655,
        "MPIO_NANO": 2024,
        "MPIO_CRSLCION": "1930"
      }
    },
    {
      "type": "Feature",
      "id": 2398,
      "geometry": {
        "type": "Polygon",
        "coordinates": [
          [
            [
              -72.53236,
              7.55975
            ],
            [
              -72.55503,
              7.52442
            ],
            [
              -72.5236,
              7.47184
            ],
            [
              -72.4931,
              7.46314
            ],
            [
              -72.44977,
              7.39764
            ],
            [
              -72.42037,
              7.39526
            ],
            [
              -72.47793,
              7.4981
            ],
            [
              -72.45548,
              7.55317
            ],
            [
              -72.53236,
              7.55975
            ]
          ]
        ]
      },
      "properties": {
        "code": "54347",
        "departmentCode": "54",
        "name": "HERRÁN",
        "originalCode": "347",
        "originalName": "HERRÁN",
        "type": "MUNICIPIO",
        "areaName": 106.71441529,
        "creationYear": 2024,
        "creationResolution": "1911",
        "resultType": "observed",
        "source": "dane-divipola-mgn-2025",
        "year": 2025,
        "MPIO_TIPO": "MUNICIPIO",
        "unitType": "municipio",
        "MPIO_NAREA": 106.71441529,
        "MPIO_NANO": 2024,
        "MPIO_CRSLCION": "1911"
      }
    },
    {
      "type": "Feature",
      "id": 2399,
      "geometry": {
        "type": "Polygon",
        "coordinates": [
          [
            [
              -72.52711,
              7.40122
            ],
            [
              -72.57719,
              7.38953
            ],
            [
              -72.57389,
              7.32204
            ],
            [
              -72.53443,
              7.29175
            ],
            [
              -72.53819,
              7.27399
            ],
            [
              -72.57722,
              7.2629
            ],
            [
              -72.55887,
              7.22453
            ],
            [
              -72.59503,
              7.15606
            ],
            [
              -72.51356,
              7.16994
            ],
            [
              -72.48195,
              7.15789
            ],
            [
              -72.45396,
              7.18332
            ],
            [
              -72.44547,
              7.23035
            ],
            [
              -72.48555,
              7.281
            ],
            [
              -72.50666,
              7.38357
            ],
            [
              -72.52711,
              7.40122
            ]
          ]
        ]
      },
      "properties": {
        "code": "54377",
        "departmentCode": "54",
        "name": "LABATECA",
        "originalCode": "377",
        "originalName": "LABATECA",
        "type": "MUNICIPIO",
        "areaName": 255.46142365,
        "creationYear": 2024,
        "creationResolution": "1730",
        "resultType": "observed",
        "source": "dane-divipola-mgn-2025",
        "year": 2025,
        "MPIO_TIPO": "MUNICIPIO",
        "unitType": "municipio",
        "MPIO_NAREA": 255.46142365,
        "MPIO_NANO": 2024,
        "MPIO_CRSLCION": "1730"
      }
    },
    {
      "type": "Feature",
      "id": 2400,
      "geometry": {
        "type": "Polygon",
        "coordinates": [
          [
            [
              -73.3879,
              7.75599
            ],
            [
              -73.40775,
              7.71913
            ],
            [
              -73.49062,
              7.67435
            ],
            [
              -73.55891,
              7.72832
            ],
            [
              -73.63379,
              7.7479
            ],
            [
              -73.60003,
              7.72586
            ],
            [
              -73.59692,
              7.70135
            ],
            [
              -73.55909,
              7.69129
            ],
            [
              -73.55883,
              7.67236
            ],
            [
              -73.51788,
              7.64143
            ],
            [
              -73.50556,
              7.59578
            ],
            [
              -73.40874,
              7.56516
            ],
            [
              -73.38644,
              7.58214
            ],
            [
              -73.34255,
              7.55449
            ],
            [
              -73.28777,
              7.63021
            ],
            [
              -73.27007,
              7.69595
            ],
            [
              -73.17757,
              7.73754
            ],
            [
              -73.16931,
              7.7913
            ],
            [
              -73.15201,
              7.80912
            ],
            [
              -73.1871,
              7.77292
            ],
            [
              -73.20379,
              7.78514
            ],
            [
              -73.19554,
              7.80146
            ],
            [
              -73.22978,
              7.82583
            ],
            [
              -73.29524,
              7.83739
            ],
            [
              -73.31936,
              7.82166
            ],
            [
              -73.34011,
              7.83438
            ],
            [
              -73.35247,
              7.79252
            ],
            [
              -73.3879,
              7.75599
            ]
          ]
        ]
      },
      "properties": {
        "code": "54385",
        "departmentCode": "54",
        "name": "LA ESPERANZA",
        "originalCode": "385",
        "originalName": "LA ESPERANZA",
        "type": "MUNICIPIO",
        "areaName": 668.75090393,
        "creationYear": 2024,
        "creationResolution": "Ordenanza 82 de diciembre 20 de 1993",
        "resultType": "observed",
        "source": "dane-divipola-mgn-2025",
        "year": 2025,
        "MPIO_TIPO": "MUNICIPIO",
        "unitType": "municipio",
        "MPIO_NAREA": 668.75090393,
        "MPIO_NANO": 2024,
        "MPIO_CRSLCION": "Ordenanza 82 de diciembre 20 de 1993"
      }
    },
    {
      "type": "Feature",
      "id": 2401,
      "geometry": {
        "type": "Polygon",
        "coordinates": [
          [
            [
              -73.18502,
              8.36974
            ],
            [
              -73.19962,
              8.36636
            ],
            [
              -73.20314,
              8.32007
            ],
            [
              -73.24722,
              8.34304
            ],
            [
              -73.27708,
              8.32274
            ],
            [
              -73.27903,
              8.31035
            ],
            [
              -73.24999,
              8.31024
            ],
            [
              -73.25936,
              8.25952
            ],
            [
              -73.27817,
              8.25092
            ],
            [
              -73.25902,
              8.22501
            ],
            [
              -73.27359,
              8.19144
            ],
            [
              -73.2526,
              8.169
            ],
            [
              -73.20379,
              8.18275
            ],
            [
              -73.19505,
              8.20865
            ],
            [
              -73.16186,
              8.20954
            ],
            [
              -73.15028,
              8.22437
            ],
            [
              -73.11412,
              8.2238
            ],
            [
              -73.08228,
              8.19557
            ],
            [
              -73.04846,
              8.23044
            ],
            [
              -73.05462,
              8.28558
            ],
            [
              -73.08813,
              8.27789
            ],
            [
              -73.10109,
              8.24459
            ],
            [
              -73.1554,
              8.26513
            ],
            [
              -73.15619,
              8.29673
            ],
            [
              -73.18492,
              8.30511
            ],
            [
              -73.16971,
              8.31645
            ],
            [
              -73.18502,
              8.36974
            ]
          ]
        ]
      },
      "properties": {
        "code": "54398",
        "departmentCode": "54",
        "name": "LA PLAYA",
        "originalCode": "398",
        "originalName": "LA PLAYA",
        "type": "MUNICIPIO",
        "areaName": 241.77237225,
        "creationYear": 2024,
        "creationResolution": "1930",
        "resultType": "observed",
        "source": "dane-divipola-mgn-2025",
        "year": 2025,
        "MPIO_TIPO": "MUNICIPIO",
        "unitType": "municipio",
        "MPIO_NAREA": 241.77237225,
        "MPIO_NANO": 2024,
        "MPIO_CRSLCION": "1930"
      }
    },
    {
      "type": "Feature",
      "id": 2402,
      "geometry": {
        "type": "Polygon",
        "coordinates": [
          [
            [
              -72.49423,
              7.86399
            ],
            [
              -72.5207,
              7.83465
            ],
            [
              -72.53179,
              7.75499
            ],
            [
              -72.58774,
              7.69818
            ],
            [
              -72.58217,
              7.66863
            ],
            [
              -72.56353,
              7.68099
            ],
            [
              -72.56189,
              7.65972
            ],
            [
              -72.52785,
              7.63751
            ],
            [
              -72.48858,
              7.75645
            ],
            [
              -72.50684,
              7.77635
            ],
            [
              -72.48113,
              7.79433
            ],
            [
              -72.49423,
              7.86399
            ]
          ]
        ]
      },
      "properties": {
        "code": "54405",
        "departmentCode": "54",
        "name": "LOS PATIOS",
        "originalCode": "405",
        "originalName": "LOS PATIOS",
        "type": "MUNICIPIO",
        "areaName": 126.0892249,
        "creationYear": 2024,
        "creationResolution": "Ordenanza 13 de Diciembre 10 de 1985",
        "resultType": "observed",
        "source": "dane-divipola-mgn-2025",
        "year": 2025,
        "MPIO_TIPO": "MUNICIPIO",
        "unitType": "municipio",
        "MPIO_NAREA": 126.0892249,
        "MPIO_NANO": 2024,
        "MPIO_CRSLCION": "Ordenanza 13 de Diciembre 10 de 1985"
      }
    },
    {
      "type": "Feature",
      "id": 2403,
      "geometry": {
        "type": "Polygon",
        "coordinates": [
          [
            [
              -72.84904,
              8.01824
            ],
            [
              -72.85693,
              8.02588
            ],
            [
              -72.90314,
              7.95795
            ],
            [
              -72.87515,
              7.95325
            ],
            [
              -72.8949,
              7.90401
            ],
            [
              -72.85555,
              7.92438
            ],
            [
              -72.81865,
              7.92313
            ],
            [
              -72.8017,
              7.95446
            ],
            [
              -72.79444,
              8.00553
            ],
            [
              -72.82254,
              7.99385
            ],
            [
              -72.84904,
              8.01824
            ]
          ]
        ]
      },
      "properties": {
        "code": "54418",
        "departmentCode": "54",
        "name": "LOURDES",
        "originalCode": "418",
        "originalName": "LOURDES",
        "type": "MUNICIPIO",
        "areaName": 86.41008339,
        "creationYear": 2024,
        "creationResolution": "Ordenanza 44 de Abril 29 de 1925",
        "resultType": "observed",
        "source": "dane-divipola-mgn-2025",
        "year": 2025,
        "MPIO_TIPO": "MUNICIPIO",
        "unitType": "municipio",
        "MPIO_NAREA": 86.41008339,
        "MPIO_NANO": 2024,
        "MPIO_CRSLCION": "Ordenanza 44 de Abril 29 de 1925"
      }
    },
    {
      "type": "Feature",
      "id": 2404,
      "geometry": {
        "type": "Polygon",
        "coordinates": [
          [
            [
              -72.70276,
              7.32328
            ],
            [
              -72.71342,
              7.36905
            ],
            [
              -72.74347,
              7.38024
            ],
            [
              -72.78303,
              7.35734
            ],
            [
              -72.81972,
              7.37195
            ],
            [
              -72.83798,
              7.35923
            ],
            [
              -72.84318,
              7.31538
            ],
            [
              -72.78567,
              7.24857
            ],
            [
              -72.72641,
              7.2562
            ],
            [
              -72.70276,
              7.32328
            ]
          ]
        ]
      },
      "properties": {
        "code": "54480",
        "departmentCode": "54",
        "name": "MUTISCUA",
        "originalCode": "480",
        "originalName": "MUTISCUA",
        "type": "MUNICIPIO",
        "areaName": 158.49037009,
        "creationYear": 2024,
        "creationResolution": "1943",
        "resultType": "observed",
        "source": "dane-divipola-mgn-2025",
        "year": 2025,
        "MPIO_TIPO": "MUNICIPIO",
        "unitType": "municipio",
        "MPIO_NAREA": 158.49037009,
        "MPIO_NANO": 2024,
        "MPIO_CRSLCION": "1943"
      }
    },
    {
      "type": "Feature",
      "id": 2405,
      "geometry": {
        "type": "MultiPolygon",
        "coordinates": [
          [
            [
              [
                -73.31952,
                8.39236
              ],
              [
                -73.32412,
                8.40639
              ],
              [
                -73.34802,
                8.39193
              ],
              [
                -73.35071,
                8.33098
              ],
              [
                -73.37659,
                8.31052
              ],
              [
                -73.37429,
                8.26586
              ],
              [
                -73.42721,
                8.26484
              ],
              [
                -73.442,
                8.25059
              ],
              [
                -73.42803,
                8.24451
              ],
              [
                -73.4489,
                8.19252
              ],
              [
                -73.42808,
                8.18052
              ],
              [
                -73.43552,
                8.13937
              ],
              [
                -73.41561,
                8.11466
              ],
              [
                -73.39655,
                8.1219
              ],
              [
                -73.39645,
                8.10657
              ],
              [
                -73.37757,
                8.10554
              ],
              [
                -73.36659,
                8.01224
              ],
              [
                -73.30955,
                8.01567
              ],
              [
                -73.32643,
                8.10071
              ],
              [
                -73.28157,
                8.12884
              ],
              [
                -73.29297,
                8.17631
              ],
              [
                -73.25902,
                8.22501
              ],
              [
                -73.27817,
                8.25092
              ],
              [
                -73.25936,
                8.25952
              ],
              [
                -73.24999,
                8.31024
              ],
              [
                -73.27903,
                8.31035
              ],
              [
                -73.26974,
                8.32375
              ],
              [
                -73.29223,
                8.32623
              ],
              [
                -73.30222,
                8.3551
              ],
              [
                -73.27424,
                8.3899
              ],
              [
                -73.31058,
                8.36984
              ],
              [
                -73.31952,
                8.39236
              ]
            ]
          ],
          [
            [
              [
                -73.45949,
                8.35729
              ],
              [
                -73.44181,
                8.34084
              ],
              [
                -73.43424,
                8.36538
              ],
              [
                -73.3944,
                8.37841
              ],
              [
                -73.41058,
                8.43026
              ],
              [
                -73.44704,
                8.42399
              ],
              [
                -73.46902,
                8.40233
              ],
              [
                -73.4751,
                8.42299
              ],
              [
                -73.49185,
                8.42236
              ],
              [
                -73.53,
                8.38079
              ],
              [
                -73.48813,
                8.38401
              ],
              [
                -73.45949,
                8.35729
              ]
            ]
          ]
        ]
      },
      "properties": {
        "code": "54498",
        "departmentCode": "54",
        "name": "OCAÑA",
        "originalCode": "498",
        "originalName": "OCAÑA",
        "type": "MUNICIPIO",
        "areaName": 552.82986781,
        "creationYear": 2024,
        "creationResolution": "1570",
        "resultType": "observed",
        "source": "dane-divipola-mgn-2025",
        "year": 2025,
        "MPIO_TIPO": "MUNICIPIO",
        "unitType": "municipio",
        "MPIO_NAREA": 552.82986781,
        "MPIO_NANO": 2024,
        "MPIO_CRSLCION": "1570"
      }
    },
    {
      "type": "Feature",
      "id": 2406,
      "geometry": {
        "type": "Polygon",
        "coordinates": [
          [
            [
              -72.69464,
              7.471
            ],
            [
              -72.73913,
              7.46515
            ],
            [
              -72.79451,
              7.42153
            ],
            [
              -72.81767,
              7.37249
            ],
            [
              -72.79245,
              7.35687
            ],
            [
              -72.74347,
              7.38024
            ],
            [
              -72.71949,
              7.37583
            ],
            [
              -72.69482,
              7.30529
            ],
            [
              -72.62392,
              7.33225
            ],
            [
              -72.57974,
              7.26368
            ],
            [
              -72.53819,
              7.27399
            ],
            [
              -72.53443,
              7.29175
            ],
            [
              -72.58136,
              7.34022
            ],
            [
              -72.57881,
              7.41596
            ],
            [
              -72.64856,
              7.40186
            ],
            [
              -72.65868,
              7.43677
            ],
            [
              -72.66912,
              7.42594
            ],
            [
              -72.6688,
              7.45241
            ],
            [
              -72.69464,
              7.471
            ]
          ]
        ]
      },
      "properties": {
        "code": "54518",
        "departmentCode": "54",
        "name": "PAMPLONA",
        "originalCode": "518",
        "originalName": "PAMPLONA",
        "type": "MUNICIPIO",
        "areaName": 297.65003041,
        "creationYear": 2024,
        "creationResolution": "1555",
        "resultType": "observed",
        "source": "dane-divipola-mgn-2025",
        "year": 2025,
        "MPIO_TIPO": "MUNICIPIO",
        "unitType": "municipio",
        "MPIO_NAREA": 297.65003041,
        "MPIO_NANO": 2024,
        "MPIO_CRSLCION": "1555"
      }
    },
    {
      "type": "Feature",
      "id": 2407,
      "geometry": {
        "type": "Polygon",
        "coordinates": [
          [
            [
              -72.63895,
              7.56448
            ],
            [
              -72.70741,
              7.52517
            ],
            [
              -72.69344,
              7.46022
            ],
            [
              -72.6688,
              7.45241
            ],
            [
              -72.64941,
              7.40231
            ],
            [
              -72.59201,
              7.42296
            ],
            [
              -72.57719,
              7.38953
            ],
            [
              -72.5567,
              7.4217
            ],
            [
              -72.59576,
              7.45681
            ],
            [
              -72.57792,
              7.45456
            ],
            [
              -72.57344,
              7.47346
            ],
            [
              -72.60123,
              7.5087
            ],
            [
              -72.60855,
              7.55005
            ],
            [
              -72.62682,
              7.57201
            ],
            [
              -72.63895,
              7.56448
            ]
          ]
        ]
      },
      "properties": {
        "code": "54520",
        "departmentCode": "54",
        "name": "PAMPLONITA",
        "originalCode": "520",
        "originalName": "PAMPLONITA",
        "type": "MUNICIPIO",
        "areaName": 170.55879822,
        "creationYear": 2024,
        "creationResolution": "Ordenanza 71 de Abril 25 de 1913",
        "resultType": "observed",
        "source": "dane-divipola-mgn-2025",
        "year": 2025,
        "MPIO_TIPO": "MUNICIPIO",
        "unitType": "municipio",
        "MPIO_NAREA": 170.55879822,
        "MPIO_NANO": 2024,
        "MPIO_CRSLCION": "Ordenanza 71 de Abril 25 de 1913"
      }
    },
    {
      "type": "Feature",
      "id": 2408,
      "geometry": {
        "type": "Polygon",
        "coordinates": [
          [
            [
              -72.40283,
              8.36416
            ],
            [
              -72.42228,
              8.38313
            ],
            [
              -72.44748,
              8.36498
            ],
            [
              -72.43279,
              8.36003
            ],
            [
              -72.44575,
              8.32383
            ],
            [
              -72.41651,
              8.31241
            ],
            [
              -72.41042,
              8.26909
            ],
            [
              -72.38723,
              8.27618
            ],
            [
              -72.37991,
              8.30431
            ],
            [
              -72.40283,
              8.36416
            ]
          ]
        ]
      },
      "properties": {
        "code": "54553",
        "departmentCode": "54",
        "name": "PUERTO SANTANDER",
        "originalCode": "553",
        "originalName": "PUERTO SANTANDER",
        "type": "MUNICIPIO",
        "areaName": 44.84603519,
        "creationYear": 2024,
        "creationResolution": "Ordenanza 80 de diciembre 20 de 1993",
        "resultType": "observed",
        "source": "dane-divipola-mgn-2025",
        "year": 2025,
        "MPIO_TIPO": "MUNICIPIO",
        "unitType": "municipio",
        "MPIO_NAREA": 44.84603519,
        "MPIO_NANO": 2024,
        "MPIO_CRSLCION": "Ordenanza 80 de diciembre 20 de 1993"
      }
    },
    {
      "type": "Feature",
      "id": 2409,
      "geometry": {
        "type": "Polygon",
        "coordinates": [
          [
            [
              -72.47656,
              7.65907
            ],
            [
              -72.54768,
              7.63064
            ],
            [
              -72.54784,
              7.59663
            ],
            [
              -72.56273,
              7.59179
            ],
            [
              -72.54431,
              7.54497
            ],
            [
              -72.53318,
              7.56024
            ],
            [
              -72.45326,
              7.55696
            ],
            [
              -72.47656,
              7.65907
            ]
          ]
        ]
      },
      "properties": {
        "code": "54599",
        "departmentCode": "54",
        "name": "RAGONVALIA",
        "originalCode": "599",
        "originalName": "RAGONVALIA",
        "type": "MUNICIPIO",
        "areaName": 97.50416884,
        "creationYear": 2024,
        "creationResolution": "1877",
        "resultType": "observed",
        "source": "dane-divipola-mgn-2025",
        "year": 2025,
        "MPIO_TIPO": "MUNICIPIO",
        "unitType": "municipio",
        "MPIO_NAREA": 97.50416884,
        "MPIO_NANO": 2024,
        "MPIO_CRSLCION": "1877"
      }
    },
    {
      "type": "Feature",
      "id": 2410,
      "geometry": {
        "type": "Polygon",
        "coordinates": [
          [
            [
              -72.89124,
              7.89019
            ],
            [
              -72.90395,
              7.90212
            ],
            [
              -72.93922,
              7.87884
            ],
            [
              -72.93188,
              7.84796
            ],
            [
              -72.99836,
              7.77136
            ],
            [
              -72.99853,
              7.71453
            ],
            [
              -72.95297,
              7.6665
            ],
            [
              -72.9031,
              7.69331
            ],
            [
              -72.87102,
              7.66973
            ],
            [
              -72.84087,
              7.70995
            ],
            [
              -72.794,
              7.70684
            ],
            [
              -72.78177,
              7.72595
            ],
            [
              -72.74352,
              7.71756
            ],
            [
              -72.7064,
              7.7807
            ],
            [
              -72.71035,
              7.80115
            ],
            [
              -72.75701,
              7.80256
            ],
            [
              -72.75069,
              7.84694
            ],
            [
              -72.77428,
              7.85152
            ],
            [
              -72.83212,
              7.82694
            ],
            [
              -72.83584,
              7.85462
            ],
            [
              -72.89124,
              7.89019
            ]
          ]
        ]
      },
      "properties": {
        "code": "54660",
        "departmentCode": "54",
        "name": "SALAZAR",
        "originalCode": "660",
        "originalName": "SALAZAR",
        "type": "MUNICIPIO",
        "areaName": 492.90551498,
        "creationYear": 2024,
        "creationResolution": "1583",
        "resultType": "observed",
        "source": "dane-divipola-mgn-2025",
        "year": 2025,
        "MPIO_TIPO": "MUNICIPIO",
        "unitType": "municipio",
        "MPIO_NAREA": 492.90551498,
        "MPIO_NANO": 2024,
        "MPIO_CRSLCION": "1583"
      }
    },
    {
      "type": "Feature",
      "id": 2411,
      "geometry": {
        "type": "Polygon",
        "coordinates": [
          [
            [
              -73.15062,
              8.5546
            ],
            [
              -73.15844,
              8.57253
            ],
            [
              -73.17311,
              8.55378
            ],
            [
              -73.19771,
              8.55439
            ],
            [
              -73.22429,
              8.52254
            ],
            [
              -73.21786,
              8.49416
            ],
            [
              -73.25169,
              8.47
            ],
            [
              -73.24775,
              8.44973
            ],
            [
              -73.26859,
              8.45934
            ],
            [
              -73.27422,
              8.38904
            ],
            [
              -73.3022,
              8.35548
            ],
            [
              -73.2921,
              8.32612
            ],
            [
              -73.26974,
              8.32375
            ],
            [
              -73.24722,
              8.34304
            ],
            [
              -73.20314,
              8.32007
            ],
            [
              -73.19962,
              8.36636
            ],
            [
              -73.17408,
              8.38439
            ],
            [
              -73.1824,
              8.41298
            ],
            [
              -73.16149,
              8.43521
            ],
            [
              -73.0966,
              8.4225
            ],
            [
              -73.04979,
              8.49297
            ],
            [
              -72.985,
              8.43218
            ],
            [
              -72.96437,
              8.43601
            ],
            [
              -72.97284,
              8.47966
            ],
            [
              -72.99511,
              8.49409
            ],
            [
              -73.01636,
              8.5454
            ],
            [
              -73.05707,
              8.53668
            ],
            [
              -73.05323,
              8.50554
            ],
            [
              -73.08988,
              8.50014
            ],
            [
              -73.15062,
              8.5546
            ]
          ]
        ]
      },
      "properties": {
        "code": "54670",
        "departmentCode": "54",
        "name": "SAN CALIXTO",
        "originalCode": "670",
        "originalName": "SAN CALIXTO",
        "type": "MUNICIPIO",
        "areaName": 397.28756024,
        "creationYear": 2024,
        "creationResolution": "1892",
        "resultType": "observed",
        "source": "dane-divipola-mgn-2025",
        "year": 2025,
        "MPIO_TIPO": "MUNICIPIO",
        "unitType": "municipio",
        "MPIO_NAREA": 397.28756024,
        "MPIO_NANO": 2024,
        "MPIO_CRSLCION": "1892"
      }
    },
    {
      "type": "Feature",
      "id": 2412,
      "geometry": {
        "type": "Polygon",
        "coordinates": [
          [
            [
              -72.54639,
              7.87244
            ],
            [
              -72.54657,
              7.89046
            ],
            [
              -72.59028,
              7.89222
            ],
            [
              -72.58787,
              7.91913
            ],
            [
              -72.65999,
              7.90119
            ],
            [
              -72.67714,
              7.86336
            ],
            [
              -72.65969,
              7.83306
            ],
            [
              -72.6385,
              7.84172
            ],
            [
              -72.61116,
              7.78682
            ],
            [
              -72.61889,
              7.75327
            ],
            [
              -72.56817,
              7.77849
            ],
            [
              -72.56055,
              7.79899
            ],
            [
              -72.58581,
              7.83245
            ],
            [
              -72.54639,
              7.87244
            ]
          ]
        ]
      },
      "properties": {
        "code": "54673",
        "departmentCode": "54",
        "name": "SAN CAYETANO",
        "originalCode": "673",
        "originalName": "SAN CAYETANO",
        "type": "MUNICIPIO",
        "areaName": 138.74468604,
        "creationYear": 2024,
        "creationResolution": "1773",
        "resultType": "observed",
        "source": "dane-divipola-mgn-2025",
        "year": 2025,
        "MPIO_TIPO": "MUNICIPIO",
        "unitType": "municipio",
        "MPIO_NAREA": 138.74468604,
        "MPIO_NANO": 2024,
        "MPIO_CRSLCION": "1773"
      }
    },
    {
      "type": "Feature",
      "id": 2413,
      "geometry": {
        "type": "Polygon",
        "coordinates": [
          [
            [
              -72.70269,
              7.97728
            ],
            [
              -72.76016,
              7.96929
            ],
            [
              -72.77497,
              7.94279
            ],
            [
              -72.75021,
              7.84665
            ],
            [
              -72.75803,
              7.80445
            ],
            [
              -72.73459,
              7.79665
            ],
            [
              -72.65969,
              7.83306
            ],
            [
              -72.67753,
              7.86801
            ],
            [
              -72.65735,
              7.91445
            ],
            [
              -72.68224,
              7.93556
            ],
            [
              -72.70901,
              7.93031
            ],
            [
              -72.6821,
              7.97804
            ],
            [
              -72.70269,
              7.97728
            ]
          ]
        ]
      },
      "properties": {
        "code": "54680",
        "departmentCode": "54",
        "name": "SANTIAGO",
        "originalCode": "680",
        "originalName": "SANTIAGO",
        "type": "MUNICIPIO",
        "areaName": 172.17061513,
        "creationYear": 2024,
        "creationResolution": "1880",
        "resultType": "observed",
        "source": "dane-divipola-mgn-2025",
        "year": 2025,
        "MPIO_TIPO": "MUNICIPIO",
        "unitType": "municipio",
        "MPIO_NAREA": 172.17061513,
        "MPIO_NANO": 2024,
        "MPIO_CRSLCION": "1880"
      }
    },
    {
      "type": "Feature",
      "id": 2414,
      "geometry": {
        "type": "Polygon",
        "coordinates": [
          [
            [
              -72.90335,
              8.52365
            ],
            [
              -72.94405,
              8.51105
            ],
            [
              -72.94406,
              8.47691
            ],
            [
              -72.96896,
              8.46517
            ],
            [
              -72.9669,
              8.42452
            ],
            [
              -72.99105,
              8.40799
            ],
            [
              -72.97254,
              8.32632
            ],
            [
              -72.99587,
              8.26854
            ],
            [
              -72.97117,
              8.23725
            ],
            [
              -72.9614,
              8.18595
            ],
            [
              -72.91146,
              8.14153
            ],
            [
              -72.87628,
              8.13151
            ],
            [
              -72.86255,
              8.08667
            ],
            [
              -72.83864,
              8.07696
            ],
            [
              -72.84982,
              8.01891
            ],
            [
              -72.82254,
              7.99385
            ],
            [
              -72.77,
              7.99955
            ],
            [
              -72.74144,
              8.04213
            ],
            [
              -72.70472,
              8.05493
            ],
            [
              -72.68678,
              8.1374
            ],
            [
              -72.64967,
              8.15105
            ],
            [
              -72.6483,
              8.22063
            ],
            [
              -72.60689,
              8.22632
            ],
            [
              -72.59655,
              8.24368
            ],
            [
              -72.61758,
              8.26626
            ],
            [
              -72.60325,
              8.32306
            ],
            [
              -72.65236,
              8.29561
            ],
            [
              -72.67015,
              8.30309
            ],
            [
              -72.72667,
              8.25057
            ],
            [
              -72.74858,
              8.27017
            ],
            [
              -72.74212,
              8.29393
            ],
            [
              -72.71256,
              8.30013
            ],
            [
              -72.72151,
              8.32514
            ],
            [
              -72.70577,
              8.33745
            ],
            [
              -72.6605,
              8.34388
            ],
            [
              -72.6324,
              8.36773
            ],
            [
              -72.61659,
              8.36144
            ],
            [
              -72.59558,
              8.40193
            ],
            [
              -72.61911,
              8.45529
            ],
            [
              -72.65834,
              8.41221
            ],
            [
              -72.69627,
              8.43828
            ],
            [
              -72.74916,
              8.4186
            ],
            [
              -72.78299,
              8.4327
            ],
            [
              -72.83098,
              8.41497
            ],
            [
              -72.86471,
              8.43941
            ],
            [
              -72.89091,
              8.43601
            ],
            [
              -72.88027,
              8.50219
            ],
            [
              -72.90335,
              8.52365
            ]
          ]
        ]
      },
      "properties": {
        "code": "54720",
        "departmentCode": "54",
        "name": "SARDINATA",
        "originalCode": "720",
        "originalName": "SARDINATA",
        "type": "MUNICIPIO",
        "areaName": 1464.66496859,
        "creationYear": 2024,
        "creationResolution": "Decreto 996 del 25 de Agosto de 1906",
        "resultType": "observed",
        "source": "dane-divipola-mgn-2025",
        "year": 2025,
        "MPIO_TIPO": "MUNICIPIO",
        "unitType": "municipio",
        "MPIO_NAREA": 1464.66496859,
        "MPIO_NANO": 2024,
        "MPIO_CRSLCION": "Decreto 996 del 25 de Agosto de 1906"
      }
    },
    {
      "type": "Feature",
      "id": 2415,
      "geometry": {
        "type": "Polygon",
        "coordinates": [
          [
            [
              -72.78642,
              7.24866
            ],
            [
              -72.82602,
              7.30346
            ],
            [
              -72.87116,
              7.27673
            ],
            [
              -72.86555,
              7.23382
            ],
            [
              -72.83118,
              7.19948
            ],
            [
              -72.88389,
              7.06882
            ],
            [
              -72.87467,
              7.05465
            ],
            [
              -72.79003,
              7.0376
            ],
            [
              -72.73958,
              6.98434
            ],
            [
              -72.75699,
              7.04832
            ],
            [
              -72.72945,
              7.15809
            ],
            [
              -72.69647,
              7.18111
            ],
            [
              -72.69237,
              7.21503
            ],
            [
              -72.69946,
              7.2454
            ],
            [
              -72.72641,
              7.2562
            ],
            [
              -72.78642,
              7.24866
            ]
          ]
        ]
      },
      "properties": {
        "code": "54743",
        "departmentCode": "54",
        "name": "SILOS",
        "originalCode": "743",
        "originalName": "SILOS",
        "type": "MUNICIPIO",
        "areaName": 391.50790087,
        "creationYear": 2024,
        "creationResolution": "1580",
        "resultType": "observed",
        "source": "dane-divipola-mgn-2025",
        "year": 2025,
        "MPIO_TIPO": "MUNICIPIO",
        "unitType": "municipio",
        "MPIO_NAREA": 391.50790087,
        "MPIO_NANO": 2024,
        "MPIO_CRSLCION": "1580"
      }
    },
    {
      "type": "Feature",
      "id": 2416,
      "geometry": {
        "type": "Polygon",
        "coordinates": [
          [
            [
              -73.00037,
              9.14227
            ],
            [
              -73.01591,
              9.12203
            ],
            [
              -73.00072,
              9.08199
            ],
            [
              -73.01335,
              9.0564
            ],
            [
              -73.03334,
              9.0584
            ],
            [
              -73.04602,
              9.07978
            ],
            [
              -73.06905,
              9.05571
            ],
            [
              -73.10405,
              9.0486
            ],
            [
              -73.12912,
              9.01691
            ],
            [
              -73.14779,
              8.97315
            ],
            [
              -73.14071,
              8.94566
            ],
            [
              -73.10469,
              8.9325
            ],
            [
              -73.21436,
              8.80559
            ],
            [
              -73.24728,
              8.73011
            ],
            [
              -73.24038,
              8.6694
            ],
            [
              -73.29939,
              8.62398
            ],
            [
              -73.31595,
              8.566
            ],
            [
              -73.28447,
              8.48719
            ],
            [
              -73.31474,
              8.475
            ],
            [
              -73.33227,
              8.43263
            ],
            [
              -73.3151,
              8.37154
            ],
            [
              -73.27437,
              8.39005
            ],
            [
              -73.26104,
              8.43344
            ],
            [
              -73.27175,
              8.45384
            ],
            [
              -73.24775,
              8.44973
            ],
            [
              -73.25169,
              8.47
            ],
            [
              -73.21724,
              8.49521
            ],
            [
              -73.2219,
              8.52731
            ],
            [
              -73.15863,
              8.57175
            ],
            [
              -73.16762,
              8.61687
            ],
            [
              -73.14844,
              8.67529
            ],
            [
              -73.09845,
              8.71823
            ],
            [
              -73.09262,
              8.75686
            ],
            [
              -73.05528,
              8.76586
            ],
            [
              -73.04933,
              8.81496
            ],
            [
              -73.06739,
              8.85596
            ],
            [
              -73.05171,
              8.87649
            ],
            [
              -73.07368,
              8.92006
            ],
            [
              -73.06504,
              8.98272
            ],
            [
              -72.9935,
              9.03981
            ],
            [
              -72.97099,
              9.01978
            ],
            [
              -72.93118,
              9.04414
            ],
            [
              -72.96209,
              9.07457
            ],
            [
              -72.94784,
              9.10579
            ],
            [
              -72.9725,
              9.13647
            ],
            [
              -73.00037,
              9.14227
            ]
          ]
        ]
      },
      "properties": {
        "code": "54800",
        "departmentCode": "54",
        "name": "TEORAMA",
        "originalCode": "800",
        "originalName": "TEORAMA",
        "type": "MUNICIPIO",
        "areaName": 925.34338126,
        "creationYear": 2024,
        "creationResolution": "1817",
        "resultType": "observed",
        "source": "dane-divipola-mgn-2025",
        "year": 2025,
        "MPIO_TIPO": "MUNICIPIO",
        "unitType": "municipio",
        "MPIO_NAREA": 925.34338126,
        "MPIO_NANO": 2024,
        "MPIO_CRSLCION": "1817"
      }
    },
    {
      "type": "Feature",
      "id": 2417,
      "geometry": {
        "type": "Polygon",
        "coordinates": [
          [
            [
              -72.81199,
              9.12173
            ],
            [
              -72.82165,
              9.14152
            ],
            [
              -72.82358,
              9.12181
            ],
            [
              -72.88123,
              9.13227
            ],
            [
              -72.88706,
              9.10356
            ],
            [
              -72.93252,
              9.08304
            ],
            [
              -72.95761,
              9.08848
            ],
            [
              -72.96039,
              9.0689
            ],
            [
              -72.93121,
              9.04409
            ],
            [
              -72.97099,
              9.01978
            ],
            [
              -72.9935,
              9.03981
            ],
            [
              -73.06504,
              8.98272
            ],
            [
              -73.07368,
              8.92006
            ],
            [
              -73.05553,
              8.86407
            ],
            [
              -73.00326,
              8.888
            ],
            [
              -72.96999,
              8.88281
            ],
            [
              -72.94763,
              8.83855
            ],
            [
              -72.96626,
              8.80912
            ],
            [
              -72.94359,
              8.7895
            ],
            [
              -72.96011,
              8.76289
            ],
            [
              -72.94179,
              8.75805
            ],
            [
              -72.91709,
              8.71022
            ],
            [
              -72.91204,
              8.58853
            ],
            [
              -72.93745,
              8.57475
            ],
            [
              -72.96779,
              8.58698
            ],
            [
              -73.01728,
              8.55529
            ],
            [
              -72.96896,
              8.46517
            ],
            [
              -72.94406,
              8.47691
            ],
            [
              -72.94375,
              8.51131
            ],
            [
              -72.90347,
              8.52365
            ],
            [
              -72.88027,
              8.50219
            ],
            [
              -72.89133,
              8.43648
            ],
            [
              -72.86425,
              8.43924
            ],
            [
              -72.8376,
              8.41588
            ],
            [
              -72.78299,
              8.4327
            ],
            [
              -72.74944,
              8.41856
            ],
            [
              -72.69627,
              8.43828
            ],
            [
              -72.65834,
              8.41221
            ],
            [
              -72.61758,
              8.45427
            ],
            [
              -72.59558,
              8.40193
            ],
            [
              -72.60781,
              8.37678
            ],
            [
              -72.61659,
              8.36144
            ],
            [
              -72.6324,
              8.36773
            ],
            [
              -72.6605,
              8.34388
            ],
            [
              -72.72058,
              8.32777
            ],
            [
              -72.70753,
              8.30994
            ],
            [
              -72.74002,
              8.29662
            ],
            [
              -72.74866,
              8.27078
            ],
            [
              -72.72667,
              8.25057
            ],
            [
              -72.67015,
              8.30309
            ],
            [
              -72.65236,
              8.29561
            ],
            [
              -72.58837,
              8.32848
            ],
            [
              -72.58546,
              8.37249
            ],
            [
              -72.53368,
              8.30986
            ],
            [
              -72.52291,
              8.39897
            ],
            [
              -72.50221,
              8.39883
            ],
            [
              -72.47304,
              8.43017
            ],
            [
              -72.61709,
              8.59521
            ],
            [
              -72.65479,
              8.61428
            ],
            [
              -72.7202,
              8.94074
            ],
            [
              -72.77312,
              9.08569
            ],
            [
              -72.76574,
              9.10548
            ],
            [
              -72.78521,
              9.1152
            ],
            [
              -72.79616,
              9.10339
            ],
            [
              -72.79613,
              9.12126
            ],
            [
              -72.81199,
              9.12173
            ]
          ]
        ]
      },
      "properties": {
        "code": "54810",
        "departmentCode": "54",
        "name": "TIBÚ",
        "originalCode": "810",
        "originalName": "TIBÚ",
        "type": "MUNICIPIO",
        "areaName": 2674.50893519,
        "creationYear": 2024,
        "creationResolution": "Ordenanza 3 de Noviembre 25 de 1977",
        "resultType": "observed",
        "source": "dane-divipola-mgn-2025",
        "year": 2025,
        "MPIO_TIPO": "MUNICIPIO",
        "unitType": "municipio",
        "MPIO_NAREA": 2674.50893519,
        "MPIO_NANO": 2024,
        "MPIO_CRSLCION": "Ordenanza 3 de Noviembre 25 de 1977"
      }
    },
    {
      "type": "Feature",
      "id": 2418,
      "geometry": {
        "type": "Polygon",
        "coordinates": [
          [
            [
              -72.04891,
              7.03762
            ],
            [
              -72.17442,
              7.25761
            ],
            [
              -72.15386,
              7.32819
            ],
            [
              -72.19593,
              7.38522
            ],
            [
              -72.29984,
              7.39069
            ],
            [
              -72.32554,
              7.37597
            ],
            [
              -72.35349,
              7.39625
            ],
            [
              -72.44977,
              7.39764
            ],
            [
              -72.4931,
              7.46314
            ],
            [
              -72.53458,
              7.4893
            ],
            [
              -72.55085,
              7.46363
            ],
            [
              -72.59558,
              7.4576
            ],
            [
              -72.5567,
              7.4217
            ],
            [
              -72.56945,
              7.39353
            ],
            [
              -72.50999,
              7.39125
            ],
            [
              -72.49023,
              7.29081
            ],
            [
              -72.44547,
              7.23035
            ],
            [
              -72.45401,
              7.18321
            ],
            [
              -72.48084,
              7.15829
            ],
            [
              -72.4433,
              7.1532
            ],
            [
              -72.39218,
              7.10189
            ],
            [
              -72.37333,
              7.11025
            ],
            [
              -72.31841,
              7.05822
            ],
            [
              -72.28966,
              6.99665
            ],
            [
              -72.27151,
              7.01283
            ],
            [
              -72.25167,
              7.00688
            ],
            [
              -72.24492,
              6.97711
            ],
            [
              -72.22084,
              6.98575
            ],
            [
              -72.19064,
              7.04747
            ],
            [
              -72.18409,
              7.02893
            ],
            [
              -72.16198,
              7.04694
            ],
            [
              -72.14714,
              7.0153
            ],
            [
              -72.11351,
              6.99709
            ],
            [
              -72.08262,
              7.04466
            ],
            [
              -72.04891,
              7.03762
            ]
          ]
        ]
      },
      "properties": {
        "code": "54820",
        "departmentCode": "54",
        "name": "TOLEDO",
        "originalCode": "820",
        "originalName": "TOLEDO",
        "type": "MUNICIPIO",
        "areaName": 1498.11877107,
        "creationYear": 2025,
        "creationResolution": "1886",
        "resultType": "observed",
        "source": "dane-divipola-mgn-2025",
        "year": 2025,
        "MPIO_TIPO": "MUNICIPIO",
        "unitType": "municipio",
        "MPIO_NAREA": 1498.11877107,
        "MPIO_NANO": 2025,
        "MPIO_CRSLCION": "1886"
      }
    },
    {
      "type": "Feature",
      "id": 2419,
      "geometry": {
        "type": "Polygon",
        "coordinates": [
          [
            [
              -72.97591,
              8.09128
            ],
            [
              -72.99067,
              8.10251
            ],
            [
              -73.01129,
              8.09269
            ],
            [
              -73.0192,
              8.05074
            ],
            [
              -73.08147,
              8.0301
            ],
            [
              -73.08936,
              7.99296
            ],
            [
              -73.06835,
              7.93991
            ],
            [
              -73.04272,
              7.92947
            ],
            [
              -73.04555,
              7.86755
            ],
            [
              -73.02311,
              7.85222
            ],
            [
              -73.03255,
              7.8331
            ],
            [
              -73.0056,
              7.76461
            ],
            [
              -72.93205,
              7.84766
            ],
            [
              -72.93922,
              7.87884
            ],
            [
              -72.89266,
              7.90706
            ],
            [
              -72.87515,
              7.95325
            ],
            [
              -72.90336,
              7.95688
            ],
            [
              -72.87382,
              7.99759
            ],
            [
              -72.97634,
              7.98159
            ],
            [
              -72.96758,
              8.03982
            ],
            [
              -72.9905,
              8.06949
            ],
            [
              -72.97591,
              8.09128
            ]
          ]
        ]
      },
      "properties": {
        "code": "54871",
        "departmentCode": "54",
        "name": "VILLA CARO",
        "originalCode": "871",
        "originalName": "VILLA CARO",
        "type": "MUNICIPIO",
        "areaName": 400.2739777,
        "creationYear": 2024,
        "creationResolution": "Ordenanza 9 de Noviembre 25 de 1948",
        "resultType": "observed",
        "source": "dane-divipola-mgn-2025",
        "year": 2025,
        "MPIO_TIPO": "MUNICIPIO",
        "unitType": "municipio",
        "MPIO_NAREA": 400.2739777,
        "MPIO_NANO": 2024,
        "MPIO_CRSLCION": "Ordenanza 9 de Noviembre 25 de 1948"
      }
    },
    {
      "type": "Feature",
      "id": 2420,
      "geometry": {
        "type": "Polygon",
        "coordinates": [
          [
            [
              -72.45954,
              7.89807
            ],
            [
              -72.46417,
              7.87654
            ],
            [
              -72.48751,
              7.86393
            ],
            [
              -72.48175,
              7.79106
            ],
            [
              -72.50684,
              7.77635
            ],
            [
              -72.4881,
              7.75968
            ],
            [
              -72.52256,
              7.65577
            ],
            [
              -72.49638,
              7.64341
            ],
            [
              -72.47382,
              7.66046
            ],
            [
              -72.46929,
              7.79154
            ],
            [
              -72.44696,
              7.8272
            ],
            [
              -72.45954,
              7.89807
            ]
          ]
        ]
      },
      "properties": {
        "code": "54874",
        "departmentCode": "54",
        "name": "VILLA DEL ROSARIO",
        "originalCode": "874",
        "originalName": "VILLA DEL ROSARIO",
        "type": "MUNICIPIO",
        "areaName": 91.55974104,
        "creationYear": 2024,
        "creationResolution": "1789",
        "resultType": "observed",
        "source": "dane-divipola-mgn-2025",
        "year": 2025,
        "MPIO_TIPO": "MUNICIPIO",
        "unitType": "municipio",
        "MPIO_NAREA": 91.55974104,
        "MPIO_NANO": 2024,
        "MPIO_CRSLCION": "1789"
      }
    }
  ]
}
