{
  "type": "FeatureCollection",
  "metadata": {
    "source": "DANE DIVIPOLA MGN 2025",
    "downloadedAt": "2026-07-27T01:49:40Z",
    "crs": "EPSG:4326",
    "simplification": "ArcGIS maxAllowableOffset=0.01 grados y geometryPrecision=5; solo visualización web"
  },
  "features": [
    {
      "type": "Feature",
      "id": 2447,
      "geometry": {
        "type": "Polygon",
        "coordinates": [
          [
            [
              -73.07073,
              7.19955
            ],
            [
              -73.09045,
              7.21575
            ],
            [
              -73.08159,
              7.26662
            ],
            [
              -73.13709,
              7.20907
            ],
            [
              -73.15761,
              7.21628
            ],
            [
              -73.14362,
              7.16068
            ],
            [
              -73.1722,
              7.09918
            ],
            [
              -73.15672,
              7.07654
            ],
            [
              -73.12331,
              7.08229
            ],
            [
              -73.12382,
              7.06563
            ],
            [
              -73.07876,
              7.1196
            ],
            [
              -73.06054,
              7.11489
            ],
            [
              -73.04661,
              7.13942
            ],
            [
              -73.0654,
              7.14644
            ],
            [
              -73.05691,
              7.18519
            ],
            [
              -73.07073,
              7.19955
            ]
          ]
        ]
      },
      "properties": {
        "code": "68001",
        "departmentCode": "68",
        "name": "BUCARAMANGA",
        "originalCode": "001",
        "originalName": "BUCARAMANGA",
        "type": "MUNICIPIO",
        "areaName": 153.49940597,
        "creationYear": 2024,
        "creationResolution": "1623",
        "resultType": "observed",
        "source": "dane-divipola-mgn-2025",
        "year": 2025,
        "MPIO_TIPO": "MUNICIPIO",
        "unitType": "municipio",
        "MPIO_NAREA": 153.49940597,
        "MPIO_NANO": 2024,
        "MPIO_CRSLCION": "1623"
      }
    },
    {
      "type": "Feature",
      "id": 2448,
      "geometry": {
        "type": "Polygon",
        "coordinates": [
          [
            [
              -73.56261,
              6.24032
            ],
            [
              -73.57712,
              6.25346
            ],
            [
              -73.5559,
              6.22074
            ],
            [
              -73.56103,
              6.15774
            ],
            [
              -73.54277,
              6.11039
            ],
            [
              -73.52135,
              6.14639
            ],
            [
              -73.48191,
              6.16294
            ],
            [
              -73.48087,
              6.186
            ],
            [
              -73.52016,
              6.21203
            ],
            [
              -73.53084,
              6.23881
            ],
            [
              -73.56261,
              6.24032
            ]
          ]
        ]
      },
      "properties": {
        "code": "68013",
        "departmentCode": "68",
        "name": "AGUADA",
        "originalCode": "013",
        "originalName": "AGUADA",
        "type": "MUNICIPIO",
        "areaName": 75.11051561,
        "creationYear": 2024,
        "creationResolution": "1775",
        "resultType": "observed",
        "source": "dane-divipola-mgn-2025",
        "year": 2025,
        "MPIO_TIPO": "MUNICIPIO",
        "unitType": "municipio",
        "MPIO_NAREA": 75.11051561,
        "MPIO_NANO": 2024,
        "MPIO_CRSLCION": "1775"
      }
    },
    {
      "type": "Feature",
      "id": 2449,
      "geometry": {
        "type": "Polygon",
        "coordinates": [
          [
            [
              -73.73616,
              5.87092
            ],
            [
              -73.79683,
              5.84464
            ],
            [
              -73.82912,
              5.78827
            ],
            [
              -73.86216,
              5.79536
            ],
            [
              -73.85906,
              5.77381
            ],
            [
              -73.91481,
              5.79226
            ],
            [
              -73.96194,
              5.73955
            ],
            [
              -73.88917,
              5.73696
            ],
            [
              -73.87302,
              5.72564
            ],
            [
              -73.87845,
              5.70754
            ],
            [
              -73.82342,
              5.74041
            ],
            [
              -73.8123,
              5.71508
            ],
            [
              -73.75761,
              5.77749
            ],
            [
              -73.73616,
              5.87092
            ]
          ]
        ]
      },
      "properties": {
        "code": "68020",
        "departmentCode": "68",
        "name": "ALBANIA",
        "originalCode": "020",
        "originalName": "ALBANIA",
        "type": "MUNICIPIO",
        "areaName": 165.98257919,
        "creationYear": 2024,
        "creationResolution": "Ordenanza 33 de 1919",
        "resultType": "observed",
        "source": "dane-divipola-mgn-2025",
        "year": 2025,
        "MPIO_TIPO": "MUNICIPIO",
        "unitType": "municipio",
        "MPIO_NAREA": 165.98257919,
        "MPIO_NANO": 2024,
        "MPIO_CRSLCION": "Ordenanza 33 de 1919"
      }
    },
    {
      "type": "Feature",
      "id": 2450,
      "geometry": {
        "type": "Polygon",
        "coordinates": [
          [
            [
              -72.98158,
              6.76066
            ],
            [
              -72.98444,
              6.80662
            ],
            [
              -73.00537,
              6.82443
            ],
            [
              -73.06763,
              6.73716
            ],
            [
              -73.03582,
              6.70211
            ],
            [
              -73.10349,
              6.70258
            ],
            [
              -73.04177,
              6.64929
            ],
            [
              -72.98788,
              6.65086
            ],
            [
              -72.93536,
              6.70263
            ],
            [
              -72.97257,
              6.72724
            ],
            [
              -72.98158,
              6.76066
            ]
          ]
        ]
      },
      "properties": {
        "code": "68051",
        "departmentCode": "68",
        "name": "ARATOCA",
        "originalCode": "051",
        "originalName": "ARATOCA",
        "type": "MUNICIPIO",
        "areaName": 169.46175879,
        "creationYear": 2024,
        "creationResolution": "1750",
        "resultType": "observed",
        "source": "dane-divipola-mgn-2025",
        "year": 2025,
        "MPIO_TIPO": "MUNICIPIO",
        "unitType": "municipio",
        "MPIO_NAREA": 169.46175879,
        "MPIO_NANO": 2024,
        "MPIO_CRSLCION": "1750"
      }
    },
    {
      "type": "Feature",
      "id": 2451,
      "geometry": {
        "type": "Polygon",
        "coordinates": [
          [
            [
              -73.58988,
              5.99809
            ],
            [
              -73.64109,
              5.97664
            ],
            [
              -73.6631,
              5.92735
            ],
            [
              -73.63449,
              5.91094
            ],
            [
              -73.6074,
              5.93065
            ],
            [
              -73.58988,
              5.99809
            ]
          ]
        ]
      },
      "properties": {
        "code": "68077",
        "departmentCode": "68",
        "name": "BARBOSA",
        "originalCode": "077",
        "originalName": "BARBOSA",
        "type": "MUNICIPIO",
        "areaName": 46.64324957,
        "creationYear": 2024,
        "creationResolution": "Ordenanza 30 del 25 de Abril de 1936",
        "resultType": "observed",
        "source": "dane-divipola-mgn-2025",
        "year": 2025,
        "MPIO_TIPO": "MUNICIPIO",
        "unitType": "municipio",
        "MPIO_NAREA": 46.64324957,
        "MPIO_NANO": 2024,
        "MPIO_CRSLCION": "Ordenanza 30 del 25 de Abril de 1936"
      }
    },
    {
      "type": "Feature",
      "id": 2452,
      "geometry": {
        "type": "Polygon",
        "coordinates": [
          [
            [
              -73.22126,
              6.73288
            ],
            [
              -73.25499,
              6.70967
            ],
            [
              -73.26657,
              6.6612
            ],
            [
              -73.26294,
              6.6257
            ],
            [
              -73.23362,
              6.61427
            ],
            [
              -73.22221,
              6.55874
            ],
            [
              -73.15437,
              6.59916
            ],
            [
              -73.15216,
              6.61682
            ],
            [
              -73.19304,
              6.64666
            ],
            [
              -73.17945,
              6.708
            ],
            [
              -73.22126,
              6.73288
            ]
          ]
        ]
      },
      "properties": {
        "code": "68079",
        "departmentCode": "68",
        "name": "BARICHARA",
        "originalCode": "079",
        "originalName": "BARICHARA",
        "type": "MUNICIPIO",
        "areaName": 137.02734716,
        "creationYear": 2024,
        "creationResolution": "1799",
        "resultType": "observed",
        "source": "dane-divipola-mgn-2025",
        "year": 2025,
        "MPIO_TIPO": "MUNICIPIO",
        "unitType": "municipio",
        "MPIO_NAREA": 137.02734716,
        "MPIO_NANO": 2024,
        "MPIO_CRSLCION": "1799"
      }
    },
    {
      "type": "Feature",
      "id": 2453,
      "geometry": {
        "type": "Polygon",
        "coordinates": [
          [
            [
              -73.61307,
              7.19104
            ],
            [
              -73.62004,
              7.21147
            ],
            [
              -73.6962,
              7.25715
            ],
            [
              -73.74651,
              7.23137
            ],
            [
              -73.79017,
              7.24281
            ],
            [
              -73.81517,
              7.21203
            ],
            [
              -73.80625,
              7.23141
            ],
            [
              -73.81789,
              7.23488
            ],
            [
              -73.88772,
              7.18878
            ],
            [
              -73.9235,
              7.21346
            ],
            [
              -73.93877,
              7.18229
            ],
            [
              -73.93316,
              7.12483
            ],
            [
              -73.88818,
              7.07021
            ],
            [
              -73.88421,
              7.00524
            ],
            [
              -73.91562,
              6.96912
            ],
            [
              -74.01065,
              6.91328
            ],
            [
              -74.07723,
              6.84189
            ],
            [
              -74.09181,
              6.8012
            ],
            [
              -74.06447,
              6.81074
            ],
            [
              -74.07249,
              6.79894
            ],
            [
              -74.05913,
              6.79618
            ],
            [
              -74.06055,
              6.80989
            ],
            [
              -74.0316,
              6.81969
            ],
            [
              -74.0497,
              6.8348
            ],
            [
              -74.03462,
              6.82442
            ],
            [
              -74.04314,
              6.83964
            ],
            [
              -73.94987,
              6.88882
            ],
            [
              -73.8746,
              6.88615
            ],
            [
              -73.86461,
              6.86804
            ],
            [
              -73.84295,
              6.91443
            ],
            [
              -73.84099,
              6.88444
            ],
            [
              -73.80112,
              6.89346
            ],
            [
              -73.80625,
              6.88292
            ],
            [
              -73.7671,
              6.85487
            ],
            [
              -73.74169,
              6.86613
            ],
            [
              -73.73487,
              6.90363
            ],
            [
              -73.68874,
              6.88386
            ],
            [
              -73.6632,
              6.89809
            ],
            [
              -73.6468,
              6.87621
            ],
            [
              -73.62774,
              6.88236
            ],
            [
              -73.70308,
              6.94552
            ],
            [
              -73.54033,
              7.15399
            ],
            [
              -73.56973,
              7.18466
            ],
            [
              -73.61307,
              7.19104
            ]
          ]
        ]
      },
      "properties": {
        "code": "68081",
        "departmentCode": "68",
        "name": "BARRANCABERMEJA",
        "originalCode": "081",
        "originalName": "BARRANCABERMEJA",
        "type": "MUNICIPIO",
        "areaName": 1324.92914934,
        "creationYear": 2024,
        "creationResolution": "Ordenanza 13 del 17 de Abril de 1922",
        "resultType": "observed",
        "source": "dane-divipola-mgn-2025",
        "year": 2025,
        "MPIO_TIPO": "MUNICIPIO",
        "unitType": "municipio",
        "MPIO_NAREA": 1324.92914934,
        "MPIO_NANO": 2024,
        "MPIO_CRSLCION": "Ordenanza 13 del 17 de Abril de 1922"
      }
    },
    {
      "type": "Feature",
      "id": 2454,
      "geometry": {
        "type": "Polygon",
        "coordinates": [
          [
            [
              -73.53993,
              7.15393
            ],
            [
              -73.51817,
              7.12739
            ],
            [
              -73.52684,
              7.13369
            ],
            [
              -73.52589,
              7.04279
            ],
            [
              -73.4902,
              7.06093
            ],
            [
              -73.4939,
              6.98137
            ],
            [
              -73.45243,
              6.95996
            ],
            [
              -73.43355,
              6.98458
            ],
            [
              -73.39822,
              6.98535
            ],
            [
              -73.38281,
              7.00265
            ],
            [
              -73.35129,
              6.99295
            ],
            [
              -73.33855,
              6.97984
            ],
            [
              -73.35489,
              6.93718
            ],
            [
              -73.3349,
              6.92909
            ],
            [
              -73.31822,
              6.88051
            ],
            [
              -73.30132,
              6.8847
            ],
            [
              -73.26419,
              6.85245
            ],
            [
              -73.21712,
              6.92622
            ],
            [
              -73.23369,
              6.95245
            ],
            [
              -73.26156,
              6.96707
            ],
            [
              -73.29722,
              7.02051
            ],
            [
              -73.3435,
              7.04085
            ],
            [
              -73.3471,
              7.06487
            ],
            [
              -73.38017,
              7.06791
            ],
            [
              -73.44137,
              7.13301
            ],
            [
              -73.53993,
              7.15393
            ]
          ]
        ]
      },
      "properties": {
        "code": "68092",
        "departmentCode": "68",
        "name": "BETULIA",
        "originalCode": "092",
        "originalName": "BETULIA",
        "type": "MUNICIPIO",
        "areaName": 430.51656747,
        "creationYear": 2024,
        "creationResolution": "1874",
        "resultType": "observed",
        "source": "dane-divipola-mgn-2025",
        "year": 2025,
        "MPIO_TIPO": "MUNICIPIO",
        "unitType": "municipio",
        "MPIO_NAREA": 430.51656747,
        "MPIO_NANO": 2024,
        "MPIO_CRSLCION": "1874"
      }
    },
    {
      "type": "Feature",
      "id": 2455,
      "geometry": {
        "type": "Polygon",
        "coordinates": [
          [
            [
              -74.50132,
              6.27575
            ],
            [
              -74.51342,
              6.28365
            ],
            [
              -74.52885,
              6.26285
            ],
            [
              -74.50842,
              6.21647
            ],
            [
              -74.46963,
              6.20139
            ],
            [
              -74.47948,
              6.15964
            ],
            [
              -74.45263,
              6.13568
            ],
            [
              -74.45106,
              6.0987
            ],
            [
              -74.40799,
              6.08646
            ],
            [
              -74.38262,
              6.04009
            ],
            [
              -74.34755,
              6.03852
            ],
            [
              -74.33733,
              6.06498
            ],
            [
              -74.29807,
              6.08411
            ],
            [
              -74.25872,
              6.06552
            ],
            [
              -74.26008,
              6.01248
            ],
            [
              -74.22222,
              5.96791
            ],
            [
              -74.2389,
              5.94369
            ],
            [
              -74.22449,
              5.92324
            ],
            [
              -74.23114,
              5.90501
            ],
            [
              -74.27498,
              5.86848
            ],
            [
              -74.26502,
              5.8341
            ],
            [
              -74.19518,
              5.8557
            ],
            [
              -74.20007,
              5.87666
            ],
            [
              -74.17359,
              5.92316
            ],
            [
              -74.1844,
              5.9292
            ],
            [
              -74.17647,
              5.96766
            ],
            [
              -74.12776,
              6.01424
            ],
            [
              -74.13178,
              6.03158
            ],
            [
              -74.10183,
              6.04674
            ],
            [
              -74.11762,
              6.08745
            ],
            [
              -74.11181,
              6.12238
            ],
            [
              -74.09145,
              6.12623
            ],
            [
              -74.09756,
              6.17099
            ],
            [
              -74.07749,
              6.15469
            ],
            [
              -73.97875,
              6.19414
            ],
            [
              -73.92382,
              6.13244
            ],
            [
              -73.87591,
              6.1493
            ],
            [
              -73.86663,
              6.12639
            ],
            [
              -73.84582,
              6.13994
            ],
            [
              -73.79267,
              6.12375
            ],
            [
              -73.79766,
              6.08204
            ],
            [
              -73.76368,
              6.04204
            ],
            [
              -73.79058,
              6.01803
            ],
            [
              -73.8514,
              6.01479
            ],
            [
              -73.85861,
              5.98599
            ],
            [
              -73.80794,
              5.94668
            ],
            [
              -73.76199,
              5.9425
            ],
            [
              -73.75912,
              6.00019
            ],
            [
              -73.71789,
              6.02952
            ],
            [
              -73.73509,
              6.03825
            ],
            [
              -73.75035,
              6.09069
            ],
            [
              -73.72879,
              6.14638
            ],
            [
              -73.76925,
              6.17606
            ],
            [
              -73.78121,
              6.21107
            ],
            [
              -73.82779,
              6.19991
            ],
            [
              -73.86171,
              6.16766
            ],
            [
              -73.91702,
              6.23139
            ],
            [
              -73.97689,
              6.22366
            ],
            [
              -74.01015,
              6.2003
            ],
            [
              -74.03815,
              6.20578
            ],
            [
              -74.06171,
              6.1846
            ],
            [
              -74.08846,
              6.19414
            ],
            [
              -74.13246,
              6.24712
            ],
            [
              -74.17144,
              6.1968
            ],
            [
              -74.2038,
              6.19177
            ],
            [
              -74.19468,
              6.18445
            ],
            [
              -74.20975,
              6.16189
            ],
            [
              -74.18399,
              6.12985
            ],
            [
              -74.19369,
              6.08452
            ],
            [
              -74.22214,
              6.06774
            ],
            [
              -74.28717,
              6.12792
            ],
            [
              -74.32344,
              6.10806
            ],
            [
              -74.40681,
              6.12854
            ],
            [
              -74.42479,
              6.19284
            ],
            [
              -74.41153,
              6.22273
            ],
            [
              -74.48079,
              6.24845
            ],
            [
              -74.50132,
              6.27575
            ]
          ]
        ]
      },
      "properties": {
        "code": "68101",
        "departmentCode": "68",
        "name": "BOLÍVAR",
        "originalCode": "101",
        "originalName": "BOLÍVAR",
        "type": "MUNICIPIO",
        "areaName": 1008.88889386,
        "creationYear": 2024,
        "creationResolution": "1844",
        "resultType": "observed",
        "source": "dane-divipola-mgn-2025",
        "year": 2025,
        "MPIO_TIPO": "MUNICIPIO",
        "unitType": "municipio",
        "MPIO_NAREA": 1008.88889386,
        "MPIO_NANO": 2024,
        "MPIO_CRSLCION": "1844"
      }
    },
    {
      "type": "Feature",
      "id": 2456,
      "geometry": {
        "type": "Polygon",
        "coordinates": [
          [
            [
              -73.25696,
              6.6213
            ],
            [
              -73.26493,
              6.62929
            ],
            [
              -73.28279,
              6.56414
            ],
            [
              -73.26563,
              6.50936
            ],
            [
              -73.20394,
              6.54239
            ],
            [
              -73.23818,
              6.58721
            ],
            [
              -73.23702,
              6.61962
            ],
            [
              -73.25696,
              6.6213
            ]
          ]
        ]
      },
      "properties": {
        "code": "68121",
        "departmentCode": "68",
        "name": "CABRERA",
        "originalCode": "121",
        "originalName": "CABRERA",
        "type": "MUNICIPIO",
        "areaName": 65.45711863,
        "creationYear": 2024,
        "creationResolution": "1869",
        "resultType": "observed",
        "source": "dane-divipola-mgn-2025",
        "year": 2025,
        "MPIO_TIPO": "MUNICIPIO",
        "unitType": "municipio",
        "MPIO_NAREA": 65.45711863,
        "MPIO_NANO": 2024,
        "MPIO_CRSLCION": "1869"
      }
    },
    {
      "type": "Feature",
      "id": 2457,
      "geometry": {
        "type": "Polygon",
        "coordinates": [
          [
            [
              -72.88815,
              7.39951
            ],
            [
              -72.91063,
              7.39503
            ],
            [
              -72.95046,
              7.3484
            ],
            [
              -72.97982,
              7.35293
            ],
            [
              -72.9225,
              7.2924
            ],
            [
              -72.93074,
              7.33863
            ],
            [
              -72.88752,
              7.37652
            ],
            [
              -72.8659,
              7.37618
            ],
            [
              -72.88815,
              7.39951
            ]
          ]
        ]
      },
      "properties": {
        "code": "68132",
        "departmentCode": "68",
        "name": "CALIFORNIA",
        "originalCode": "132",
        "originalName": "CALIFORNIA",
        "type": "MUNICIPIO",
        "areaName": 44.92358028,
        "creationYear": 2024,
        "creationResolution": "1905",
        "resultType": "observed",
        "source": "dane-divipola-mgn-2025",
        "year": 2025,
        "MPIO_TIPO": "MUNICIPIO",
        "unitType": "municipio",
        "MPIO_NAREA": 44.92358028,
        "MPIO_NANO": 2024,
        "MPIO_CRSLCION": "1905"
      }
    },
    {
      "type": "Feature",
      "id": 2458,
      "geometry": {
        "type": "Polygon",
        "coordinates": [
          [
            [
              -72.69514,
              6.58561
            ],
            [
              -72.7071,
              6.59291
            ],
            [
              -72.74448,
              6.56027
            ],
            [
              -72.70358,
              6.53923
            ],
            [
              -72.64907,
              6.4364
            ],
            [
              -72.62696,
              6.46907
            ],
            [
              -72.62695,
              6.50023
            ],
            [
              -72.6513,
              6.51307
            ],
            [
              -72.66299,
              6.56237
            ],
            [
              -72.69514,
              6.58561
            ]
          ]
        ]
      },
      "properties": {
        "code": "68147",
        "departmentCode": "68",
        "name": "CAPITANEJO",
        "originalCode": "147",
        "originalName": "CAPITANEJO",
        "type": "MUNICIPIO",
        "areaName": 85.09966185,
        "creationYear": 2024,
        "creationResolution": "1804",
        "resultType": "observed",
        "source": "dane-divipola-mgn-2025",
        "year": 2025,
        "MPIO_TIPO": "MUNICIPIO",
        "unitType": "municipio",
        "MPIO_NAREA": 85.09966185,
        "MPIO_NANO": 2024,
        "MPIO_CRSLCION": "1804"
      }
    },
    {
      "type": "Feature",
      "id": 2459,
      "geometry": {
        "type": "Polygon",
        "coordinates": [
          [
            [
              -72.58253,
              6.75172
            ],
            [
              -72.59234,
              6.72639
            ],
            [
              -72.62122,
              6.72253
            ],
            [
              -72.66783,
              6.61748
            ],
            [
              -72.63865,
              6.61734
            ],
            [
              -72.62258,
              6.58678
            ],
            [
              -72.60469,
              6.59203
            ],
            [
              -72.59995,
              6.55854
            ],
            [
              -72.56078,
              6.58991
            ],
            [
              -72.52705,
              6.59163
            ],
            [
              -72.48554,
              6.6571
            ],
            [
              -72.49889,
              6.72826
            ],
            [
              -72.58253,
              6.75172
            ]
          ]
        ]
      },
      "properties": {
        "code": "68152",
        "departmentCode": "68",
        "name": "CARCASÍ",
        "originalCode": "152",
        "originalName": "CARCASÍ",
        "type": "MUNICIPIO",
        "areaName": 258.36870334,
        "creationYear": 2024,
        "creationResolution": "1772",
        "resultType": "observed",
        "source": "dane-divipola-mgn-2025",
        "year": 2025,
        "MPIO_TIPO": "MUNICIPIO",
        "unitType": "municipio",
        "MPIO_NAREA": 258.36870334,
        "MPIO_NANO": 2024,
        "MPIO_CRSLCION": "1772"
      }
    },
    {
      "type": "Feature",
      "id": 2460,
      "geometry": {
        "type": "Polygon",
        "coordinates": [
          [
            [
              -72.8872,
              6.79642
            ],
            [
              -72.88826,
              6.81721
            ],
            [
              -72.91208,
              6.79581
            ],
            [
              -72.94782,
              6.81205
            ],
            [
              -72.98711,
              6.78305
            ],
            [
              -72.97257,
              6.72724
            ],
            [
              -72.91236,
              6.67523
            ],
            [
              -72.90433,
              6.70755
            ],
            [
              -72.87868,
              6.72324
            ],
            [
              -72.89528,
              6.75463
            ],
            [
              -72.8872,
              6.79642
            ]
          ]
        ]
      },
      "properties": {
        "code": "68160",
        "departmentCode": "68",
        "name": "CEPITÁ",
        "originalCode": "160",
        "originalName": "CEPITÁ",
        "type": "MUNICIPIO",
        "areaName": 107.75161974,
        "creationYear": 2024,
        "creationResolution": "Ordenanza 33 de 1968",
        "resultType": "observed",
        "source": "dane-divipola-mgn-2025",
        "year": 2025,
        "MPIO_TIPO": "MUNICIPIO",
        "unitType": "municipio",
        "MPIO_NAREA": 107.75161974,
        "MPIO_NANO": 2024,
        "MPIO_CRSLCION": "Ordenanza 33 de 1968"
      }
    },
    {
      "type": "Feature",
      "id": 2461,
      "geometry": {
        "type": "Polygon",
        "coordinates": [
          [
            [
              -72.74352,
              6.97776
            ],
            [
              -72.73106,
              6.94101
            ],
            [
              -72.74098,
              6.85338
            ],
            [
              -72.75781,
              6.8271
            ],
            [
              -72.73334,
              6.83782
            ],
            [
              -72.69387,
              6.80132
            ],
            [
              -72.6763,
              6.82627
            ],
            [
              -72.63388,
              6.81861
            ],
            [
              -72.62256,
              6.79274
            ],
            [
              -72.57893,
              6.80122
            ],
            [
              -72.55698,
              6.82742
            ],
            [
              -72.54218,
              6.93659
            ],
            [
              -72.56237,
              6.99979
            ],
            [
              -72.63203,
              6.98692
            ],
            [
              -72.64912,
              6.99752
            ],
            [
              -72.6685,
              6.9655
            ],
            [
              -72.68578,
              7.00943
            ],
            [
              -72.7225,
              7.00466
            ],
            [
              -72.74352,
              6.97776
            ]
          ]
        ]
      },
      "properties": {
        "code": "68162",
        "departmentCode": "68",
        "name": "CERRITO",
        "originalCode": "162",
        "originalName": "CERRITO",
        "type": "MUNICIPIO",
        "areaName": 420.06462882,
        "creationYear": 2025,
        "creationResolution": "1775",
        "resultType": "observed",
        "source": "dane-divipola-mgn-2025",
        "year": 2025,
        "MPIO_TIPO": "MUNICIPIO",
        "unitType": "municipio",
        "MPIO_NAREA": 420.06462882,
        "MPIO_NANO": 2025,
        "MPIO_CRSLCION": "1775"
      }
    },
    {
      "type": "Feature",
      "id": 2462,
      "geometry": {
        "type": "Polygon",
        "coordinates": [
          [
            [
              -73.01928,
              6.39471
            ],
            [
              -73.06708,
              6.38683
            ],
            [
              -73.10165,
              6.31559
            ],
            [
              -73.11756,
              6.3197
            ],
            [
              -73.1204,
              6.28763
            ],
            [
              -73.14505,
              6.29378
            ],
            [
              -73.14039,
              6.3292
            ],
            [
              -73.15965,
              6.35562
            ],
            [
              -73.23093,
              6.31501
            ],
            [
              -73.20001,
              6.26689
            ],
            [
              -73.20888,
              6.19884
            ],
            [
              -73.23785,
              6.15937
            ],
            [
              -73.22711,
              6.11266
            ],
            [
              -73.24036,
              6.05374
            ],
            [
              -73.14264,
              5.96108
            ],
            [
              -73.08101,
              5.97107
            ],
            [
              -73.14038,
              5.99908
            ],
            [
              -73.14573,
              6.09021
            ],
            [
              -73.17483,
              6.10635
            ],
            [
              -73.1602,
              6.16355
            ],
            [
              -73.17148,
              6.17577
            ],
            [
              -73.15798,
              6.1712
            ],
            [
              -73.1367,
              6.20618
            ],
            [
              -73.10882,
              6.21659
            ],
            [
              -73.09758,
              6.24399
            ],
            [
              -73.10949,
              6.26685
            ],
            [
              -73.07478,
              6.27329
            ],
            [
              -73.07933,
              6.29157
            ],
            [
              -73.04207,
              6.33389
            ],
            [
              -73.03373,
              6.36799
            ],
            [
              -73.00123,
              6.35858
            ],
            [
              -73.01928,
              6.39471
            ]
          ]
        ]
      },
      "properties": {
        "code": "68167",
        "departmentCode": "68",
        "name": "CHARALÁ",
        "originalCode": "167",
        "originalName": "CHARALÁ",
        "type": "MUNICIPIO",
        "areaName": 418.44254874,
        "creationYear": 2024,
        "creationResolution": "1877",
        "resultType": "observed",
        "source": "dane-divipola-mgn-2025",
        "year": 2025,
        "MPIO_TIPO": "MUNICIPIO",
        "unitType": "municipio",
        "MPIO_NAREA": 418.44254874,
        "MPIO_NANO": 2024,
        "MPIO_CRSLCION": "1877"
      }
    },
    {
      "type": "Feature",
      "id": 2463,
      "geometry": {
        "type": "Polygon",
        "coordinates": [
          [
            [
              -72.95466,
              7.30768
            ],
            [
              -72.97291,
              7.31847
            ],
            [
              -73.01956,
              7.28053
            ],
            [
              -73.05172,
              7.27725
            ],
            [
              -73.05676,
              7.2169
            ],
            [
              -73.07471,
              7.19212
            ],
            [
              -73.04188,
              7.18836
            ],
            [
              -72.9831,
              7.25162
            ],
            [
              -72.95661,
              7.23553
            ],
            [
              -72.88187,
              7.25651
            ],
            [
              -72.95466,
              7.30768
            ]
          ]
        ]
      },
      "properties": {
        "code": "68169",
        "departmentCode": "68",
        "name": "CHARTA",
        "originalCode": "169",
        "originalName": "CHARTA",
        "type": "MUNICIPIO",
        "areaName": 126.45829224,
        "creationYear": 2024,
        "creationResolution": "Ordenanza 27 del 25 de Abril de 1927",
        "resultType": "observed",
        "source": "dane-divipola-mgn-2025",
        "year": 2025,
        "MPIO_TIPO": "MUNICIPIO",
        "unitType": "municipio",
        "MPIO_NAREA": 126.45829224,
        "MPIO_NANO": 2024,
        "MPIO_CRSLCION": "Ordenanza 27 del 25 de Abril de 1927"
      }
    },
    {
      "type": "Feature",
      "id": 2464,
      "geometry": {
        "type": "Polygon",
        "coordinates": [
          [
            [
              -73.44674,
              6.46427
            ],
            [
              -73.46328,
              6.46498
            ],
            [
              -73.48257,
              6.40218
            ],
            [
              -73.46399,
              6.31568
            ],
            [
              -73.44475,
              6.30164
            ],
            [
              -73.42034,
              6.31713
            ],
            [
              -73.3629,
              6.31378
            ],
            [
              -73.32087,
              6.40029
            ],
            [
              -73.42215,
              6.40295
            ],
            [
              -73.4384,
              6.41219
            ],
            [
              -73.44674,
              6.46427
            ]
          ]
        ]
      },
      "properties": {
        "code": "68176",
        "departmentCode": "68",
        "name": "CHIMA",
        "originalCode": "176",
        "originalName": "CHIMA",
        "type": "MUNICIPIO",
        "areaName": 172.92798651,
        "creationYear": 2024,
        "creationResolution": "1707",
        "resultType": "observed",
        "source": "dane-divipola-mgn-2025",
        "year": 2025,
        "MPIO_TIPO": "MUNICIPIO",
        "unitType": "municipio",
        "MPIO_NAREA": 172.92798651,
        "MPIO_NANO": 2024,
        "MPIO_CRSLCION": "1707"
      }
    },
    {
      "type": "Feature",
      "id": 2465,
      "geometry": {
        "type": "Polygon",
        "coordinates": [
          [
            [
              -73.62364,
              6.121
            ],
            [
              -73.63641,
              6.13072
            ],
            [
              -73.69413,
              6.04007
            ],
            [
              -73.63621,
              6.0175
            ],
            [
              -73.60788,
              6.03376
            ],
            [
              -73.59204,
              6.02238
            ],
            [
              -73.57781,
              6.08394
            ],
            [
              -73.62364,
              6.121
            ]
          ]
        ]
      },
      "properties": {
        "code": "68179",
        "departmentCode": "68",
        "name": "CHIPATÁ",
        "originalCode": "179",
        "originalName": "CHIPATÁ",
        "type": "MUNICIPIO",
        "areaName": 94.79078096,
        "creationYear": 2024,
        "creationResolution": "1810",
        "resultType": "observed",
        "source": "dane-divipola-mgn-2025",
        "year": 2025,
        "MPIO_TIPO": "MUNICIPIO",
        "unitType": "municipio",
        "MPIO_NAREA": 94.79078096,
        "MPIO_NANO": 2024,
        "MPIO_CRSLCION": "1810"
      }
    },
    {
      "type": "Feature",
      "id": 2466,
      "geometry": {
        "type": "Polygon",
        "coordinates": [
          [
            [
              -74.10546,
              6.76563
            ],
            [
              -74.10956,
              6.77675
            ],
            [
              -74.17731,
              6.72495
            ],
            [
              -74.21954,
              6.7171
            ],
            [
              -74.25901,
              6.67337
            ],
            [
              -74.31222,
              6.65431
            ],
            [
              -74.33023,
              6.62957
            ],
            [
              -74.35939,
              6.63284
            ],
            [
              -74.40474,
              6.59385
            ],
            [
              -74.3938,
              6.50046
            ],
            [
              -74.40468,
              6.47089
            ],
            [
              -74.3695,
              6.41222
            ],
            [
              -74.42353,
              6.38998
            ],
            [
              -74.45039,
              6.33188
            ],
            [
              -74.50855,
              6.28552
            ],
            [
              -74.48079,
              6.24845
            ],
            [
              -74.41153,
              6.22273
            ],
            [
              -74.42479,
              6.19284
            ],
            [
              -74.40681,
              6.12854
            ],
            [
              -74.32344,
              6.10806
            ],
            [
              -74.28717,
              6.12792
            ],
            [
              -74.22245,
              6.06779
            ],
            [
              -74.19369,
              6.08452
            ],
            [
              -74.184,
              6.12981
            ],
            [
              -74.21094,
              6.16778
            ],
            [
              -74.19707,
              6.2026
            ],
            [
              -74.17144,
              6.1968
            ],
            [
              -74.13246,
              6.24712
            ],
            [
              -74.09571,
              6.21845
            ],
            [
              -73.99222,
              6.21708
            ],
            [
              -73.85814,
              6.33099
            ],
            [
              -73.80686,
              6.46092
            ],
            [
              -73.87373,
              6.51483
            ],
            [
              -73.87431,
              6.54902
            ],
            [
              -73.90284,
              6.55873
            ],
            [
              -73.93487,
              6.54434
            ],
            [
              -73.98299,
              6.58825
            ],
            [
              -74.06304,
              6.59919
            ],
            [
              -74.07925,
              6.61671
            ],
            [
              -74.06513,
              6.61979
            ],
            [
              -74.06946,
              6.65726
            ],
            [
              -74.10527,
              6.65508
            ],
            [
              -74.08764,
              6.69236
            ],
            [
              -74.11217,
              6.72615
            ],
            [
              -74.08994,
              6.73717
            ],
            [
              -74.11465,
              6.74249
            ],
            [
              -74.10546,
              6.76563
            ]
          ]
        ]
      },
      "properties": {
        "code": "68190",
        "departmentCode": "68",
        "name": "CIMITARRA",
        "originalCode": "190",
        "originalName": "CIMITARRA",
        "type": "MUNICIPIO",
        "areaName": 3170.5183518,
        "creationYear": 2024,
        "creationResolution": "Ordenanza 025 del 26 de Marzo de 1966",
        "resultType": "observed",
        "source": "dane-divipola-mgn-2025",
        "year": 2025,
        "MPIO_TIPO": "MUNICIPIO",
        "unitType": "municipio",
        "MPIO_NAREA": 3170.5183518,
        "MPIO_NANO": 2024,
        "MPIO_CRSLCION": "Ordenanza 025 del 26 de Marzo de 1966"
      }
    },
    {
      "type": "Feature",
      "id": 2467,
      "geometry": {
        "type": "Polygon",
        "coordinates": [
          [
            [
              -72.49679,
              6.88859
            ],
            [
              -72.50294,
              6.90816
            ],
            [
              -72.51374,
              6.888
            ],
            [
              -72.54737,
              6.88595
            ],
            [
              -72.55698,
              6.82742
            ],
            [
              -72.58334,
              6.79852
            ],
            [
              -72.61457,
              6.80408
            ],
            [
              -72.62256,
              6.79274
            ],
            [
              -72.63388,
              6.81861
            ],
            [
              -72.6763,
              6.82627
            ],
            [
              -72.69387,
              6.80132
            ],
            [
              -72.73334,
              6.83782
            ],
            [
              -72.75781,
              6.8271
            ],
            [
              -72.75106,
              6.77502
            ],
            [
              -72.67835,
              6.69348
            ],
            [
              -72.62368,
              6.70141
            ],
            [
              -72.6211,
              6.72265
            ],
            [
              -72.58777,
              6.73248
            ],
            [
              -72.58874,
              6.75729
            ],
            [
              -72.50228,
              6.72483
            ],
            [
              -72.48755,
              6.74365
            ],
            [
              -72.49851,
              6.7984
            ],
            [
              -72.47706,
              6.8422
            ],
            [
              -72.50062,
              6.87124
            ],
            [
              -72.49679,
              6.88859
            ]
          ]
        ]
      },
      "properties": {
        "code": "68207",
        "departmentCode": "68",
        "name": "CONCEPCIÓN",
        "originalCode": "207",
        "originalName": "CONCEPCIÓN",
        "type": "MUNICIPIO",
        "areaName": 336.37615265,
        "creationYear": 2024,
        "creationResolution": "1722",
        "resultType": "observed",
        "source": "dane-divipola-mgn-2025",
        "year": 2025,
        "MPIO_TIPO": "MUNICIPIO",
        "unitType": "municipio",
        "MPIO_NAREA": 336.37615265,
        "MPIO_NANO": 2024,
        "MPIO_CRSLCION": "1722"
      }
    },
    {
      "type": "Feature",
      "id": 2468,
      "geometry": {
        "type": "Polygon",
        "coordinates": [
          [
            [
              -73.22287,
              6.41521
            ],
            [
              -73.24126,
              6.37326
            ],
            [
              -73.29682,
              6.37
            ],
            [
              -73.30523,
              6.34778
            ],
            [
              -73.23195,
              6.30723
            ],
            [
              -73.20551,
              6.32245
            ],
            [
              -73.19505,
              6.37623
            ],
            [
              -73.22287,
              6.41521
            ]
          ]
        ]
      },
      "properties": {
        "code": "68209",
        "departmentCode": "68",
        "name": "CONFINES",
        "originalCode": "209",
        "originalName": "CONFINES",
        "type": "MUNICIPIO",
        "areaName": 71.29356016,
        "creationYear": 2024,
        "creationResolution": "1887",
        "resultType": "observed",
        "source": "dane-divipola-mgn-2025",
        "year": 2025,
        "MPIO_TIPO": "MUNICIPIO",
        "unitType": "municipio",
        "MPIO_NAREA": 71.29356016,
        "MPIO_NANO": 2024,
        "MPIO_CRSLCION": "1887"
      }
    },
    {
      "type": "Feature",
      "id": 2469,
      "geometry": {
        "type": "Polygon",
        "coordinates": [
          [
            [
              -73.49442,
              6.3732
            ],
            [
              -73.51501,
              6.36983
            ],
            [
              -73.55112,
              6.30658
            ],
            [
              -73.57968,
              6.3247
            ],
            [
              -73.59964,
              6.3203
            ],
            [
              -73.59889,
              6.30729
            ],
            [
              -73.56616,
              6.28881
            ],
            [
              -73.5619,
              6.25896
            ],
            [
              -73.49502,
              6.26822
            ],
            [
              -73.44831,
              6.2309
            ],
            [
              -73.43983,
              6.27987
            ],
            [
              -73.40798,
              6.31064
            ],
            [
              -73.45666,
              6.3095
            ],
            [
              -73.47601,
              6.37461
            ],
            [
              -73.49442,
              6.3732
            ]
          ]
        ]
      },
      "properties": {
        "code": "68211",
        "departmentCode": "68",
        "name": "CONTRATACIÓN",
        "originalCode": "211",
        "originalName": "CONTRATACIÓN",
        "type": "MUNICIPIO",
        "areaName": 136.94941288,
        "creationYear": 2024,
        "creationResolution": "1962",
        "resultType": "observed",
        "source": "dane-divipola-mgn-2025",
        "year": 2025,
        "MPIO_TIPO": "MUNICIPIO",
        "unitType": "municipio",
        "MPIO_NAREA": 136.94941288,
        "MPIO_NANO": 2024,
        "MPIO_CRSLCION": "1962"
      }
    },
    {
      "type": "Feature",
      "id": 2470,
      "geometry": {
        "type": "Polygon",
        "coordinates": [
          [
            [
              -72.91108,
              6.37485
            ],
            [
              -72.92794,
              6.38224
            ],
            [
              -73.00569,
              6.35631
            ],
            [
              -73.03373,
              6.36799
            ],
            [
              -73.04207,
              6.33389
            ],
            [
              -73.07933,
              6.29157
            ],
            [
              -73.07478,
              6.27329
            ],
            [
              -73.10949,
              6.26685
            ],
            [
              -73.09923,
              6.23239
            ],
            [
              -73.13571,
              6.20639
            ],
            [
              -73.13312,
              6.18653
            ],
            [
              -73.09808,
              6.1812
            ],
            [
              -73.07591,
              6.14987
            ],
            [
              -73.04458,
              6.13909
            ],
            [
              -72.95954,
              6.13125
            ],
            [
              -72.92337,
              6.09835
            ],
            [
              -72.87252,
              6.12512
            ],
            [
              -72.86162,
              6.17075
            ],
            [
              -72.87885,
              6.19286
            ],
            [
              -72.86683,
              6.22146
            ],
            [
              -72.89267,
              6.24516
            ],
            [
              -72.87538,
              6.27176
            ],
            [
              -72.91632,
              6.33027
            ],
            [
              -72.91108,
              6.37485
            ]
          ]
        ]
      },
      "properties": {
        "code": "68217",
        "departmentCode": "68",
        "name": "COROMORO",
        "originalCode": "217",
        "originalName": "COROMORO",
        "type": "MUNICIPIO",
        "areaName": 576.37556462,
        "creationYear": 2024,
        "creationResolution": "Ordenanza 018 de 1932",
        "resultType": "observed",
        "source": "dane-divipola-mgn-2025",
        "year": 2025,
        "MPIO_TIPO": "MUNICIPIO",
        "unitType": "municipio",
        "MPIO_NAREA": 576.37556462,
        "MPIO_NANO": 2024,
        "MPIO_CRSLCION": "Ordenanza 018 de 1932"
      }
    },
    {
      "type": "Feature",
      "id": 2471,
      "geometry": {
        "type": "Polygon",
        "coordinates": [
          [
            [
              -73.09758,
              6.69041
            ],
            [
              -73.12047,
              6.67655
            ],
            [
              -73.09952,
              6.63075
            ],
            [
              -73.10801,
              6.56361
            ],
            [
              -73.09077,
              6.56937
            ],
            [
              -73.03865,
              6.53886
            ],
            [
              -72.99194,
              6.5389
            ],
            [
              -72.98305,
              6.59978
            ],
            [
              -72.9549,
              6.61582
            ],
            [
              -72.94426,
              6.60225
            ],
            [
              -72.92405,
              6.61125
            ],
            [
              -72.91654,
              6.64874
            ],
            [
              -72.87276,
              6.63054
            ],
            [
              -72.8974,
              6.67246
            ],
            [
              -72.93849,
              6.69071
            ],
            [
              -73.00296,
              6.646
            ],
            [
              -73.04177,
              6.64929
            ],
            [
              -73.09758,
              6.69041
            ]
          ]
        ]
      },
      "properties": {
        "code": "68229",
        "departmentCode": "68",
        "name": "CURITÍ",
        "originalCode": "229",
        "originalName": "CURITÍ",
        "type": "MUNICIPIO",
        "areaName": 243.76459652,
        "creationYear": 2024,
        "creationResolution": "1602",
        "resultType": "observed",
        "source": "dane-divipola-mgn-2025",
        "year": 2025,
        "MPIO_TIPO": "MUNICIPIO",
        "unitType": "municipio",
        "MPIO_NAREA": 243.76459652,
        "MPIO_NANO": 2024,
        "MPIO_CRSLCION": "1602"
      }
    },
    {
      "type": "Feature",
      "id": 2472,
      "geometry": {
        "type": "Polygon",
        "coordinates": [
          [
            [
              -73.63691,
              6.83277
            ],
            [
              -73.63528,
              6.77145
            ],
            [
              -73.67013,
              6.77865
            ],
            [
              -73.683,
              6.74179
            ],
            [
              -73.71723,
              6.76189
            ],
            [
              -73.73993,
              6.75465
            ],
            [
              -73.72906,
              6.72682
            ],
            [
              -73.74289,
              6.69566
            ],
            [
              -73.72342,
              6.64409
            ],
            [
              -73.73459,
              6.61599
            ],
            [
              -73.67439,
              6.58515
            ],
            [
              -73.67705,
              6.55158
            ],
            [
              -73.55716,
              6.53878
            ],
            [
              -73.54913,
              6.50921
            ],
            [
              -73.48148,
              6.53394
            ],
            [
              -73.43809,
              6.52543
            ],
            [
              -73.43056,
              6.57996
            ],
            [
              -73.38303,
              6.65719
            ],
            [
              -73.37909,
              6.69817
            ],
            [
              -73.43107,
              6.71054
            ],
            [
              -73.44082,
              6.73517
            ],
            [
              -73.46336,
              6.73098
            ],
            [
              -73.46341,
              6.77829
            ],
            [
              -73.48348,
              6.77219
            ],
            [
              -73.5153,
              6.80127
            ],
            [
              -73.54028,
              6.78194
            ],
            [
              -73.54548,
              6.81044
            ],
            [
              -73.58147,
              6.80634
            ],
            [
              -73.63691,
              6.83277
            ]
          ]
        ]
      },
      "properties": {
        "code": "68235",
        "departmentCode": "68",
        "name": "EL CARMEN DE CHUCURÍ",
        "originalCode": "235",
        "originalName": "EL CARMEN DE CHUCURÍ",
        "type": "MUNICIPIO",
        "areaName": 922.57037698,
        "creationYear": 2024,
        "creationResolution": "Decreto 703 de 1986",
        "resultType": "observed",
        "source": "dane-divipola-mgn-2025",
        "year": 2025,
        "MPIO_TIPO": "MUNICIPIO",
        "unitType": "municipio",
        "MPIO_NAREA": 922.57037698,
        "MPIO_NANO": 2024,
        "MPIO_CRSLCION": "Decreto 703 de 1986"
      }
    },
    {
      "type": "Feature",
      "id": 2473,
      "geometry": {
        "type": "Polygon",
        "coordinates": [
          [
            [
              -73.5996,
              6.3186
            ],
            [
              -73.63454,
              6.31192
            ],
            [
              -73.63718,
              6.29067
            ],
            [
              -73.55393,
              6.23503
            ],
            [
              -73.53084,
              6.23881
            ],
            [
              -73.52016,
              6.21203
            ],
            [
              -73.48087,
              6.186
            ],
            [
              -73.45085,
              6.23193
            ],
            [
              -73.4681,
              6.23868
            ],
            [
              -73.46873,
              6.25914
            ],
            [
              -73.52424,
              6.27041
            ],
            [
              -73.5619,
              6.25896
            ],
            [
              -73.56616,
              6.28881
            ],
            [
              -73.5996,
              6.3186
            ]
          ]
        ]
      },
      "properties": {
        "code": "68245",
        "departmentCode": "68",
        "name": "EL GUACAMAYO",
        "originalCode": "245",
        "originalName": "EL GUACAMAYO",
        "type": "MUNICIPIO",
        "areaName": 92.81876871,
        "creationYear": 2024,
        "creationResolution": "Ordenanza 11 de 1963",
        "resultType": "observed",
        "source": "dane-divipola-mgn-2025",
        "year": 2025,
        "MPIO_TIPO": "MUNICIPIO",
        "unitType": "municipio",
        "MPIO_NAREA": 92.81876871,
        "MPIO_NANO": 2024,
        "MPIO_CRSLCION": "Ordenanza 11 de 1963"
      }
    },
    {
      "type": "Feature",
      "id": 2474,
      "geometry": {
        "type": "Polygon",
        "coordinates": [
          [
            [
              -73.97654,
              6.19105
            ],
            [
              -74.07636,
              6.15793
            ],
            [
              -74.05943,
              6.11362
            ],
            [
              -74.06779,
              6.0754
            ],
            [
              -74.04531,
              6.05668
            ],
            [
              -74.01668,
              6.04505
            ],
            [
              -73.93458,
              6.08554
            ],
            [
              -73.90587,
              6.01303
            ],
            [
              -73.87803,
              6.00047
            ],
            [
              -73.80365,
              6.02723
            ],
            [
              -73.79058,
              6.01803
            ],
            [
              -73.76368,
              6.04204
            ],
            [
              -73.79766,
              6.08204
            ],
            [
              -73.79267,
              6.12375
            ],
            [
              -73.84582,
              6.13994
            ],
            [
              -73.86663,
              6.12639
            ],
            [
              -73.87591,
              6.1493
            ],
            [
              -73.92382,
              6.13244
            ],
            [
              -73.97654,
              6.19105
            ]
          ]
        ]
      },
      "properties": {
        "code": "68250",
        "departmentCode": "68",
        "name": "EL PEÑÓN",
        "originalCode": "250",
        "originalName": "EL PEÑÓN",
        "type": "MUNICIPIO",
        "areaName": 397.68177026,
        "creationYear": 2024,
        "creationResolution": "Ordenanza 18 de 1990. Decreto Departamental 0033 de 1984",
        "resultType": "observed",
        "source": "dane-divipola-mgn-2025",
        "year": 2025,
        "MPIO_TIPO": "MUNICIPIO",
        "unitType": "municipio",
        "MPIO_NAREA": 397.68177026,
        "MPIO_NANO": 2024,
        "MPIO_CRSLCION": "Ordenanza 18 de 1990. Decreto Departamental 0033 de 1984"
      }
    },
    {
      "type": "Feature",
      "id": 2475,
      "geometry": {
        "type": "Polygon",
        "coordinates": [
          [
            [
              -73.21205,
              7.62667
            ],
            [
              -73.22739,
              7.62818
            ],
            [
              -73.25886,
              7.58807
            ],
            [
              -73.25514,
              7.53255
            ],
            [
              -73.28191,
              7.54824
            ],
            [
              -73.31997,
              7.51125
            ],
            [
              -73.32266,
              7.48854
            ],
            [
              -73.29396,
              7.46409
            ],
            [
              -73.30793,
              7.44713
            ],
            [
              -73.29895,
              7.43275
            ],
            [
              -73.24904,
              7.43296
            ],
            [
              -73.2318,
              7.46142
            ],
            [
              -73.21578,
              7.44151
            ],
            [
              -73.19633,
              7.44736
            ],
            [
              -73.18455,
              7.41262
            ],
            [
              -73.09572,
              7.47485
            ],
            [
              -73.07799,
              7.47235
            ],
            [
              -73.07851,
              7.45728
            ],
            [
              -73.04523,
              7.45889
            ],
            [
              -73.05384,
              7.48452
            ],
            [
              -73.09108,
              7.48854
            ],
            [
              -73.0675,
              7.51421
            ],
            [
              -73.09782,
              7.5324
            ],
            [
              -73.04874,
              7.60653
            ],
            [
              -73.21205,
              7.62667
            ]
          ]
        ]
      },
      "properties": {
        "code": "68255",
        "departmentCode": "68",
        "name": "EL PLAYÓN",
        "originalCode": "255",
        "originalName": "EL PLAYÓN",
        "type": "MUNICIPIO",
        "areaName": 454.14887507,
        "creationYear": 2024,
        "creationResolution": "Ordenanza 13 de 1984. Decreto Departamental 3515 de 1984",
        "resultType": "observed",
        "source": "dane-divipola-mgn-2025",
        "year": 2025,
        "MPIO_TIPO": "MUNICIPIO",
        "unitType": "municipio",
        "MPIO_NAREA": 454.14887507,
        "MPIO_NANO": 2024,
        "MPIO_CRSLCION": "Ordenanza 13 de 1984. Decreto Departamental 3515 de 1984"
      }
    },
    {
      "type": "Feature",
      "id": 2476,
      "geometry": {
        "type": "Polygon",
        "coordinates": [
          [
            [
              -73.1324,
              6.1865
            ],
            [
              -73.13571,
              6.20639
            ],
            [
              -73.15798,
              6.1712
            ],
            [
              -73.17148,
              6.17577
            ],
            [
              -73.1602,
              6.16355
            ],
            [
              -73.17515,
              6.11227
            ],
            [
              -73.14573,
              6.09021
            ],
            [
              -73.14037,
              5.99907
            ],
            [
              -73.07742,
              5.97742
            ],
            [
              -73.0622,
              6.01105
            ],
            [
              -73.03158,
              6.02291
            ],
            [
              -73.01124,
              5.96311
            ],
            [
              -72.92337,
              6.09835
            ],
            [
              -72.95954,
              6.13125
            ],
            [
              -73.04458,
              6.13909
            ],
            [
              -73.07591,
              6.14987
            ],
            [
              -73.09808,
              6.1812
            ],
            [
              -73.1324,
              6.1865
            ]
          ]
        ]
      },
      "properties": {
        "code": "68264",
        "departmentCode": "68",
        "name": "ENCINO",
        "originalCode": "264",
        "originalName": "ENCINO",
        "type": "MUNICIPIO",
        "areaName": 399.66774119,
        "creationYear": 2024,
        "creationResolution": "1899",
        "resultType": "observed",
        "source": "dane-divipola-mgn-2025",
        "year": 2025,
        "MPIO_TIPO": "MUNICIPIO",
        "unitType": "municipio",
        "MPIO_NAREA": 399.66774119,
        "MPIO_NANO": 2024,
        "MPIO_CRSLCION": "1899"
      }
    },
    {
      "type": "Feature",
      "id": 2477,
      "geometry": {
        "type": "Polygon",
        "coordinates": [
          [
            [
              -72.68851,
              6.70745
            ],
            [
              -72.70061,
              6.7215
            ],
            [
              -72.71012,
              6.71123
            ],
            [
              -72.70575,
              6.62255
            ],
            [
              -72.7229,
              6.57907
            ],
            [
              -72.66787,
              6.61605
            ],
            [
              -72.62368,
              6.70141
            ],
            [
              -72.67835,
              6.69348
            ],
            [
              -72.68851,
              6.70745
            ]
          ]
        ]
      },
      "properties": {
        "code": "68266",
        "departmentCode": "68",
        "name": "ENCISO",
        "originalCode": "266",
        "originalName": "ENCISO",
        "type": "MUNICIPIO",
        "areaName": 74.65457664,
        "creationYear": 2024,
        "creationResolution": "1773",
        "resultType": "observed",
        "source": "dane-divipola-mgn-2025",
        "year": 2025,
        "MPIO_TIPO": "MUNICIPIO",
        "unitType": "municipio",
        "MPIO_NAREA": 74.65457664,
        "MPIO_NANO": 2024,
        "MPIO_CRSLCION": "1773"
      }
    },
    {
      "type": "Feature",
      "id": 2478,
      "geometry": {
        "type": "Polygon",
        "coordinates": [
          [
            [
              -73.87895,
              5.85154
            ],
            [
              -73.97164,
              5.84817
            ],
            [
              -73.9994,
              5.83621
            ],
            [
              -73.99721,
              5.81837
            ],
            [
              -74.06494,
              5.846
            ],
            [
              -74.08138,
              5.82363
            ],
            [
              -74.02603,
              5.80682
            ],
            [
              -74.02506,
              5.78076
            ],
            [
              -73.98089,
              5.72078
            ],
            [
              -73.91481,
              5.79226
            ],
            [
              -73.85906,
              5.77381
            ],
            [
              -73.8635,
              5.79469
            ],
            [
              -73.82648,
              5.7903
            ],
            [
              -73.86003,
              5.82359
            ],
            [
              -73.87438,
              5.81788
            ],
            [
              -73.87895,
              5.85154
            ]
          ]
        ]
      },
      "properties": {
        "code": "68271",
        "departmentCode": "68",
        "name": "FLORIÁN",
        "originalCode": "271",
        "originalName": "FLORIÁN",
        "type": "MUNICIPIO",
        "areaName": 176.36525046,
        "creationYear": 2024,
        "creationResolution": "ordenanza 25 de Agosto 4 de 1974",
        "resultType": "observed",
        "source": "dane-divipola-mgn-2025",
        "year": 2025,
        "MPIO_TIPO": "MUNICIPIO",
        "unitType": "municipio",
        "MPIO_NAREA": 176.36525046,
        "MPIO_NANO": 2024,
        "MPIO_CRSLCION": "ordenanza 25 de Agosto 4 de 1974"
      }
    },
    {
      "type": "Feature",
      "id": 2479,
      "geometry": {
        "type": "Polygon",
        "coordinates": [
          [
            [
              -73.00486,
              7.09932
            ],
            [
              -73.02386,
              7.14186
            ],
            [
              -73.04071,
              7.14605
            ],
            [
              -73.13478,
              7.06057
            ],
            [
              -73.11635,
              7.04107
            ],
            [
              -73.12696,
              7.02652
            ],
            [
              -73.11155,
              7.01738
            ],
            [
              -73.08784,
              7.03514
            ],
            [
              -73.07853,
              7.02369
            ],
            [
              -73.0361,
              7.05258
            ],
            [
              -73.02474,
              7.09602
            ],
            [
              -73.00486,
              7.09932
            ]
          ]
        ]
      },
      "properties": {
        "code": "68276",
        "departmentCode": "68",
        "name": "FLORIDABLANCA",
        "originalCode": "276",
        "originalName": "FLORIDABLANCA",
        "type": "MUNICIPIO",
        "areaName": 99.98664481,
        "creationYear": 2024,
        "creationResolution": "1817",
        "resultType": "observed",
        "source": "dane-divipola-mgn-2025",
        "year": 2025,
        "MPIO_TIPO": "MUNICIPIO",
        "unitType": "municipio",
        "MPIO_NAREA": 99.98664481,
        "MPIO_NANO": 2024,
        "MPIO_CRSLCION": "1817"
      }
    },
    {
      "type": "Feature",
      "id": 2480,
      "geometry": {
        "type": "Polygon",
        "coordinates": [
          [
            [
              -73.35461,
              6.78235
            ],
            [
              -73.39929,
              6.63582
            ],
            [
              -73.3116,
              6.60023
            ],
            [
              -73.29699,
              6.58812
            ],
            [
              -73.30369,
              6.56637
            ],
            [
              -73.28259,
              6.5653
            ],
            [
              -73.25872,
              6.69459
            ],
            [
              -73.28604,
              6.70413
            ],
            [
              -73.3044,
              6.74288
            ],
            [
              -73.33937,
              6.75749
            ],
            [
              -73.33649,
              6.77463
            ],
            [
              -73.35461,
              6.78235
            ]
          ]
        ]
      },
      "properties": {
        "code": "68296",
        "departmentCode": "68",
        "name": "GALÁN",
        "originalCode": "296",
        "originalName": "GALÁN",
        "type": "MUNICIPIO",
        "areaName": 201.380826,
        "creationYear": 2024,
        "creationResolution": "1887",
        "resultType": "observed",
        "source": "dane-divipola-mgn-2025",
        "year": 2025,
        "MPIO_TIPO": "MUNICIPIO",
        "unitType": "municipio",
        "MPIO_NAREA": 201.380826,
        "MPIO_NANO": 2024,
        "MPIO_CRSLCION": "1887"
      }
    },
    {
      "type": "Feature",
      "id": 2481,
      "geometry": {
        "type": "Polygon",
        "coordinates": [
          [
            [
              -73.31615,
              6.08145
            ],
            [
              -73.32958,
              6.08023
            ],
            [
              -73.33837,
              6.05177
            ],
            [
              -73.40518,
              6.05299
            ],
            [
              -73.37071,
              6.00523
            ],
            [
              -73.37387,
              5.96941
            ],
            [
              -73.40769,
              5.88921
            ],
            [
              -73.44449,
              5.902
            ],
            [
              -73.4569,
              5.89036
            ],
            [
              -73.45109,
              5.86704
            ],
            [
              -73.47348,
              5.81683
            ],
            [
              -73.43589,
              5.7982
            ],
            [
              -73.43081,
              5.76707
            ],
            [
              -73.39048,
              5.75107
            ],
            [
              -73.35113,
              5.82314
            ],
            [
              -73.35147,
              5.87257
            ],
            [
              -73.32924,
              5.85154
            ],
            [
              -73.27048,
              5.85355
            ],
            [
              -73.24689,
              5.81596
            ],
            [
              -73.20495,
              5.82658
            ],
            [
              -73.18398,
              5.85045
            ],
            [
              -73.22098,
              5.8907
            ],
            [
              -73.20831,
              5.9215
            ],
            [
              -73.22474,
              5.94114
            ],
            [
              -73.21844,
              5.9813
            ],
            [
              -73.19931,
              6.00313
            ],
            [
              -73.17551,
              5.99454
            ],
            [
              -73.18185,
              6.00794
            ],
            [
              -73.22326,
              6.05121
            ],
            [
              -73.31615,
              6.08145
            ]
          ]
        ]
      },
      "properties": {
        "code": "68298",
        "departmentCode": "68",
        "name": "GÁMBITA",
        "originalCode": "298",
        "originalName": "GÁMBITA",
        "type": "MUNICIPIO",
        "areaName": 607.17320133,
        "creationYear": 2024,
        "creationResolution": "1799",
        "resultType": "observed",
        "source": "dane-divipola-mgn-2025",
        "year": 2025,
        "MPIO_TIPO": "MUNICIPIO",
        "unitType": "municipio",
        "MPIO_NAREA": 607.17320133,
        "MPIO_NANO": 2024,
        "MPIO_CRSLCION": "1799"
      }
    },
    {
      "type": "Feature",
      "id": 2482,
      "geometry": {
        "type": "Polygon",
        "coordinates": [
          [
            [
              -73.15761,
              7.21628
            ],
            [
              -73.15878,
              7.16308
            ],
            [
              -73.18351,
              7.13777
            ],
            [
              -73.20402,
              7.04168
            ],
            [
              -73.26029,
              7.05347
            ],
            [
              -73.2603,
              7.08263
            ],
            [
              -73.3053,
              7.12067
            ],
            [
              -73.31797,
              7.11009
            ],
            [
              -73.39227,
              7.15848
            ],
            [
              -73.4274,
              7.15313
            ],
            [
              -73.43471,
              7.18074
            ],
            [
              -73.46014,
              7.15855
            ],
            [
              -73.4696,
              7.1703
            ],
            [
              -73.55142,
              7.1637
            ],
            [
              -73.51639,
              7.14291
            ],
            [
              -73.45183,
              7.13941
            ],
            [
              -73.38017,
              7.06791
            ],
            [
              -73.3471,
              7.06487
            ],
            [
              -73.3435,
              7.04085
            ],
            [
              -73.29722,
              7.02051
            ],
            [
              -73.26156,
              6.96707
            ],
            [
              -73.17101,
              6.88393
            ],
            [
              -73.10566,
              6.91054
            ],
            [
              -73.08988,
              6.94
            ],
            [
              -73.12205,
              6.99164
            ],
            [
              -73.11635,
              7.04107
            ],
            [
              -73.13478,
              7.06057
            ],
            [
              -73.12327,
              7.08225
            ],
            [
              -73.14958,
              7.07382
            ],
            [
              -73.17217,
              7.09886
            ],
            [
              -73.14362,
              7.16068
            ],
            [
              -73.15761,
              7.21628
            ]
          ]
        ]
      },
      "properties": {
        "code": "68307",
        "departmentCode": "68",
        "name": "GIRÓN",
        "originalCode": "307",
        "originalName": "GIRÓN",
        "type": "MUNICIPIO",
        "areaName": 491.26461772,
        "creationYear": 2024,
        "creationResolution": "1631",
        "resultType": "observed",
        "source": "dane-divipola-mgn-2025",
        "year": 2025,
        "MPIO_TIPO": "MUNICIPIO",
        "unitType": "municipio",
        "MPIO_NAREA": 491.26461772,
        "MPIO_NANO": 2024,
        "MPIO_CRSLCION": "1631"
      }
    },
    {
      "type": "Feature",
      "id": 2483,
      "geometry": {
        "type": "Polygon",
        "coordinates": [
          [
            [
              -72.84541,
              7.04687
            ],
            [
              -72.87066,
              6.92929
            ],
            [
              -72.93789,
              6.80665
            ],
            [
              -72.91298,
              6.7959
            ],
            [
              -72.88484,
              6.81454
            ],
            [
              -72.88627,
              6.83911
            ],
            [
              -72.84592,
              6.82771
            ],
            [
              -72.827,
              6.88188
            ],
            [
              -72.76099,
              6.9043
            ],
            [
              -72.74242,
              6.93224
            ],
            [
              -72.73395,
              6.98664
            ],
            [
              -72.75752,
              7.01305
            ],
            [
              -72.79003,
              7.0376
            ],
            [
              -72.84541,
              7.04687
            ]
          ]
        ]
      },
      "properties": {
        "code": "68318",
        "departmentCode": "68",
        "name": "GUACA",
        "originalCode": "318",
        "originalName": "GUACA",
        "type": "MUNICIPIO",
        "areaName": 268.98355066,
        "creationYear": 2024,
        "creationResolution": "1799",
        "resultType": "observed",
        "source": "dane-divipola-mgn-2025",
        "year": 2025,
        "MPIO_TIPO": "MUNICIPIO",
        "unitType": "municipio",
        "MPIO_NAREA": 268.98355066,
        "MPIO_NANO": 2024,
        "MPIO_CRSLCION": "1799"
      }
    },
    {
      "type": "Feature",
      "id": 2484,
      "geometry": {
        "type": "Polygon",
        "coordinates": [
          [
            [
              -73.38955,
              6.31213
            ],
            [
              -73.40527,
              6.31897
            ],
            [
              -73.43983,
              6.27987
            ],
            [
              -73.44327,
              6.23724
            ],
            [
              -73.48464,
              6.1736
            ],
            [
              -73.4738,
              6.15576
            ],
            [
              -73.45757,
              6.1726
            ],
            [
              -73.41176,
              6.1779
            ],
            [
              -73.3899,
              6.20314
            ],
            [
              -73.36076,
              6.17769
            ],
            [
              -73.35307,
              6.19103
            ],
            [
              -73.3445,
              6.23502
            ],
            [
              -73.36572,
              6.24974
            ],
            [
              -73.35945,
              6.2762
            ],
            [
              -73.38955,
              6.31213
            ]
          ]
        ]
      },
      "properties": {
        "code": "68320",
        "departmentCode": "68",
        "name": "GUADALUPE",
        "originalCode": "320",
        "originalName": "GUADALUPE",
        "type": "MUNICIPIO",
        "areaName": 146.08436852,
        "creationYear": 2024,
        "creationResolution": "1799",
        "resultType": "observed",
        "source": "dane-divipola-mgn-2025",
        "year": 2025,
        "MPIO_TIPO": "MUNICIPIO",
        "unitType": "municipio",
        "MPIO_NAREA": 146.08436852,
        "MPIO_NANO": 2024,
        "MPIO_CRSLCION": "1799"
      }
    },
    {
      "type": "Feature",
      "id": 2485,
      "geometry": {
        "type": "Polygon",
        "coordinates": [
          [
            [
              -73.32017,
              6.36138
            ],
            [
              -73.33693,
              6.36781
            ],
            [
              -73.38381,
              6.2957
            ],
            [
              -73.3444,
              6.2702
            ],
            [
              -73.3267,
              6.27805
            ],
            [
              -73.32647,
              6.29849
            ],
            [
              -73.31276,
              6.29172
            ],
            [
              -73.27977,
              6.32342
            ],
            [
              -73.32017,
              6.36138
            ]
          ]
        ]
      },
      "properties": {
        "code": "68322",
        "departmentCode": "68",
        "name": "GUAPOTÁ",
        "originalCode": "322",
        "originalName": "GUAPOTÁ",
        "type": "MUNICIPIO",
        "areaName": 67.18362036,
        "creationYear": 2024,
        "creationResolution": "1810",
        "resultType": "observed",
        "source": "dane-divipola-mgn-2025",
        "year": 2025,
        "MPIO_TIPO": "MUNICIPIO",
        "unitType": "municipio",
        "MPIO_NAREA": 67.18362036,
        "MPIO_NANO": 2024,
        "MPIO_CRSLCION": "1810"
      }
    },
    {
      "type": "Feature",
      "id": 2486,
      "geometry": {
        "type": "Polygon",
        "coordinates": [
          [
            [
              -73.751,
              6.00106
            ],
            [
              -73.76813,
              5.93532
            ],
            [
              -73.75511,
              5.89746
            ],
            [
              -73.71992,
              5.91453
            ],
            [
              -73.70082,
              5.90007
            ],
            [
              -73.67173,
              5.91783
            ],
            [
              -73.6631,
              5.92735
            ],
            [
              -73.68814,
              5.97502
            ],
            [
              -73.751,
              6.00106
            ]
          ]
        ]
      },
      "properties": {
        "code": "68324",
        "departmentCode": "68",
        "name": "GUAVATÁ",
        "originalCode": "324",
        "originalName": "GUAVATÁ",
        "type": "MUNICIPIO",
        "areaName": 83.67144477,
        "creationYear": 2024,
        "creationResolution": "1899",
        "resultType": "observed",
        "source": "dane-divipola-mgn-2025",
        "year": 2025,
        "MPIO_TIPO": "MUNICIPIO",
        "unitType": "municipio",
        "MPIO_NAREA": 83.67144477,
        "MPIO_NANO": 2024,
        "MPIO_CRSLCION": "1899"
      }
    },
    {
      "type": "Feature",
      "id": 2487,
      "geometry": {
        "type": "Polygon",
        "coordinates": [
          [
            [
              -73.57708,
              6.07777
            ],
            [
              -73.61772,
              5.99077
            ],
            [
              -73.53706,
              6.042
            ],
            [
              -73.57708,
              6.07777
            ]
          ]
        ]
      },
      "properties": {
        "code": "68327",
        "departmentCode": "68",
        "name": "GÜEPSA",
        "originalCode": "327",
        "originalName": "GÜEPSA",
        "type": "MUNICIPIO",
        "areaName": 30.10930901,
        "creationYear": 2024,
        "creationResolution": "1886",
        "resultType": "observed",
        "source": "dane-divipola-mgn-2025",
        "year": 2025,
        "MPIO_TIPO": "MUNICIPIO",
        "unitType": "municipio",
        "MPIO_NAREA": 30.10930901,
        "MPIO_NANO": 2024,
        "MPIO_CRSLCION": "1886"
      }
    },
    {
      "type": "Feature",
      "id": 2488,
      "geometry": {
        "type": "Polygon",
        "coordinates": [
          [
            [
              -73.38738,
              6.62991
            ],
            [
              -73.40307,
              6.63214
            ],
            [
              -73.43032,
              6.58055
            ],
            [
              -73.43593,
              6.51015
            ],
            [
              -73.40093,
              6.534
            ],
            [
              -73.34027,
              6.4922
            ],
            [
              -73.30598,
              6.49081
            ],
            [
              -73.31304,
              6.51777
            ],
            [
              -73.30835,
              6.50329
            ],
            [
              -73.28795,
              6.51241
            ],
            [
              -73.29801,
              6.59036
            ],
            [
              -73.38738,
              6.62991
            ]
          ]
        ]
      },
      "properties": {
        "code": "68344",
        "departmentCode": "68",
        "name": "HATO",
        "originalCode": "344",
        "originalName": "HATO",
        "type": "MUNICIPIO",
        "areaName": 168.72777638,
        "creationYear": 2024,
        "creationResolution": "1899",
        "resultType": "observed",
        "source": "dane-divipola-mgn-2025",
        "year": 2025,
        "MPIO_TIPO": "MUNICIPIO",
        "unitType": "municipio",
        "MPIO_NAREA": 168.72777638,
        "MPIO_NANO": 2024,
        "MPIO_CRSLCION": "1899"
      }
    },
    {
      "type": "Feature",
      "id": 2489,
      "geometry": {
        "type": "Polygon",
        "coordinates": [
          [
            [
              -73.77878,
              5.9103
            ],
            [
              -73.81277,
              5.88928
            ],
            [
              -73.80253,
              5.87473
            ],
            [
              -73.83645,
              5.84718
            ],
            [
              -73.89124,
              5.87032
            ],
            [
              -73.93914,
              5.85579
            ],
            [
              -73.9147,
              5.84196
            ],
            [
              -73.88015,
              5.85317
            ],
            [
              -73.87438,
              5.81788
            ],
            [
              -73.86003,
              5.82359
            ],
            [
              -73.82545,
              5.79056
            ],
            [
              -73.79683,
              5.84464
            ],
            [
              -73.74025,
              5.878
            ],
            [
              -73.77878,
              5.9103
            ]
          ]
        ]
      },
      "properties": {
        "code": "68368",
        "departmentCode": "68",
        "name": "JESÚS MARÍA",
        "originalCode": "368",
        "originalName": "JESÚS MARÍA",
        "type": "MUNICIPIO",
        "areaName": 89.46644801,
        "creationYear": 2024,
        "creationResolution": "1743",
        "resultType": "observed",
        "source": "dane-divipola-mgn-2025",
        "year": 2025,
        "MPIO_TIPO": "MUNICIPIO",
        "unitType": "municipio",
        "MPIO_NAREA": 89.46644801,
        "MPIO_NANO": 2024,
        "MPIO_CRSLCION": "1743"
      }
    },
    {
      "type": "Feature",
      "id": 2490,
      "geometry": {
        "type": "Polygon",
        "coordinates": [
          [
            [
              -73.06262,
              6.73223
            ],
            [
              -73.14532,
              6.73018
            ],
            [
              -73.14678,
              6.70109
            ],
            [
              -73.11635,
              6.68623
            ],
            [
              -73.08072,
              6.68687
            ],
            [
              -73.09926,
              6.70779
            ],
            [
              -73.03582,
              6.70211
            ],
            [
              -73.06262,
              6.73223
            ]
          ]
        ]
      },
      "properties": {
        "code": "68370",
        "departmentCode": "68",
        "name": "JORDÁN",
        "originalCode": "370",
        "originalName": "JORDÁN",
        "type": "MUNICIPIO",
        "areaName": 39.82396351,
        "creationYear": 2024,
        "creationResolution": "1899",
        "resultType": "observed",
        "source": "dane-divipola-mgn-2025",
        "year": 2025,
        "MPIO_TIPO": "MUNICIPIO",
        "unitType": "municipio",
        "MPIO_NAREA": 39.82396351,
        "MPIO_NANO": 2024,
        "MPIO_CRSLCION": "1899"
      }
    },
    {
      "type": "Feature",
      "id": 2491,
      "geometry": {
        "type": "Polygon",
        "coordinates": [
          [
            [
              -74.12353,
              6.02983
            ],
            [
              -74.17647,
              5.96766
            ],
            [
              -74.1844,
              5.9292
            ],
            [
              -74.17359,
              5.92316
            ],
            [
              -74.18536,
              5.9176
            ],
            [
              -74.17281,
              5.90289
            ],
            [
              -74.13333,
              5.87592
            ],
            [
              -74.10546,
              5.87891
            ],
            [
              -74.0761,
              5.83192
            ],
            [
              -74.04361,
              5.84583
            ],
            [
              -73.99721,
              5.81837
            ],
            [
              -73.9994,
              5.83621
            ],
            [
              -73.97164,
              5.84817
            ],
            [
              -73.91473,
              5.84184
            ],
            [
              -73.93914,
              5.85579
            ],
            [
              -73.90817,
              5.89327
            ],
            [
              -73.91997,
              5.92
            ],
            [
              -73.9867,
              5.93074
            ],
            [
              -73.99739,
              5.97221
            ],
            [
              -74.02955,
              5.98557
            ],
            [
              -74.06127,
              5.93029
            ],
            [
              -74.11268,
              5.94473
            ],
            [
              -74.09564,
              5.98
            ],
            [
              -74.12353,
              6.02983
            ]
          ]
        ]
      },
      "properties": {
        "code": "68377",
        "departmentCode": "68",
        "name": "LA BELLEZA",
        "originalCode": "377",
        "originalName": "LA BELLEZA",
        "type": "MUNICIPIO",
        "areaName": 334.7775231,
        "creationYear": 2024,
        "creationResolution": "Ordenanza 25 de Agosto 4 de 1974",
        "resultType": "observed",
        "source": "dane-divipola-mgn-2025",
        "year": 2025,
        "MPIO_TIPO": "MUNICIPIO",
        "unitType": "municipio",
        "MPIO_NAREA": 334.7775231,
        "MPIO_NANO": 2024,
        "MPIO_CRSLCION": "Ordenanza 25 de Agosto 4 de 1974"
      }
    },
    {
      "type": "Feature",
      "id": 2492,
      "geometry": {
        "type": "Polygon",
        "coordinates": [
          [
            [
              -73.79647,
              6.56212
            ],
            [
              -73.84528,
              6.51217
            ],
            [
              -73.87075,
              6.51301
            ],
            [
              -73.80686,
              6.46092
            ],
            [
              -73.85814,
              6.33099
            ],
            [
              -73.99222,
              6.21708
            ],
            [
              -74.10107,
              6.22145
            ],
            [
              -74.08846,
              6.19414
            ],
            [
              -74.06171,
              6.1846
            ],
            [
              -74.03815,
              6.20578
            ],
            [
              -74.01015,
              6.2003
            ],
            [
              -73.97689,
              6.22366
            ],
            [
              -73.91702,
              6.23139
            ],
            [
              -73.86171,
              6.16766
            ],
            [
              -73.80494,
              6.21037
            ],
            [
              -73.77101,
              6.20747
            ],
            [
              -73.76839,
              6.19492
            ],
            [
              -73.74106,
              6.21069
            ],
            [
              -73.72558,
              6.23947
            ],
            [
              -73.74182,
              6.27201
            ],
            [
              -73.72742,
              6.28745
            ],
            [
              -73.75218,
              6.2941
            ],
            [
              -73.68362,
              6.40996
            ],
            [
              -73.74788,
              6.46193
            ],
            [
              -73.76161,
              6.49677
            ],
            [
              -73.78125,
              6.48925
            ],
            [
              -73.77939,
              6.54529
            ],
            [
              -73.79647,
              6.56212
            ]
          ]
        ]
      },
      "properties": {
        "code": "68385",
        "departmentCode": "68",
        "name": "LANDÁZURI",
        "originalCode": "385",
        "originalName": "LANDÁZURI",
        "type": "MUNICIPIO",
        "areaName": 589.3412256,
        "creationYear": 2024,
        "creationResolution": "Ordenanza 10 del 13 de Diciembre de 1974",
        "resultType": "observed",
        "source": "dane-divipola-mgn-2025",
        "year": 2025,
        "MPIO_TIPO": "MUNICIPIO",
        "unitType": "municipio",
        "MPIO_NAREA": 589.3412256,
        "MPIO_NANO": 2024,
        "MPIO_CRSLCION": "Ordenanza 10 del 13 de Diciembre de 1974"
      }
    },
    {
      "type": "Feature",
      "id": 2493,
      "geometry": {
        "type": "Polygon",
        "coordinates": [
          [
            [
              -73.66446,
              6.38095
            ],
            [
              -73.69565,
              6.3555
            ],
            [
              -73.72281,
              6.29478
            ],
            [
              -73.68166,
              6.25204
            ],
            [
              -73.68562,
              6.17225
            ],
            [
              -73.65633,
              6.14485
            ],
            [
              -73.62745,
              6.14422
            ],
            [
              -73.63555,
              6.12896
            ],
            [
              -73.57123,
              6.08573
            ],
            [
              -73.54277,
              6.11039
            ],
            [
              -73.56103,
              6.15774
            ],
            [
              -73.5559,
              6.22074
            ],
            [
              -73.61427,
              6.28016
            ],
            [
              -73.65653,
              6.286
            ],
            [
              -73.67059,
              6.31244
            ],
            [
              -73.66446,
              6.38095
            ]
          ]
        ]
      },
      "properties": {
        "code": "68397",
        "departmentCode": "68",
        "name": "LA PAZ",
        "originalCode": "397",
        "originalName": "LA PAZ",
        "type": "MUNICIPIO",
        "areaName": 283.90907269,
        "creationYear": 2024,
        "creationResolution": "1799",
        "resultType": "observed",
        "source": "dane-divipola-mgn-2025",
        "year": 2025,
        "MPIO_TIPO": "MUNICIPIO",
        "unitType": "municipio",
        "MPIO_NAREA": 283.90907269,
        "MPIO_NANO": 2024,
        "MPIO_CRSLCION": "1799"
      }
    },
    {
      "type": "Feature",
      "id": 2494,
      "geometry": {
        "type": "Polygon",
        "coordinates": [
          [
            [
              -73.35233,
              7.42215
            ],
            [
              -73.39565,
              7.40802
            ],
            [
              -73.37191,
              7.39721
            ],
            [
              -73.38214,
              7.37646
            ],
            [
              -73.36955,
              7.37284
            ],
            [
              -73.371,
              7.31497
            ],
            [
              -73.3557,
              7.28456
            ],
            [
              -73.3996,
              7.20542
            ],
            [
              -73.43493,
              7.18555
            ],
            [
              -73.42779,
              7.1535
            ],
            [
              -73.39227,
              7.15848
            ],
            [
              -73.31797,
              7.11009
            ],
            [
              -73.3053,
              7.12067
            ],
            [
              -73.2603,
              7.08263
            ],
            [
              -73.26029,
              7.05347
            ],
            [
              -73.20341,
              7.04188
            ],
            [
              -73.18351,
              7.13777
            ],
            [
              -73.15878,
              7.16308
            ],
            [
              -73.15873,
              7.20411
            ],
            [
              -73.248,
              7.23622
            ],
            [
              -73.28538,
              7.35036
            ],
            [
              -73.30461,
              7.35966
            ],
            [
              -73.32744,
              7.33559
            ],
            [
              -73.34672,
              7.33823
            ],
            [
              -73.35233,
              7.42215
            ]
          ]
        ]
      },
      "properties": {
        "code": "68406",
        "departmentCode": "68",
        "name": "LEBRIJA",
        "originalCode": "406",
        "originalName": "LEBRIJA",
        "type": "MUNICIPIO",
        "areaName": 549.489591,
        "creationYear": 2024,
        "creationResolution": "1899",
        "resultType": "observed",
        "source": "dane-divipola-mgn-2025",
        "year": 2025,
        "MPIO_TIPO": "MUNICIPIO",
        "unitType": "municipio",
        "MPIO_NAREA": 549.489591,
        "MPIO_NANO": 2024,
        "MPIO_CRSLCION": "1899"
      }
    },
    {
      "type": "Feature",
      "id": 2495,
      "geometry": {
        "type": "Polygon",
        "coordinates": [
          [
            [
              -73.00417,
              6.82424
            ],
            [
              -73.1133,
              6.90921
            ],
            [
              -73.17616,
              6.88433
            ],
            [
              -73.16707,
              6.85013
            ],
            [
              -73.19905,
              6.79727
            ],
            [
              -73.19798,
              6.7657
            ],
            [
              -73.15552,
              6.73218
            ],
            [
              -73.07597,
              6.73221
            ],
            [
              -73.02546,
              6.77989
            ],
            [
              -73.00417,
              6.82424
            ]
          ]
        ]
      },
      "properties": {
        "code": "68418",
        "departmentCode": "68",
        "name": "LOS SANTOS",
        "originalCode": "418",
        "originalName": "LOS SANTOS",
        "type": "MUNICIPIO",
        "areaName": 289.57636349,
        "creationYear": 2024,
        "creationResolution": "1750",
        "resultType": "observed",
        "source": "dane-divipola-mgn-2025",
        "year": 2025,
        "MPIO_TIPO": "MUNICIPIO",
        "unitType": "municipio",
        "MPIO_NAREA": 289.57636349,
        "MPIO_NANO": 2024,
        "MPIO_CRSLCION": "1750"
      }
    },
    {
      "type": "Feature",
      "id": 2496,
      "geometry": {
        "type": "Polygon",
        "coordinates": [
          [
            [
              -72.55875,
              6.58956
            ],
            [
              -72.63811,
              6.50794
            ],
            [
              -72.62696,
              6.46907
            ],
            [
              -72.64907,
              6.4364
            ],
            [
              -72.53455,
              6.49426
            ],
            [
              -72.54947,
              6.52147
            ],
            [
              -72.53632,
              6.54042
            ],
            [
              -72.54221,
              6.58346
            ],
            [
              -72.55875,
              6.58956
            ]
          ]
        ]
      },
      "properties": {
        "code": "68425",
        "departmentCode": "68",
        "name": "MACARAVITA",
        "originalCode": "425",
        "originalName": "MACARAVITA",
        "type": "MUNICIPIO",
        "areaName": 102.68901504,
        "creationYear": 2024,
        "creationResolution": "1772",
        "resultType": "observed",
        "source": "dane-divipola-mgn-2025",
        "year": 2025,
        "MPIO_TIPO": "MUNICIPIO",
        "unitType": "municipio",
        "MPIO_NAREA": 102.68901504,
        "MPIO_NANO": 2024,
        "MPIO_CRSLCION": "1772"
      }
    },
    {
      "type": "Feature",
      "id": 2497,
      "geometry": {
        "type": "Polygon",
        "coordinates": [
          [
            [
              -72.73901,
              6.76478
            ],
            [
              -72.75358,
              6.78363
            ],
            [
              -72.75541,
              6.74937
            ],
            [
              -72.77535,
              6.72446
            ],
            [
              -72.77033,
              6.68329
            ],
            [
              -72.73307,
              6.69163
            ],
            [
              -72.70765,
              6.67361
            ],
            [
              -72.70458,
              6.7368
            ],
            [
              -72.73901,
              6.76478
            ]
          ]
        ]
      },
      "properties": {
        "code": "68432",
        "departmentCode": "68",
        "name": "MÁLAGA",
        "originalCode": "432",
        "originalName": "MÁLAGA",
        "type": "MUNICIPIO",
        "areaName": 57.04645437,
        "creationYear": 2024,
        "creationResolution": "1542",
        "resultType": "observed",
        "source": "dane-divipola-mgn-2025",
        "year": 2025,
        "MPIO_TIPO": "MUNICIPIO",
        "unitType": "municipio",
        "MPIO_NAREA": 57.04645437,
        "MPIO_NANO": 2024,
        "MPIO_CRSLCION": "1542"
      }
    },
    {
      "type": "Feature",
      "id": 2498,
      "geometry": {
        "type": "Polygon",
        "coordinates": [
          [
            [
              -73.05096,
              7.45839
            ],
            [
              -73.09003,
              7.45775
            ],
            [
              -73.08249,
              7.43586
            ],
            [
              -73.11043,
              7.38278
            ],
            [
              -73.09638,
              7.36739
            ],
            [
              -73.12135,
              7.32678
            ],
            [
              -73.10873,
              7.31793
            ],
            [
              -73.11284,
              7.29175
            ],
            [
              -73.0802,
              7.27222
            ],
            [
              -73.09045,
              7.21575
            ],
            [
              -73.06964,
              7.19883
            ],
            [
              -73.05181,
              7.27714
            ],
            [
              -73.01956,
              7.28053
            ],
            [
              -72.97834,
              7.31461
            ],
            [
              -72.98125,
              7.3333
            ],
            [
              -73.01932,
              7.36031
            ],
            [
              -72.99862,
              7.41754
            ],
            [
              -73.05096,
              7.45839
            ]
          ]
        ]
      },
      "properties": {
        "code": "68444",
        "departmentCode": "68",
        "name": "MATANZA",
        "originalCode": "444",
        "originalName": "MATANZA",
        "type": "MUNICIPIO",
        "areaName": 235.29742599,
        "creationYear": 2024,
        "creationResolution": "1887",
        "resultType": "observed",
        "source": "dane-divipola-mgn-2025",
        "year": 2025,
        "MPIO_TIPO": "MUNICIPIO",
        "unitType": "municipio",
        "MPIO_NAREA": 235.29742599,
        "MPIO_NANO": 2024,
        "MPIO_CRSLCION": "1887"
      }
    },
    {
      "type": "Feature",
      "id": 2499,
      "geometry": {
        "type": "Polygon",
        "coordinates": [
          [
            [
              -72.91098,
              6.64844
            ],
            [
              -72.92405,
              6.61125
            ],
            [
              -72.94426,
              6.60225
            ],
            [
              -72.9549,
              6.61582
            ],
            [
              -72.98305,
              6.59978
            ],
            [
              -72.99194,
              6.5389
            ],
            [
              -73.02948,
              6.54114
            ],
            [
              -73.06685,
              6.50047
            ],
            [
              -73.06583,
              6.44068
            ],
            [
              -73.08288,
              6.40098
            ],
            [
              -73.07009,
              6.38288
            ],
            [
              -73.01751,
              6.39457
            ],
            [
              -72.99444,
              6.35814
            ],
            [
              -72.91249,
              6.37889
            ],
            [
              -72.91013,
              6.41547
            ],
            [
              -72.87606,
              6.45418
            ],
            [
              -72.87862,
              6.49775
            ],
            [
              -72.8929,
              6.50431
            ],
            [
              -72.83296,
              6.57346
            ],
            [
              -72.87277,
              6.63052
            ],
            [
              -72.89773,
              6.63077
            ],
            [
              -72.91098,
              6.64844
            ]
          ]
        ]
      },
      "properties": {
        "code": "68464",
        "departmentCode": "68",
        "name": "MOGOTES",
        "originalCode": "464",
        "originalName": "MOGOTES",
        "type": "MUNICIPIO",
        "areaName": 483.01315312,
        "creationYear": 2024,
        "creationResolution": "1799",
        "resultType": "observed",
        "source": "dane-divipola-mgn-2025",
        "year": 2025,
        "MPIO_TIPO": "MUNICIPIO",
        "unitType": "municipio",
        "MPIO_NAREA": 483.01315312,
        "MPIO_NANO": 2024,
        "MPIO_CRSLCION": "1799"
      }
    },
    {
      "type": "Feature",
      "id": 2500,
      "geometry": {
        "type": "Polygon",
        "coordinates": [
          [
            [
              -72.77181,
              6.71019
            ],
            [
              -72.7895,
              6.72988
            ],
            [
              -72.82971,
              6.70974
            ],
            [
              -72.83782,
              6.68523
            ],
            [
              -72.88614,
              6.6959
            ],
            [
              -72.90896,
              6.68276
            ],
            [
              -72.8145,
              6.54115
            ],
            [
              -72.76996,
              6.58003
            ],
            [
              -72.77181,
              6.71019
            ]
          ]
        ]
      },
      "properties": {
        "code": "68468",
        "departmentCode": "68",
        "name": "MOLAGAVITA",
        "originalCode": "468",
        "originalName": "MOLAGAVITA",
        "type": "MUNICIPIO",
        "areaName": 180.09854161,
        "creationYear": 2024,
        "creationResolution": "1709",
        "resultType": "observed",
        "source": "dane-divipola-mgn-2025",
        "year": 2025,
        "MPIO_TIPO": "MUNICIPIO",
        "unitType": "municipio",
        "MPIO_NAREA": 180.09854161,
        "MPIO_NANO": 2024,
        "MPIO_CRSLCION": "1709"
      }
    },
    {
      "type": "Feature",
      "id": 2501,
      "geometry": {
        "type": "Polygon",
        "coordinates": [
          [
            [
              -73.14131,
              6.40365
            ],
            [
              -73.16144,
              6.40286
            ],
            [
              -73.16338,
              6.36306
            ],
            [
              -73.14039,
              6.3292
            ],
            [
              -73.14505,
              6.29378
            ],
            [
              -73.1204,
              6.28763
            ],
            [
              -73.11756,
              6.3197
            ],
            [
              -73.10147,
              6.31585
            ],
            [
              -73.07095,
              6.38905
            ],
            [
              -73.11884,
              6.38412
            ],
            [
              -73.14131,
              6.40365
            ]
          ]
        ]
      },
      "properties": {
        "code": "68498",
        "departmentCode": "68",
        "name": "OCAMONTE",
        "originalCode": "498",
        "originalName": "OCAMONTE",
        "type": "MUNICIPIO",
        "areaName": 75.08055133,
        "creationYear": 2024,
        "creationResolution": "1899",
        "resultType": "observed",
        "source": "dane-divipola-mgn-2025",
        "year": 2025,
        "MPIO_TIPO": "MUNICIPIO",
        "unitType": "municipio",
        "MPIO_NAREA": 75.08055133,
        "MPIO_NANO": 2024,
        "MPIO_CRSLCION": "1899"
      }
    },
    {
      "type": "Feature",
      "id": 2502,
      "geometry": {
        "type": "Polygon",
        "coordinates": [
          [
            [
              -73.27785,
              6.33469
            ],
            [
              -73.29313,
              6.3031
            ],
            [
              -73.32647,
              6.29849
            ],
            [
              -73.3267,
              6.27805
            ],
            [
              -73.35945,
              6.2762
            ],
            [
              -73.36572,
              6.24974
            ],
            [
              -73.3445,
              6.23502
            ],
            [
              -73.37185,
              6.14876
            ],
            [
              -73.35021,
              6.13966
            ],
            [
              -73.32692,
              6.17155
            ],
            [
              -73.31858,
              6.14232
            ],
            [
              -73.30012,
              6.13472
            ],
            [
              -73.28322,
              6.14769
            ],
            [
              -73.23292,
              6.12697
            ],
            [
              -73.23785,
              6.15937
            ],
            [
              -73.20888,
              6.19884
            ],
            [
              -73.20053,
              6.27591
            ],
            [
              -73.21509,
              6.3057
            ],
            [
              -73.27785,
              6.33469
            ]
          ]
        ]
      },
      "properties": {
        "code": "68500",
        "departmentCode": "68",
        "name": "OIBA",
        "originalCode": "500",
        "originalName": "OIBA",
        "type": "MUNICIPIO",
        "areaName": 287.3383136,
        "creationYear": 2024,
        "creationResolution": "1857",
        "resultType": "observed",
        "source": "dane-divipola-mgn-2025",
        "year": 2025,
        "MPIO_TIPO": "MUNICIPIO",
        "unitType": "municipio",
        "MPIO_NAREA": 287.3383136,
        "MPIO_NANO": 2024,
        "MPIO_CRSLCION": "1857"
      }
    },
    {
      "type": "Feature",
      "id": 2503,
      "geometry": {
        "type": "Polygon",
        "coordinates": [
          [
            [
              -72.81411,
              6.54109
            ],
            [
              -72.81754,
              6.40106
            ],
            [
              -72.84877,
              6.38269
            ],
            [
              -72.88032,
              6.38779
            ],
            [
              -72.92277,
              6.35253
            ],
            [
              -72.87538,
              6.27176
            ],
            [
              -72.89267,
              6.24516
            ],
            [
              -72.86908,
              6.23364
            ],
            [
              -72.87885,
              6.19286
            ],
            [
              -72.86027,
              6.14289
            ],
            [
              -72.83127,
              6.14878
            ],
            [
              -72.80374,
              6.21597
            ],
            [
              -72.77502,
              6.21048
            ],
            [
              -72.74468,
              6.22918
            ],
            [
              -72.75792,
              6.31509
            ],
            [
              -72.72559,
              6.37206
            ],
            [
              -72.73592,
              6.49069
            ],
            [
              -72.81411,
              6.54109
            ]
          ]
        ]
      },
      "properties": {
        "code": "68502",
        "departmentCode": "68",
        "name": "ONZAGA",
        "originalCode": "502",
        "originalName": "ONZAGA",
        "type": "MUNICIPIO",
        "areaName": 488.21431846,
        "creationYear": 2024,
        "creationResolution": "1887",
        "resultType": "observed",
        "source": "dane-divipola-mgn-2025",
        "year": 2025,
        "MPIO_TIPO": "MUNICIPIO",
        "unitType": "municipio",
        "MPIO_NAREA": 488.21431846,
        "MPIO_NANO": 2024,
        "MPIO_CRSLCION": "1887"
      }
    },
    {
      "type": "Feature",
      "id": 2504,
      "geometry": {
        "type": "Polygon",
        "coordinates": [
          [
            [
              -73.29876,
              6.56746
            ],
            [
              -73.28795,
              6.51241
            ],
            [
              -73.30835,
              6.50329
            ],
            [
              -73.31327,
              6.51612
            ],
            [
              -73.29603,
              6.48455
            ],
            [
              -73.27221,
              6.5109
            ],
            [
              -73.28259,
              6.5653
            ],
            [
              -73.29876,
              6.56746
            ]
          ]
        ]
      },
      "properties": {
        "code": "68522",
        "departmentCode": "68",
        "name": "PALMAR",
        "originalCode": "522",
        "originalName": "PALMAR",
        "type": "MUNICIPIO",
        "areaName": 19.65974005,
        "creationYear": 2024,
        "creationResolution": "1899",
        "resultType": "observed",
        "source": "dane-divipola-mgn-2025",
        "year": 2025,
        "MPIO_TIPO": "MUNICIPIO",
        "unitType": "municipio",
        "MPIO_NAREA": 19.65974005,
        "MPIO_NANO": 2024,
        "MPIO_CRSLCION": "1899"
      }
    },
    {
      "type": "Feature",
      "id": 2505,
      "geometry": {
        "type": "Polygon",
        "coordinates": [
          [
            [
              -73.29057,
              6.42318
            ],
            [
              -73.31639,
              6.41658
            ],
            [
              -73.33005,
              6.38849
            ],
            [
              -73.33124,
              6.37013
            ],
            [
              -73.3053,
              6.34817
            ],
            [
              -73.29682,
              6.37
            ],
            [
              -73.24126,
              6.37326
            ],
            [
              -73.22626,
              6.4084
            ],
            [
              -73.29057,
              6.42318
            ]
          ]
        ]
      },
      "properties": {
        "code": "68524",
        "departmentCode": "68",
        "name": "PALMAS DEL SOCORRO",
        "originalCode": "524",
        "originalName": "PALMAS DEL SOCORRO",
        "type": "MUNICIPIO",
        "areaName": 58.43772592,
        "creationYear": 2024,
        "creationResolution": "1785",
        "resultType": "observed",
        "source": "dane-divipola-mgn-2025",
        "year": 2025,
        "MPIO_TIPO": "MUNICIPIO",
        "unitType": "municipio",
        "MPIO_NAREA": 58.43772592,
        "MPIO_NANO": 2024,
        "MPIO_CRSLCION": "1785"
      }
    },
    {
      "type": "Feature",
      "id": 2506,
      "geometry": {
        "type": "Polygon",
        "coordinates": [
          [
            [
              -73.1228,
              6.49705
            ],
            [
              -73.14854,
              6.4948
            ],
            [
              -73.15804,
              6.46939
            ],
            [
              -73.19566,
              6.4445
            ],
            [
              -73.20962,
              6.40697
            ],
            [
              -73.19505,
              6.37641
            ],
            [
              -73.20482,
              6.32972
            ],
            [
              -73.15965,
              6.35562
            ],
            [
              -73.15455,
              6.44147
            ],
            [
              -73.11782,
              6.47677
            ],
            [
              -73.1228,
              6.49705
            ]
          ]
        ]
      },
      "properties": {
        "code": "68533",
        "departmentCode": "68",
        "name": "PÁRAMO",
        "originalCode": "533",
        "originalName": "PÁRAMO",
        "type": "MUNICIPIO",
        "areaName": 72.84693385,
        "creationYear": 2024,
        "creationResolution": "1768",
        "resultType": "observed",
        "source": "dane-divipola-mgn-2025",
        "year": 2025,
        "MPIO_TIPO": "MUNICIPIO",
        "unitType": "municipio",
        "MPIO_NAREA": 72.84693385,
        "MPIO_NANO": 2024,
        "MPIO_CRSLCION": "1768"
      }
    },
    {
      "type": "Feature",
      "id": 2507,
      "geometry": {
        "type": "Polygon",
        "coordinates": [
          [
            [
              -72.9795,
              7.11077
            ],
            [
              -73.02474,
              7.09602
            ],
            [
              -73.04331,
              7.04654
            ],
            [
              -73.12038,
              7.01839
            ],
            [
              -73.12205,
              6.99164
            ],
            [
              -73.08988,
              6.94
            ],
            [
              -73.10262,
              6.90593
            ],
            [
              -73.01717,
              6.84419
            ],
            [
              -72.98262,
              6.78998
            ],
            [
              -72.96602,
              6.79002
            ],
            [
              -72.93798,
              6.80645
            ],
            [
              -72.91463,
              6.86059
            ],
            [
              -72.91875,
              6.87899
            ],
            [
              -72.93898,
              6.87189
            ],
            [
              -72.95894,
              6.8852
            ],
            [
              -72.95188,
              6.90463
            ],
            [
              -72.99153,
              6.93534
            ],
            [
              -72.98378,
              6.95033
            ],
            [
              -72.94409,
              6.95423
            ],
            [
              -72.90758,
              7.06961
            ],
            [
              -72.94008,
              7.09844
            ],
            [
              -72.95788,
              7.07175
            ],
            [
              -72.95352,
              7.10188
            ],
            [
              -72.9795,
              7.11077
            ]
          ]
        ]
      },
      "properties": {
        "code": "68547",
        "departmentCode": "68",
        "name": "PIEDECUESTA",
        "originalCode": "547",
        "originalName": "PIEDECUESTA",
        "type": "MUNICIPIO",
        "areaName": 483.77067006,
        "creationYear": 2024,
        "creationResolution": "1887",
        "resultType": "observed",
        "source": "dane-divipola-mgn-2025",
        "year": 2025,
        "MPIO_TIPO": "MUNICIPIO",
        "unitType": "municipio",
        "MPIO_NAREA": 483.77067006,
        "MPIO_NANO": 2024,
        "MPIO_CRSLCION": "1887"
      }
    },
    {
      "type": "Feature",
      "id": 2508,
      "geometry": {
        "type": "Polygon",
        "coordinates": [
          [
            [
              -73.1536,
              6.55269
            ],
            [
              -73.22583,
              6.52606
            ],
            [
              -73.17477,
              6.46461
            ],
            [
              -73.15054,
              6.48131
            ],
            [
              -73.13926,
              6.5253
            ],
            [
              -73.1536,
              6.55269
            ]
          ]
        ]
      },
      "properties": {
        "code": "68549",
        "departmentCode": "68",
        "name": "PINCHOTE",
        "originalCode": "549",
        "originalName": "PINCHOTE",
        "type": "MUNICIPIO",
        "areaName": 55.43309703,
        "creationYear": 2024,
        "creationResolution": "1887",
        "resultType": "observed",
        "source": "dane-divipola-mgn-2025",
        "year": 2025,
        "MPIO_TIPO": "MUNICIPIO",
        "unitType": "municipio",
        "MPIO_NAREA": 55.43309703,
        "MPIO_NANO": 2024,
        "MPIO_CRSLCION": "1887"
      }
    },
    {
      "type": "Feature",
      "id": 2509,
      "geometry": {
        "type": "Polygon",
        "coordinates": [
          [
            [
              -73.65513,
              5.92419
            ],
            [
              -73.70082,
              5.90007
            ],
            [
              -73.73428,
              5.91071
            ],
            [
              -73.75076,
              5.8931
            ],
            [
              -73.73667,
              5.84401
            ],
            [
              -73.76271,
              5.77318
            ],
            [
              -73.71438,
              5.7817
            ],
            [
              -73.65176,
              5.71239
            ],
            [
              -73.63,
              5.74437
            ],
            [
              -73.62433,
              5.81229
            ],
            [
              -73.60016,
              5.86942
            ],
            [
              -73.65513,
              5.92419
            ]
          ]
        ]
      },
      "properties": {
        "code": "68572",
        "departmentCode": "68",
        "name": "PUENTE NACIONAL",
        "originalCode": "572",
        "originalName": "PUENTE NACIONAL",
        "type": "MUNICIPIO",
        "areaName": 251.29897756,
        "creationYear": 2024,
        "creationResolution": "1762",
        "resultType": "observed",
        "source": "dane-divipola-mgn-2025",
        "year": 2025,
        "MPIO_TIPO": "MUNICIPIO",
        "unitType": "municipio",
        "MPIO_NAREA": 251.29897756,
        "MPIO_NANO": 2024,
        "MPIO_CRSLCION": "1762"
      }
    },
    {
      "type": "Feature",
      "id": 2510,
      "geometry": {
        "type": "Polygon",
        "coordinates": [
          [
            [
              -73.94216,
              6.87889
            ],
            [
              -73.94987,
              6.88882
            ],
            [
              -74.04314,
              6.83964
            ],
            [
              -74.03462,
              6.82442
            ],
            [
              -74.04935,
              6.83494
            ],
            [
              -74.04739,
              6.82259
            ],
            [
              -74.0316,
              6.81969
            ],
            [
              -74.06055,
              6.80989
            ],
            [
              -74.05913,
              6.79618
            ],
            [
              -74.07249,
              6.79894
            ],
            [
              -74.06447,
              6.81074
            ],
            [
              -74.09523,
              6.80257
            ],
            [
              -74.11538,
              6.74424
            ],
            [
              -74.08994,
              6.73717
            ],
            [
              -74.11207,
              6.72698
            ],
            [
              -74.08764,
              6.69236
            ],
            [
              -74.10527,
              6.65508
            ],
            [
              -74.06946,
              6.65726
            ],
            [
              -74.06513,
              6.61979
            ],
            [
              -74.07925,
              6.61671
            ],
            [
              -74.06239,
              6.59876
            ],
            [
              -73.98299,
              6.58825
            ],
            [
              -73.93487,
              6.54434
            ],
            [
              -73.89122,
              6.55649
            ],
            [
              -73.87377,
              6.54859
            ],
            [
              -73.87304,
              6.51406
            ],
            [
              -73.84528,
              6.51217
            ],
            [
              -73.80824,
              6.56072
            ],
            [
              -73.76959,
              6.54792
            ],
            [
              -73.75253,
              6.56534
            ],
            [
              -73.79508,
              6.57873
            ],
            [
              -73.80213,
              6.59627
            ],
            [
              -73.7842,
              6.60539
            ],
            [
              -73.78325,
              6.62555
            ],
            [
              -73.79165,
              6.61707
            ],
            [
              -73.79712,
              6.63569
            ],
            [
              -73.83469,
              6.63632
            ],
            [
              -73.86485,
              6.72175
            ],
            [
              -73.9495,
              6.78296
            ],
            [
              -73.95933,
              6.80529
            ],
            [
              -73.93362,
              6.84748
            ],
            [
              -73.94216,
              6.87889
            ]
          ]
        ]
      },
      "properties": {
        "code": "68573",
        "departmentCode": "68",
        "name": "PUERTO PARRA",
        "originalCode": "573",
        "originalName": "PUERTO PARRA",
        "type": "MUNICIPIO",
        "areaName": 761.33317378,
        "creationYear": 2024,
        "creationResolution": "Ordenanza 20 de 1980. Decreto 0407 de 1981",
        "resultType": "observed",
        "source": "dane-divipola-mgn-2025",
        "year": 2025,
        "MPIO_TIPO": "MUNICIPIO",
        "unitType": "municipio",
        "MPIO_NAREA": 761.33317378,
        "MPIO_NANO": 2024,
        "MPIO_CRSLCION": "Ordenanza 20 de 1980. Decreto 0407 de 1981"
      }
    },
    {
      "type": "Feature",
      "id": 2511,
      "geometry": {
        "type": "Polygon",
        "coordinates": [
          [
            [
              -73.77429,
              8.10825
            ],
            [
              -73.77526,
              8.14501
            ],
            [
              -73.8669,
              8.06787
            ],
            [
              -73.86731,
              7.98189
            ],
            [
              -73.83159,
              7.93587
            ],
            [
              -73.82163,
              7.82303
            ],
            [
              -73.79814,
              7.77499
            ],
            [
              -73.83185,
              7.72982
            ],
            [
              -73.79731,
              7.65439
            ],
            [
              -73.81843,
              7.64281
            ],
            [
              -73.81031,
              7.61657
            ],
            [
              -73.82871,
              7.60244
            ],
            [
              -73.84923,
              7.53467
            ],
            [
              -73.91308,
              7.4936
            ],
            [
              -73.89563,
              7.41765
            ],
            [
              -73.9235,
              7.21346
            ],
            [
              -73.88772,
              7.18878
            ],
            [
              -73.81789,
              7.23488
            ],
            [
              -73.80625,
              7.23141
            ],
            [
              -73.81517,
              7.21203
            ],
            [
              -73.79017,
              7.24281
            ],
            [
              -73.74651,
              7.23137
            ],
            [
              -73.6962,
              7.25715
            ],
            [
              -73.62004,
              7.21147
            ],
            [
              -73.61307,
              7.19104
            ],
            [
              -73.57618,
              7.27341
            ],
            [
              -73.64716,
              7.30886
            ],
            [
              -73.6469,
              7.34156
            ],
            [
              -73.67349,
              7.36643
            ],
            [
              -73.69449,
              7.36092
            ],
            [
              -73.70411,
              7.38633
            ],
            [
              -73.77595,
              7.42288
            ],
            [
              -73.77479,
              7.52944
            ],
            [
              -73.72473,
              7.587
            ],
            [
              -73.7647,
              7.63826
            ],
            [
              -73.7526,
              7.75073
            ],
            [
              -73.76345,
              7.76709
            ],
            [
              -73.73772,
              7.78348
            ],
            [
              -73.75265,
              7.81057
            ],
            [
              -73.74408,
              7.83043
            ],
            [
              -73.67059,
              7.89318
            ],
            [
              -73.67444,
              7.94167
            ],
            [
              -73.72356,
              7.96783
            ],
            [
              -73.72117,
              8.01059
            ],
            [
              -73.79142,
              8.10281
            ],
            [
              -73.77429,
              8.10825
            ]
          ]
        ]
      },
      "properties": {
        "code": "68575",
        "departmentCode": "68",
        "name": "PUERTO WILCHES",
        "originalCode": "575",
        "originalName": "PUERTO WILCHES",
        "type": "MUNICIPIO",
        "areaName": 1479.73954119,
        "creationYear": 2024,
        "creationResolution": "1887",
        "resultType": "observed",
        "source": "dane-divipola-mgn-2025",
        "year": 2025,
        "MPIO_TIPO": "MUNICIPIO",
        "unitType": "municipio",
        "MPIO_NAREA": 1479.73954119,
        "MPIO_NANO": 2024,
        "MPIO_CRSLCION": "1887"
      }
    },
    {
      "type": "Feature",
      "id": 2512,
      "geometry": {
        "type": "Polygon",
        "coordinates": [
          [
            [
              -73.63304,
              7.74919
            ],
            [
              -73.75592,
              7.74943
            ],
            [
              -73.75434,
              7.68072
            ],
            [
              -73.71937,
              7.6605
            ],
            [
              -73.6969,
              7.67357
            ],
            [
              -73.67995,
              7.64405
            ],
            [
              -73.6599,
              7.64796
            ],
            [
              -73.65044,
              7.60375
            ],
            [
              -73.56674,
              7.58915
            ],
            [
              -73.51306,
              7.50521
            ],
            [
              -73.47901,
              7.5027
            ],
            [
              -73.47267,
              7.48125
            ],
            [
              -73.45738,
              7.48123
            ],
            [
              -73.46435,
              7.46784
            ],
            [
              -73.43949,
              7.45236
            ],
            [
              -73.41998,
              7.40598
            ],
            [
              -73.37652,
              7.40683
            ],
            [
              -73.3541,
              7.42923
            ],
            [
              -73.34672,
              7.33823
            ],
            [
              -73.32744,
              7.33559
            ],
            [
              -73.30461,
              7.35966
            ],
            [
              -73.28377,
              7.34895
            ],
            [
              -73.2476,
              7.23585
            ],
            [
              -73.17889,
              7.20753
            ],
            [
              -73.12332,
              7.21852
            ],
            [
              -73.07987,
              7.26946
            ],
            [
              -73.11284,
              7.29175
            ],
            [
              -73.10873,
              7.31793
            ],
            [
              -73.12138,
              7.32638
            ],
            [
              -73.09638,
              7.36739
            ],
            [
              -73.10911,
              7.3916
            ],
            [
              -73.07799,
              7.47235
            ],
            [
              -73.09752,
              7.47407
            ],
            [
              -73.18455,
              7.41262
            ],
            [
              -73.19633,
              7.44736
            ],
            [
              -73.21578,
              7.44151
            ],
            [
              -73.2318,
              7.46142
            ],
            [
              -73.24904,
              7.43296
            ],
            [
              -73.2988,
              7.43266
            ],
            [
              -73.30793,
              7.44713
            ],
            [
              -73.29396,
              7.46409
            ],
            [
              -73.32544,
              7.49773
            ],
            [
              -73.28191,
              7.54824
            ],
            [
              -73.35534,
              7.54435
            ],
            [
              -73.38644,
              7.58214
            ],
            [
              -73.40874,
              7.56516
            ],
            [
              -73.50512,
              7.59551
            ],
            [
              -73.51788,
              7.64143
            ],
            [
              -73.55883,
              7.67236
            ],
            [
              -73.55909,
              7.69129
            ],
            [
              -73.59692,
              7.70135
            ],
            [
              -73.60003,
              7.72586
            ],
            [
              -73.63304,
              7.74919
            ]
          ]
        ]
      },
      "properties": {
        "code": "68615",
        "departmentCode": "68",
        "name": "RIONEGRO",
        "originalCode": "615",
        "originalName": "RIONEGRO",
        "type": "MUNICIPIO",
        "areaName": 1166.43733134,
        "creationYear": 2024,
        "creationResolution": "1899",
        "resultType": "observed",
        "source": "dane-divipola-mgn-2025",
        "year": 2025,
        "MPIO_TIPO": "MUNICIPIO",
        "unitType": "municipio",
        "MPIO_NAREA": 1166.43733134,
        "MPIO_NANO": 2024,
        "MPIO_CRSLCION": "1899"
      }
    },
    {
      "type": "Feature",
      "id": 2513,
      "geometry": {
        "type": "Polygon",
        "coordinates": [
          [
            [
              -73.75958,
              7.69349
            ],
            [
              -73.7647,
              7.63826
            ],
            [
              -73.72473,
              7.587
            ],
            [
              -73.77479,
              7.52944
            ],
            [
              -73.77575,
              7.42255
            ],
            [
              -73.70411,
              7.38633
            ],
            [
              -73.69449,
              7.36092
            ],
            [
              -73.67349,
              7.36643
            ],
            [
              -73.6469,
              7.34156
            ],
            [
              -73.64716,
              7.30886
            ],
            [
              -73.57618,
              7.27341
            ],
            [
              -73.61186,
              7.19011
            ],
            [
              -73.52972,
              7.15901
            ],
            [
              -73.44165,
              7.16628
            ],
            [
              -73.43191,
              7.1904
            ],
            [
              -73.39915,
              7.20601
            ],
            [
              -73.3557,
              7.28456
            ],
            [
              -73.371,
              7.31497
            ],
            [
              -73.36955,
              7.37284
            ],
            [
              -73.38214,
              7.37646
            ],
            [
              -73.37191,
              7.39721
            ],
            [
              -73.40828,
              7.41525
            ],
            [
              -73.42099,
              7.40669
            ],
            [
              -73.43949,
              7.45236
            ],
            [
              -73.46435,
              7.46784
            ],
            [
              -73.45738,
              7.48123
            ],
            [
              -73.47267,
              7.48125
            ],
            [
              -73.47901,
              7.5027
            ],
            [
              -73.51306,
              7.50521
            ],
            [
              -73.56674,
              7.58915
            ],
            [
              -73.65044,
              7.60375
            ],
            [
              -73.6599,
              7.64796
            ],
            [
              -73.67995,
              7.64405
            ],
            [
              -73.6969,
              7.67357
            ],
            [
              -73.72588,
              7.66293
            ],
            [
              -73.75958,
              7.69349
            ]
          ]
        ]
      },
      "properties": {
        "code": "68655",
        "departmentCode": "68",
        "name": "SABANA DE TORRES",
        "originalCode": "655",
        "originalName": "SABANA DE TORRES",
        "type": "MUNICIPIO",
        "areaName": 1426.74765879,
        "creationYear": 2024,
        "creationResolution": "Ordenanza 16 del 29 de Noviembre de 1973",
        "resultType": "observed",
        "source": "dane-divipola-mgn-2025",
        "year": 2025,
        "MPIO_TIPO": "MUNICIPIO",
        "unitType": "municipio",
        "MPIO_NAREA": 1426.74765879,
        "MPIO_NANO": 2024,
        "MPIO_CRSLCION": "Ordenanza 16 del 29 de Noviembre de 1973"
      }
    },
    {
      "type": "Feature",
      "id": 2514,
      "geometry": {
        "type": "Polygon",
        "coordinates": [
          [
            [
              -72.73908,
              6.90247
            ],
            [
              -72.73106,
              6.94101
            ],
            [
              -72.74686,
              6.95763
            ],
            [
              -72.74242,
              6.93224
            ],
            [
              -72.76099,
              6.9043
            ],
            [
              -72.827,
              6.88188
            ],
            [
              -72.84592,
              6.82771
            ],
            [
              -72.88627,
              6.83911
            ],
            [
              -72.89528,
              6.75463
            ],
            [
              -72.87868,
              6.72324
            ],
            [
              -72.90433,
              6.70755
            ],
            [
              -72.90896,
              6.68276
            ],
            [
              -72.88614,
              6.6959
            ],
            [
              -72.83782,
              6.68523
            ],
            [
              -72.82971,
              6.70974
            ],
            [
              -72.7639,
              6.73629
            ],
            [
              -72.73908,
              6.90247
            ]
          ]
        ]
      },
      "properties": {
        "code": "68669",
        "departmentCode": "68",
        "name": "SAN ANDRÉS",
        "originalCode": "669",
        "originalName": "SAN ANDRÉS",
        "type": "MUNICIPIO",
        "areaName": 280.97620796,
        "creationYear": 2024,
        "creationResolution": "1887",
        "resultType": "observed",
        "source": "dane-divipola-mgn-2025",
        "year": 2025,
        "MPIO_TIPO": "MUNICIPIO",
        "unitType": "municipio",
        "MPIO_NAREA": 280.97620796,
        "MPIO_NANO": 2024,
        "MPIO_CRSLCION": "1887"
      }
    },
    {
      "type": "Feature",
      "id": 2515,
      "geometry": {
        "type": "Polygon",
        "coordinates": [
          [
            [
              -73.48719,
              6.16356
            ],
            [
              -73.57925,
              6.08658
            ],
            [
              -73.54972,
              6.04604
            ],
            [
              -73.53091,
              6.04996
            ],
            [
              -73.5152,
              6.09908
            ],
            [
              -73.47877,
              6.14117
            ],
            [
              -73.48719,
              6.16356
            ]
          ]
        ]
      },
      "properties": {
        "code": "68673",
        "departmentCode": "68",
        "name": "SAN BENITO",
        "originalCode": "673",
        "originalName": "SAN BENITO",
        "type": "MUNICIPIO",
        "areaName": 59.01804493,
        "creationYear": 2024,
        "creationResolution": "1899",
        "resultType": "observed",
        "source": "dane-divipola-mgn-2025",
        "year": 2025,
        "MPIO_TIPO": "MUNICIPIO",
        "unitType": "municipio",
        "MPIO_NAREA": 59.01804493,
        "MPIO_NANO": 2024,
        "MPIO_CRSLCION": "1899"
      }
    },
    {
      "type": "Feature",
      "id": 2516,
      "geometry": {
        "type": "Polygon",
        "coordinates": [
          [
            [
              -73.1536,
              6.55269
            ],
            [
              -73.13926,
              6.5253
            ],
            [
              -73.14854,
              6.4948
            ],
            [
              -73.12391,
              6.49908
            ],
            [
              -73.11066,
              6.47975
            ],
            [
              -73.07473,
              6.48203
            ],
            [
              -73.02874,
              6.53354
            ],
            [
              -73.09077,
              6.56937
            ],
            [
              -73.10743,
              6.56245
            ],
            [
              -73.09952,
              6.63075
            ],
            [
              -73.11427,
              6.65069
            ],
            [
              -73.1194,
              6.62264
            ],
            [
              -73.18069,
              6.5937
            ],
            [
              -73.21221,
              6.55942
            ],
            [
              -73.19367,
              6.54004
            ],
            [
              -73.1536,
              6.55269
            ]
          ]
        ]
      },
      "properties": {
        "code": "68679",
        "departmentCode": "68",
        "name": "SAN GIL",
        "originalCode": "679",
        "originalName": "SAN GIL",
        "type": "MUNICIPIO",
        "areaName": 146.58745158,
        "creationYear": 2024,
        "creationResolution": "1887",
        "resultType": "observed",
        "source": "dane-divipola-mgn-2025",
        "year": 2025,
        "MPIO_TIPO": "MUNICIPIO",
        "unitType": "municipio",
        "MPIO_NAREA": 146.58745158,
        "MPIO_NANO": 2024,
        "MPIO_CRSLCION": "1887"
      }
    },
    {
      "type": "Feature",
      "id": 2517,
      "geometry": {
        "type": "Polygon",
        "coordinates": [
          [
            [
              -72.83381,
              6.56725
            ],
            [
              -72.8543,
              6.56153
            ],
            [
              -72.86944,
              6.51626
            ],
            [
              -72.8929,
              6.50431
            ],
            [
              -72.87298,
              6.4745
            ],
            [
              -72.91185,
              6.41124
            ],
            [
              -72.90986,
              6.3736
            ],
            [
              -72.81754,
              6.40106
            ],
            [
              -72.81135,
              6.4992
            ],
            [
              -72.83381,
              6.56725
            ]
          ]
        ]
      },
      "properties": {
        "code": "68682",
        "departmentCode": "68",
        "name": "SAN JOAQUÍN",
        "originalCode": "682",
        "originalName": "SAN JOAQUÍN",
        "type": "MUNICIPIO",
        "areaName": 142.84073592,
        "creationYear": 2024,
        "creationResolution": "1899",
        "resultType": "observed",
        "source": "dane-divipola-mgn-2025",
        "year": 2025,
        "MPIO_TIPO": "MUNICIPIO",
        "unitType": "municipio",
        "MPIO_NAREA": 142.84073592,
        "MPIO_NANO": 2024,
        "MPIO_CRSLCION": "1899"
      }
    },
    {
      "type": "Feature",
      "id": 2518,
      "geometry": {
        "type": "Polygon",
        "coordinates": [
          [
            [
              -72.73237,
              6.69053
            ],
            [
              -72.76999,
              6.68254
            ],
            [
              -72.76996,
              6.58003
            ],
            [
              -72.73855,
              6.56189
            ],
            [
              -72.7057,
              6.62321
            ],
            [
              -72.70765,
              6.67361
            ],
            [
              -72.73237,
              6.69053
            ]
          ]
        ]
      },
      "properties": {
        "code": "68684",
        "departmentCode": "68",
        "name": "SAN JOSÉ DE MIRANDA",
        "originalCode": "684",
        "originalName": "SAN JOSÉ DE MIRANDA",
        "type": "MUNICIPIO",
        "areaName": 75.15815669,
        "creationYear": 2024,
        "creationResolution": "1900",
        "resultType": "observed",
        "source": "dane-divipola-mgn-2025",
        "year": 2025,
        "MPIO_TIPO": "MUNICIPIO",
        "unitType": "municipio",
        "MPIO_NAREA": 75.15815669,
        "MPIO_NANO": 2024,
        "MPIO_CRSLCION": "1900"
      }
    },
    {
      "type": "Feature",
      "id": 2519,
      "geometry": {
        "type": "Polygon",
        "coordinates": [
          [
            [
              -72.64902,
              6.61772
            ],
            [
              -72.70254,
              6.59437
            ],
            [
              -72.66299,
              6.56237
            ],
            [
              -72.63811,
              6.50794
            ],
            [
              -72.60806,
              6.52856
            ],
            [
              -72.60139,
              6.58242
            ],
            [
              -72.64902,
              6.61772
            ]
          ]
        ]
      },
      "properties": {
        "code": "68686",
        "departmentCode": "68",
        "name": "SAN MIGUEL",
        "originalCode": "686",
        "originalName": "SAN MIGUEL",
        "type": "MUNICIPIO",
        "areaName": 71.05593887,
        "creationYear": 2024,
        "creationResolution": "1799",
        "resultType": "observed",
        "source": "dane-divipola-mgn-2025",
        "year": 2025,
        "MPIO_TIPO": "MUNICIPIO",
        "unitType": "municipio",
        "MPIO_NAREA": 71.05593887,
        "MPIO_NANO": 2024,
        "MPIO_CRSLCION": "1799"
      }
    },
    {
      "type": "Feature",
      "id": 2520,
      "geometry": {
        "type": "Polygon",
        "coordinates": [
          [
            [
              -73.55312,
              7.13195
            ],
            [
              -73.70308,
              6.94552
            ],
            [
              -73.62774,
              6.88236
            ],
            [
              -73.73771,
              6.90298
            ],
            [
              -73.76553,
              6.80975
            ],
            [
              -73.75043,
              6.80659
            ],
            [
              -73.73457,
              6.76393
            ],
            [
              -73.683,
              6.74179
            ],
            [
              -73.67013,
              6.77865
            ],
            [
              -73.63528,
              6.77145
            ],
            [
              -73.63865,
              6.83252
            ],
            [
              -73.61626,
              6.83333
            ],
            [
              -73.58238,
              6.80661
            ],
            [
              -73.54548,
              6.81044
            ],
            [
              -73.54028,
              6.78194
            ],
            [
              -73.5153,
              6.80127
            ],
            [
              -73.48348,
              6.77219
            ],
            [
              -73.46341,
              6.77829
            ],
            [
              -73.46336,
              6.73098
            ],
            [
              -73.44082,
              6.73517
            ],
            [
              -73.43107,
              6.71054
            ],
            [
              -73.38305,
              6.70182
            ],
            [
              -73.36545,
              6.72599
            ],
            [
              -73.36867,
              6.76829
            ],
            [
              -73.34093,
              6.84581
            ],
            [
              -73.33969,
              6.91543
            ],
            [
              -73.3599,
              6.91831
            ],
            [
              -73.35854,
              6.94952
            ],
            [
              -73.37591,
              6.94629
            ],
            [
              -73.38972,
              6.96485
            ],
            [
              -73.43644,
              6.95488
            ],
            [
              -73.4939,
              6.98137
            ],
            [
              -73.4902,
              7.06093
            ],
            [
              -73.52572,
              7.04252
            ],
            [
              -73.52684,
              7.13369
            ],
            [
              -73.51817,
              7.12739
            ],
            [
              -73.54033,
              7.15399
            ],
            [
              -73.55312,
              7.13195
            ]
          ]
        ]
      },
      "properties": {
        "code": "68689",
        "departmentCode": "68",
        "name": "SAN VICENTE DE CHUCURÍ",
        "originalCode": "689",
        "originalName": "SAN VICENTE DE CHUCURÍ",
        "type": "MUNICIPIO",
        "areaName": 1114.57228254,
        "creationYear": 2024,
        "creationResolution": "1895",
        "resultType": "observed",
        "source": "dane-divipola-mgn-2025",
        "year": 2025,
        "MPIO_TIPO": "MUNICIPIO",
        "unitType": "municipio",
        "MPIO_NAREA": 1114.57228254,
        "MPIO_NANO": 2024,
        "MPIO_CRSLCION": "1895"
      }
    },
    {
      "type": "Feature",
      "id": 2521,
      "geometry": {
        "type": "Polygon",
        "coordinates": [
          [
            [
              -72.88393,
              7.07811
            ],
            [
              -72.9105,
              7.08186
            ],
            [
              -72.9207,
              6.99531
            ],
            [
              -72.94457,
              6.95357
            ],
            [
              -72.98378,
              6.95033
            ],
            [
              -72.99153,
              6.93534
            ],
            [
              -72.95188,
              6.90463
            ],
            [
              -72.95889,
              6.88515
            ],
            [
              -72.91843,
              6.87867
            ],
            [
              -72.91816,
              6.84728
            ],
            [
              -72.87066,
              6.92929
            ],
            [
              -72.84622,
              7.0276
            ],
            [
              -72.84407,
              7.04739
            ],
            [
              -72.87751,
              7.05581
            ],
            [
              -72.88393,
              7.07811
            ]
          ]
        ]
      },
      "properties": {
        "code": "68705",
        "departmentCode": "68",
        "name": "SANTA BÁRBARA",
        "originalCode": "705",
        "originalName": "SANTA BÁRBARA",
        "type": "MUNICIPIO",
        "areaName": 178.27660563,
        "creationYear": 2024,
        "creationResolution": "Ordenanza 24 de Noviembre 29 de 1976",
        "resultType": "observed",
        "source": "dane-divipola-mgn-2025",
        "year": 2025,
        "MPIO_TIPO": "MUNICIPIO",
        "unitType": "municipio",
        "MPIO_NAREA": 178.27660563,
        "MPIO_NANO": 2024,
        "MPIO_CRSLCION": "Ordenanza 24 de Noviembre 29 de 1976"
      }
    },
    {
      "type": "Feature",
      "id": 2522,
      "geometry": {
        "type": "Polygon",
        "coordinates": [
          [
            [
              -73.62736,
              6.52345
            ],
            [
              -73.64858,
              6.48493
            ],
            [
              -73.67625,
              6.48054
            ],
            [
              -73.64284,
              6.45733
            ],
            [
              -73.67241,
              6.38753
            ],
            [
              -73.65841,
              6.34529
            ],
            [
              -73.67059,
              6.31244
            ],
            [
              -73.65432,
              6.28477
            ],
            [
              -73.6367,
              6.2883
            ],
            [
              -73.63454,
              6.31192
            ],
            [
              -73.60301,
              6.3222
            ],
            [
              -73.54068,
              6.31392
            ],
            [
              -73.51501,
              6.36983
            ],
            [
              -73.47633,
              6.375
            ],
            [
              -73.465,
              6.45527
            ],
            [
              -73.55077,
              6.47885
            ],
            [
              -73.57229,
              6.5174
            ],
            [
              -73.62736,
              6.52345
            ]
          ]
        ]
      },
      "properties": {
        "code": "68720",
        "departmentCode": "68",
        "name": "SANTA HELENA DEL OPÓN",
        "originalCode": "720",
        "originalName": "SANTA HELENA DEL OPÓN",
        "type": "MUNICIPIO",
        "areaName": 373.26689307,
        "creationYear": 2024,
        "creationResolution": "Decreto Dptal 2355 del 14 de Agosto de 1975",
        "resultType": "observed",
        "source": "dane-divipola-mgn-2025",
        "year": 2025,
        "MPIO_TIPO": "MUNICIPIO",
        "unitType": "municipio",
        "MPIO_NAREA": 373.26689307,
        "MPIO_NANO": 2024,
        "MPIO_CRSLCION": "Decreto Dptal 2355 del 14 de Agosto de 1975"
      }
    },
    {
      "type": "Feature",
      "id": 2523,
      "geometry": {
        "type": "Polygon",
        "coordinates": [
          [
            [
              -73.62641,
              6.52434
            ],
            [
              -73.57229,
              6.5174
            ],
            [
              -73.55077,
              6.47885
            ],
            [
              -73.48498,
              6.45179
            ],
            [
              -73.44987,
              6.4672
            ],
            [
              -73.4384,
              6.41219
            ],
            [
              -73.42215,
              6.40295
            ],
            [
              -73.32087,
              6.40029
            ],
            [
              -73.29237,
              6.4849
            ],
            [
              -73.34027,
              6.4922
            ],
            [
              -73.40038,
              6.53392
            ],
            [
              -73.43553,
              6.5096
            ],
            [
              -73.43806,
              6.52543
            ],
            [
              -73.48148,
              6.53394
            ],
            [
              -73.54913,
              6.50921
            ],
            [
              -73.55716,
              6.53878
            ],
            [
              -73.67742,
              6.55179
            ],
            [
              -73.67439,
              6.58515
            ],
            [
              -73.73495,
              6.6167
            ],
            [
              -73.72342,
              6.64409
            ],
            [
              -73.74289,
              6.69566
            ],
            [
              -73.7315,
              6.77754
            ],
            [
              -73.76711,
              6.81575
            ],
            [
              -73.74878,
              6.86042
            ],
            [
              -73.7671,
              6.85487
            ],
            [
              -73.79636,
              6.87294
            ],
            [
              -73.80213,
              6.89373
            ],
            [
              -73.84099,
              6.88444
            ],
            [
              -73.84295,
              6.91443
            ],
            [
              -73.86495,
              6.86793
            ],
            [
              -73.8746,
              6.88615
            ],
            [
              -73.9494,
              6.88891
            ],
            [
              -73.93362,
              6.84748
            ],
            [
              -73.95933,
              6.80529
            ],
            [
              -73.9495,
              6.78296
            ],
            [
              -73.86485,
              6.72175
            ],
            [
              -73.83469,
              6.63632
            ],
            [
              -73.79712,
              6.63569
            ],
            [
              -73.79165,
              6.61707
            ],
            [
              -73.78325,
              6.62555
            ],
            [
              -73.7842,
              6.60539
            ],
            [
              -73.80213,
              6.59627
            ],
            [
              -73.79508,
              6.57873
            ],
            [
              -73.75266,
              6.5657
            ],
            [
              -73.76553,
              6.53057
            ],
            [
              -73.68356,
              6.50284
            ],
            [
              -73.68344,
              6.47686
            ],
            [
              -73.66755,
              6.49129
            ],
            [
              -73.64858,
              6.48493
            ],
            [
              -73.62641,
              6.52434
            ]
          ]
        ]
      },
      "properties": {
        "code": "68745",
        "departmentCode": "68",
        "name": "SIMACOTA",
        "originalCode": "745",
        "originalName": "SIMACOTA",
        "type": "MUNICIPIO",
        "areaName": 903.35804213,
        "creationYear": 2024,
        "creationResolution": "1799",
        "resultType": "observed",
        "source": "dane-divipola-mgn-2025",
        "year": 2025,
        "MPIO_TIPO": "MUNICIPIO",
        "unitType": "municipio",
        "MPIO_NAREA": 903.35804213,
        "MPIO_NANO": 2024,
        "MPIO_CRSLCION": "1799"
      }
    },
    {
      "type": "Feature",
      "id": 2524,
      "geometry": {
        "type": "Polygon",
        "coordinates": [
          [
            [
              -73.22038,
              6.51874
            ],
            [
              -73.27599,
              6.50732
            ],
            [
              -73.31639,
              6.41658
            ],
            [
              -73.20662,
              6.40704
            ],
            [
              -73.17554,
              6.46678
            ],
            [
              -73.22038,
              6.51874
            ]
          ]
        ]
      },
      "properties": {
        "code": "68755",
        "departmentCode": "68",
        "name": "SOCORRO",
        "originalCode": "755",
        "originalName": "SOCORRO",
        "type": "MUNICIPIO",
        "areaName": 127.59688358,
        "creationYear": 2024,
        "creationResolution": "1683",
        "resultType": "observed",
        "source": "dane-divipola-mgn-2025",
        "year": 2025,
        "MPIO_TIPO": "MUNICIPIO",
        "unitType": "municipio",
        "MPIO_NAREA": 127.59688358,
        "MPIO_NANO": 2024,
        "MPIO_CRSLCION": "1683"
      }
    },
    {
      "type": "Feature",
      "id": 2525,
      "geometry": {
        "type": "Polygon",
        "coordinates": [
          [
            [
              -73.38416,
              6.19436
            ],
            [
              -73.3899,
              6.20314
            ],
            [
              -73.41176,
              6.1779
            ],
            [
              -73.45816,
              6.17215
            ],
            [
              -73.49666,
              6.10692
            ],
            [
              -73.43808,
              6.07138
            ],
            [
              -73.41519,
              6.07338
            ],
            [
              -73.39736,
              6.04797
            ],
            [
              -73.33772,
              6.05201
            ],
            [
              -73.31993,
              6.08153
            ],
            [
              -73.24036,
              6.05374
            ],
            [
              -73.23239,
              6.12415
            ],
            [
              -73.28302,
              6.14766
            ],
            [
              -73.30012,
              6.13472
            ],
            [
              -73.31858,
              6.14232
            ],
            [
              -73.32692,
              6.17155
            ],
            [
              -73.35268,
              6.13851
            ],
            [
              -73.37185,
              6.14876
            ],
            [
              -73.36076,
              6.17769
            ],
            [
              -73.38416,
              6.19436
            ]
          ]
        ]
      },
      "properties": {
        "code": "68770",
        "departmentCode": "68",
        "name": "SUAITA",
        "originalCode": "770",
        "originalName": "SUAITA",
        "type": "MUNICIPIO",
        "areaName": 282.92988474,
        "creationYear": 2024,
        "creationResolution": "1699",
        "resultType": "observed",
        "source": "dane-divipola-mgn-2025",
        "year": 2025,
        "MPIO_TIPO": "MUNICIPIO",
        "unitType": "municipio",
        "MPIO_NAREA": 282.92988474,
        "MPIO_NANO": 2024,
        "MPIO_CRSLCION": "1699"
      }
    },
    {
      "type": "Feature",
      "id": 2526,
      "geometry": {
        "type": "Polygon",
        "coordinates": [
          [
            [
              -74.09635,
              6.16779
            ],
            [
              -74.09145,
              6.12623
            ],
            [
              -74.11181,
              6.12238
            ],
            [
              -74.11762,
              6.08745
            ],
            [
              -74.10183,
              6.04674
            ],
            [
              -74.12727,
              6.0337
            ],
            [
              -74.09564,
              5.98
            ],
            [
              -74.11268,
              5.94473
            ],
            [
              -74.05936,
              5.93085
            ],
            [
              -74.0291,
              5.98563
            ],
            [
              -73.98993,
              5.9651
            ],
            [
              -73.9867,
              5.93074
            ],
            [
              -73.91997,
              5.92
            ],
            [
              -73.90817,
              5.89327
            ],
            [
              -73.91994,
              5.86356
            ],
            [
              -73.87987,
              5.86787
            ],
            [
              -73.84255,
              5.8467
            ],
            [
              -73.80253,
              5.87473
            ],
            [
              -73.81277,
              5.88928
            ],
            [
              -73.78401,
              5.90966
            ],
            [
              -73.75747,
              5.90449
            ],
            [
              -73.76773,
              5.93757
            ],
            [
              -73.80794,
              5.94668
            ],
            [
              -73.85868,
              5.9846
            ],
            [
              -73.8514,
              6.01479
            ],
            [
              -73.87803,
              6.00047
            ],
            [
              -73.90587,
              6.01303
            ],
            [
              -73.93458,
              6.08554
            ],
            [
              -74.01668,
              6.04505
            ],
            [
              -74.06452,
              6.07037
            ],
            [
              -74.06271,
              6.1325
            ],
            [
              -74.09635,
              6.16779
            ]
          ]
        ]
      },
      "properties": {
        "code": "68773",
        "departmentCode": "68",
        "name": "SUCRE",
        "originalCode": "773",
        "originalName": "SUCRE",
        "type": "MUNICIPIO",
        "areaName": 521.84692467,
        "creationYear": 2024,
        "creationResolution": "1892",
        "resultType": "observed",
        "source": "dane-divipola-mgn-2025",
        "year": 2025,
        "MPIO_TIPO": "MUNICIPIO",
        "unitType": "municipio",
        "MPIO_NAREA": 521.84692467,
        "MPIO_NANO": 2024,
        "MPIO_CRSLCION": "1892"
      }
    },
    {
      "type": "Feature",
      "id": 2527,
      "geometry": {
        "type": "Polygon",
        "coordinates": [
          [
            [
              -73.0312,
              7.62216
            ],
            [
              -73.0977,
              7.53274
            ],
            [
              -73.0675,
              7.51421
            ],
            [
              -73.09121,
              7.4888
            ],
            [
              -73.05384,
              7.48452
            ],
            [
              -72.99862,
              7.41754
            ],
            [
              -73.01932,
              7.36031
            ],
            [
              -73.00135,
              7.33747
            ],
            [
              -72.9225,
              7.2924
            ],
            [
              -72.97982,
              7.35293
            ],
            [
              -72.95046,
              7.3484
            ],
            [
              -72.89589,
              7.40057
            ],
            [
              -72.86437,
              7.37722
            ],
            [
              -72.90062,
              7.43414
            ],
            [
              -72.89316,
              7.47433
            ],
            [
              -72.9783,
              7.52905
            ],
            [
              -72.99224,
              7.59697
            ],
            [
              -72.98235,
              7.62031
            ],
            [
              -73.0312,
              7.62216
            ]
          ]
        ]
      },
      "properties": {
        "code": "68780",
        "departmentCode": "68",
        "name": "SURATÁ",
        "originalCode": "780",
        "originalName": "SURATÁ",
        "type": "MUNICIPIO",
        "areaName": 362.29848832,
        "creationYear": 2024,
        "creationResolution": "1899",
        "resultType": "observed",
        "source": "dane-divipola-mgn-2025",
        "year": 2025,
        "MPIO_TIPO": "MUNICIPIO",
        "unitType": "municipio",
        "MPIO_NAREA": 362.29848832,
        "MPIO_NANO": 2024,
        "MPIO_CRSLCION": "1899"
      }
    },
    {
      "type": "Feature",
      "id": 2528,
      "geometry": {
        "type": "Polygon",
        "coordinates": [
          [
            [
              -72.84875,
              7.14039
            ],
            [
              -72.85905,
              7.15452
            ],
            [
              -72.83241,
              7.20746
            ],
            [
              -72.85642,
              7.21696
            ],
            [
              -72.87619,
              7.26346
            ],
            [
              -72.95007,
              7.23638
            ],
            [
              -72.9749,
              7.25175
            ],
            [
              -73.00467,
              7.24168
            ],
            [
              -73.06677,
              7.15994
            ],
            [
              -73.06305,
              7.14482
            ],
            [
              -73.02441,
              7.14245
            ],
            [
              -73.00486,
              7.09932
            ],
            [
              -72.95574,
              7.1048
            ],
            [
              -72.95506,
              7.07136
            ],
            [
              -72.94099,
              7.09844
            ],
            [
              -72.88275,
              7.07799
            ],
            [
              -72.84875,
              7.14039
            ]
          ]
        ]
      },
      "properties": {
        "code": "68820",
        "departmentCode": "68",
        "name": "TONA",
        "originalCode": "820",
        "originalName": "TONA",
        "type": "MUNICIPIO",
        "areaName": 330.12094158,
        "creationYear": 2024,
        "creationResolution": "1822",
        "resultType": "observed",
        "source": "dane-divipola-mgn-2025",
        "year": 2025,
        "MPIO_TIPO": "MUNICIPIO",
        "unitType": "municipio",
        "MPIO_NAREA": 330.12094158,
        "MPIO_NANO": 2024,
        "MPIO_CRSLCION": "1822"
      }
    },
    {
      "type": "Feature",
      "id": 2529,
      "geometry": {
        "type": "Polygon",
        "coordinates": [
          [
            [
              -73.08693,
              6.48281
            ],
            [
              -73.13723,
              6.46407
            ],
            [
              -73.16152,
              6.40271
            ],
            [
              -73.13759,
              6.4036
            ],
            [
              -73.11884,
              6.38412
            ],
            [
              -73.07172,
              6.39017
            ],
            [
              -73.08288,
              6.40098
            ],
            [
              -73.06868,
              6.46567
            ],
            [
              -73.08693,
              6.48281
            ]
          ]
        ]
      },
      "properties": {
        "code": "68855",
        "departmentCode": "68",
        "name": "VALLE DE SAN JOSÉ",
        "originalCode": "855",
        "originalName": "VALLE DE SAN JOSÉ",
        "type": "MUNICIPIO",
        "areaName": 80.96255015,
        "creationYear": 2024,
        "creationResolution": "1762",
        "resultType": "observed",
        "source": "dane-divipola-mgn-2025",
        "year": 2025,
        "MPIO_TIPO": "MUNICIPIO",
        "unitType": "municipio",
        "MPIO_NAREA": 80.96255015,
        "MPIO_NANO": 2024,
        "MPIO_CRSLCION": "1762"
      }
    },
    {
      "type": "Feature",
      "id": 2530,
      "geometry": {
        "type": "Polygon",
        "coordinates": [
          [
            [
              -73.76196,
              6.55273
            ],
            [
              -73.781,
              6.55234
            ],
            [
              -73.78139,
              6.48945
            ],
            [
              -73.76161,
              6.49677
            ],
            [
              -73.74788,
              6.46193
            ],
            [
              -73.68311,
              6.40521
            ],
            [
              -73.74356,
              6.31759
            ],
            [
              -73.75188,
              6.29104
            ],
            [
              -73.72814,
              6.29002
            ],
            [
              -73.74277,
              6.26512
            ],
            [
              -73.7256,
              6.23906
            ],
            [
              -73.7713,
              6.18369
            ],
            [
              -73.72876,
              6.14624
            ],
            [
              -73.75035,
              6.09069
            ],
            [
              -73.73509,
              6.03825
            ],
            [
              -73.71789,
              6.02952
            ],
            [
              -73.75125,
              6.0014
            ],
            [
              -73.68814,
              5.97502
            ],
            [
              -73.6631,
              5.92735
            ],
            [
              -73.64431,
              5.97253
            ],
            [
              -73.59621,
              6.01933
            ],
            [
              -73.6076,
              6.03376
            ],
            [
              -73.63621,
              6.0175
            ],
            [
              -73.69424,
              6.04021
            ],
            [
              -73.62725,
              6.14382
            ],
            [
              -73.65633,
              6.14485
            ],
            [
              -73.68522,
              6.17153
            ],
            [
              -73.68166,
              6.25204
            ],
            [
              -73.72281,
              6.29478
            ],
            [
              -73.66889,
              6.38079
            ],
            [
              -73.64284,
              6.45733
            ],
            [
              -73.65809,
              6.47731
            ],
            [
              -73.68344,
              6.47686
            ],
            [
              -73.68356,
              6.50284
            ],
            [
              -73.71479,
              6.52258
            ],
            [
              -73.76553,
              6.53057
            ],
            [
              -73.76196,
              6.55273
            ]
          ]
        ]
      },
      "properties": {
        "code": "68861",
        "departmentCode": "68",
        "name": "VÉLEZ",
        "originalCode": "861",
        "originalName": "VÉLEZ",
        "type": "MUNICIPIO",
        "areaName": 447.04753453,
        "creationYear": 2024,
        "creationResolution": "1539",
        "resultType": "observed",
        "source": "dane-divipola-mgn-2025",
        "year": 2025,
        "MPIO_TIPO": "MUNICIPIO",
        "unitType": "municipio",
        "MPIO_NAREA": 447.04753453,
        "MPIO_NANO": 2024,
        "MPIO_CRSLCION": "1539"
      }
    },
    {
      "type": "Feature",
      "id": 2531,
      "geometry": {
        "type": "Polygon",
        "coordinates": [
          [
            [
              -72.85517,
              7.377
            ],
            [
              -72.88752,
              7.37652
            ],
            [
              -72.93123,
              7.33742
            ],
            [
              -72.9225,
              7.2924
            ],
            [
              -72.88187,
              7.25651
            ],
            [
              -72.83406,
              7.30424
            ],
            [
              -72.83683,
              7.35561
            ],
            [
              -72.85517,
              7.377
            ]
          ]
        ]
      },
      "properties": {
        "code": "68867",
        "departmentCode": "68",
        "name": "VETAS",
        "originalCode": "867",
        "originalName": "VETAS",
        "type": "MUNICIPIO",
        "areaName": 92.23515396,
        "creationYear": 2024,
        "creationResolution": "Ordenanza 02 de 1983. Decreto 2404 de 1983",
        "resultType": "observed",
        "source": "dane-divipola-mgn-2025",
        "year": 2025,
        "MPIO_TIPO": "MUNICIPIO",
        "unitType": "municipio",
        "MPIO_NAREA": 92.23515396,
        "MPIO_NANO": 2024,
        "MPIO_CRSLCION": "Ordenanza 02 de 1983. Decreto 2404 de 1983"
      }
    },
    {
      "type": "Feature",
      "id": 2532,
      "geometry": {
        "type": "Polygon",
        "coordinates": [
          [
            [
              -73.20079,
              6.76801
            ],
            [
              -73.22382,
              6.73376
            ],
            [
              -73.17945,
              6.708
            ],
            [
              -73.19304,
              6.64666
            ],
            [
              -73.16618,
              6.63858
            ],
            [
              -73.15443,
              6.59951
            ],
            [
              -73.1194,
              6.62264
            ],
            [
              -73.11711,
              6.68871
            ],
            [
              -73.13751,
              6.69138
            ],
            [
              -73.14532,
              6.73018
            ],
            [
              -73.20079,
              6.76801
            ]
          ]
        ]
      },
      "properties": {
        "code": "68872",
        "departmentCode": "68",
        "name": "VILLANUEVA",
        "originalCode": "872",
        "originalName": "VILLANUEVA",
        "type": "MUNICIPIO",
        "areaName": 97.42699835,
        "creationYear": 2024,
        "creationResolution": "Ordenanza 26 de 1966",
        "resultType": "observed",
        "source": "dane-divipola-mgn-2025",
        "year": 2025,
        "MPIO_TIPO": "MUNICIPIO",
        "unitType": "municipio",
        "MPIO_NAREA": 97.42699835,
        "MPIO_NANO": 2024,
        "MPIO_CRSLCION": "Ordenanza 26 de 1966"
      }
    },
    {
      "type": "Feature",
      "id": 2533,
      "geometry": {
        "type": "Polygon",
        "coordinates": [
          [
            [
              -73.37709,
              6.99731
            ],
            [
              -73.43355,
              6.98458
            ],
            [
              -73.45243,
              6.95996
            ],
            [
              -73.39741,
              6.95372
            ],
            [
              -73.3901,
              6.96496
            ],
            [
              -73.37591,
              6.94629
            ],
            [
              -73.35854,
              6.94952
            ],
            [
              -73.36024,
              6.91872
            ],
            [
              -73.34033,
              6.91624
            ],
            [
              -73.33335,
              6.88985
            ],
            [
              -73.36211,
              6.78603
            ],
            [
              -73.3044,
              6.74288
            ],
            [
              -73.28604,
              6.70413
            ],
            [
              -73.25872,
              6.69459
            ],
            [
              -73.19843,
              6.76818
            ],
            [
              -73.19905,
              6.79727
            ],
            [
              -73.16707,
              6.85013
            ],
            [
              -73.17149,
              6.87999
            ],
            [
              -73.21712,
              6.92622
            ],
            [
              -73.27207,
              6.85028
            ],
            [
              -73.30132,
              6.8847
            ],
            [
              -73.31822,
              6.88051
            ],
            [
              -73.3349,
              6.92909
            ],
            [
              -73.35489,
              6.93718
            ],
            [
              -73.34156,
              6.98693
            ],
            [
              -73.37709,
              6.99731
            ]
          ]
        ]
      },
      "properties": {
        "code": "68895",
        "departmentCode": "68",
        "name": "ZAPATOCA",
        "originalCode": "895",
        "originalName": "ZAPATOCA",
        "type": "MUNICIPIO",
        "areaName": 363.77432692,
        "creationYear": 2024,
        "creationResolution": "1743",
        "resultType": "observed",
        "source": "dane-divipola-mgn-2025",
        "year": 2025,
        "MPIO_TIPO": "MUNICIPIO",
        "unitType": "municipio",
        "MPIO_NAREA": 363.77432692,
        "MPIO_NANO": 2024,
        "MPIO_CRSLCION": "1743"
      }
    }
  ]
}
