{
  "type": "FeatureCollection",
  "metadata": {
    "source": "DANE DIVIPOLA MGN 2025",
    "downloadedAt": "2026-07-27T05:06:31Z",
    "crs": "EPSG:4326",
    "simplification": "ArcGIS maxAllowableOffset=0.01 grados y geometryPrecision=5; solo visualización web"
  },
  "features": [
    {
      "type": "Feature",
      "id": 2560,
      "geometry": {
        "type": "Polygon",
        "coordinates": [
          [
            [
              -75.36517,
              4.67599
            ],
            [
              -75.3862,
              4.70069
            ],
            [
              -75.40046,
              4.69094
            ],
            [
              -75.42151,
              4.65862
            ],
            [
              -75.421,
              4.61086
            ],
            [
              -75.48459,
              4.58188
            ],
            [
              -75.46847,
              4.53111
            ],
            [
              -75.41162,
              4.52348
            ],
            [
              -75.40853,
              4.48741
            ],
            [
              -75.36691,
              4.42258
            ],
            [
              -75.39333,
              4.38034
            ],
            [
              -75.4843,
              4.33753
            ],
            [
              -75.51989,
              4.25646
            ],
            [
              -75.49924,
              4.28182
            ],
            [
              -75.35363,
              4.30846
            ],
            [
              -75.32138,
              4.34623
            ],
            [
              -75.24982,
              4.34746
            ],
            [
              -75.22579,
              4.29333
            ],
            [
              -75.13883,
              4.32543
            ],
            [
              -75.08069,
              4.28627
            ],
            [
              -75.02929,
              4.2795
            ],
            [
              -75.02672,
              4.32546
            ],
            [
              -75.00325,
              4.32322
            ],
            [
              -75.00186,
              4.30011
            ],
            [
              -74.98659,
              4.31266
            ],
            [
              -74.96571,
              4.36077
            ],
            [
              -74.9966,
              4.35696
            ],
            [
              -74.99165,
              4.39283
            ],
            [
              -75.06602,
              4.40476
            ],
            [
              -75.06966,
              4.43601
            ],
            [
              -75.04297,
              4.4503
            ],
            [
              -75.06424,
              4.49351
            ],
            [
              -75.05176,
              4.54924
            ],
            [
              -75.07434,
              4.56786
            ],
            [
              -75.11368,
              4.56237
            ],
            [
              -75.132,
              4.54102
            ],
            [
              -75.21558,
              4.53396
            ],
            [
              -75.22624,
              4.55734
            ],
            [
              -75.28962,
              4.57275
            ],
            [
              -75.28974,
              4.62345
            ],
            [
              -75.36517,
              4.67599
            ]
          ]
        ]
      },
      "properties": {
        "code": "73001",
        "departmentCode": "73",
        "name": "IBAGUÉ",
        "originalCode": "001",
        "originalName": "IBAGUÉ",
        "MPIO_TIPO": "MUNICIPIO",
        "type": "MUNICIPIO",
        "unitType": "municipio",
        "MPIO_NAREA": 1376.59802896,
        "MPIO_NANO": 2024,
        "MPIO_CRSLCION": "1906",
        "areaName": 1376.59802896,
        "creationYear": 2024,
        "creationResolution": "1906",
        "resultType": "observed",
        "source": "dane-divipola-mgn-2025",
        "year": 2025
      }
    },
    {
      "type": "Feature",
      "id": 2561,
      "geometry": {
        "type": "Polygon",
        "coordinates": [
          [
            [
              -74.99192,
              3.50459
            ],
            [
              -75.00386,
              3.49953
            ],
            [
              -74.99285,
              3.4743
            ],
            [
              -75.04219,
              3.41782
            ],
            [
              -75.02765,
              3.39139
            ],
            [
              -75.05688,
              3.37799
            ],
            [
              -75.07061,
              3.2953
            ],
            [
              -75.00063,
              3.27621
            ],
            [
              -74.92808,
              3.28291
            ],
            [
              -74.84849,
              3.34083
            ],
            [
              -74.81532,
              3.39347
            ],
            [
              -74.81102,
              3.41065
            ],
            [
              -74.85155,
              3.45439
            ],
            [
              -74.82796,
              3.49191
            ],
            [
              -74.85912,
              3.51162
            ],
            [
              -74.9021,
              3.48992
            ],
            [
              -74.92974,
              3.49855
            ],
            [
              -74.94962,
              3.47665
            ],
            [
              -74.99192,
              3.50459
            ]
          ]
        ]
      },
      "properties": {
        "code": "73024",
        "departmentCode": "73",
        "name": "ALPUJARRA",
        "originalCode": "024",
        "originalName": "ALPUJARRA",
        "MPIO_TIPO": "MUNICIPIO",
        "type": "MUNICIPIO",
        "unitType": "municipio",
        "MPIO_NAREA": 501.17185591,
        "MPIO_NANO": 2024,
        "MPIO_CRSLCION": "Decreto 650 del 13 de Octubre de 1887",
        "areaName": 501.17185591,
        "creationYear": 2024,
        "creationResolution": "Decreto 650 del 13 de Octubre de 1887",
        "resultType": "observed",
        "source": "dane-divipola-mgn-2025",
        "year": 2025
      }
    },
    {
      "type": "Feature",
      "id": 2562,
      "geometry": {
        "type": "Polygon",
        "coordinates": [
          [
            [
              -74.97668,
              4.70277
            ],
            [
              -75.0476,
              4.66525
            ],
            [
              -75.04367,
              4.63892
            ],
            [
              -75.02131,
              4.63944
            ],
            [
              -75.03874,
              4.63407
            ],
            [
              -75.05409,
              4.58394
            ],
            [
              -75.07632,
              4.57047
            ],
            [
              -75.0516,
              4.54902
            ],
            [
              -75.06424,
              4.49351
            ],
            [
              -75.04198,
              4.44822
            ],
            [
              -74.97522,
              4.4897
            ],
            [
              -74.86267,
              4.6247
            ],
            [
              -74.9254,
              4.64027
            ],
            [
              -74.97668,
              4.70277
            ]
          ]
        ]
      },
      "properties": {
        "code": "73026",
        "departmentCode": "73",
        "name": "ALVARADO",
        "originalCode": "026",
        "originalName": "ALVARADO",
        "MPIO_TIPO": "MUNICIPIO",
        "type": "MUNICIPIO",
        "unitType": "municipio",
        "MPIO_NAREA": 344.11188286,
        "MPIO_NANO": 2024,
        "MPIO_CRSLCION": "1540",
        "areaName": 344.11188286,
        "creationYear": 2024,
        "creationResolution": "1540",
        "resultType": "observed",
        "source": "dane-divipola-mgn-2025",
        "year": 2025
      }
    },
    {
      "type": "Feature",
      "id": 2563,
      "geometry": {
        "type": "Polygon",
        "coordinates": [
          [
            [
              -74.74744,
              4.94929
            ],
            [
              -74.82971,
              4.92901
            ],
            [
              -74.82782,
              4.90732
            ],
            [
              -74.80967,
              4.91374
            ],
            [
              -74.80561,
              4.8703
            ],
            [
              -74.851,
              4.85019
            ],
            [
              -74.82712,
              4.8376
            ],
            [
              -74.87015,
              4.81897
            ],
            [
              -74.87975,
              4.78512
            ],
            [
              -74.86504,
              4.74498
            ],
            [
              -74.88831,
              4.72381
            ],
            [
              -74.87377,
              4.7122
            ],
            [
              -74.83093,
              4.73028
            ],
            [
              -74.81578,
              4.71357
            ],
            [
              -74.8145,
              4.73574
            ],
            [
              -74.74378,
              4.78826
            ],
            [
              -74.74437,
              4.8234
            ],
            [
              -74.76951,
              4.84292
            ],
            [
              -74.75493,
              4.88594
            ],
            [
              -74.73167,
              4.89399
            ],
            [
              -74.74744,
              4.94929
            ]
          ]
        ]
      },
      "properties": {
        "code": "73030",
        "departmentCode": "73",
        "name": "AMBALEMA",
        "originalCode": "030",
        "originalName": "AMBALEMA",
        "MPIO_TIPO": "MUNICIPIO",
        "type": "MUNICIPIO",
        "unitType": "municipio",
        "MPIO_NAREA": 237.85440982,
        "MPIO_NANO": 2024,
        "MPIO_CRSLCION": "1627",
        "areaName": 237.85440982,
        "creationYear": 2024,
        "creationResolution": "1627",
        "resultType": "observed",
        "source": "dane-divipola-mgn-2025",
        "year": 2025
      }
    },
    {
      "type": "Feature",
      "id": 2564,
      "geometry": {
        "type": "Polygon",
        "coordinates": [
          [
            [
              -75.20098,
              4.71414
            ],
            [
              -75.38695,
              4.69827
            ],
            [
              -75.29978,
              4.63703
            ],
            [
              -75.28165,
              4.609
            ],
            [
              -75.28962,
              4.57275
            ],
            [
              -75.22624,
              4.55734
            ],
            [
              -75.21497,
              4.53374
            ],
            [
              -75.12842,
              4.54197
            ],
            [
              -75.1139,
              4.56226
            ],
            [
              -75.08295,
              4.56115
            ],
            [
              -75.05409,
              4.58394
            ],
            [
              -75.03874,
              4.63407
            ],
            [
              -75.02131,
              4.63944
            ],
            [
              -75.04367,
              4.63892
            ],
            [
              -75.04914,
              4.66226
            ],
            [
              -75.01738,
              4.68087
            ],
            [
              -75.02152,
              4.69853
            ],
            [
              -75.07275,
              4.68497
            ],
            [
              -75.08948,
              4.65618
            ],
            [
              -75.13785,
              4.66627
            ],
            [
              -75.20098,
              4.71414
            ]
          ]
        ]
      },
      "properties": {
        "code": "73043",
        "departmentCode": "73",
        "name": "ANZOÁTEGUI",
        "originalCode": "043",
        "originalName": "ANZOÁTEGUI",
        "MPIO_TIPO": "MUNICIPIO",
        "type": "MUNICIPIO",
        "unitType": "municipio",
        "MPIO_NAREA": 469.4692893,
        "MPIO_NANO": 2024,
        "MPIO_CRSLCION": "Ordenanza 21 del 30 de Marzo de 1915",
        "areaName": 469.4692893,
        "creationYear": 2024,
        "creationResolution": "Ordenanza 21 del 30 de Marzo de 1915",
        "resultType": "observed",
        "source": "dane-divipola-mgn-2025",
        "year": 2025
      }
    },
    {
      "type": "Feature",
      "id": 2565,
      "geometry": {
        "type": "Polygon",
        "coordinates": [
          [
            [
              -74.88687,
              5.14697
            ],
            [
              -74.90473,
              5.1348
            ],
            [
              -74.90308,
              5.09772
            ],
            [
              -74.8924,
              5.10074
            ],
            [
              -74.88163,
              5.07183
            ],
            [
              -74.89877,
              5.06486
            ],
            [
              -74.8955,
              5.02868
            ],
            [
              -74.90761,
              5.03694
            ],
            [
              -74.96975,
              5.01242
            ],
            [
              -74.98333,
              5.02435
            ],
            [
              -75.01695,
              4.99873
            ],
            [
              -74.96196,
              4.96244
            ],
            [
              -74.91709,
              4.96347
            ],
            [
              -74.87483,
              4.88859
            ],
            [
              -74.81185,
              4.88681
            ],
            [
              -74.80967,
              4.91374
            ],
            [
              -74.82782,
              4.90732
            ],
            [
              -74.82971,
              4.92901
            ],
            [
              -74.75459,
              4.93809
            ],
            [
              -74.73358,
              4.97626
            ],
            [
              -74.70594,
              4.98137
            ],
            [
              -74.74308,
              5.00634
            ],
            [
              -74.7259,
              5.05842
            ],
            [
              -74.73296,
              5.0706
            ],
            [
              -74.73541,
              5.05275
            ],
            [
              -74.76232,
              5.03994
            ],
            [
              -74.76947,
              5.10968
            ],
            [
              -74.80076,
              5.09299
            ],
            [
              -74.8433,
              5.10061
            ],
            [
              -74.88687,
              5.14697
            ]
          ]
        ]
      },
      "properties": {
        "code": "73055",
        "departmentCode": "73",
        "name": "ARMERO",
        "originalCode": "055",
        "originalName": "ARMERO",
        "MPIO_TIPO": "MUNICIPIO",
        "type": "MUNICIPIO",
        "unitType": "municipio",
        "MPIO_NAREA": 440.30394149,
        "MPIO_NANO": 2024,
        "MPIO_CRSLCION": "Decreto 1049 de Septiembre 29 de 1908",
        "areaName": 440.30394149,
        "creationYear": 2024,
        "creationResolution": "Decreto 1049 de Septiembre 29 de 1908",
        "resultType": "observed",
        "source": "dane-divipola-mgn-2025",
        "year": 2025
      }
    },
    {
      "type": "Feature",
      "id": 2566,
      "geometry": {
        "type": "Polygon",
        "coordinates": [
          [
            [
              -75.3251,
              3.65948
            ],
            [
              -75.35386,
              3.66114
            ],
            [
              -75.36547,
              3.61099
            ],
            [
              -75.41283,
              3.57256
            ],
            [
              -75.41689,
              3.53647
            ],
            [
              -75.45803,
              3.47388
            ],
            [
              -75.48035,
              3.48594
            ],
            [
              -75.57551,
              3.46544
            ],
            [
              -75.58077,
              3.45262
            ],
            [
              -75.67388,
              3.46292
            ],
            [
              -75.73927,
              3.32236
            ],
            [
              -75.70296,
              3.31547
            ],
            [
              -75.68927,
              3.27952
            ],
            [
              -75.6109,
              3.29867
            ],
            [
              -75.60736,
              3.22081
            ],
            [
              -75.59296,
              3.20794
            ],
            [
              -75.53029,
              3.28643
            ],
            [
              -75.5267,
              3.3194
            ],
            [
              -75.49042,
              3.32591
            ],
            [
              -75.47921,
              3.36093
            ],
            [
              -75.44035,
              3.34525
            ],
            [
              -75.41497,
              3.37123
            ],
            [
              -75.37506,
              3.37515
            ],
            [
              -75.36646,
              3.40658
            ],
            [
              -75.34029,
              3.39797
            ],
            [
              -75.31887,
              3.41958
            ],
            [
              -75.26824,
              3.38211
            ],
            [
              -75.30245,
              3.45055
            ],
            [
              -75.26492,
              3.4784
            ],
            [
              -75.25537,
              3.5066
            ],
            [
              -75.29266,
              3.5508
            ],
            [
              -75.28381,
              3.57179
            ],
            [
              -75.24945,
              3.56466
            ],
            [
              -75.23713,
              3.60057
            ],
            [
              -75.24436,
              3.61052
            ],
            [
              -75.26011,
              3.59149
            ],
            [
              -75.30986,
              3.61135
            ],
            [
              -75.3251,
              3.65948
            ]
          ]
        ]
      },
      "properties": {
        "code": "73067",
        "departmentCode": "73",
        "name": "ATACO",
        "originalCode": "067",
        "originalName": "ATACO",
        "MPIO_TIPO": "MUNICIPIO",
        "type": "MUNICIPIO",
        "unitType": "municipio",
        "MPIO_NAREA": 1017.33394614,
        "MPIO_NANO": 2024,
        "MPIO_CRSLCION": "Decreto 650 del 13 de Octubre de 1887",
        "areaName": 1017.33394614,
        "creationYear": 2024,
        "creationResolution": "Decreto 650 del 13 de Octubre de 1887",
        "resultType": "observed",
        "source": "dane-divipola-mgn-2025",
        "year": 2025
      }
    },
    {
      "type": "Feature",
      "id": 2567,
      "geometry": {
        "type": "Polygon",
        "coordinates": [
          [
            [
              -75.51989,
              4.25646
            ],
            [
              -75.4843,
              4.33753
            ],
            [
              -75.39333,
              4.38034
            ],
            [
              -75.36691,
              4.42258
            ],
            [
              -75.40853,
              4.48741
            ],
            [
              -75.41162,
              4.52348
            ],
            [
              -75.46847,
              4.53111
            ],
            [
              -75.48459,
              4.58188
            ],
            [
              -75.52432,
              4.54344
            ],
            [
              -75.52463,
              4.49793
            ],
            [
              -75.57735,
              4.45269
            ],
            [
              -75.60032,
              4.33386
            ],
            [
              -75.60441,
              4.28916
            ],
            [
              -75.57237,
              4.23745
            ],
            [
              -75.51989,
              4.25646
            ]
          ]
        ]
      },
      "properties": {
        "code": "73124",
        "departmentCode": "73",
        "name": "CAJAMARCA",
        "originalCode": "124",
        "originalName": "CAJAMARCA",
        "MPIO_TIPO": "MUNICIPIO",
        "type": "MUNICIPIO",
        "unitType": "municipio",
        "MPIO_NAREA": 508.37871734,
        "MPIO_NANO": 2024,
        "MPIO_CRSLCION": "1913",
        "areaName": 508.37871734,
        "creationYear": 2024,
        "creationResolution": "1913",
        "resultType": "observed",
        "source": "dane-divipola-mgn-2025",
        "year": 2025
      }
    },
    {
      "type": "Feature",
      "id": 2568,
      "geometry": {
        "type": "Polygon",
        "coordinates": [
          [
            [
              -74.69652,
              4.17218
            ],
            [
              -74.75374,
              4.20365
            ],
            [
              -74.74476,
              4.24776
            ],
            [
              -74.76679,
              4.22879
            ],
            [
              -74.78993,
              4.17578
            ],
            [
              -74.79314,
              4.01882
            ],
            [
              -74.77848,
              4.01471
            ],
            [
              -74.6846,
              4.09546
            ],
            [
              -74.68951,
              4.12078
            ],
            [
              -74.67125,
              4.15079
            ],
            [
              -74.69652,
              4.17218
            ]
          ]
        ]
      },
      "properties": {
        "code": "73148",
        "departmentCode": "73",
        "name": "CARMEN DE APICALÁ",
        "originalCode": "148",
        "originalName": "CARMEN DE APICALÁ",
        "MPIO_TIPO": "MUNICIPIO",
        "type": "MUNICIPIO",
        "unitType": "municipio",
        "MPIO_NAREA": 190.67219653,
        "MPIO_NANO": 2025,
        "MPIO_CRSLCION": "Decreto 650 del 13 de Octubre de 1887",
        "areaName": 190.67219653,
        "creationYear": 2025,
        "creationResolution": "Decreto 650 del 13 de Octubre de 1887",
        "resultType": "observed",
        "source": "dane-divipola-mgn-2025",
        "year": 2025
      }
    },
    {
      "type": "Feature",
      "id": 2569,
      "geometry": {
        "type": "Polygon",
        "coordinates": [
          [
            [
              -75.07491,
              5.12314
            ],
            [
              -75.14714,
              5.084
            ],
            [
              -75.14717,
              5.06425
            ],
            [
              -75.21426,
              4.99978
            ],
            [
              -75.32467,
              4.96755
            ],
            [
              -75.34699,
              4.93878
            ],
            [
              -75.33477,
              4.89965
            ],
            [
              -75.3194,
              4.89306
            ],
            [
              -75.24255,
              4.97303
            ],
            [
              -75.1675,
              4.9984
            ],
            [
              -75.14189,
              5.05138
            ],
            [
              -75.11625,
              5.06613
            ],
            [
              -75.09158,
              5.04648
            ],
            [
              -75.07302,
              5.05116
            ],
            [
              -75.06615,
              5.0316
            ],
            [
              -75.04735,
              5.04717
            ],
            [
              -75.06496,
              5.07645
            ],
            [
              -75.04214,
              5.11876
            ],
            [
              -75.07491,
              5.12314
            ]
          ]
        ]
      },
      "properties": {
        "code": "73152",
        "departmentCode": "73",
        "name": "CASABIANCA",
        "originalCode": "152",
        "originalName": "CASABIANCA",
        "MPIO_TIPO": "MUNICIPIO",
        "type": "MUNICIPIO",
        "unitType": "municipio",
        "MPIO_NAREA": 174.83997333,
        "MPIO_NANO": 2024,
        "MPIO_CRSLCION": "Ordenanza 26 del 22 de Junio de 1896",
        "areaName": 174.83997333,
        "creationYear": 2024,
        "creationResolution": "Ordenanza 26 del 22 de Junio de 1896",
        "resultType": "observed",
        "source": "dane-divipola-mgn-2025",
        "year": 2025
      }
    },
    {
      "type": "Feature",
      "id": 2570,
      "geometry": {
        "type": "Polygon",
        "coordinates": [
          [
            [
              -75.74412,
              4.04008
            ],
            [
              -75.77649,
              4.00395
            ],
            [
              -75.79526,
              4.00506
            ],
            [
              -75.79147,
              3.97105
            ],
            [
              -75.81219,
              3.91941
            ],
            [
              -75.85838,
              3.88135
            ],
            [
              -75.85295,
              3.85222
            ],
            [
              -75.90326,
              3.79661
            ],
            [
              -75.91703,
              3.74836
            ],
            [
              -75.89446,
              3.74284
            ],
            [
              -75.83048,
              3.7746
            ],
            [
              -75.82247,
              3.71736
            ],
            [
              -75.79055,
              3.67983
            ],
            [
              -75.76718,
              3.68662
            ],
            [
              -75.74351,
              3.64529
            ],
            [
              -75.68663,
              3.64755
            ],
            [
              -75.6358,
              3.61157
            ],
            [
              -75.62612,
              3.57568
            ],
            [
              -75.58835,
              3.58077
            ],
            [
              -75.57949,
              3.46374
            ],
            [
              -75.47977,
              3.48603
            ],
            [
              -75.45803,
              3.47388
            ],
            [
              -75.41689,
              3.53647
            ],
            [
              -75.41283,
              3.57256
            ],
            [
              -75.36547,
              3.61099
            ],
            [
              -75.35386,
              3.66114
            ],
            [
              -75.31263,
              3.66654
            ],
            [
              -75.30182,
              3.69504
            ],
            [
              -75.29188,
              3.69019
            ],
            [
              -75.26887,
              3.76245
            ],
            [
              -75.31029,
              3.75773
            ],
            [
              -75.30785,
              3.80435
            ],
            [
              -75.34414,
              3.80185
            ],
            [
              -75.43073,
              3.87236
            ],
            [
              -75.45939,
              3.82777
            ],
            [
              -75.47852,
              3.84643
            ],
            [
              -75.56612,
              3.85814
            ],
            [
              -75.6075,
              3.9265
            ],
            [
              -75.65554,
              3.92984
            ],
            [
              -75.65381,
              3.95538
            ],
            [
              -75.71752,
              3.98125
            ],
            [
              -75.74412,
              4.04008
            ]
          ]
        ]
      },
      "properties": {
        "code": "73168",
        "departmentCode": "73",
        "name": "CHAPARRAL",
        "originalCode": "168",
        "originalName": "CHAPARRAL",
        "MPIO_TIPO": "MUNICIPIO",
        "type": "MUNICIPIO",
        "unitType": "municipio",
        "MPIO_NAREA": 2101.5371663,
        "MPIO_NANO": 2024,
        "MPIO_CRSLCION": "1586",
        "areaName": 2101.5371663,
        "creationYear": 2024,
        "creationResolution": "1586",
        "resultType": "observed",
        "source": "dane-divipola-mgn-2025",
        "year": 2025
      }
    },
    {
      "type": "Feature",
      "id": 2571,
      "geometry": {
        "type": "Polygon",
        "coordinates": [
          [
            [
              -74.84631,
              4.51472
            ],
            [
              -74.91981,
              4.47837
            ],
            [
              -74.89855,
              4.48015
            ],
            [
              -74.89257,
              4.46249
            ],
            [
              -74.93003,
              4.35982
            ],
            [
              -74.93864,
              4.37996
            ],
            [
              -74.96066,
              4.36805
            ],
            [
              -74.99927,
              4.30047
            ],
            [
              -75.00325,
              4.32322
            ],
            [
              -75.02685,
              4.32528
            ],
            [
              -75.03459,
              4.2849
            ],
            [
              -75.00004,
              4.26234
            ],
            [
              -74.97287,
              4.21025
            ],
            [
              -74.94238,
              4.2101
            ],
            [
              -74.91039,
              4.2358
            ],
            [
              -74.89644,
              4.28767
            ],
            [
              -74.8734,
              4.3056
            ],
            [
              -74.884,
              4.31613
            ],
            [
              -74.85582,
              4.33475
            ],
            [
              -74.83312,
              4.44337
            ],
            [
              -74.80731,
              4.45329
            ],
            [
              -74.79462,
              4.49998
            ],
            [
              -74.82237,
              4.49159
            ],
            [
              -74.83224,
              4.5133
            ],
            [
              -74.85004,
              4.50106
            ],
            [
              -74.84631,
              4.51472
            ]
          ]
        ]
      },
      "properties": {
        "code": "73200",
        "departmentCode": "73",
        "name": "COELLO",
        "originalCode": "200",
        "originalName": "COELLO",
        "MPIO_TIPO": "MUNICIPIO",
        "type": "MUNICIPIO",
        "unitType": "municipio",
        "MPIO_NAREA": 343.35819083,
        "MPIO_NANO": 2024,
        "MPIO_CRSLCION": "Decreto 650 del 13 de Octubre de 1887",
        "areaName": 343.35819083,
        "creationYear": 2024,
        "creationResolution": "Decreto 650 del 13 de Octubre de 1887",
        "resultType": "observed",
        "source": "dane-divipola-mgn-2025",
        "year": 2025
      }
    },
    {
      "type": "Feature",
      "id": 2572,
      "geometry": {
        "type": "Polygon",
        "coordinates": [
          [
            [
              -75.10299,
              3.90939
            ],
            [
              -75.19104,
              3.84744
            ],
            [
              -75.21731,
              3.76737
            ],
            [
              -75.2462,
              3.77852
            ],
            [
              -75.24338,
              3.76525
            ],
            [
              -75.26968,
              3.75283
            ],
            [
              -75.29188,
              3.69019
            ],
            [
              -75.30182,
              3.69504
            ],
            [
              -75.33115,
              3.6484
            ],
            [
              -75.30986,
              3.61135
            ],
            [
              -75.26011,
              3.59149
            ],
            [
              -75.24401,
              3.61055
            ],
            [
              -75.22603,
              3.59565
            ],
            [
              -75.22581,
              3.63185
            ],
            [
              -75.18631,
              3.62213
            ],
            [
              -75.14041,
              3.66593
            ],
            [
              -75.13426,
              3.69451
            ],
            [
              -75.09716,
              3.68598
            ],
            [
              -75.08551,
              3.66189
            ],
            [
              -75.07448,
              3.67259
            ],
            [
              -75.04355,
              3.65633
            ],
            [
              -75.03231,
              3.68456
            ],
            [
              -74.96326,
              3.72367
            ],
            [
              -75.03488,
              3.82702
            ],
            [
              -75.07995,
              3.8477
            ],
            [
              -75.06346,
              3.86854
            ],
            [
              -75.10274,
              3.8868
            ],
            [
              -75.10299,
              3.90939
            ]
          ]
        ]
      },
      "properties": {
        "code": "73217",
        "departmentCode": "73",
        "name": "COYAIMA",
        "originalCode": "217",
        "originalName": "COYAIMA",
        "MPIO_TIPO": "MUNICIPIO",
        "type": "MUNICIPIO",
        "unitType": "municipio",
        "MPIO_NAREA": 668.69382817,
        "MPIO_NANO": 2024,
        "MPIO_CRSLCION": "1778",
        "areaName": 668.69382817,
        "creationYear": 2024,
        "creationResolution": "1778",
        "resultType": "observed",
        "source": "dane-divipola-mgn-2025",
        "year": 2025
      }
    },
    {
      "type": "Feature",
      "id": 2573,
      "geometry": {
        "type": "Polygon",
        "coordinates": [
          [
            [
              -74.62633,
              4.1069
            ],
            [
              -74.62961,
              4.13093
            ],
            [
              -74.73476,
              4.06447
            ],
            [
              -74.80721,
              3.97514
            ],
            [
              -74.8246,
              3.89777
            ],
            [
              -74.81605,
              3.87679
            ],
            [
              -74.79648,
              3.87185
            ],
            [
              -74.7686,
              3.90602
            ],
            [
              -74.75948,
              3.86568
            ],
            [
              -74.71336,
              3.8024
            ],
            [
              -74.69081,
              3.81052
            ],
            [
              -74.70152,
              3.87453
            ],
            [
              -74.66969,
              3.88812
            ],
            [
              -74.65372,
              3.91905
            ],
            [
              -74.66838,
              3.94927
            ],
            [
              -74.61177,
              3.99576
            ],
            [
              -74.53159,
              3.9755
            ],
            [
              -74.5461,
              3.98559
            ],
            [
              -74.54183,
              4.02066
            ],
            [
              -74.56077,
              4.06777
            ],
            [
              -74.62633,
              4.1069
            ]
          ]
        ]
      },
      "properties": {
        "code": "73226",
        "departmentCode": "73",
        "name": "CUNDAY",
        "originalCode": "226",
        "originalName": "CUNDAY",
        "MPIO_TIPO": "MUNICIPIO",
        "type": "MUNICIPIO",
        "unitType": "municipio",
        "MPIO_NAREA": 507.08843192,
        "MPIO_NANO": 2024,
        "MPIO_CRSLCION": "Decreto 650 del 13 de octubre de 1887",
        "areaName": 507.08843192,
        "creationYear": 2024,
        "creationResolution": "Decreto 650 del 13 de octubre de 1887",
        "resultType": "observed",
        "source": "dane-divipola-mgn-2025",
        "year": 2025
      }
    },
    {
      "type": "Feature",
      "id": 2574,
      "geometry": {
        "type": "Polygon",
        "coordinates": [
          [
            [
              -74.53665,
              3.84318
            ],
            [
              -74.62566,
              3.72857
            ],
            [
              -74.67063,
              3.69711
            ],
            [
              -74.69946,
              3.7092
            ],
            [
              -74.71099,
              3.75427
            ],
            [
              -74.70115,
              3.77527
            ],
            [
              -74.78385,
              3.67021
            ],
            [
              -74.86105,
              3.65291
            ],
            [
              -74.91161,
              3.66497
            ],
            [
              -74.94396,
              3.57467
            ],
            [
              -74.99494,
              3.53447
            ],
            [
              -74.99292,
              3.50538
            ],
            [
              -74.94421,
              3.47634
            ],
            [
              -74.92974,
              3.49855
            ],
            [
              -74.90235,
              3.48987
            ],
            [
              -74.84582,
              3.50948
            ],
            [
              -74.82766,
              3.48888
            ],
            [
              -74.85141,
              3.45411
            ],
            [
              -74.82009,
              3.41422
            ],
            [
              -74.78495,
              3.42515
            ],
            [
              -74.76155,
              3.44981
            ],
            [
              -74.78083,
              3.47901
            ],
            [
              -74.77476,
              3.52415
            ],
            [
              -74.74758,
              3.52773
            ],
            [
              -74.72863,
              3.55158
            ],
            [
              -74.73856,
              3.59041
            ],
            [
              -74.70098,
              3.61572
            ],
            [
              -74.67538,
              3.67172
            ],
            [
              -74.62487,
              3.69874
            ],
            [
              -74.5576,
              3.76707
            ],
            [
              -74.53665,
              3.84318
            ]
          ]
        ]
      },
      "properties": {
        "code": "73236",
        "departmentCode": "73",
        "name": "DOLORES",
        "originalCode": "236",
        "originalName": "DOLORES",
        "MPIO_TIPO": "MUNICIPIO",
        "type": "MUNICIPIO",
        "unitType": "municipio",
        "MPIO_NAREA": 651.4495391,
        "MPIO_NANO": 2024,
        "MPIO_CRSLCION": "Ley 05 de 1883",
        "areaName": 651.4495391,
        "creationYear": 2024,
        "creationResolution": "Ley 05 de 1883",
        "resultType": "observed",
        "source": "dane-divipola-mgn-2025",
        "year": 2025
      }
    },
    {
      "type": "Feature",
      "id": 2575,
      "geometry": {
        "type": "Polygon",
        "coordinates": [
          [
            [
              -74.90679,
              4.2495
            ],
            [
              -74.94789,
              4.20826
            ],
            [
              -74.97354,
              4.21064
            ],
            [
              -74.99498,
              4.24814
            ],
            [
              -75.00658,
              4.23653
            ],
            [
              -74.93675,
              4.12225
            ],
            [
              -74.82808,
              4.0901
            ],
            [
              -74.81053,
              4.11225
            ],
            [
              -74.81148,
              4.19171
            ],
            [
              -74.86316,
              4.18887
            ],
            [
              -74.85855,
              4.22666
            ],
            [
              -74.88459,
              4.24275
            ],
            [
              -74.89881,
              4.23204
            ],
            [
              -74.90679,
              4.2495
            ]
          ]
        ]
      },
      "properties": {
        "code": "73268",
        "departmentCode": "73",
        "name": "ESPINAL",
        "originalCode": "268",
        "originalName": "ESPINAL",
        "MPIO_TIPO": "MUNICIPIO",
        "type": "MUNICIPIO",
        "unitType": "municipio",
        "MPIO_NAREA": 216.34531614,
        "MPIO_NANO": 2024,
        "MPIO_CRSLCION": "1783",
        "areaName": 216.34531614,
        "creationYear": 2024,
        "creationResolution": "1783",
        "resultType": "observed",
        "source": "dane-divipola-mgn-2025",
        "year": 2025
      }
    },
    {
      "type": "Feature",
      "id": 2576,
      "geometry": {
        "type": "Polygon",
        "coordinates": [
          [
            [
              -74.94871,
              5.17346
            ],
            [
              -74.99458,
              5.14563
            ],
            [
              -74.98752,
              5.05474
            ],
            [
              -75.04553,
              5.05369
            ],
            [
              -75.0644,
              5.02962
            ],
            [
              -75.00499,
              5.00656
            ],
            [
              -74.98331,
              5.02435
            ],
            [
              -74.96975,
              5.01242
            ],
            [
              -74.90761,
              5.03694
            ],
            [
              -74.89546,
              5.02873
            ],
            [
              -74.89877,
              5.06486
            ],
            [
              -74.88162,
              5.07179
            ],
            [
              -74.8924,
              5.10074
            ],
            [
              -74.90315,
              5.09796
            ],
            [
              -74.89689,
              5.15214
            ],
            [
              -74.92946,
              5.15023
            ],
            [
              -74.94871,
              5.17346
            ]
          ]
        ]
      },
      "properties": {
        "code": "73270",
        "departmentCode": "73",
        "name": "FALAN",
        "originalCode": "270",
        "originalName": "FALAN",
        "MPIO_TIPO": "MUNICIPIO",
        "type": "MUNICIPIO",
        "unitType": "municipio",
        "MPIO_NAREA": 181.20067651,
        "MPIO_NANO": 2024,
        "MPIO_CRSLCION": "1930",
        "areaName": 181.20067651,
        "creationYear": 2024,
        "creationResolution": "1930",
        "resultType": "observed",
        "source": "dane-divipola-mgn-2025",
        "year": 2025
      }
    },
    {
      "type": "Feature",
      "id": 2577,
      "geometry": {
        "type": "Polygon",
        "coordinates": [
          [
            [
              -74.80508,
              4.2855
            ],
            [
              -74.81272,
              4.29428
            ],
            [
              -74.8771,
              4.26538
            ],
            [
              -74.89587,
              4.28871
            ],
            [
              -74.90739,
              4.2421
            ],
            [
              -74.85855,
              4.22666
            ],
            [
              -74.86316,
              4.18887
            ],
            [
              -74.80258,
              4.19776
            ],
            [
              -74.77636,
              4.27856
            ],
            [
              -74.80508,
              4.2855
            ]
          ]
        ]
      },
      "properties": {
        "code": "73275",
        "departmentCode": "73",
        "name": "FLANDES",
        "originalCode": "275",
        "originalName": "FLANDES",
        "MPIO_TIPO": "MUNICIPIO",
        "type": "MUNICIPIO",
        "unitType": "municipio",
        "MPIO_NAREA": 96.72487926,
        "MPIO_NANO": 2024,
        "MPIO_CRSLCION": "Ordenanza 1 del 17 de Octubre de 1949",
        "areaName": 96.72487926,
        "creationYear": 2024,
        "creationResolution": "Ordenanza 1 del 17 de Octubre de 1949",
        "resultType": "observed",
        "source": "dane-divipola-mgn-2025",
        "year": 2025
      }
    },
    {
      "type": "Feature",
      "id": 2578,
      "geometry": {
        "type": "Polygon",
        "coordinates": [
          [
            [
              -75.00927,
              5.29283
            ],
            [
              -75.05664,
              5.27551
            ],
            [
              -75.11309,
              5.16278
            ],
            [
              -75.15923,
              5.15335
            ],
            [
              -75.16114,
              5.13959
            ],
            [
              -75.14479,
              5.14527
            ],
            [
              -75.12619,
              5.11941
            ],
            [
              -75.12889,
              5.09331
            ],
            [
              -75.10319,
              5.11857
            ],
            [
              -75.05134,
              5.11864
            ],
            [
              -74.96469,
              5.1622
            ],
            [
              -74.983,
              5.2203
            ],
            [
              -75.00934,
              5.23713
            ],
            [
              -74.99727,
              5.27877
            ],
            [
              -75.00927,
              5.29283
            ]
          ]
        ]
      },
      "properties": {
        "code": "73283",
        "departmentCode": "73",
        "name": "FRESNO",
        "originalCode": "283",
        "originalName": "FRESNO",
        "MPIO_TIPO": "MUNICIPIO",
        "type": "MUNICIPIO",
        "unitType": "municipio",
        "MPIO_NAREA": 219.52789042,
        "MPIO_NANO": 2024,
        "MPIO_CRSLCION": "Decreto 650 del 31 de octubre de 1857",
        "areaName": 219.52789042,
        "creationYear": 2024,
        "creationResolution": "Decreto 650 del 31 de octubre de 1857",
        "resultType": "observed",
        "source": "dane-divipola-mgn-2025",
        "year": 2025
      }
    },
    {
      "type": "Feature",
      "id": 2579,
      "geometry": {
        "type": "Polygon",
        "coordinates": [
          [
            [
              -75.02866,
              4.2316
            ],
            [
              -75.03491,
              4.26206
            ],
            [
              -75.08288,
              4.13759
            ],
            [
              -75.07909,
              4.11069
            ],
            [
              -75.0549,
              4.10161
            ],
            [
              -75.08523,
              4.02444
            ],
            [
              -75.06165,
              3.98585
            ],
            [
              -75.02756,
              4.0048
            ],
            [
              -75.01021,
              3.99704
            ],
            [
              -74.97445,
              3.94407
            ],
            [
              -74.9229,
              3.95157
            ],
            [
              -74.92452,
              3.97413
            ],
            [
              -74.87316,
              3.996
            ],
            [
              -74.83509,
              4.0402
            ],
            [
              -74.82808,
              4.0901
            ],
            [
              -74.9327,
              4.11921
            ],
            [
              -75.00133,
              4.23315
            ],
            [
              -75.02866,
              4.2316
            ]
          ]
        ]
      },
      "properties": {
        "code": "73319",
        "departmentCode": "73",
        "name": "GUAMO",
        "originalCode": "319",
        "originalName": "GUAMO",
        "MPIO_TIPO": "MUNICIPIO",
        "type": "MUNICIPIO",
        "unitType": "municipio",
        "MPIO_NAREA": 505.4126621,
        "MPIO_NANO": 2024,
        "MPIO_CRSLCION": "1771",
        "areaName": 505.4126621,
        "creationYear": 2024,
        "creationResolution": "1771",
        "resultType": "observed",
        "source": "dane-divipola-mgn-2025",
        "year": 2025
      }
    },
    {
      "type": "Feature",
      "id": 2580,
      "geometry": {
        "type": "Polygon",
        "coordinates": [
          [
            [
              -75.15427,
              5.17053
            ],
            [
              -75.19813,
              5.16224
            ],
            [
              -75.23502,
              5.126
            ],
            [
              -75.28385,
              5.14067
            ],
            [
              -75.34475,
              5.08078
            ],
            [
              -75.34879,
              5.05729
            ],
            [
              -75.31787,
              5.02932
            ],
            [
              -75.32969,
              4.98494
            ],
            [
              -75.35339,
              4.96458
            ],
            [
              -75.33477,
              4.89965
            ],
            [
              -75.34699,
              4.93878
            ],
            [
              -75.32467,
              4.96755
            ],
            [
              -75.21436,
              4.99972
            ],
            [
              -75.14717,
              5.06425
            ],
            [
              -75.12619,
              5.11941
            ],
            [
              -75.14479,
              5.14527
            ],
            [
              -75.16114,
              5.13959
            ],
            [
              -75.15427,
              5.17053
            ]
          ]
        ]
      },
      "properties": {
        "code": "73347",
        "departmentCode": "73",
        "name": "HERVEO",
        "originalCode": "347",
        "originalName": "HERVEO",
        "MPIO_TIPO": "MUNICIPIO",
        "type": "MUNICIPIO",
        "unitType": "municipio",
        "MPIO_NAREA": 322.58769224,
        "MPIO_NANO": 2024,
        "MPIO_CRSLCION": "Decreto 650 del 13 de octubre de 1887",
        "areaName": 322.58769224,
        "creationYear": 2024,
        "creationResolution": "Decreto 650 del 13 de octubre de 1887",
        "resultType": "observed",
        "source": "dane-divipola-mgn-2025",
        "year": 2025
      }
    },
    {
      "type": "Feature",
      "id": 2581,
      "geometry": {
        "type": "Polygon",
        "coordinates": [
          [
            [
              -74.73071,
              5.21227
            ],
            [
              -74.73428,
              5.28686
            ],
            [
              -74.75447,
              5.28171
            ],
            [
              -74.82667,
              5.31934
            ],
            [
              -74.86075,
              5.30714
            ],
            [
              -74.82065,
              5.29134
            ],
            [
              -74.82753,
              5.27237
            ],
            [
              -74.79479,
              5.22456
            ],
            [
              -74.86748,
              5.17518
            ],
            [
              -74.88436,
              5.14677
            ],
            [
              -74.8433,
              5.10061
            ],
            [
              -74.80076,
              5.09299
            ],
            [
              -74.76941,
              5.10964
            ],
            [
              -74.76211,
              5.03986
            ],
            [
              -74.73541,
              5.05275
            ],
            [
              -74.71681,
              5.09231
            ],
            [
              -74.73191,
              5.14531
            ],
            [
              -74.71466,
              5.18602
            ],
            [
              -74.73071,
              5.21227
            ]
          ]
        ]
      },
      "properties": {
        "code": "73349",
        "departmentCode": "73",
        "name": "HONDA",
        "originalCode": "349",
        "originalName": "HONDA",
        "MPIO_TIPO": "MUNICIPIO",
        "type": "MUNICIPIO",
        "unitType": "municipio",
        "MPIO_NAREA": 304.64071156,
        "MPIO_NANO": 2024,
        "MPIO_CRSLCION": "1643",
        "areaName": 304.64071156,
        "creationYear": 2024,
        "creationResolution": "1643",
        "resultType": "observed",
        "source": "dane-divipola-mgn-2025",
        "year": 2025
      }
    },
    {
      "type": "Feature",
      "id": 2582,
      "geometry": {
        "type": "Polygon",
        "coordinates": [
          [
            [
              -74.55192,
              4.26506
            ],
            [
              -74.56634,
              4.24629
            ],
            [
              -74.56166,
              4.17945
            ],
            [
              -74.62563,
              4.09903
            ],
            [
              -74.56077,
              4.06777
            ],
            [
              -74.54183,
              4.02066
            ],
            [
              -74.5461,
              3.98559
            ],
            [
              -74.53159,
              3.9755
            ],
            [
              -74.52959,
              4.04531
            ],
            [
              -74.47482,
              4.12857
            ],
            [
              -74.51886,
              4.24049
            ],
            [
              -74.55192,
              4.26506
            ]
          ]
        ]
      },
      "properties": {
        "code": "73352",
        "departmentCode": "73",
        "name": "ICONONZO",
        "originalCode": "352",
        "originalName": "ICONONZO",
        "MPIO_TIPO": "MUNICIPIO",
        "type": "MUNICIPIO",
        "unitType": "municipio",
        "MPIO_NAREA": 214.9649171,
        "MPIO_NANO": 2024,
        "MPIO_CRSLCION": "Ordenanza 21 del 30 de Marzo de 1915",
        "areaName": 214.9649171,
        "creationYear": 2024,
        "creationResolution": "Ordenanza 21 del 30 de Marzo de 1915",
        "resultType": "observed",
        "source": "dane-divipola-mgn-2025",
        "year": 2025
      }
    },
    {
      "type": "Feature",
      "id": 2583,
      "geometry": {
        "type": "Polygon",
        "coordinates": [
          [
            [
              -74.97238,
              4.9669
            ],
            [
              -75.00575,
              4.9161
            ],
            [
              -74.96817,
              4.89531
            ],
            [
              -74.96622,
              4.86737
            ],
            [
              -75.01687,
              4.83456
            ],
            [
              -75.01582,
              4.81507
            ],
            [
              -74.95613,
              4.78275
            ],
            [
              -74.92675,
              4.79125
            ],
            [
              -74.87707,
              4.77096
            ],
            [
              -74.87015,
              4.81897
            ],
            [
              -74.82712,
              4.8376
            ],
            [
              -74.85396,
              4.84403
            ],
            [
              -74.80561,
              4.8703
            ],
            [
              -74.81339,
              4.89004
            ],
            [
              -74.87461,
              4.88848
            ],
            [
              -74.91709,
              4.96347
            ],
            [
              -74.97238,
              4.9669
            ]
          ]
        ]
      },
      "properties": {
        "code": "73408",
        "departmentCode": "73",
        "name": "LÉRIDA",
        "originalCode": "408",
        "originalName": "LÉRIDA",
        "MPIO_TIPO": "MUNICIPIO",
        "type": "MUNICIPIO",
        "unitType": "municipio",
        "MPIO_NAREA": 271.76635082,
        "MPIO_NANO": 2024,
        "MPIO_CRSLCION": "1866",
        "areaName": 271.76635082,
        "creationYear": 2024,
        "creationResolution": "1866",
        "resultType": "observed",
        "source": "dane-divipola-mgn-2025",
        "year": 2025
      }
    },
    {
      "type": "Feature",
      "id": 2584,
      "geometry": {
        "type": "Polygon",
        "coordinates": [
          [
            [
              -75.03196,
              4.99685
            ],
            [
              -75.11322,
              4.90998
            ],
            [
              -75.10231,
              4.89038
            ],
            [
              -75.11614,
              4.88021
            ],
            [
              -75.10239,
              4.85746
            ],
            [
              -75.11181,
              4.76347
            ],
            [
              -75.07275,
              4.75307
            ],
            [
              -75.00775,
              4.81104
            ],
            [
              -75.01687,
              4.83456
            ],
            [
              -74.96585,
              4.86925
            ],
            [
              -74.96817,
              4.89531
            ],
            [
              -75.00575,
              4.9161
            ],
            [
              -74.97396,
              4.96715
            ],
            [
              -75.03196,
              4.99685
            ]
          ]
        ]
      },
      "properties": {
        "code": "73411",
        "departmentCode": "73",
        "name": "LÍBANO",
        "originalCode": "411",
        "originalName": "LÍBANO",
        "MPIO_TIPO": "MUNICIPIO",
        "type": "MUNICIPIO",
        "unitType": "municipio",
        "MPIO_NAREA": 282.20028932,
        "MPIO_NANO": 2024,
        "MPIO_CRSLCION": "Decreto 650 del 13 de Octubre de 1887",
        "areaName": 282.20028932,
        "creationYear": 2024,
        "creationResolution": "Decreto 650 del 13 de Octubre de 1887",
        "resultType": "observed",
        "source": "dane-divipola-mgn-2025",
        "year": 2025
      }
    },
    {
      "type": "Feature",
      "id": 2585,
      "geometry": {
        "type": "Polygon",
        "coordinates": [
          [
            [
              -74.7976,
              5.2224
            ],
            [
              -74.82753,
              5.27237
            ],
            [
              -74.82065,
              5.29134
            ],
            [
              -74.84939,
              5.30734
            ],
            [
              -74.87346,
              5.29488
            ],
            [
              -74.93938,
              5.31303
            ],
            [
              -75.00067,
              5.29158
            ],
            [
              -75.00676,
              5.27131
            ],
            [
              -75.00934,
              5.23713
            ],
            [
              -74.983,
              5.2203
            ],
            [
              -74.97852,
              5.17559
            ],
            [
              -74.94867,
              5.17424
            ],
            [
              -74.94929,
              5.15871
            ],
            [
              -74.92743,
              5.1496
            ],
            [
              -74.9005,
              5.15611
            ],
            [
              -74.89975,
              5.14135
            ],
            [
              -74.7976,
              5.2224
            ]
          ]
        ]
      },
      "properties": {
        "code": "73443",
        "departmentCode": "73",
        "name": "SAN SEBASTIÁN DE MARIQUITA",
        "originalCode": "443",
        "originalName": "SAN SEBASTIÁN DE MARIQUITA",
        "MPIO_TIPO": "MUNICIPIO",
        "type": "MUNICIPIO",
        "unitType": "municipio",
        "MPIO_NAREA": 293.14370103,
        "MPIO_NANO": 2024,
        "MPIO_CRSLCION": "Decreto 650 del 13 de Octubre de 1887",
        "areaName": 293.14370103,
        "creationYear": 2024,
        "creationResolution": "Decreto 650 del 13 de Octubre de 1887",
        "resultType": "observed",
        "source": "dane-divipola-mgn-2025",
        "year": 2025
      }
    },
    {
      "type": "Feature",
      "id": 2586,
      "geometry": {
        "type": "Polygon",
        "coordinates": [
          [
            [
              -74.69566,
              4.17274
            ],
            [
              -74.67125,
              4.15079
            ],
            [
              -74.69221,
              4.10163
            ],
            [
              -74.67687,
              4.09699
            ],
            [
              -74.62961,
              4.13093
            ],
            [
              -74.62063,
              4.10128
            ],
            [
              -74.5612,
              4.18057
            ],
            [
              -74.55559,
              4.2671
            ],
            [
              -74.61924,
              4.25231
            ],
            [
              -74.62452,
              4.22489
            ],
            [
              -74.65562,
              4.19837
            ],
            [
              -74.65734,
              4.21536
            ],
            [
              -74.68126,
              4.20089
            ],
            [
              -74.7341,
              4.24777
            ],
            [
              -74.74489,
              4.24139
            ],
            [
              -74.75374,
              4.20365
            ],
            [
              -74.69566,
              4.17274
            ]
          ]
        ]
      },
      "properties": {
        "code": "73449",
        "departmentCode": "73",
        "name": "MELGAR",
        "originalCode": "449",
        "originalName": "MELGAR",
        "MPIO_TIPO": "MUNICIPIO",
        "type": "MUNICIPIO",
        "unitType": "municipio",
        "MPIO_NAREA": 202.03149702,
        "MPIO_NANO": 2025,
        "MPIO_CRSLCION": "1949",
        "areaName": 202.03149702,
        "creationYear": 2025,
        "creationResolution": "1949",
        "resultType": "observed",
        "source": "dane-divipola-mgn-2025",
        "year": 2025
      }
    },
    {
      "type": "Feature",
      "id": 2587,
      "geometry": {
        "type": "Polygon",
        "coordinates": [
          [
            [
              -75.1728,
              4.91711
            ],
            [
              -75.31889,
              4.88712
            ],
            [
              -75.3755,
              4.80268
            ],
            [
              -75.32008,
              4.75427
            ],
            [
              -75.21642,
              4.7763
            ],
            [
              -75.16721,
              4.7403
            ],
            [
              -75.1128,
              4.73349
            ],
            [
              -75.07273,
              4.74885
            ],
            [
              -75.08819,
              4.76695
            ],
            [
              -75.11181,
              4.76347
            ],
            [
              -75.10239,
              4.85746
            ],
            [
              -75.11614,
              4.88021
            ],
            [
              -75.10295,
              4.89192
            ],
            [
              -75.1728,
              4.91711
            ]
          ]
        ]
      },
      "properties": {
        "code": "73461",
        "departmentCode": "73",
        "name": "MURILLO",
        "originalCode": "461",
        "originalName": "MURILLO",
        "MPIO_TIPO": "MUNICIPIO",
        "type": "MUNICIPIO",
        "unitType": "municipio",
        "MPIO_NAREA": 423.7214733,
        "MPIO_NANO": 2024,
        "MPIO_CRSLCION": "Ordenanza 83 de 1985",
        "areaName": 423.7214733,
        "creationYear": 2024,
        "creationResolution": "Ordenanza 83 de 1985",
        "resultType": "observed",
        "source": "dane-divipola-mgn-2025",
        "year": 2025
      }
    },
    {
      "type": "Feature",
      "id": 2588,
      "geometry": {
        "type": "Polygon",
        "coordinates": [
          [
            [
              -75.11549,
              3.69381
            ],
            [
              -75.13616,
              3.69275
            ],
            [
              -75.14041,
              3.66593
            ],
            [
              -75.18732,
              3.62155
            ],
            [
              -75.22581,
              3.63185
            ],
            [
              -75.2228,
              3.60332
            ],
            [
              -75.24865,
              3.59013
            ],
            [
              -75.24945,
              3.56466
            ],
            [
              -75.26506,
              3.57672
            ],
            [
              -75.28872,
              3.56509
            ],
            [
              -75.25642,
              3.49273
            ],
            [
              -75.30238,
              3.4495
            ],
            [
              -75.25267,
              3.36572
            ],
            [
              -75.22727,
              3.41577
            ],
            [
              -75.20044,
              3.40943
            ],
            [
              -75.19988,
              3.38455
            ],
            [
              -75.1749,
              3.37731
            ],
            [
              -75.17416,
              3.40869
            ],
            [
              -75.14743,
              3.43582
            ],
            [
              -75.0335,
              3.42788
            ],
            [
              -74.99245,
              3.47533
            ],
            [
              -75.00386,
              3.49953
            ],
            [
              -74.99494,
              3.53447
            ],
            [
              -74.94383,
              3.57492
            ],
            [
              -74.92996,
              3.61802
            ],
            [
              -74.96647,
              3.63675
            ],
            [
              -74.99705,
              3.68291
            ],
            [
              -75.03231,
              3.68456
            ],
            [
              -75.0442,
              3.65629
            ],
            [
              -75.07448,
              3.67259
            ],
            [
              -75.09297,
              3.66579
            ],
            [
              -75.09059,
              3.67939
            ],
            [
              -75.11549,
              3.69381
            ]
          ]
        ]
      },
      "properties": {
        "code": "73483",
        "departmentCode": "73",
        "name": "NATAGAIMA",
        "originalCode": "483",
        "originalName": "NATAGAIMA",
        "MPIO_TIPO": "MUNICIPIO",
        "type": "MUNICIPIO",
        "unitType": "municipio",
        "MPIO_NAREA": 859.35036778,
        "MPIO_NANO": 2024,
        "MPIO_CRSLCION": "1863",
        "areaName": 859.35036778,
        "creationYear": 2024,
        "creationResolution": "1863",
        "resultType": "observed",
        "source": "dane-divipola-mgn-2025",
        "year": 2025
      }
    },
    {
      "type": "Feature",
      "id": 2589,
      "geometry": {
        "type": "Polygon",
        "coordinates": [
          [
            [
              -75.27115,
              4.11853
            ],
            [
              -75.30527,
              4.10436
            ],
            [
              -75.36905,
              4.04117
            ],
            [
              -75.38912,
              4.04228
            ],
            [
              -75.39145,
              4.05691
            ],
            [
              -75.42633,
              4.04977
            ],
            [
              -75.41337,
              4.02432
            ],
            [
              -75.44106,
              3.98493
            ],
            [
              -75.42718,
              3.94565
            ],
            [
              -75.44386,
              3.87756
            ],
            [
              -75.34414,
              3.80185
            ],
            [
              -75.308,
              3.80447
            ],
            [
              -75.31053,
              3.75797
            ],
            [
              -75.26893,
              3.76253
            ],
            [
              -75.27288,
              3.74623
            ],
            [
              -75.24338,
              3.76525
            ],
            [
              -75.2462,
              3.77852
            ],
            [
              -75.21731,
              3.76737
            ],
            [
              -75.19104,
              3.84744
            ],
            [
              -75.16198,
              3.87863
            ],
            [
              -75.12183,
              3.88514
            ],
            [
              -75.07262,
              3.93793
            ],
            [
              -75.13696,
              4.00764
            ],
            [
              -75.1651,
              3.99695
            ],
            [
              -75.21404,
              4.0325
            ],
            [
              -75.21758,
              4.0618
            ],
            [
              -75.1909,
              4.10963
            ],
            [
              -75.21555,
              4.09997
            ],
            [
              -75.27115,
              4.11853
            ]
          ]
        ]
      },
      "properties": {
        "code": "73504",
        "departmentCode": "73",
        "name": "ORTEGA",
        "originalCode": "504",
        "originalName": "ORTEGA",
        "MPIO_TIPO": "MUNICIPIO",
        "type": "MUNICIPIO",
        "unitType": "municipio",
        "MPIO_NAREA": 953.36938096,
        "MPIO_NANO": 2024,
        "MPIO_CRSLCION": "1843",
        "areaName": 953.36938096,
        "creationYear": 2024,
        "creationResolution": "1843",
        "resultType": "observed",
        "source": "dane-divipola-mgn-2025",
        "year": 2025
      }
    },
    {
      "type": "Feature",
      "id": 2590,
      "geometry": {
        "type": "Polygon",
        "coordinates": [
          [
            [
              -75.00166,
              5.14285
            ],
            [
              -75.04354,
              5.12351
            ],
            [
              -75.06464,
              5.07752
            ],
            [
              -75.03854,
              5.04827
            ],
            [
              -74.98725,
              5.05521
            ],
            [
              -74.98398,
              5.12401
            ],
            [
              -75.00166,
              5.14285
            ]
          ]
        ]
      },
      "properties": {
        "code": "73520",
        "departmentCode": "73",
        "name": "PALOCABILDO",
        "originalCode": "520",
        "originalName": "PALOCABILDO",
        "MPIO_TIPO": "MUNICIPIO",
        "type": "MUNICIPIO",
        "unitType": "municipio",
        "MPIO_NAREA": 64.97016899,
        "MPIO_NANO": 2024,
        "MPIO_CRSLCION": "ORD 39 DE AGOSTO 20 DE 1996",
        "areaName": 64.97016899,
        "creationYear": 2024,
        "creationResolution": "ORD 39 DE AGOSTO 20 DE 1996",
        "resultType": "observed",
        "source": "dane-divipola-mgn-2025",
        "year": 2025
      }
    },
    {
      "type": "Feature",
      "id": 2591,
      "geometry": {
        "type": "Polygon",
        "coordinates": [
          [
            [
              -74.85428,
              4.62553
            ],
            [
              -74.97522,
              4.4897
            ],
            [
              -75.06963,
              4.43605
            ],
            [
              -75.06602,
              4.40476
            ],
            [
              -74.99165,
              4.39283
            ],
            [
              -74.98725,
              4.35167
            ],
            [
              -74.93893,
              4.37999
            ],
            [
              -74.93036,
              4.35955
            ],
            [
              -74.89257,
              4.46249
            ],
            [
              -74.89855,
              4.48015
            ],
            [
              -74.91944,
              4.47881
            ],
            [
              -74.84676,
              4.51468
            ],
            [
              -74.85004,
              4.50106
            ],
            [
              -74.83224,
              4.5133
            ],
            [
              -74.82219,
              4.49155
            ],
            [
              -74.78778,
              4.50355
            ],
            [
              -74.81495,
              4.58519
            ],
            [
              -74.79449,
              4.59363
            ],
            [
              -74.85428,
              4.62553
            ]
          ]
        ]
      },
      "properties": {
        "code": "73547",
        "departmentCode": "73",
        "name": "PIEDRAS",
        "originalCode": "547",
        "originalName": "PIEDRAS",
        "MPIO_TIPO": "MUNICIPIO",
        "type": "MUNICIPIO",
        "unitType": "municipio",
        "MPIO_NAREA": 354.17992345,
        "MPIO_NANO": 2024,
        "MPIO_CRSLCION": "1887",
        "areaName": 354.17992345,
        "creationYear": 2024,
        "creationResolution": "1887",
        "resultType": "observed",
        "source": "dane-divipola-mgn-2025",
        "year": 2025
      }
    },
    {
      "type": "Feature",
      "id": 2592,
      "geometry": {
        "type": "Polygon",
        "coordinates": [
          [
            [
              -75.72356,
              3.31827
            ],
            [
              -75.78649,
              3.30968
            ],
            [
              -75.91443,
              3.19404
            ],
            [
              -75.95092,
              3.18045
            ],
            [
              -76.05775,
              3.16979
            ],
            [
              -76.09144,
              3.19848
            ],
            [
              -76.07372,
              3.12249
            ],
            [
              -76.10541,
              3.10056
            ],
            [
              -76.08227,
              3.09044
            ],
            [
              -76.07298,
              3.04959
            ],
            [
              -76.0449,
              3.04312
            ],
            [
              -76.0413,
              3.01588
            ],
            [
              -76.0208,
              3.00389
            ],
            [
              -76.02899,
              2.94049
            ],
            [
              -75.98859,
              2.98254
            ],
            [
              -75.9534,
              2.91775
            ],
            [
              -75.92741,
              2.92142
            ],
            [
              -75.90154,
              2.89486
            ],
            [
              -75.84013,
              2.8719
            ],
            [
              -75.76295,
              2.91493
            ],
            [
              -75.7615,
              2.94232
            ],
            [
              -75.70271,
              2.96997
            ],
            [
              -75.69321,
              2.99339
            ],
            [
              -75.65981,
              2.9867
            ],
            [
              -75.6268,
              3.00235
            ],
            [
              -75.60152,
              3.03915
            ],
            [
              -75.62214,
              3.07543
            ],
            [
              -75.58255,
              3.1238
            ],
            [
              -75.57265,
              3.21803
            ],
            [
              -75.59525,
              3.20779
            ],
            [
              -75.60724,
              3.22057
            ],
            [
              -75.6109,
              3.29867
            ],
            [
              -75.68927,
              3.27952
            ],
            [
              -75.70262,
              3.31516
            ],
            [
              -75.72356,
              3.31827
            ]
          ]
        ]
      },
      "properties": {
        "code": "73555",
        "departmentCode": "73",
        "name": "PLANADAS",
        "originalCode": "555",
        "originalName": "PLANADAS",
        "MPIO_TIPO": "MUNICIPIO",
        "type": "MUNICIPIO",
        "unitType": "municipio",
        "MPIO_NAREA": 1753.92819324,
        "MPIO_NANO": 2024,
        "MPIO_CRSLCION": "Ordenanza 36 del 25 de Noviembre de 1966",
        "areaName": 1753.92819324,
        "creationYear": 2024,
        "creationResolution": "Ordenanza 36 del 25 de Noviembre de 1966",
        "resultType": "observed",
        "source": "dane-divipola-mgn-2025",
        "year": 2025
      }
    },
    {
      "type": "Feature",
      "id": 2593,
      "geometry": {
        "type": "Polygon",
        "coordinates": [
          [
            [
              -74.87044,
              3.82809
            ],
            [
              -74.94352,
              3.81816
            ],
            [
              -74.97688,
              3.75881
            ],
            [
              -74.96326,
              3.72367
            ],
            [
              -75.01493,
              3.68669
            ],
            [
              -74.93475,
              3.61658
            ],
            [
              -74.90732,
              3.66796
            ],
            [
              -74.86105,
              3.65291
            ],
            [
              -74.78064,
              3.67234
            ],
            [
              -74.70662,
              3.77998
            ],
            [
              -74.74617,
              3.77105
            ],
            [
              -74.81456,
              3.78585
            ],
            [
              -74.83544,
              3.81603
            ],
            [
              -74.84405,
              3.7868
            ],
            [
              -74.86411,
              3.79073
            ],
            [
              -74.85725,
              3.81709
            ],
            [
              -74.87044,
              3.82809
            ]
          ]
        ]
      },
      "properties": {
        "code": "73563",
        "departmentCode": "73",
        "name": "PRADO",
        "originalCode": "563",
        "originalName": "PRADO",
        "MPIO_TIPO": "MUNICIPIO",
        "type": "MUNICIPIO",
        "unitType": "municipio",
        "MPIO_NAREA": 422.70737063,
        "MPIO_NANO": 2024,
        "MPIO_CRSLCION": "1866",
        "areaName": 422.70737063,
        "creationYear": 2024,
        "creationResolution": "1866",
        "resultType": "observed",
        "source": "dane-divipola-mgn-2025",
        "year": 2025
      }
    },
    {
      "type": "Feature",
      "id": 2594,
      "geometry": {
        "type": "Polygon",
        "coordinates": [
          [
            [
              -74.86873,
              3.99094
            ],
            [
              -74.86578,
              4.00923
            ],
            [
              -74.92452,
              3.97413
            ],
            [
              -74.90809,
              3.9302
            ],
            [
              -74.95082,
              3.89459
            ],
            [
              -74.99997,
              3.89121
            ],
            [
              -74.99499,
              3.85735
            ],
            [
              -75.03383,
              3.81924
            ],
            [
              -74.97898,
              3.74666
            ],
            [
              -74.94352,
              3.81816
            ],
            [
              -74.87289,
              3.83173
            ],
            [
              -74.85725,
              3.81709
            ],
            [
              -74.86411,
              3.79073
            ],
            [
              -74.84405,
              3.7868
            ],
            [
              -74.83544,
              3.81603
            ],
            [
              -74.82518,
              3.78938
            ],
            [
              -74.76647,
              3.77385
            ],
            [
              -74.70757,
              3.78981
            ],
            [
              -74.72574,
              3.83548
            ],
            [
              -74.75948,
              3.86568
            ],
            [
              -74.7686,
              3.90602
            ],
            [
              -74.79827,
              3.87144
            ],
            [
              -74.87171,
              3.91485
            ],
            [
              -74.86873,
              3.99094
            ]
          ]
        ]
      },
      "properties": {
        "code": "73585",
        "departmentCode": "73",
        "name": "PURIFICACIÓN",
        "originalCode": "585",
        "originalName": "PURIFICACIÓN",
        "MPIO_TIPO": "MUNICIPIO",
        "type": "MUNICIPIO",
        "unitType": "municipio",
        "MPIO_NAREA": 401.91344257,
        "MPIO_NANO": 2024,
        "MPIO_CRSLCION": "1664",
        "areaName": 401.91344257,
        "creationYear": 2024,
        "creationResolution": "1664",
        "resultType": "observed",
        "source": "dane-divipola-mgn-2025",
        "year": 2025
      }
    },
    {
      "type": "Feature",
      "id": 2595,
      "geometry": {
        "type": "Polygon",
        "coordinates": [
          [
            [
              -75.83841,
              3.77413
            ],
            [
              -75.93827,
              3.73402
            ],
            [
              -75.9603,
              3.70571
            ],
            [
              -75.9504,
              3.67396
            ],
            [
              -75.99373,
              3.63837
            ],
            [
              -75.98395,
              3.55992
            ],
            [
              -76.0413,
              3.43828
            ],
            [
              -76.03145,
              3.38228
            ],
            [
              -76.06192,
              3.35167
            ],
            [
              -76.03783,
              3.30098
            ],
            [
              -76.05054,
              3.28202
            ],
            [
              -76.03858,
              3.25146
            ],
            [
              -76.05945,
              3.23083
            ],
            [
              -76.06041,
              3.20274
            ],
            [
              -76.09144,
              3.19848
            ],
            [
              -76.05798,
              3.16983
            ],
            [
              -75.91479,
              3.19385
            ],
            [
              -75.78649,
              3.30968
            ],
            [
              -75.73305,
              3.32574
            ],
            [
              -75.66825,
              3.46635
            ],
            [
              -75.57812,
              3.45434
            ],
            [
              -75.58801,
              3.58041
            ],
            [
              -75.62612,
              3.57568
            ],
            [
              -75.6358,
              3.61157
            ],
            [
              -75.68663,
              3.64755
            ],
            [
              -75.74351,
              3.64529
            ],
            [
              -75.76718,
              3.68662
            ],
            [
              -75.79055,
              3.67983
            ],
            [
              -75.82235,
              3.71709
            ],
            [
              -75.82363,
              3.75998
            ],
            [
              -75.83841,
              3.77413
            ]
          ]
        ]
      },
      "properties": {
        "code": "73616",
        "departmentCode": "73",
        "name": "RIOBLANCO",
        "originalCode": "616",
        "originalName": "RIOBLANCO",
        "MPIO_TIPO": "MUNICIPIO",
        "type": "MUNICIPIO",
        "unitType": "municipio",
        "MPIO_NAREA": 2046.0660902,
        "MPIO_NANO": 2024,
        "MPIO_CRSLCION": "Ordenanza 11 del 21 de diciembre de 1948",
        "areaName": 2046.0660902,
        "creationYear": 2024,
        "creationResolution": "Ordenanza 11 del 21 de diciembre de 1948",
        "resultType": "observed",
        "source": "dane-divipola-mgn-2025",
        "year": 2025
      }
    },
    {
      "type": "Feature",
      "id": 2596,
      "geometry": {
        "type": "Polygon",
        "coordinates": [
          [
            [
              -75.59634,
              4.27247
            ],
            [
              -75.64205,
              4.24763
            ],
            [
              -75.69346,
              4.13565
            ],
            [
              -75.751,
              4.08587
            ],
            [
              -75.73263,
              4.00507
            ],
            [
              -75.71722,
              3.98097
            ],
            [
              -75.65201,
              3.95374
            ],
            [
              -75.65536,
              3.92979
            ],
            [
              -75.63159,
              3.93306
            ],
            [
              -75.62085,
              3.96721
            ],
            [
              -75.58119,
              3.98824
            ],
            [
              -75.55228,
              3.98226
            ],
            [
              -75.53764,
              4.00912
            ],
            [
              -75.47058,
              4.02078
            ],
            [
              -75.46036,
              4.06233
            ],
            [
              -75.43785,
              4.05959
            ],
            [
              -75.45853,
              4.0789
            ],
            [
              -75.44623,
              4.10898
            ],
            [
              -75.38772,
              4.1229
            ],
            [
              -75.40779,
              4.14872
            ],
            [
              -75.43488,
              4.13747
            ],
            [
              -75.45744,
              4.16456
            ],
            [
              -75.54473,
              4.20882
            ],
            [
              -75.59634,
              4.27247
            ]
          ]
        ]
      },
      "properties": {
        "code": "73622",
        "departmentCode": "73",
        "name": "RONCESVALLES",
        "originalCode": "622",
        "originalName": "RONCESVALLES",
        "MPIO_TIPO": "MUNICIPIO",
        "type": "MUNICIPIO",
        "unitType": "municipio",
        "MPIO_NAREA": 775.65672465,
        "MPIO_NANO": 2024,
        "MPIO_CRSLCION": "Ordenanza 4 del 11 de Mayo de 1944",
        "areaName": 775.65672465,
        "creationYear": 2024,
        "creationResolution": "Ordenanza 4 del 11 de Mayo de 1944",
        "resultType": "observed",
        "source": "dane-divipola-mgn-2025",
        "year": 2025
      }
    },
    {
      "type": "Feature",
      "id": 2597,
      "geometry": {
        "type": "Polygon",
        "coordinates": [
          [
            [
              -75.24806,
              4.3452
            ],
            [
              -75.32666,
              4.34467
            ],
            [
              -75.35384,
              4.30837
            ],
            [
              -75.49924,
              4.28182
            ],
            [
              -75.51438,
              4.25805
            ],
            [
              -75.57012,
              4.23902
            ],
            [
              -75.43496,
              4.1375
            ],
            [
              -75.41398,
              4.15113
            ],
            [
              -75.3908,
              4.13874
            ],
            [
              -75.40849,
              4.05467
            ],
            [
              -75.36905,
              4.04117
            ],
            [
              -75.28372,
              4.11772
            ],
            [
              -75.2442,
              4.10749
            ],
            [
              -75.23015,
              4.19034
            ],
            [
              -75.20978,
              4.23082
            ],
            [
              -75.19774,
              4.22658
            ],
            [
              -75.16859,
              4.29807
            ],
            [
              -75.14377,
              4.31304
            ],
            [
              -75.1706,
              4.31893
            ],
            [
              -75.22579,
              4.29333
            ],
            [
              -75.24806,
              4.3452
            ]
          ]
        ]
      },
      "properties": {
        "code": "73624",
        "departmentCode": "73",
        "name": "ROVIRA",
        "originalCode": "624",
        "originalName": "ROVIRA",
        "MPIO_TIPO": "MUNICIPIO",
        "type": "MUNICIPIO",
        "unitType": "municipio",
        "MPIO_NAREA": 739.17212027,
        "MPIO_NANO": 2024,
        "MPIO_CRSLCION": "Decreto 650 del 13 de Octubre de 1887",
        "areaName": 739.17212027,
        "creationYear": 2024,
        "creationResolution": "Decreto 650 del 13 de Octubre de 1887",
        "resultType": "observed",
        "source": "dane-divipola-mgn-2025",
        "year": 2025
      }
    },
    {
      "type": "Feature",
      "id": 2598,
      "geometry": {
        "type": "Polygon",
        "coordinates": [
          [
            [
              -75.02755,
              4.0048
            ],
            [
              -75.06165,
              3.98585
            ],
            [
              -75.03314,
              3.92995
            ],
            [
              -75.07627,
              3.93694
            ],
            [
              -75.10399,
              3.8903
            ],
            [
              -75.06346,
              3.86854
            ],
            [
              -75.07958,
              3.84729
            ],
            [
              -75.027,
              3.81859
            ],
            [
              -74.99495,
              3.85744
            ],
            [
              -74.99997,
              3.89121
            ],
            [
              -74.95082,
              3.89459
            ],
            [
              -74.90783,
              3.93069
            ],
            [
              -74.9199,
              3.95573
            ],
            [
              -74.97903,
              3.94683
            ],
            [
              -75.02755,
              4.0048
            ]
          ]
        ]
      },
      "properties": {
        "code": "73671",
        "departmentCode": "73",
        "name": "SALDAÑA",
        "originalCode": "671",
        "originalName": "SALDAÑA",
        "MPIO_TIPO": "MUNICIPIO",
        "type": "MUNICIPIO",
        "unitType": "municipio",
        "MPIO_NAREA": 193.10566978,
        "MPIO_NANO": 2024,
        "MPIO_CRSLCION": "Ordenanza 5 del 18 de Noviembre de 1969",
        "areaName": 193.10566978,
        "creationYear": 2024,
        "creationResolution": "Ordenanza 5 del 18 de Noviembre de 1969",
        "resultType": "observed",
        "source": "dane-divipola-mgn-2025",
        "year": 2025
      }
    },
    {
      "type": "Feature",
      "id": 2599,
      "geometry": {
        "type": "Polygon",
        "coordinates": [
          [
            [
              -75.40644,
              4.12054
            ],
            [
              -75.44623,
              4.10898
            ],
            [
              -75.45853,
              4.0789
            ],
            [
              -75.43785,
              4.05959
            ],
            [
              -75.46036,
              4.06233
            ],
            [
              -75.47058,
              4.02078
            ],
            [
              -75.53764,
              4.00912
            ],
            [
              -75.55189,
              3.98243
            ],
            [
              -75.58091,
              3.98837
            ],
            [
              -75.63265,
              3.95163
            ],
            [
              -75.56612,
              3.85814
            ],
            [
              -75.47852,
              3.84643
            ],
            [
              -75.45919,
              3.82794
            ],
            [
              -75.42718,
              3.94565
            ],
            [
              -75.44106,
              3.98493
            ],
            [
              -75.41337,
              4.02432
            ],
            [
              -75.42793,
              4.04675
            ],
            [
              -75.39853,
              4.0678
            ],
            [
              -75.38971,
              4.09897
            ],
            [
              -75.38939,
              4.12032
            ],
            [
              -75.40484,
              4.10981
            ],
            [
              -75.40644,
              4.12054
            ]
          ]
        ]
      },
      "properties": {
        "code": "73675",
        "departmentCode": "73",
        "name": "SAN ANTONIO",
        "originalCode": "675",
        "originalName": "SAN ANTONIO",
        "MPIO_TIPO": "MUNICIPIO",
        "type": "MUNICIPIO",
        "unitType": "municipio",
        "MPIO_NAREA": 383.28784337,
        "MPIO_NANO": 2024,
        "MPIO_CRSLCION": "Ordenanza 21 del 30 de marzo de 1915",
        "areaName": 383.28784337,
        "creationYear": 2024,
        "creationResolution": "Ordenanza 21 del 30 de marzo de 1915",
        "resultType": "observed",
        "source": "dane-divipola-mgn-2025",
        "year": 2025
      }
    },
    {
      "type": "Feature",
      "id": 2600,
      "geometry": {
        "type": "Polygon",
        "coordinates": [
          [
            [
              -75.13735,
              4.32441
            ],
            [
              -75.16859,
              4.29807
            ],
            [
              -75.17379,
              4.26862
            ],
            [
              -75.12458,
              4.22709
            ],
            [
              -75.10913,
              4.25231
            ],
            [
              -75.08487,
              4.22751
            ],
            [
              -75.11074,
              4.16703
            ],
            [
              -75.17691,
              4.10402
            ],
            [
              -75.19026,
              4.11061
            ],
            [
              -75.21758,
              4.0618
            ],
            [
              -75.21482,
              4.03488
            ],
            [
              -75.1651,
              3.99695
            ],
            [
              -75.13696,
              4.00764
            ],
            [
              -75.12443,
              3.98058
            ],
            [
              -75.04321,
              3.9261
            ],
            [
              -75.03198,
              3.93453
            ],
            [
              -75.08525,
              4.02456
            ],
            [
              -75.0549,
              4.10161
            ],
            [
              -75.07909,
              4.11069
            ],
            [
              -75.08288,
              4.13759
            ],
            [
              -75.03719,
              4.25999
            ],
            [
              -75.02283,
              4.23068
            ],
            [
              -74.99884,
              4.24496
            ],
            [
              -74.99991,
              4.26202
            ],
            [
              -75.0231,
              4.27947
            ],
            [
              -75.08069,
              4.28627
            ],
            [
              -75.13735,
              4.32441
            ]
          ]
        ]
      },
      "properties": {
        "code": "73678",
        "departmentCode": "73",
        "name": "SAN LUIS",
        "originalCode": "678",
        "originalName": "SAN LUIS",
        "MPIO_TIPO": "MUNICIPIO",
        "type": "MUNICIPIO",
        "unitType": "municipio",
        "MPIO_NAREA": 411.9930748,
        "MPIO_NANO": 2024,
        "MPIO_CRSLCION": "1863",
        "areaName": 411.9930748,
        "creationYear": 2024,
        "creationResolution": "1863",
        "resultType": "observed",
        "source": "dane-divipola-mgn-2025",
        "year": 2025
      }
    },
    {
      "type": "Feature",
      "id": 2601,
      "geometry": {
        "type": "Polygon",
        "coordinates": [
          [
            [
              -75.01292,
              4.81109
            ],
            [
              -75.04881,
              4.78575
            ],
            [
              -75.05052,
              4.7602
            ],
            [
              -75.11344,
              4.73346
            ],
            [
              -75.16755,
              4.74039
            ],
            [
              -75.21642,
              4.7763
            ],
            [
              -75.32056,
              4.75437
            ],
            [
              -75.3755,
              4.80268
            ],
            [
              -75.38871,
              4.71544
            ],
            [
              -75.35103,
              4.70078
            ],
            [
              -75.20635,
              4.71674
            ],
            [
              -75.13785,
              4.66627
            ],
            [
              -75.08929,
              4.65622
            ],
            [
              -75.07321,
              4.68466
            ],
            [
              -75.0496,
              4.69132
            ],
            [
              -75.06675,
              4.71559
            ],
            [
              -75.03176,
              4.75366
            ],
            [
              -75.01292,
              4.81109
            ]
          ]
        ]
      },
      "properties": {
        "code": "73686",
        "departmentCode": "73",
        "name": "SANTA ISABEL",
        "originalCode": "686",
        "originalName": "SANTA ISABEL",
        "MPIO_TIPO": "MUNICIPIO",
        "type": "MUNICIPIO",
        "unitType": "municipio",
        "MPIO_NAREA": 270.05014817,
        "MPIO_NANO": 2024,
        "MPIO_CRSLCION": "Ordenanza 13 de 1904",
        "areaName": 270.05014817,
        "creationYear": 2024,
        "creationResolution": "Ordenanza 13 de 1904",
        "resultType": "observed",
        "source": "dane-divipola-mgn-2025",
        "year": 2025
      }
    },
    {
      "type": "Feature",
      "id": 2602,
      "geometry": {
        "type": "Polygon",
        "coordinates": [
          [
            [
              -74.76821,
              4.26445
            ],
            [
              -74.79411,
              4.24802
            ],
            [
              -74.80258,
              4.19776
            ],
            [
              -74.81853,
              4.18587
            ],
            [
              -74.80477,
              4.15412
            ],
            [
              -74.81087,
              4.11039
            ],
            [
              -74.87773,
              3.97157
            ],
            [
              -74.87197,
              3.91522
            ],
            [
              -74.82968,
              3.89556
            ],
            [
              -74.78057,
              4.01397
            ],
            [
              -74.79865,
              4.02626
            ],
            [
              -74.78993,
              4.17578
            ],
            [
              -74.74476,
              4.24776
            ],
            [
              -74.752,
              4.25916
            ],
            [
              -74.76715,
              4.2513
            ],
            [
              -74.76821,
              4.26445
            ]
          ]
        ]
      },
      "properties": {
        "code": "73770",
        "departmentCode": "73",
        "name": "SUÁREZ",
        "originalCode": "770",
        "originalName": "SUÁREZ",
        "MPIO_TIPO": "MUNICIPIO",
        "type": "MUNICIPIO",
        "unitType": "municipio",
        "MPIO_NAREA": 189.93398926,
        "MPIO_NANO": 2024,
        "MPIO_CRSLCION": "Ordenanza 16 del 15 de Abril de 1903",
        "areaName": 189.93398926,
        "creationYear": 2024,
        "creationResolution": "Ordenanza 16 del 15 de Abril de 1903",
        "resultType": "observed",
        "source": "dane-divipola-mgn-2025",
        "year": 2025
      }
    },
    {
      "type": "Feature",
      "id": 2603,
      "geometry": {
        "type": "Polygon",
        "coordinates": [
          [
            [
              -75.17816,
              4.27767
            ],
            [
              -75.23015,
              4.19034
            ],
            [
              -75.2442,
              4.10749
            ],
            [
              -75.17691,
              4.10402
            ],
            [
              -75.11019,
              4.16771
            ],
            [
              -75.08487,
              4.22751
            ],
            [
              -75.10913,
              4.25231
            ],
            [
              -75.12475,
              4.22718
            ],
            [
              -75.17816,
              4.27767
            ]
          ]
        ]
      },
      "properties": {
        "code": "73854",
        "departmentCode": "73",
        "name": "VALLE DE SAN JUAN",
        "originalCode": "854",
        "originalName": "VALLE DE SAN JUAN",
        "MPIO_TIPO": "MUNICIPIO",
        "type": "MUNICIPIO",
        "unitType": "municipio",
        "MPIO_NAREA": 197.74215951,
        "MPIO_NANO": 2024,
        "MPIO_CRSLCION": "1702",
        "areaName": 197.74215951,
        "creationYear": 2024,
        "creationResolution": "1702",
        "resultType": "observed",
        "source": "dane-divipola-mgn-2025",
        "year": 2025
      }
    },
    {
      "type": "Feature",
      "id": 2604,
      "geometry": {
        "type": "Polygon",
        "coordinates": [
          [
            [
              -75.01113,
              4.80956
            ],
            [
              -75.06481,
              4.70537
            ],
            [
              -75.01772,
              4.68871
            ],
            [
              -74.97234,
              4.70287
            ],
            [
              -74.91529,
              4.63549
            ],
            [
              -74.85521,
              4.62979
            ],
            [
              -74.82642,
              4.60857
            ],
            [
              -74.80228,
              4.62579
            ],
            [
              -74.78581,
              4.65274
            ],
            [
              -74.80815,
              4.67175
            ],
            [
              -74.80293,
              4.70485
            ],
            [
              -74.8303,
              4.73019
            ],
            [
              -74.86548,
              4.71248
            ],
            [
              -74.88824,
              4.72365
            ],
            [
              -74.86504,
              4.74498
            ],
            [
              -74.87679,
              4.75509
            ],
            [
              -74.8697,
              4.77505
            ],
            [
              -74.90752,
              4.77453
            ],
            [
              -74.92675,
              4.79125
            ],
            [
              -74.95613,
              4.78275
            ],
            [
              -75.01113,
              4.80956
            ]
          ]
        ]
      },
      "properties": {
        "code": "73861",
        "departmentCode": "73",
        "name": "VENADILLO",
        "originalCode": "861",
        "originalName": "VENADILLO",
        "MPIO_TIPO": "MUNICIPIO",
        "type": "MUNICIPIO",
        "unitType": "municipio",
        "MPIO_NAREA": 334.40088529,
        "MPIO_NANO": 2024,
        "MPIO_CRSLCION": "1789",
        "areaName": 334.40088529,
        "creationYear": 2024,
        "creationResolution": "1789",
        "resultType": "observed",
        "source": "dane-divipola-mgn-2025",
        "year": 2025
      }
    },
    {
      "type": "Feature",
      "id": 2605,
      "geometry": {
        "type": "Polygon",
        "coordinates": [
          [
            [
              -75.11157,
              5.06709
            ],
            [
              -75.14183,
              5.05146
            ],
            [
              -75.1675,
              4.9984
            ],
            [
              -75.24302,
              4.97275
            ],
            [
              -75.31889,
              4.88712
            ],
            [
              -75.25097,
              4.8919
            ],
            [
              -75.17714,
              4.91958
            ],
            [
              -75.11001,
              4.89631
            ],
            [
              -75.10207,
              4.93484
            ],
            [
              -75.07179,
              4.95091
            ],
            [
              -75.04588,
              4.99607
            ],
            [
              -75.00832,
              5.00789
            ],
            [
              -75.04268,
              5.01555
            ],
            [
              -75.073,
              5.05114
            ],
            [
              -75.09158,
              5.04648
            ],
            [
              -75.11157,
              5.06709
            ]
          ]
        ]
      },
      "properties": {
        "code": "73870",
        "departmentCode": "73",
        "name": "VILLAHERMOSA",
        "originalCode": "870",
        "originalName": "VILLAHERMOSA",
        "MPIO_TIPO": "MUNICIPIO",
        "type": "MUNICIPIO",
        "unitType": "municipio",
        "MPIO_NAREA": 279.06489948,
        "MPIO_NANO": 2024,
        "MPIO_CRSLCION": "Decreto 650 del 13 de Octubre de 1887",
        "areaName": 279.06489948,
        "creationYear": 2024,
        "creationResolution": "Decreto 650 del 13 de Octubre de 1887",
        "resultType": "observed",
        "source": "dane-divipola-mgn-2025",
        "year": 2025
      }
    },
    {
      "type": "Feature",
      "id": 2606,
      "geometry": {
        "type": "Polygon",
        "coordinates": [
          [
            [
              -74.58112,
              3.97953
            ],
            [
              -74.61251,
              3.99557
            ],
            [
              -74.66838,
              3.94927
            ],
            [
              -74.65372,
              3.91948
            ],
            [
              -74.66205,
              3.90025
            ],
            [
              -74.7017,
              3.87417
            ],
            [
              -74.69081,
              3.81052
            ],
            [
              -74.72293,
              3.76391
            ],
            [
              -74.69991,
              3.77492
            ],
            [
              -74.71099,
              3.75427
            ],
            [
              -74.69565,
              3.70237
            ],
            [
              -74.67144,
              3.69673
            ],
            [
              -74.62566,
              3.72857
            ],
            [
              -74.53946,
              3.84477
            ],
            [
              -74.51268,
              3.95221
            ],
            [
              -74.53159,
              3.9755
            ],
            [
              -74.58112,
              3.97953
            ]
          ]
        ]
      },
      "properties": {
        "code": "73873",
        "departmentCode": "73",
        "name": "VILLARRICA",
        "originalCode": "873",
        "originalName": "VILLARRICA",
        "MPIO_TIPO": "MUNICIPIO",
        "type": "MUNICIPIO",
        "unitType": "municipio",
        "MPIO_NAREA": 430.08011918,
        "MPIO_NANO": 2024,
        "MPIO_CRSLCION": "Decreto 1131 del 19 de Diciembre de 1949",
        "areaName": 430.08011918,
        "creationYear": 2024,
        "creationResolution": "Decreto 1131 del 19 de Diciembre de 1949",
        "resultType": "observed",
        "source": "dane-divipola-mgn-2025",
        "year": 2025
      }
    }
  ]
}
